question,temperature,subpopulation,nEMD
d_happy,0.3,United States 1995 Female 25-34 High Unemployed Single,0.11827956989247312
d_happy,0.3,United States 1995 Female 25-34 High Working Married,0.13071895424836608
d_happy,0.3,United States 1995 Female 25-34 Middle Homemaker Married,0.17592592592592593
d_happy,0.3,United States 1995 Female 25-34 Middle Working Married,0.12418300653594776
d_happy,0.3,United States 1995 Female 25-34 Middle Working Single,0.05555555555555556
d_happy,0.3,United States 1995 Female 35-44 High Homemaker Married,0.21025641025641026
d_happy,0.3,United States 1995 Female 35-44 High Working Divorced or separated,0.1304347826086957
d_happy,0.3,United States 1995 Female 35-44 High Working Married,0.14814814814814814
d_happy,0.3,United States 1995 Female 35-44 Middle Unemployed Married,0.23232323232323246
d_happy,0.3,United States 1995 Female 35-44 Middle Working Married,0.17708333333333334
d_happy,0.3,United States 1995 Female 45-54 High Working Married,0.18115942028985507
d_happy,0.3,United States 1995 Female 45-54 Middle Working Married,0.18333333333333343
d_happy,0.3,United States 1995 Female 55-64 Middle Homemaker Married,0.2380952380952381
d_happy,0.3,United States 1995 Female 65-74 High Retired Married,0.16161616161616163
d_happy,0.3,United States 1995 Female 65-74 High Retired Widowed,0.09559050262102993
d_happy,0.3,United States 1995 Female 65-74 Middle Retired Married,0.26495726495726496
d_happy,0.3,United States 1995 Female 65-74 Middle Retired Widowed,0.14646464646464644
d_happy,0.3,United States 1995 Female 75+ Middle Retired Widowed,0.12962962962962965
d_happy,0.3,United States 1995 Female <25 High Working Single,0.07452574525745263
d_happy,0.3,United States 1995 Male 25-34 High Working Married,0.13440860215053768
d_happy,0.3,United States 1995 Male 25-34 High Working Single,0.05496794871794878
d_happy,0.3,United States 1995 Male 25-34 Middle Working Married,0.12962962962962962
d_happy,0.3,United States 1995 Male 25-34 Middle Working Single,0.04761904761904764
d_happy,0.3,United States 1995 Male 35-44 High Working Married,0.1670588235294118
d_happy,0.3,United States 1995 Male 35-44 Middle Working Married,0.1851851851851852
d_happy,0.3,United States 1995 Male 45-54 High Working Divorced or separated,0.053333333333333344
d_happy,0.3,United States 1995 Male 45-54 High Working Married,0.19999999999999998
d_happy,0.3,United States 1995 Male 45-54 Middle Working Divorced or separated,0.11827956989247317
d_happy,0.3,United States 1995 Male 45-54 Middle Working Married,0.21212121212121213
d_happy,0.3,United States 1995 Male 55-64 High Retired Married,0.1923076923076923
d_happy,0.3,United States 1995 Male 55-64 High Working Married,0.16190476190476194
d_happy,0.3,United States 1995 Male 55-64 Middle Retired Married,0.19444444444444442
d_happy,0.3,United States 1995 Male 55-64 Middle Unemployed Married,0.08333333333333333
d_happy,0.3,United States 1995 Male 55-64 Middle Working Married,0.1923076923076923
d_happy,0.3,United States 1995 Male 65-74 High Retired Married,0.20689655172413793
d_happy,0.3,United States 1995 Male 65-74 Middle Retired Married,0.20218579234972678
d_happy,0.3,United States 1995 Male 75+ Middle Retired Widowed,0.07291666666666667
d_happy,0.3,United States 1995 Male <25 Middle Student Single,0.05714285714285716
d_happy,0.3,United States 1995 Male <25 Middle Working Single,0.053333333333333344
d_happy,0.3,United States 2006 Female 25-34 High Working Married,0.21666666666666667
d_happy,0.3,United States 2006 Female 25-34 High Working Single,0.04938271604938271
d_happy,0.3,United States 2006 Female 25-34 Middle Homemaker Married,0.15151515151515152
d_happy,0.3,United States 2006 Female 25-34 Middle Working Single,0.08333333333333333
d_happy,0.3,United States 2006 Female 35-44 High Homemaker Married,0.18666666666666668
d_happy,0.3,United States 2006 Female 35-44 High Working Married,0.14743589743589744
d_happy,0.3,United States 2006 Female 35-44 High Working Single,0.16666666666666666
d_happy,0.3,United States 2006 Female 35-44 Middle Homemaker Married,0.15833333333333333
d_happy,0.3,United States 2006 Female 35-44 Middle Working Married,0.11594202898550725
d_happy,0.3,United States 2006 Female 45-54 High Working Divorced or separated,0.11827956989247312
d_happy,0.3,United States 2006 Female 45-54 Middle Working Married,0.15053763440860216
d_happy,0.3,United States 2006 Female 55-64 Middle Homemaker Married,0.18840579710144925
d_happy,0.3,United States 2006 Female 55-64 Middle Retired Married,0.16666666666666666
d_happy,0.3,United States 2006 Female 55-64 Middle Working Divorced or separated,0.09009009009009007
d_happy,0.3,United States 2006 Female 55-64 Middle Working Married,0.15
d_happy,0.3,United States 2006 Female 65-74 Middle Retired Divorced or separated,0.11111111111111116
d_happy,0.3,United States 2006 Female 65-74 Middle Retired Married,0.1505376344086022
d_happy,0.3,United States 2006 Female 65-74 Middle Retired Widowed,0.12195121951219512
d_happy,0.3,United States 2006 Female <25 Middle NA Single,0.1037037037037037
d_happy,0.3,United States 2006 Female <25 Middle Working Single,0.12820512820512822
d_happy,0.3,United States 2006 Male 25-34 High Working Married,0.11111111111111116
d_happy,0.3,United States 2006 Male 25-34 Middle Working Married,0.1304347826086957
d_happy,0.3,United States 2006 Male 35-44 High Working Married,0.12745098039215688
d_happy,0.3,United States 2006 Male 35-44 High Working Single,0.1372549019607843
d_happy,0.3,United States 2006 Male 35-44 Middle Working Married,0.19047619047619047
d_happy,0.3,United States 2006 Male 35-44 Middle Working Single,0.0606060606060606
d_happy,0.3,United States 2006 Male 45-54 High Working Divorced or separated,0.059523809523809555
d_happy,0.3,United States 2006 Male 45-54 High Working Married,0.14814814814814814
d_happy,0.3,United States 2006 Male 45-54 Middle NA Married,0.16666666666666666
d_happy,0.3,United States 2006 Male 45-54 Middle Working Divorced or separated,0.046296296296296356
d_happy,0.3,United States 2006 Male 45-54 Middle Working Married,0.1547619047619048
d_happy,0.3,United States 2006 Male 55-64 Middle Retired Divorced or separated,0.07619047619047618
d_happy,0.3,United States 2006 Male 55-64 Middle Retired Married,0.09803921568627454
d_happy,0.3,United States 2006 Male 65-74 High Retired Married,0.19444444444444456
d_happy,0.3,United States 2006 Male 65-74 Middle Retired Married,0.1466666666666667
d_happy,0.3,United States 2006 Male 75+ Middle Retired Married,0.1728395061728396
d_happy,0.3,United States 2006 Male <25 Middle Working Single,0.08585858585858586
d_happy,0.3,United States 2017 Female 25-34 High Homemaker Married,0.16666666666666666
d_happy,0.3,United States 2017 Female 25-34 High Working Cohabiting,0.15942028985507248
d_happy,0.3,United States 2017 Female 25-34 High Working Married,0.11646586345381527
d_happy,0.3,United States 2017 Female 25-34 High Working Single,0.07963051441312312
d_happy,0.3,United States 2017 Female 25-34 Middle Homemaker Cohabiting,0.08333333333333333
d_happy,0.3,United States 2017 Female 25-34 Middle Homemaker Married,0.13333333333333333
d_happy,0.3,United States 2017 Female 25-34 Middle Working Cohabiting,0.27027027027027034
d_happy,0.3,United States 2017 Female 25-34 Middle Working Married,0.12222222222222227
d_happy,0.3,United States 2017 Female 25-34 Middle Working Single,0.13043478260869568
d_happy,0.3,United States 2017 Female 35-44 High Homemaker Married,0.12000000000000004
d_happy,0.3,United States 2017 Female 35-44 High Working Divorced or separated,0.14942528735632188
d_happy,0.3,United States 2017 Female 35-44 High Working Married,0.14814814814814817
d_happy,0.3,United States 2017 Female 35-44 Middle Homemaker Married,0.16129032258064516
d_happy,0.3,United States 2017 Female 35-44 Middle Working Married,0.036231884057970995
d_happy,0.3,United States 2017 Female 45-54 High Homemaker Married,0.21794871794871795
d_happy,0.3,United States 2017 Female 45-54 High Working Married,0.11965811965811968
d_happy,0.3,United States 2017 Female 45-54 Middle Unemployed Divorced or separated,0.12222222222222227
d_happy,0.3,United States 2017 Female 45-54 Middle Working Divorced or separated,0.08333333333333333
d_happy,0.3,United States 2017 Female 45-54 Middle Working Married,0.07575757575757576
d_happy,0.3,United States 2017 Female 45-54 Middle Working Single,0.08333333333333333
d_happy,0.3,United States 2017 Female 55-64 High Working Divorced or separated,0.0689655172413793
d_happy,0.3,United States 2017 Female 55-64 Middle Retired Married,0.14035087719298245
d_happy,0.3,United States 2017 Female 55-64 Middle Working Married,0.1818181818181818
d_happy,0.3,United States 2017 Female 65-74 Middle Retired Divorced or separated,0.12121212121212127
d_happy,0.3,United States 2017 Female 65-74 Middle Retired Married,0.04761904761904767
d_happy,0.3,United States 2017 Female 65-74 Middle Retired Widowed,0.08771929824561403
d_happy,0.3,United States 2017 Female <25 High Unemployed Single,0.1428571428571429
d_happy,0.3,United States 2017 Female <25 High Working Single,0.08888888888888886
d_happy,0.3,United States 2017 Female <25 Middle Unemployed Single,0.13888888888888887
d_happy,0.3,United States 2017 Female <25 Middle Working Single,0.150786308973173
d_happy,0.3,United States 2017 Male 25-34 High Unemployed Single,0.12500000000000003
d_happy,0.3,United States 2017 Male 25-34 High Working Cohabiting,0.31111111111111106
d_happy,0.3,United States 2017 Male 25-34 High Working Married,0.06597222222222231
d_happy,0.3,United States 2017 Male 25-34 High Working Single,0.2333333333333333
d_happy,0.3,United States 2017 Male 25-34 Middle Working Married,0.04519774011299438
d_happy,0.3,United States 2017 Male 25-34 Middle Working Single,0.11382113821138212
d_happy,0.3,United States 2017 Male 35-44 High Working Divorced or separated,0.04761904761904767
d_happy,0.3,United States 2017 Male 35-44 High Working Married,0.0793650793650794
d_happy,0.3,United States 2017 Male 35-44 High Working Single,0.22522522522522523
d_happy,0.3,United States 2017 Male 35-44 Middle Working Married,0.11851851851851851
d_happy,0.3,United States 2017 Male 45-54 High Unemployed Divorced or separated,0.12121212121212122
d_happy,0.3,United States 2017 Male 45-54 High Working Divorced or separated,0.09090909090909095
d_happy,0.3,United States 2017 Male 45-54 High Working Married,0.1171171171171171
d_happy,0.3,United States 2017 Male 45-54 Middle NA Married,0.1412280701754386
d_happy,0.3,United States 2017 Male 45-54 Middle Unemployed Married,0.18333333333333335
d_happy,0.3,United States 2017 Male 45-54 Middle Working Divorced or separated,0.08024691358024688
d_happy,0.3,United States 2017 Male 45-54 Middle Working Married,0.11382113821138211
d_happy,0.3,United States 2017 Male 45-54 Middle Working Single,0.22522522522522523
d_happy,0.3,United States 2017 Male 55-64 High Retired Married,0.15081300813008133
d_happy,0.3,United States 2017 Male 55-64 High Working Divorced or separated,0.11904761904761911
d_happy,0.3,United States 2017 Male 55-64 High Working Married,0.12698412698412698
d_happy,0.3,United States 2017 Male 55-64 High Working Single,0.3333333333333333
d_happy,0.3,United States 2017 Male 55-64 Middle Retired Divorced or separated,0.11111111111111116
d_happy,0.3,United States 2017 Male 55-64 Middle Retired Married,0.14444444444444446
d_happy,0.3,United States 2017 Male 55-64 Middle Working Married,0.07751937984496127
d_happy,0.3,United States 2017 Male 65-74 High Retired Married,0.16161616161616163
d_happy,0.3,United States 2017 Male 65-74 High Retired Widowed,0.052083333333333336
d_happy,0.3,United States 2017 Male 65-74 High Working Married,0.17333333333333334
d_happy,0.3,United States 2017 Male 65-74 Middle Retired Married,0.16049382716049387
d_happy,0.3,United States 2017 Male 65-74 Middle Retired Widowed,0.09876543209876543
d_happy,0.3,United States 2017 Male 75+ Middle Retired Married,0.05000000000000001
d_happy,0.3,United States 2017 Male <25 High Working Single,0.20202020202020207
d_happy,0.3,United States 2017 Male <25 Middle Unemployed Single,0.16820512820512823
d_happy,0.3,United States 2017 Male <25 Middle Working Single,0.12085976039464423
d_happy,0.7,United States 1995 Female 25-34 High Unemployed Single,0.08602150537634408
d_happy,0.7,United States 1995 Female 25-34 High Working Married,0.13071895424836608
d_happy,0.7,United States 1995 Female 25-34 Middle Homemaker Married,0.16666666666666666
d_happy,0.7,United States 1995 Female 25-34 Middle Working Married,0.10457516339869284
d_happy,0.7,United States 1995 Female 25-34 Middle Working Single,0.027777777777777807
d_happy,0.7,United States 1995 Female 35-44 High Homemaker Married,0.18974358974358987
d_happy,0.7,United States 1995 Female 35-44 High Working Divorced or separated,0.10144927536231886
d_happy,0.7,United States 1995 Female 35-44 High Working Married,0.12640901771336557
d_happy,0.7,United States 1995 Female 35-44 Middle Unemployed Married,0.1717171717171717
d_happy,0.7,United States 1995 Female 35-44 Middle Working Married,0.11458333333333333
d_happy,0.7,United States 1995 Female 45-54 High Working Married,0.14492753623188406
d_happy,0.7,United States 1995 Female 45-54 Middle Working Married,0.15000000000000005
d_happy,0.7,United States 1995 Female 55-64 Middle Homemaker Married,0.21904761904761905
d_happy,0.7,United States 1995 Female 65-74 High Retired Married,0.14141414141414144
d_happy,0.7,United States 1995 Female 65-74 High Retired Widowed,0.03885291396854764
d_happy,0.7,United States 1995 Female 65-74 Middle Retired Married,0.2564102564102564
d_happy,0.7,United States 1995 Female 65-74 Middle Retired Widowed,0.06060606060606063
d_happy,0.7,United States 1995 Female 75+ Middle Retired Widowed,0.06481481481481484
d_happy,0.7,United States 1995 Female <25 High Working Single,0.05361982191250483
d_happy,0.7,United States 1995 Male 25-34 High Working Married,0.11290322580645161
d_happy,0.7,United States 1995 Male 25-34 High Working Single,0.034134615384615395
d_happy,0.7,United States 1995 Male 25-34 Middle Working Married,0.0925925925925926
d_happy,0.7,United States 1995 Male 25-34 Middle Working Single,0.015873015873015928
d_happy,0.7,United States 1995 Male 35-44 High Working Married,0.14091503267973862
d_happy,0.7,United States 1995 Male 35-44 Middle Working Married,0.16049382716049385
d_happy,0.7,United States 1995 Male 45-54 High Working Divorced or separated,0.0666666666666667
d_happy,0.7,United States 1995 Male 45-54 High Working Married,0.12121212121212122
d_happy,0.7,United States 1995 Male 45-54 Middle Working Divorced or separated,0.0752688172043011
d_happy,0.7,United States 1995 Male 45-54 Middle Working Married,0.1818181818181819
d_happy,0.7,United States 1995 Male 55-64 High Retired Married,0.15384615384615385
d_happy,0.7,United States 1995 Male 55-64 High Working Married,0.1714285714285714
d_happy,0.7,United States 1995 Male 55-64 Middle Retired Married,0.12037037037037039
d_happy,0.7,United States 1995 Male 55-64 Middle Unemployed Married,0.08333333333333338
d_happy,0.7,United States 1995 Male 55-64 Middle Working Married,0.17948717948717943
d_happy,0.7,United States 1995 Male 65-74 High Retired Married,0.16091954022988508
d_happy,0.7,United States 1995 Male 65-74 Middle Retired Married,0.17486338797814208
d_happy,0.7,United States 1995 Male 75+ Middle Retired Widowed,0.08333333333333333
d_happy,0.7,United States 1995 Male <25 Middle Student Single,0.10476190476190476
d_happy,0.7,United States 1995 Male <25 Middle Working Single,0.013333333333333383
d_happy,0.7,United States 2006 Female 25-34 High Working Married,0.18333333333333335
d_happy,0.7,United States 2006 Female 25-34 High Working Single,0.04938271604938271
d_happy,0.7,United States 2006 Female 25-34 Middle Homemaker Married,0.10606060606060608
d_happy,0.7,United States 2006 Female 25-34 Middle Working Single,0.08333333333333333
d_happy,0.7,United States 2006 Female 35-44 High Homemaker Married,0.18666666666666676
d_happy,0.7,United States 2006 Female 35-44 High Working Married,0.1217948717948718
d_happy,0.7,United States 2006 Female 35-44 High Working Single,0.04166666666666672
d_happy,0.7,United States 2006 Female 35-44 Middle Homemaker Married,0.1339430894308943
d_happy,0.7,United States 2006 Female 35-44 Middle Working Married,0.09420289855072468
d_happy,0.7,United States 2006 Female 45-54 High Working Divorced or separated,0.1290322580645162
d_happy,0.7,United States 2006 Female 45-54 Middle Working Married,0.15053763440860216
d_happy,0.7,United States 2006 Female 55-64 Middle Homemaker Married,0.1739130434782609
d_happy,0.7,United States 2006 Female 55-64 Middle Retired Married,0.19999999999999998
d_happy,0.7,United States 2006 Female 55-64 Middle Working Divorced or separated,0.02702702702702703
d_happy,0.7,United States 2006 Female 55-64 Middle Working Married,0.11666666666666665
d_happy,0.7,United States 2006 Female 65-74 Middle Retired Divorced or separated,0.04444444444444443
d_happy,0.7,United States 2006 Female 65-74 Middle Retired Married,0.12903225806451613
d_happy,0.7,United States 2006 Female 65-74 Middle Retired Widowed,0.04065040650406505
d_happy,0.7,United States 2006 Female <25 Middle NA Single,0.03703703703703704
d_happy,0.7,United States 2006 Female <25 Middle Working Single,0.0897435897435898
d_happy,0.7,United States 2006 Male 25-34 High Working Married,0.07407407407407407
d_happy,0.7,United States 2006 Male 25-34 Middle Working Married,0.11594202898550736
d_happy,0.7,United States 2006 Male 35-44 High Working Married,0.07843137254901962
d_happy,0.7,United States 2006 Male 35-44 High Working Single,0.1372549019607843
d_happy,0.7,United States 2006 Male 35-44 Middle Working Married,0.1523809523809524
d_happy,0.7,United States 2006 Male 35-44 Middle Working Single,0.050505050505050504
d_happy,0.7,United States 2006 Male 45-54 High Working Divorced or separated,0.04761904761904764
d_happy,0.7,United States 2006 Male 45-54 High Working Married,0.0925925925925926
d_happy,0.7,United States 2006 Male 45-54 Middle NA Married,0.15151515151515152
d_happy,0.7,United States 2006 Male 45-54 Middle Working Divorced or separated,0.11111111111111116
d_happy,0.7,United States 2006 Male 45-54 Middle Working Married,0.1130952380952382
d_happy,0.7,United States 2006 Male 55-64 Middle Retired Divorced or separated,0.057142857142857155
d_happy,0.7,United States 2006 Male 55-64 Middle Retired Married,0.05882352941176474
d_happy,0.7,United States 2006 Male 65-74 High Retired Married,0.2222222222222222
d_happy,0.7,United States 2006 Male 65-74 Middle Retired Married,0.13333333333333344
d_happy,0.7,United States 2006 Male 75+ Middle Retired Married,0.13580246913580246
d_happy,0.7,United States 2006 Male <25 Middle Working Single,0.07070707070707073
d_happy,0.7,United States 2017 Female 25-34 High Homemaker Married,0.11904761904761908
d_happy,0.7,United States 2017 Female 25-34 High Working Cohabiting,0.18115942028985507
d_happy,0.7,United States 2017 Female 25-34 High Working Married,0.07630522088353416
d_happy,0.7,United States 2017 Female 25-34 High Working Single,0.08325370281892021
d_happy,0.7,United States 2017 Female 25-34 Middle Homemaker Cohabiting,0.0666666666666667
d_happy,0.7,United States 2017 Female 25-34 Middle Homemaker Married,0.10303030303030303
d_happy,0.7,United States 2017 Female 25-34 Middle Working Cohabiting,0.2072072072072072
d_happy,0.7,United States 2017 Female 25-34 Middle Working Married,0.08333333333333333
d_happy,0.7,United States 2017 Female 25-34 Middle Working Single,0.18840579710144925
d_happy,0.7,United States 2017 Female 35-44 High Homemaker Married,0.09333333333333338
d_happy,0.7,United States 2017 Female 35-44 High Working Divorced or separated,0.21839080459770113
d_happy,0.7,United States 2017 Female 35-44 High Working Married,0.09629629629629632
d_happy,0.7,United States 2017 Female 35-44 Middle Homemaker Married,0.13978494623655913
d_happy,0.7,United States 2017 Female 35-44 Middle Working Married,0.036231884057970995
d_happy,0.7,United States 2017 Female 45-54 High Homemaker Married,0.1923076923076924
d_happy,0.7,United States 2017 Female 45-54 High Working Married,0.1025641025641026
d_happy,0.7,United States 2017 Female 45-54 Middle Unemployed Divorced or separated,0.14444444444444446
d_happy,0.7,United States 2017 Female 45-54 Middle Working Divorced or separated,0.04166666666666668
d_happy,0.7,United States 2017 Female 45-54 Middle Working Married,0.06060606060606066
d_happy,0.7,United States 2017 Female 45-54 Middle Working Single,0.02777777777777783
d_happy,0.7,United States 2017 Female 55-64 High Working Divorced or separated,0.011494252873563218
d_happy,0.7,United States 2017 Female 55-64 Middle Retired Married,0.12280701754385971
d_happy,0.7,United States 2017 Female 55-64 Middle Working Married,0.16666666666666666
d_happy,0.7,United States 2017 Female 65-74 Middle Retired Divorced or separated,0.19696969696969693
d_happy,0.7,United States 2017 Female 65-74 Middle Retired Married,0.032467532467532485
d_happy,0.7,United States 2017 Female 65-74 Middle Retired Widowed,0.0614035087719298
d_happy,0.7,United States 2017 Female <25 High Unemployed Single,0.07936507936507937
d_happy,0.7,United States 2017 Female <25 High Working Single,0.11111111111111109
d_happy,0.7,United States 2017 Female <25 Middle Unemployed Single,0.05555555555555559
d_happy,0.7,United States 2017 Female <25 Middle Working Single,0.21461609620721553
d_happy,0.7,United States 2017 Male 25-34 High Unemployed Single,0.05555555555555556
d_happy,0.7,United States 2017 Male 25-34 High Working Cohabiting,0.31111111111111106
d_happy,0.7,United States 2017 Male 25-34 High Working Married,0.024305555555555636
d_happy,0.7,United States 2017 Male 25-34 High Working Single,0.18888888888888897
d_happy,0.7,United States 2017 Male 25-34 Middle Working Married,0.06779661016949155
d_happy,0.7,United States 2017 Male 25-34 Middle Working Single,0.10569105691056913
d_happy,0.7,United States 2017 Male 35-44 High Working Divorced or separated,0.031746031746031765
d_happy,0.7,United States 2017 Male 35-44 High Working Married,0.034920634920634956
d_happy,0.7,United States 2017 Male 35-44 High Working Single,0.1711711711711712
d_happy,0.7,United States 2017 Male 35-44 Middle Working Married,0.0666666666666667
d_happy,0.7,United States 2017 Male 45-54 High Unemployed Divorced or separated,0.12121212121212122
d_happy,0.7,United States 2017 Male 45-54 High Working Divorced or separated,0.15151515151515152
d_happy,0.7,United States 2017 Male 45-54 High Working Married,0.07657657657657659
d_happy,0.7,United States 2017 Male 45-54 Middle NA Married,0.17280701754385963
d_happy,0.7,United States 2017 Male 45-54 Middle Unemployed Married,0.13333333333333333
d_happy,0.7,United States 2017 Male 45-54 Middle Working Divorced or separated,0.09876543209876543
d_happy,0.7,United States 2017 Male 45-54 Middle Working Married,0.07317073170731705
d_happy,0.7,United States 2017 Male 45-54 Middle Working Single,0.1981981981981982
d_happy,0.7,United States 2017 Male 55-64 High Retired Married,0.10203252032520327
d_happy,0.7,United States 2017 Male 55-64 High Working Divorced or separated,0.13095238095238101
d_happy,0.7,United States 2017 Male 55-64 High Working Married,0.06349206349206349
d_happy,0.7,United States 2017 Male 55-64 High Working Single,0.2839506172839506
d_happy,0.7,United States 2017 Male 55-64 Middle Retired Divorced or separated,0.15277777777777782
d_happy,0.7,United States 2017 Male 55-64 Middle Retired Married,0.04444444444444443
d_happy,0.7,United States 2017 Male 55-64 Middle Working Married,0.03100775193798455
d_happy,0.7,United States 2017 Male 65-74 High Retired Married,0.0858585858585859
d_happy,0.7,United States 2017 Male 65-74 High Retired Widowed,0.041666666666666664
d_happy,0.7,United States 2017 Male 65-74 High Working Married,0.12000000000000005
d_happy,0.7,United States 2017 Male 65-74 Middle Retired Married,0.16049382716049382
d_happy,0.7,United States 2017 Male 65-74 Middle Retired Widowed,0.11111111111111112
d_happy,0.7,United States 2017 Male 75+ Middle Retired Married,0.06666666666666665
d_happy,0.7,United States 2017 Male <25 High Working Single,0.16161616161616163
d_happy,0.7,United States 2017 Male <25 Middle Unemployed Single,0.13615384615384615
d_happy,0.7,United States 2017 Male <25 Middle Working Single,0.09813248766737147
d_happy,1.0,United States 1995 Female 25-34 High Unemployed Single,0.03225806451612901
d_happy,1.0,United States 1995 Female 25-34 High Working Married,0.1111111111111111
d_happy,1.0,United States 1995 Female 25-34 Middle Homemaker Married,0.17592592592592593
d_happy,1.0,United States 1995 Female 25-34 Middle Working Married,0.06535947712418305
d_happy,1.0,United States 1995 Female 25-34 Middle Working Single,0.06944444444444448
d_happy,1.0,United States 1995 Female 35-44 High Homemaker Married,0.19487179487179493
d_happy,1.0,United States 1995 Female 35-44 High Working Divorced or separated,0.08695652173913045
d_happy,1.0,United States 1995 Female 35-44 High Working Married,0.11191626409017714
d_happy,1.0,United States 1995 Female 35-44 Middle Unemployed Married,0.10101010101010104
d_happy,1.0,United States 1995 Female 35-44 Middle Working Married,0.10416666666666667
d_happy,1.0,United States 1995 Female 45-54 High Working Married,0.1159420289855073
d_happy,1.0,United States 1995 Female 45-54 Middle Working Married,0.15000000000000005
d_happy,1.0,United States 1995 Female 55-64 Middle Homemaker Married,0.19999999999999998
d_happy,1.0,United States 1995 Female 65-74 High Retired Married,0.11111111111111112
d_happy,1.0,United States 1995 Female 65-74 High Retired Widowed,0.01757631822386684
d_happy,1.0,United States 1995 Female 65-74 Middle Retired Married,0.23076923076923075
d_happy,1.0,United States 1995 Female 65-74 Middle Retired Widowed,0.025252525252525235
d_happy,1.0,United States 1995 Female 75+ Middle Retired Widowed,0.03703703703703704
d_happy,1.0,United States 1995 Female <25 High Working Single,0.01103368176538915
d_happy,1.0,United States 1995 Male 25-34 High Working Married,0.11827956989247311
d_happy,1.0,United States 1995 Male 25-34 High Working Single,0.0498397435897436
d_happy,1.0,United States 1995 Male 25-34 Middle Working Married,0.10493827160493825
d_happy,1.0,United States 1995 Male 25-34 Middle Working Single,0.06349206349206354
d_happy,1.0,United States 1995 Male 35-44 High Working Married,0.14039215686274512
d_happy,1.0,United States 1995 Male 35-44 Middle Working Married,0.12962962962962962
d_happy,1.0,United States 1995 Male 45-54 High Working Divorced or separated,0.026666666666666717
d_happy,1.0,United States 1995 Male 45-54 High Working Married,0.15757575757575762
d_happy,1.0,United States 1995 Male 45-54 Middle Working Divorced or separated,0.04301075268817211
d_happy,1.0,United States 1995 Male 45-54 Middle Working Married,0.1831357048748353
d_happy,1.0,United States 1995 Male 55-64 High Retired Married,0.1538461538461538
d_happy,1.0,United States 1995 Male 55-64 High Working Married,0.1809523809523809
d_happy,1.0,United States 1995 Male 55-64 Middle Retired Married,0.13888888888888892
d_happy,1.0,United States 1995 Male 55-64 Middle Unemployed Married,0.13333333333333333
d_happy,1.0,United States 1995 Male 55-64 Middle Working Married,0.12820512820512825
d_happy,1.0,United States 1995 Male 65-74 High Retired Married,0.16091954022988508
d_happy,1.0,United States 1995 Male 65-74 Middle Retired Married,0.1912568306010929
d_happy,1.0,United States 1995 Male 75+ Middle Retired Widowed,0.07291666666666667
d_happy,1.0,United States 1995 Male <25 Middle Student Single,0.05714285714285717
d_happy,1.0,United States 1995 Male <25 Middle Working Single,0.05333333333333338
d_happy,1.0,United States 2006 Female 25-34 High Working Married,0.18333333333333332
d_happy,1.0,United States 2006 Female 25-34 High Working Single,0.1111111111111111
d_happy,1.0,United States 2006 Female 25-34 Middle Homemaker Married,0.10606060606060608
d_happy,1.0,United States 2006 Female 25-34 Middle Working Single,0.010416666666666666
d_happy,1.0,United States 2006 Female 35-44 High Homemaker Married,0.22666666666666666
d_happy,1.0,United States 2006 Female 35-44 High Working Married,0.10256410256410257
d_happy,1.0,United States 2006 Female 35-44 High Working Single,0.04166666666666672
d_happy,1.0,United States 2006 Female 35-44 Middle Homemaker Married,0.11768292682926829
d_happy,1.0,United States 2006 Female 35-44 Middle Working Married,0.057971014492753624
d_happy,1.0,United States 2006 Female 45-54 High Working Divorced or separated,0.09677419354838712
d_happy,1.0,United States 2006 Female 45-54 Middle Working Married,0.07526881720430108
d_happy,1.0,United States 2006 Female 55-64 Middle Homemaker Married,0.13043478260869565
d_happy,1.0,United States 2006 Female 55-64 Middle Retired Married,0.13333333333333333
d_happy,1.0,United States 2006 Female 55-64 Middle Working Divorced or separated,0.05405405405405411
d_happy,1.0,United States 2006 Female 55-64 Middle Working Married,0.10000000000000002
d_happy,1.0,United States 2006 Female 65-74 Middle Retired Divorced or separated,0.08888888888888886
d_happy,1.0,United States 2006 Female 65-74 Middle Retired Married,0.11827956989247317
d_happy,1.0,United States 2006 Female 65-74 Middle Retired Widowed,0.04878048780487806
d_happy,1.0,United States 2006 Female <25 Middle NA Single,0.07407407407407408
d_happy,1.0,United States 2006 Female <25 Middle Working Single,0.07692307692307694
d_happy,1.0,United States 2006 Male 25-34 High Working Married,0.07407407407407413
d_happy,1.0,United States 2006 Male 25-34 Middle Working Married,0.17391304347826098
d_happy,1.0,United States 2006 Male 35-44 High Working Married,0.08823529411764708
d_happy,1.0,United States 2006 Male 35-44 High Working Single,0.14705882352941177
d_happy,1.0,United States 2006 Male 35-44 Middle Working Married,0.11428571428571434
d_happy,1.0,United States 2006 Male 35-44 Middle Working Single,0.06060606060606067
d_happy,1.0,United States 2006 Male 45-54 High Working Divorced or separated,0.08333333333333337
d_happy,1.0,United States 2006 Male 45-54 High Working Married,0.08024691358024692
d_happy,1.0,United States 2006 Male 45-54 Middle NA Married,0.10606060606060608
d_happy,1.0,United States 2006 Male 45-54 Middle Working Divorced or separated,0.05555555555555556
d_happy,1.0,United States 2006 Male 45-54 Middle Working Married,0.1071428571428572
d_happy,1.0,United States 2006 Male 55-64 Middle Retired Divorced or separated,0.0761904761904762
d_happy,1.0,United States 2006 Male 55-64 Middle Retired Married,0.06862745098039215
d_happy,1.0,United States 2006 Male 65-74 High Retired Married,0.20833333333333345
d_happy,1.0,United States 2006 Male 65-74 Middle Retired Married,0.04
d_happy,1.0,United States 2006 Male 75+ Middle Retired Married,0.14814814814814817
d_happy,1.0,United States 2006 Male <25 Middle Working Single,0.09595959595959597
d_happy,1.0,United States 2017 Female 25-34 High Homemaker Married,0.11904761904761907
d_happy,1.0,United States 2017 Female 25-34 High Working Cohabiting,0.13768115942028988
d_happy,1.0,United States 2017 Female 25-34 High Working Married,0.044176706827309266
d_happy,1.0,United States 2017 Female 25-34 High Working Single,0.09774645644210862
d_happy,1.0,United States 2017 Female 25-34 Middle Homemaker Cohabiting,0.09166666666666672
d_happy,1.0,United States 2017 Female 25-34 Middle Homemaker Married,0.1393939393939394
d_happy,1.0,United States 2017 Female 25-34 Middle Working Cohabiting,0.1621621621621622
d_happy,1.0,United States 2017 Female 25-34 Middle Working Married,0.07777777777777779
d_happy,1.0,United States 2017 Female 25-34 Middle Working Single,0.10144927536231889
d_happy,1.0,United States 2017 Female 35-44 High Homemaker Married,0.09333333333333332
d_happy,1.0,United States 2017 Female 35-44 High Working Divorced or separated,0.19540229885057472
d_happy,1.0,United States 2017 Female 35-44 High Working Married,0.06666666666666667
d_happy,1.0,United States 2017 Female 35-44 Middle Homemaker Married,0.10752688172043016
d_happy,1.0,United States 2017 Female 35-44 Middle Working Married,0.04347826086956525
d_happy,1.0,United States 2017 Female 45-54 High Homemaker Married,0.11538461538461538
d_happy,1.0,United States 2017 Female 45-54 High Working Married,0.06837606837606848
d_happy,1.0,United States 2017 Female 45-54 Middle Unemployed Divorced or separated,0.13333333333333333
d_happy,1.0,United States 2017 Female 45-54 Middle Working Divorced or separated,0.034722222222222245
d_happy,1.0,United States 2017 Female 45-54 Middle Working Married,0.06818181818181819
d_happy,1.0,United States 2017 Female 45-54 Middle Working Single,0.027777777777777773
d_happy,1.0,United States 2017 Female 55-64 High Working Divorced or separated,0.03448275862068964
d_happy,1.0,United States 2017 Female 55-64 Middle Retired Married,0.043859649122807015
d_happy,1.0,United States 2017 Female 55-64 Middle Working Married,0.1363636363636364
d_happy,1.0,United States 2017 Female 65-74 Middle Retired Divorced or separated,0.13636363636363644
d_happy,1.0,United States 2017 Female 65-74 Middle Retired Married,0.10822510822510827
d_happy,1.0,United States 2017 Female 65-74 Middle Retired Widowed,0.0964912280701755
d_happy,1.0,United States 2017 Female <25 High Unemployed Single,0.07936507936507936
d_happy,1.0,United States 2017 Female <25 High Working Single,0.1333333333333334
d_happy,1.0,United States 2017 Female <25 Middle Unemployed Single,0.0486111111111111
d_happy,1.0,United States 2017 Female <25 Middle Working Single,0.19333950046253467
d_happy,1.0,United States 2017 Male 25-34 High Unemployed Single,0.13888888888888892
d_happy,1.0,United States 2017 Male 25-34 High Working Cohabiting,0.2222222222222222
d_happy,1.0,United States 2017 Male 25-34 High Working Married,0.020833333333333332
d_happy,1.0,United States 2017 Male 25-34 High Working Single,0.18333333333333338
d_happy,1.0,United States 2017 Male 25-34 Middle Working Married,0.04519774011299436
d_happy,1.0,United States 2017 Male 25-34 Middle Working Single,0.14634146341463417
d_happy,1.0,United States 2017 Male 35-44 High Working Divorced or separated,0.1111111111111111
d_happy,1.0,United States 2017 Male 35-44 High Working Married,0.01587301587301591
d_happy,1.0,United States 2017 Male 35-44 High Working Single,0.1711711711711712
d_happy,1.0,United States 2017 Male 35-44 Middle Working Married,0.03703703703703704
d_happy,1.0,United States 2017 Male 45-54 High Unemployed Divorced or separated,0.09090909090909093
d_happy,1.0,United States 2017 Male 45-54 High Working Divorced or separated,0.15151515151515152
d_happy,1.0,United States 2017 Male 45-54 High Working Married,0.009009009009009
d_happy,1.0,United States 2017 Male 45-54 Middle NA Married,0.0692982456140351
d_happy,1.0,United States 2017 Male 45-54 Middle Unemployed Married,0.13333333333333333
d_happy,1.0,United States 2017 Male 45-54 Middle Working Divorced or separated,0.09876543209876543
d_happy,1.0,United States 2017 Male 45-54 Middle Working Married,0.04878048780487809
d_happy,1.0,United States 2017 Male 45-54 Middle Working Single,0.1711711711711712
d_happy,1.0,United States 2017 Male 55-64 High Retired Married,0.02886178861788617
d_happy,1.0,United States 2017 Male 55-64 High Working Divorced or separated,0.19047619047619047
d_happy,1.0,United States 2017 Male 55-64 High Working Married,0.031746031746031744
d_happy,1.0,United States 2017 Male 55-64 High Working Single,0.24691358024691365
d_happy,1.0,United States 2017 Male 55-64 Middle Retired Divorced or separated,0.05555555555555557
d_happy,1.0,United States 2017 Male 55-64 Middle Retired Married,0.09999999999999998
d_happy,1.0,United States 2017 Male 55-64 Middle Working Married,0.015503875968992276
d_happy,1.0,United States 2017 Male 65-74 High Retired Married,0.10101010101010104
d_happy,1.0,United States 2017 Male 65-74 High Retired Widowed,0.0625
d_happy,1.0,United States 2017 Male 65-74 High Working Married,0.16
d_happy,1.0,United States 2017 Male 65-74 Middle Retired Married,0.13580246913580246
d_happy,1.0,United States 2017 Male 65-74 Middle Retired Widowed,0.07407407407407408
d_happy,1.0,United States 2017 Male 75+ Middle Retired Married,0.0666666666666667
d_happy,1.0,United States 2017 Male <25 High Working Single,0.15151515151515152
d_happy,1.0,United States 2017 Male <25 Middle Unemployed Single,0.09128205128205129
d_happy,1.0,United States 2017 Male <25 Middle Working Single,0.11328400281888655
d_happy,1.2,United States 1995 Female 25-34 High Unemployed Single,0.04301075268817206
d_happy,1.2,United States 1995 Female 25-34 High Working Married,0.18300653594771243
d_happy,1.2,United States 1995 Female 25-34 Middle Homemaker Married,0.17592592592592593
d_happy,1.2,United States 1995 Female 25-34 Middle Working Married,0.04575163398692811
d_happy,1.2,United States 1995 Female 25-34 Middle Working Single,0.09722222222222222
d_happy,1.2,United States 1995 Female 35-44 High Homemaker Married,0.2512820512820513
d_happy,1.2,United States 1995 Female 35-44 High Working Divorced or separated,0.07246376811594206
d_happy,1.2,United States 1995 Female 35-44 High Working Married,0.09710144927536236
d_happy,1.2,United States 1995 Female 35-44 Middle Unemployed Married,0.10101010101010104
d_happy,1.2,United States 1995 Female 35-44 Middle Working Married,0.10416666666666667
d_happy,1.2,United States 1995 Female 45-54 High Working Married,0.10869565217391314
d_happy,1.2,United States 1995 Female 45-54 Middle Working Married,0.08333333333333333
d_happy,1.2,United States 1995 Female 55-64 Middle Homemaker Married,0.16190476190476197
d_happy,1.2,United States 1995 Female 65-74 High Retired Married,0.22222222222222224
d_happy,1.2,United States 1995 Female 65-74 High Retired Widowed,0.080172679617638
d_happy,1.2,United States 1995 Female 65-74 Middle Retired Married,0.23931623931623944
d_happy,1.2,United States 1995 Female 65-74 Middle Retired Widowed,0.04040404040404041
d_happy,1.2,United States 1995 Female 75+ Middle Retired Widowed,0.07407407407407407
d_happy,1.2,United States 1995 Female <25 High Working Single,0.05749128919860628
d_happy,1.2,United States 1995 Male 25-34 High Working Married,0.1397849462365591
d_happy,1.2,United States 1995 Male 25-34 High Working Single,0.06490384615384619
d_happy,1.2,United States 1995 Male 25-34 Middle Working Married,0.11111111111111112
d_happy,1.2,United States 1995 Male 25-34 Middle Working Single,0.06349206349206354
d_happy,1.2,United States 1995 Male 35-44 High Working Married,0.15346405228758173
d_happy,1.2,United States 1995 Male 35-44 Middle Working Married,0.15432098765432098
d_happy,1.2,United States 1995 Male 45-54 High Working Divorced or separated,0.06666666666666672
d_happy,1.2,United States 1995 Male 45-54 High Working Married,0.16969696969696968
d_happy,1.2,United States 1995 Male 45-54 Middle Working Divorced or separated,0.04301075268817206
d_happy,1.2,United States 1995 Male 45-54 Middle Working Married,0.1541501976284585
d_happy,1.2,United States 1995 Male 55-64 High Retired Married,0.1282051282051282
d_happy,1.2,United States 1995 Male 55-64 High Working Married,0.1333333333333333
d_happy,1.2,United States 1995 Male 55-64 Middle Retired Married,0.12962962962962962
d_happy,1.2,United States 1995 Male 55-64 Middle Unemployed Married,0.08333333333333338
d_happy,1.2,United States 1995 Male 55-64 Middle Working Married,0.14102564102564105
d_happy,1.2,United States 1995 Male 65-74 High Retired Married,0.17241379310344832
d_happy,1.2,United States 1995 Male 65-74 Middle Retired Married,0.20218579234972678
d_happy,1.2,United States 1995 Male 75+ Middle Retired Widowed,0.0625
d_happy,1.2,United States 1995 Male <25 Middle Student Single,0.09523809523809522
d_happy,1.2,United States 1995 Male <25 Middle Working Single,0.04000000000000003
d_happy,1.2,United States 2006 Female 25-34 High Working Married,0.21666666666666667
d_happy,1.2,United States 2006 Female 25-34 High Working Single,0.13580246913580246
d_happy,1.2,United States 2006 Female 25-34 Middle Homemaker Married,0.06060606060606066
d_happy,1.2,United States 2006 Female 25-34 Middle Working Single,0.041666666666666664
d_happy,1.2,United States 2006 Female 35-44 High Homemaker Married,0.17333333333333334
d_happy,1.2,United States 2006 Female 35-44 High Working Married,0.11538461538461538
d_happy,1.2,United States 2006 Female 35-44 High Working Single,0.06944444444444443
d_happy,1.2,United States 2006 Female 35-44 Middle Homemaker Married,0.11565040650406501
d_happy,1.2,United States 2006 Female 35-44 Middle Working Married,0.07246376811594207
d_happy,1.2,United States 2006 Female 45-54 High Working Divorced or separated,0.06451612903225808
d_happy,1.2,United States 2006 Female 45-54 Middle Working Married,0.0645161290322581
d_happy,1.2,United States 2006 Female 55-64 Middle Homemaker Married,0.11594202898550728
d_happy,1.2,United States 2006 Female 55-64 Middle Retired Married,0.15
d_happy,1.2,United States 2006 Female 55-64 Middle Working Divorced or separated,0.05405405405405411
d_happy,1.2,United States 2006 Female 55-64 Middle Working Married,0.11666666666666671
d_happy,1.2,United States 2006 Female 65-74 Middle Retired Divorced or separated,0.1333333333333333
d_happy,1.2,United States 2006 Female 65-74 Middle Retired Married,0.21505376344086025
d_happy,1.2,United States 2006 Female 65-74 Middle Retired Widowed,0.04878048780487801
d_happy,1.2,United States 2006 Female <25 Middle NA Single,0.13333333333333333
d_happy,1.2,United States 2006 Female <25 Middle Working Single,0.03846153846153851
d_happy,1.2,United States 2006 Male 25-34 High Working Married,0.055555555555555546
d_happy,1.2,United States 2006 Male 25-34 Middle Working Married,0.10144927536231896
d_happy,1.2,United States 2006 Male 35-44 High Working Married,0.09803921568627451
d_happy,1.2,United States 2006 Male 35-44 High Working Single,0.04901960784313727
d_happy,1.2,United States 2006 Male 35-44 Middle Working Married,0.10476190476190478
d_happy,1.2,United States 2006 Male 35-44 Middle Working Single,0.040404040404040394
d_happy,1.2,United States 2006 Male 45-54 High Working Divorced or separated,0.09523809523809529
d_happy,1.2,United States 2006 Male 45-54 High Working Married,0.08024691358024694
d_happy,1.2,United States 2006 Male 45-54 Middle NA Married,0.15151515151515152
d_happy,1.2,United States 2006 Male 45-54 Middle Working Divorced or separated,0.0740740740740741
d_happy,1.2,United States 2006 Male 45-54 Middle Working Married,0.10119047619047623
d_happy,1.2,United States 2006 Male 55-64 Middle Retired Divorced or separated,0.08571428571428573
d_happy,1.2,United States 2006 Male 55-64 Middle Retired Married,0.058823529411764754
d_happy,1.2,United States 2006 Male 65-74 High Retired Married,0.25000000000000017
d_happy,1.2,United States 2006 Male 65-74 Middle Retired Married,0.16000000000000006
d_happy,1.2,United States 2006 Male 75+ Middle Retired Married,0.1111111111111111
d_happy,1.2,United States 2006 Male <25 Middle Working Single,0.13636363636363638
d_happy,1.2,United States 2017 Female 25-34 High Homemaker Married,0.047619047619047616
d_happy,1.2,United States 2017 Female 25-34 High Working Cohabiting,0.14492753623188406
d_happy,1.2,United States 2017 Female 25-34 High Working Married,0.02409638554216868
d_happy,1.2,United States 2017 Female 25-34 High Working Single,0.1267319636884855
d_happy,1.2,United States 2017 Female 25-34 Middle Homemaker Cohabiting,0.08333333333333333
d_happy,1.2,United States 2017 Female 25-34 Middle Homemaker Married,0.096969696969697
d_happy,1.2,United States 2017 Female 25-34 Middle Working Cohabiting,0.13513513513513517
d_happy,1.2,United States 2017 Female 25-34 Middle Working Married,0.022222222222222216
d_happy,1.2,United States 2017 Female 25-34 Middle Working Single,0.07246376811594202
d_happy,1.2,United States 2017 Female 35-44 High Homemaker Married,0.12
d_happy,1.2,United States 2017 Female 35-44 High Working Divorced or separated,0.14942528735632185
d_happy,1.2,United States 2017 Female 35-44 High Working Married,0.05185185185185196
d_happy,1.2,United States 2017 Female 35-44 Middle Homemaker Married,0.06451612903225805
d_happy,1.2,United States 2017 Female 35-44 Middle Working Married,0.07971014492753621
d_happy,1.2,United States 2017 Female 45-54 High Homemaker Married,0.1282051282051282
d_happy,1.2,United States 2017 Female 45-54 High Working Married,0.03418803418803427
d_happy,1.2,United States 2017 Female 45-54 Middle Unemployed Divorced or separated,0.09999999999999999
d_happy,1.2,United States 2017 Female 45-54 Middle Working Divorced or separated,0.05555555555555556
d_happy,1.2,United States 2017 Female 45-54 Middle Working Married,0.08333333333333333
d_happy,1.2,United States 2017 Female 45-54 Middle Working Single,0.05555555555555556
d_happy,1.2,United States 2017 Female 55-64 High Working Divorced or separated,0.1264367816091954
d_happy,1.2,United States 2017 Female 55-64 Middle Retired Married,0.026315789473684226
d_happy,1.2,United States 2017 Female 55-64 Middle Working Married,0.1818181818181818
d_happy,1.2,United States 2017 Female 65-74 Middle Retired Divorced or separated,0.10606060606060612
d_happy,1.2,United States 2017 Female 65-74 Middle Retired Married,0.01731601731601735
d_happy,1.2,United States 2017 Female 65-74 Middle Retired Widowed,0.04385964912280705
d_happy,1.2,United States 2017 Female <25 High Unemployed Single,0.07936507936507936
d_happy,1.2,United States 2017 Female <25 High Working Single,0.09629629629629632
d_happy,1.2,United States 2017 Female <25 Middle Unemployed Single,0.04166666666666665
d_happy,1.2,United States 2017 Female <25 Middle Working Single,0.15787850755473326
d_happy,1.2,United States 2017 Male 25-34 High Unemployed Single,0.06944444444444449
d_happy,1.2,United States 2017 Male 25-34 High Working Cohabiting,0.24444444444444444
d_happy,1.2,United States 2017 Male 25-34 High Working Married,0.05555555555555556
d_happy,1.2,United States 2017 Male 25-34 High Working Single,0.16666666666666666
d_happy,1.2,United States 2017 Male 25-34 Middle Working Married,0.028248587570621504
d_happy,1.2,United States 2017 Male 25-34 Middle Working Single,0.14634146341463422
d_happy,1.2,United States 2017 Male 35-44 High Working Divorced or separated,0.15873015873015872
d_happy,1.2,United States 2017 Male 35-44 High Working Married,0.015873015873015883
d_happy,1.2,United States 2017 Male 35-44 High Working Single,0.11711711711711718
d_happy,1.2,United States 2017 Male 35-44 Middle Working Married,0.044444444444444425
d_happy,1.2,United States 2017 Male 45-54 High Unemployed Divorced or separated,0.07575757575757576
d_happy,1.2,United States 2017 Male 45-54 High Working Divorced or separated,0.1818181818181818
d_happy,1.2,United States 2017 Male 45-54 High Working Married,0.04954954954954955
d_happy,1.2,United States 2017 Male 45-54 Middle NA Married,0.17280701754385966
d_happy,1.2,United States 2017 Male 45-54 Middle Unemployed Married,0.1166666666666667
d_happy,1.2,United States 2017 Male 45-54 Middle Working Divorced or separated,0.11111111111111115
d_happy,1.2,United States 2017 Male 45-54 Middle Working Married,0.016260162601626025
d_happy,1.2,United States 2017 Male 45-54 Middle Working Single,0.1711711711711712
d_happy,1.2,United States 2017 Male 55-64 High Retired Married,0.01666666666666669
d_happy,1.2,United States 2017 Male 55-64 High Working Divorced or separated,0.2142857142857143
d_happy,1.2,United States 2017 Male 55-64 High Working Married,0.005291005291005291
d_happy,1.2,United States 2017 Male 55-64 High Working Single,0.23456790123456792
d_happy,1.2,United States 2017 Male 55-64 Middle Retired Divorced or separated,0.08333333333333333
d_happy,1.2,United States 2017 Male 55-64 Middle Retired Married,0.13333333333333333
d_happy,1.2,United States 2017 Male 55-64 Middle Working Married,0.06976744186046517
d_happy,1.2,United States 2017 Male 65-74 High Retired Married,0.12121212121212126
d_happy,1.2,United States 2017 Male 65-74 High Retired Widowed,0.10416666666666667
d_happy,1.2,United States 2017 Male 65-74 High Working Married,0.26666666666666666
d_happy,1.2,United States 2017 Male 65-74 Middle Retired Married,0.12345679012345678
d_happy,1.2,United States 2017 Male 65-74 Middle Retired Widowed,0.06172839506172839
d_happy,1.2,United States 2017 Male 75+ Middle Retired Married,0.16666666666666663
d_happy,1.2,United States 2017 Male <25 High Working Single,0.14141414141414144
d_happy,1.2,United States 2017 Male <25 Middle Unemployed Single,0.09743589743589742
d_happy,1.2,United States 2017 Male <25 Middle Working Single,0.1360112755461593
d_happy,1.5,United States 1995 Female 25-34 High Unemployed Single,0.11827956989247311
d_happy,1.5,United States 1995 Female 25-34 High Working Married,0.058823529411764754
d_happy,1.5,United States 1995 Female 25-34 Middle Homemaker Married,0.11111111111111112
d_happy,1.5,United States 1995 Female 25-34 Middle Working Married,0.0718954248366013
d_happy,1.5,United States 1995 Female 25-34 Middle Working Single,0.055555555555555636
d_happy,1.5,United States 1995 Female 35-44 High Homemaker Married,0.13846153846153847
d_happy,1.5,United States 1995 Female 35-44 High Working Divorced or separated,0.0
d_happy,1.5,United States 1995 Female 35-44 High Working Married,0.04057971014492754
d_happy,1.5,United States 1995 Female 35-44 Middle Unemployed Married,0.10101010101010106
d_happy,1.5,United States 1995 Female 35-44 Middle Working Married,0.052083333333333336
d_happy,1.5,United States 1995 Female 45-54 High Working Married,0.02173913043478264
d_happy,1.5,United States 1995 Female 45-54 Middle Working Married,0.04166666666666672
d_happy,1.5,United States 1995 Female 55-64 Middle Homemaker Married,0.09523809523809523
d_happy,1.5,United States 1995 Female 65-74 High Retired Married,0.020202020202020204
d_happy,1.5,United States 1995 Female 65-74 High Retired Widowed,0.019118100524205994
d_happy,1.5,United States 1995 Female 65-74 Middle Retired Married,0.09401709401709406
d_happy,1.5,United States 1995 Female 65-74 Middle Retired Widowed,0.04545454545454545
d_happy,1.5,United States 1995 Female 75+ Middle Retired Widowed,0.055555555555555615
d_happy,1.5,United States 1995 Female <25 High Working Single,0.028648857917150595
d_happy,1.5,United States 1995 Male 25-34 High Working Married,0.00537634408602151
d_happy,1.5,United States 1995 Male 25-34 High Working Single,0.07516025641025643
d_happy,1.5,United States 1995 Male 25-34 Middle Working Married,0.03086419753086418
d_happy,1.5,United States 1995 Male 25-34 Middle Working Single,0.04761904761904767
d_happy,1.5,United States 1995 Male 35-44 High Working Married,0.016732026143790876
d_happy,1.5,United States 1995 Male 35-44 Middle Working Married,0.024691358024691395
d_happy,1.5,United States 1995 Male 45-54 High Working Divorced or separated,0.08000000000000003
d_happy,1.5,United States 1995 Male 45-54 High Working Married,0.02424242424242426
d_happy,1.5,United States 1995 Male 45-54 Middle Working Divorced or separated,0.0
d_happy,1.5,United States 1995 Male 45-54 Middle Working Married,0.03820816864295126
d_happy,1.5,United States 1995 Male 55-64 High Retired Married,0.038461538461538464
d_happy,1.5,United States 1995 Male 55-64 High Working Married,0.07619047619047627
d_happy,1.5,United States 1995 Male 55-64 Middle Retired Married,0.03703703703703704
d_happy,1.5,United States 1995 Male 55-64 Middle Unemployed Married,0.1166666666666667
d_happy,1.5,United States 1995 Male 55-64 Middle Working Married,0.08974358974358976
d_happy,1.5,United States 1995 Male 65-74 High Retired Married,0.022988505747126436
d_happy,1.5,United States 1995 Male 65-74 Middle Retired Married,0.04371584699453551
d_happy,1.5,United States 1995 Male 75+ Middle Retired Widowed,0.08333333333333333
d_happy,1.5,United States 1995 Male <25 Middle Student Single,0.0857142857142857
d_happy,1.5,United States 1995 Male <25 Middle Working Single,0.040000000000000015
d_happy,1.5,United States 2006 Female 25-34 High Working Married,0.03333333333333341
d_happy,1.5,United States 2006 Female 25-34 High Working Single,0.06172839506172839
d_happy,1.5,United States 2006 Female 25-34 Middle Homemaker Married,0.015151515151515213
d_happy,1.5,United States 2006 Female 25-34 Middle Working Single,0.07291666666666667
d_happy,1.5,United States 2006 Female 35-44 High Homemaker Married,0.05333333333333342
d_happy,1.5,United States 2006 Female 35-44 High Working Married,0.057692307692307744
d_happy,1.5,United States 2006 Female 35-44 High Working Single,0.05555555555555558
d_happy,1.5,United States 2006 Female 35-44 Middle Homemaker Married,0.04695121951219513
d_happy,1.5,United States 2006 Female 35-44 Middle Working Married,0.036231884057971044
d_happy,1.5,United States 2006 Female 45-54 High Working Divorced or separated,0.03225806451612904
d_happy,1.5,United States 2006 Female 45-54 Middle Working Married,0.08602150537634408
d_happy,1.5,United States 2006 Female 55-64 Middle Homemaker Married,0.07246376811594203
d_happy,1.5,United States 2006 Female 55-64 Middle Retired Married,0.10000000000000002
d_happy,1.5,United States 2006 Female 55-64 Middle Working Divorced or separated,0.018018018018018073
d_happy,1.5,United States 2006 Female 55-64 Middle Working Married,0.08333333333333333
d_happy,1.5,United States 2006 Female 65-74 Middle Retired Divorced or separated,0.16666666666666663
d_happy,1.5,United States 2006 Female 65-74 Middle Retired Married,0.05376344086021508
d_happy,1.5,United States 2006 Female 65-74 Middle Retired Widowed,0.04878048780487804
d_happy,1.5,United States 2006 Female <25 Middle NA Single,0.051851851851851864
d_happy,1.5,United States 2006 Female <25 Middle Working Single,0.03846153846153849
d_happy,1.5,United States 2006 Male 25-34 High Working Married,0.06481481481481484
d_happy,1.5,United States 2006 Male 25-34 Middle Working Married,0.014492753623188507
d_happy,1.5,United States 2006 Male 35-44 High Working Married,0.10784313725490197
d_happy,1.5,United States 2006 Male 35-44 High Working Single,0.1176470588235294
d_happy,1.5,United States 2006 Male 35-44 Middle Working Married,0.05714285714285714
d_happy,1.5,United States 2006 Male 35-44 Middle Working Single,0.08080808080808084
d_happy,1.5,United States 2006 Male 45-54 High Working Divorced or separated,0.14285714285714288
d_happy,1.5,United States 2006 Male 45-54 High Working Married,0.08641975308641976
d_happy,1.5,United States 2006 Male 45-54 Middle NA Married,0.10606060606060612
d_happy,1.5,United States 2006 Male 45-54 Middle Working Divorced or separated,0.0925925925925926
d_happy,1.5,United States 2006 Male 45-54 Middle Working Married,0.0178571428571429
d_happy,1.5,United States 2006 Male 55-64 Middle Retired Divorced or separated,0.10476190476190479
d_happy,1.5,United States 2006 Male 55-64 Middle Retired Married,0.0686274509803922
d_happy,1.5,United States 2006 Male 65-74 High Retired Married,0.055555555555555615
d_happy,1.5,United States 2006 Male 65-74 Middle Retired Married,0.013333333333333383
d_happy,1.5,United States 2006 Male 75+ Middle Retired Married,0.049382716049382734
d_happy,1.5,United States 2006 Male <25 Middle Working Single,0.10606060606060608
d_happy,1.5,United States 2017 Female 25-34 High Homemaker Married,0.023809523809523822
d_happy,1.5,United States 2017 Female 25-34 High Working Cohabiting,0.021739130434782667
d_happy,1.5,United States 2017 Female 25-34 High Working Married,0.07630522088353414
d_happy,1.5,United States 2017 Female 25-34 High Working Single,0.14122471731167383
d_happy,1.5,United States 2017 Female 25-34 Middle Homemaker Cohabiting,0.04166666666666671
d_happy,1.5,United States 2017 Female 25-34 Middle Homemaker Married,0.012121212121212125
d_happy,1.5,United States 2017 Female 25-34 Middle Working Cohabiting,0.09009009009009011
d_happy,1.5,United States 2017 Female 25-34 Middle Working Married,0.08888888888888895
d_happy,1.5,United States 2017 Female 25-34 Middle Working Single,0.15217391304347824
d_happy,1.5,United States 2017 Female 35-44 High Homemaker Married,0.08000000000000003
d_happy,1.5,United States 2017 Female 35-44 High Working Divorced or separated,0.045977011494252894
d_happy,1.5,United States 2017 Female 35-44 High Working Married,0.07407407407407408
d_happy,1.5,United States 2017 Female 35-44 Middle Homemaker Married,0.03225806451612906
d_happy,1.5,United States 2017 Female 35-44 Middle Working Married,0.05797101449275363
d_happy,1.5,United States 2017 Female 45-54 High Homemaker Married,0.07692307692307697
d_happy,1.5,United States 2017 Female 45-54 High Working Married,0.09401709401709406
d_happy,1.5,United States 2017 Female 45-54 Middle Unemployed Divorced or separated,0.03333333333333333
d_happy,1.5,United States 2017 Female 45-54 Middle Working Divorced or separated,0.03472222222222223
d_happy,1.5,United States 2017 Female 45-54 Middle Working Married,0.07575757575757579
d_happy,1.5,United States 2017 Female 45-54 Middle Working Single,0.09722222222222221
d_happy,1.5,United States 2017 Female 55-64 High Working Divorced or separated,0.03448275862068967
d_happy,1.5,United States 2017 Female 55-64 Middle Retired Married,0.043859649122807036
d_happy,1.5,United States 2017 Female 55-64 Middle Working Married,0.06060606060606061
d_happy,1.5,United States 2017 Female 65-74 Middle Retired Divorced or separated,0.10606060606060606
d_happy,1.5,United States 2017 Female 65-74 Middle Retired Married,0.07359307359307365
d_happy,1.5,United States 2017 Female 65-74 Middle Retired Widowed,0.07017543859649132
d_happy,1.5,United States 2017 Female <25 High Unemployed Single,0.031746031746031744
d_happy,1.5,United States 2017 Female <25 High Working Single,0.1037037037037037
d_happy,1.5,United States 2017 Female <25 Middle Unemployed Single,0.05555555555555553
d_happy,1.5,United States 2017 Female <25 Middle Working Single,0.1366019118100524
d_happy,1.5,United States 2017 Male 25-34 High Unemployed Single,0.12500000000000008
d_happy,1.5,United States 2017 Male 25-34 High Working Cohabiting,0.13333333333333333
d_happy,1.5,United States 2017 Male 25-34 High Working Married,0.17708333333333334
d_happy,1.5,United States 2017 Male 25-34 High Working Single,0.16666666666666666
d_happy,1.5,United States 2017 Male 25-34 Middle Working Married,0.12994350282485878
d_happy,1.5,United States 2017 Male 25-34 Middle Working Single,0.1707317073170733
d_happy,1.5,United States 2017 Male 35-44 High Working Divorced or separated,0.1111111111111111
d_happy,1.5,United States 2017 Male 35-44 High Working Married,0.1111111111111111
d_happy,1.5,United States 2017 Male 35-44 High Working Single,0.1711711711711712
d_happy,1.5,United States 2017 Male 35-44 Middle Working Married,0.0888888888888889
d_happy,1.5,United States 2017 Male 45-54 High Unemployed Divorced or separated,0.16666666666666666
d_happy,1.5,United States 2017 Male 45-54 High Working Divorced or separated,0.04545454545454546
d_happy,1.5,United States 2017 Male 45-54 High Working Married,0.12162162162162164
d_happy,1.5,United States 2017 Male 45-54 Middle NA Married,0.2394736842105264
d_happy,1.5,United States 2017 Male 45-54 Middle Unemployed Married,0.08333333333333337
d_happy,1.5,United States 2017 Male 45-54 Middle Working Divorced or separated,0.024691358024691357
d_happy,1.5,United States 2017 Male 45-54 Middle Working Married,0.13008130081300817
d_happy,1.5,United States 2017 Male 45-54 Middle Working Single,0.13513513513513514
d_happy,1.5,United States 2017 Male 55-64 High Retired Married,0.16219512195121952
d_happy,1.5,United States 2017 Male 55-64 High Working Divorced or separated,0.15476190476190474
d_happy,1.5,United States 2017 Male 55-64 High Working Married,0.12698412698412698
d_happy,1.5,United States 2017 Male 55-64 High Working Single,0.19753086419753085
d_happy,1.5,United States 2017 Male 55-64 Middle Retired Divorced or separated,0.0694444444444444
d_happy,1.5,United States 2017 Male 55-64 Middle Retired Married,0.06666666666666671
d_happy,1.5,United States 2017 Male 55-64 Middle Working Married,0.17829457364341095
d_happy,1.5,United States 2017 Male 65-74 High Retired Married,0.055555555555555525
d_happy,1.5,United States 2017 Male 65-74 High Retired Widowed,0.14583333333333334
d_happy,1.5,United States 2017 Male 65-74 High Working Married,0.0533333333333334
d_happy,1.5,United States 2017 Male 65-74 Middle Retired Married,0.04938271604938271
d_happy,1.5,United States 2017 Male 65-74 Middle Retired Widowed,0.04938271604938277
d_happy,1.5,United States 2017 Male 75+ Middle Retired Married,0.06666666666666671
d_happy,1.5,United States 2017 Male <25 High Working Single,0.08080808080808081
d_happy,1.5,United States 2017 Male <25 Middle Unemployed Single,0.1102564102564103
d_happy,1.5,United States 2017 Male <25 Middle Working Single,0.09813248766737148
d_polpos,0.3,United States 1995 Female 25-34 High Unemployed Single,0.06464887826894997
d_polpos,0.3,United States 1995 Female 25-34 High Working Married,0.04092071611253198
d_polpos,0.3,United States 1995 Female 25-34 Middle Homemaker Married,0.0404221425726802
d_polpos,0.3,United States 1995 Female 25-34 Middle Working Married,0.09106753812636166
d_polpos,0.3,United States 1995 Female 25-34 Middle Working Single,0.08240740740740742
d_polpos,0.3,United States 1995 Female 35-44 High Homemaker Married,0.060113960113960134
d_polpos,0.3,United States 1995 Female 35-44 High Working Divorced or separated,0.052415458937198095
d_polpos,0.3,United States 1995 Female 35-44 High Working Married,0.06875631951466127
d_polpos,0.3,United States 1995 Female 35-44 Middle Unemployed Married,0.06099456099456099
d_polpos,0.3,United States 1995 Female 35-44 Middle Working Married,0.06463675213675213
d_polpos,0.3,United States 1995 Female 45-54 High Working Married,0.09409310496267015
d_polpos,0.3,United States 1995 Female 45-54 Middle Working Married,0.07685185185185187
d_polpos,0.3,United States 1995 Female 55-64 Middle Homemaker Married,0.05455614344503233
d_polpos,0.3,United States 1995 Female 65-74 High Retired Married,0.06531986531986535
d_polpos,0.3,United States 1995 Female 65-74 High Retired Widowed,0.07664827948515891
d_polpos,0.3,United States 1995 Female 65-74 Middle Retired Married,0.12991452991452992
d_polpos,0.3,United States 1995 Female 65-74 Middle Retired Widowed,0.06694394929689047
d_polpos,0.3,United States 1995 Female 75+ Middle Retired Widowed,0.0688590889740315
d_polpos,0.3,United States 1995 Female <25 High Working Single,0.09412419938735729
d_polpos,0.3,United States 1995 Male 25-34 High Working Married,0.11982868598505557
d_polpos,0.3,United States 1995 Male 25-34 High Working Single,0.04430199430199433
d_polpos,0.3,United States 1995 Male 25-34 Middle Working Married,0.052700092382632055
d_polpos,0.3,United States 1995 Male 25-34 Middle Working Single,0.06098579782790308
d_polpos,0.3,United States 1995 Male 35-44 High Working Married,0.07598039215686272
d_polpos,0.3,United States 1995 Male 35-44 Middle Working Married,0.06921810699588477
d_polpos,0.3,United States 1995 Male 45-54 High Working Divorced or separated,0.08000000000000002
d_polpos,0.3,United States 1995 Male 45-54 High Working Married,0.06251191156851534
d_polpos,0.3,United States 1995 Male 45-54 Middle Working Divorced or separated,0.07885304659498209
d_polpos,0.3,United States 1995 Male 45-54 Middle Working Married,0.05797101449275361
d_polpos,0.3,United States 1995 Male 55-64 High Retired Married,0.07193732193732195
d_polpos,0.3,United States 1995 Male 55-64 High Working Married,0.13746993746993746
d_polpos,0.3,United States 1995 Male 55-64 Middle Retired Married,0.07547699214365883
d_polpos,0.3,United States 1995 Male 55-64 Middle Unemployed Married,0.1234567901234568
d_polpos,0.3,United States 1995 Male 55-64 Middle Working Married,0.06766381766381765
d_polpos,0.3,United States 1995 Male 65-74 High Retired Married,0.06789272030651342
d_polpos,0.3,United States 1995 Male 65-74 Middle Retired Married,0.0941321883944835
d_polpos,0.3,United States 1995 Male 75+ Middle Retired Widowed,0.09821428571428575
d_polpos,0.3,United States 1995 Male <25 Middle Student Single,0.04775132275132275
d_polpos,0.3,United States 1995 Male <25 Middle Working Single,0.06588235294117645
d_polpos,0.3,United States 2006 Female 25-34 High Working Married,0.08333333333333331
d_polpos,0.3,United States 2006 Female 25-34 High Working Single,0.04526748971193415
d_polpos,0.3,United States 2006 Female 25-34 Middle Homemaker Married,0.1818181818181818
d_polpos,0.3,United States 2006 Female 25-34 Middle Working Single,0.05304118773946362
d_polpos,0.3,United States 2006 Female 35-44 High Homemaker Married,0.12000000000000001
d_polpos,0.3,United States 2006 Female 35-44 High Working Married,0.08974358974358976
d_polpos,0.3,United States 2006 Female 35-44 High Working Single,0.17129629629629625
d_polpos,0.3,United States 2006 Female 35-44 Middle Homemaker Married,0.07357723577235777
d_polpos,0.3,United States 2006 Female 35-44 Middle Working Married,0.06832298136645963
d_polpos,0.3,United States 2006 Female 45-54 High Working Divorced or separated,0.06152927120669057
d_polpos,0.3,United States 2006 Female 45-54 Middle Working Married,0.06296296296296296
d_polpos,0.3,United States 2006 Female 55-64 Middle Homemaker Married,0.09178743961352659
d_polpos,0.3,United States 2006 Female 55-64 Middle Retired Married,0.10116959064327487
d_polpos,0.3,United States 2006 Female 55-64 Middle Working Divorced or separated,0.02702702702702703
d_polpos,0.3,United States 2006 Female 55-64 Middle Working Married,0.07592592592592598
d_polpos,0.3,United States 2006 Female 65-74 Middle Retired Divorced or separated,0.04303959131545339
d_polpos,0.3,United States 2006 Female 65-74 Middle Retired Married,0.07562724014336916
d_polpos,0.3,United States 2006 Female 65-74 Middle Retired Widowed,0.059192697190129824
d_polpos,0.3,United States 2006 Female <25 Middle NA Single,0.06790123456790124
d_polpos,0.3,United States 2006 Female <25 Middle Working Single,0.07538461538461541
d_polpos,0.3,United States 2006 Male 25-34 High Working Married,0.07028218694885363
d_polpos,0.3,United States 2006 Male 25-34 Middle Working Married,0.13438735177865613
d_polpos,0.3,United States 2006 Male 35-44 High Working Married,0.13725490196078427
d_polpos,0.3,United States 2006 Male 35-44 High Working Single,0.12141018023370963
d_polpos,0.3,United States 2006 Male 35-44 Middle Working Married,0.0929038281979458
d_polpos,0.3,United States 2006 Male 35-44 Middle Working Single,0.08122895622895622
d_polpos,0.3,United States 2006 Male 45-54 High Working Divorced or separated,0.06746031746031746
d_polpos,0.3,United States 2006 Male 45-54 High Working Married,0.06972143083254193
d_polpos,0.3,United States 2006 Male 45-54 Middle NA Married,0.06012506012506012
d_polpos,0.3,United States 2006 Male 45-54 Middle Working Divorced or separated,0.051058201058201066
d_polpos,0.3,United States 2006 Male 45-54 Middle Working Married,0.04166666666666666
d_polpos,0.3,United States 2006 Male 55-64 Middle Retired Divorced or separated,0.05910364145658263
d_polpos,0.3,United States 2006 Male 55-64 Middle Retired Married,0.11764705882352941
d_polpos,0.3,United States 2006 Male 65-74 High Retired Married,0.0925925925925926
d_polpos,0.3,United States 2006 Male 65-74 Middle Retired Married,0.12000000000000004
d_polpos,0.3,United States 2006 Male 75+ Middle Retired Married,0.058404558404558396
d_polpos,0.3,United States 2006 Male <25 Middle Working Single,0.042760942760942756
d_polpos,0.3,United States 2017 Female 25-34 High Homemaker Married,0.13095238095238093
d_polpos,0.3,United States 2017 Female 25-34 High Working Cohabiting,0.14133118625872246
d_polpos,0.3,United States 2017 Female 25-34 High Working Married,0.1268944089113656
d_polpos,0.3,United States 2017 Female 25-34 High Working Single,0.15838509316770188
d_polpos,0.3,United States 2017 Female 25-34 Middle Homemaker Cohabiting,0.1111111111111111
d_polpos,0.3,United States 2017 Female 25-34 Middle Homemaker Married,0.059595959595959584
d_polpos,0.3,United States 2017 Female 25-34 Middle Working Cohabiting,0.053882453882453905
d_polpos,0.3,United States 2017 Female 25-34 Middle Working Married,0.0648148148148148
d_polpos,0.3,United States 2017 Female 25-34 Middle Working Single,0.05423803249890206
d_polpos,0.3,United States 2017 Female 35-44 High Homemaker Married,0.183768115942029
d_polpos,0.3,United States 2017 Female 35-44 High Working Divorced or separated,0.20306513409961682
d_polpos,0.3,United States 2017 Female 35-44 High Working Married,0.09135802469135802
d_polpos,0.3,United States 2017 Female 35-44 Middle Homemaker Married,0.08640552995391704
d_polpos,0.3,United States 2017 Female 35-44 Middle Working Married,0.08303811057434246
d_polpos,0.3,United States 2017 Female 45-54 High Homemaker Married,0.19128205128205128
d_polpos,0.3,United States 2017 Female 45-54 High Working Married,0.14657369920527819
d_polpos,0.3,United States 2017 Female 45-54 Middle Unemployed Divorced or separated,0.10740740740740742
d_polpos,0.3,United States 2017 Female 45-54 Middle Working Divorced or separated,0.10805752561071709
d_polpos,0.3,United States 2017 Female 45-54 Middle Working Married,0.12009631195677709
d_polpos,0.3,United States 2017 Female 45-54 Middle Working Single,0.16245791245791244
d_polpos,0.3,United States 2017 Female 55-64 High Working Divorced or separated,0.14942528735632185
d_polpos,0.3,United States 2017 Female 55-64 Middle Retired Married,0.08430799220272903
d_polpos,0.3,United States 2017 Female 55-64 Middle Working Married,0.09163059163059166
d_polpos,0.3,United States 2017 Female 65-74 Middle Retired Divorced or separated,0.07575757575757575
d_polpos,0.3,United States 2017 Female 65-74 Middle Retired Married,0.15656565656565657
d_polpos,0.3,United States 2017 Female 65-74 Middle Retired Widowed,0.1830065359477124
d_polpos,0.3,United States 2017 Female <25 High Unemployed Single,0.11222500696184905
d_polpos,0.3,United States 2017 Female <25 High Working Single,0.07637485970819304
d_polpos,0.3,United States 2017 Female <25 Middle Unemployed Single,0.0827915681639086
d_polpos,0.3,United States 2017 Female <25 Middle Working Single,0.10949924779712013
d_polpos,0.3,United States 2017 Male 25-34 High Unemployed Single,0.20833333333333337
d_polpos,0.3,United States 2017 Male 25-34 High Working Cohabiting,0.19259259259259262
d_polpos,0.3,United States 2017 Male 25-34 High Working Married,0.10084064327485381
d_polpos,0.3,United States 2017 Male 25-34 High Working Single,0.1759259259259259
d_polpos,0.3,United States 2017 Male 25-34 Middle Working Married,0.11352297882181915
d_polpos,0.3,United States 2017 Male 25-34 Middle Working Single,0.10747396947653691
d_polpos,0.3,United States 2017 Male 35-44 High Working Divorced or separated,0.15343915343915343
d_polpos,0.3,United States 2017 Male 35-44 High Working Married,0.11005291005291006
d_polpos,0.3,United States 2017 Male 35-44 High Working Single,0.12612612612612611
d_polpos,0.3,United States 2017 Male 35-44 Middle Working Married,0.07901234567901233
d_polpos,0.3,United States 2017 Male 45-54 High Unemployed Divorced or separated,0.1414141414141414
d_polpos,0.3,United States 2017 Male 45-54 High Working Divorced or separated,0.1313131313131313
d_polpos,0.3,United States 2017 Male 45-54 High Working Married,0.08408408408408406
d_polpos,0.3,United States 2017 Male 45-54 Middle NA Married,0.18274853801169588
d_polpos,0.3,United States 2017 Male 45-54 Middle Unemployed Married,0.22222222222222227
d_polpos,0.3,United States 2017 Male 45-54 Middle Working Divorced or separated,0.11305225560990759
d_polpos,0.3,United States 2017 Male 45-54 Middle Working Married,0.11111111111111113
d_polpos,0.3,United States 2017 Male 45-54 Middle Working Single,0.13513513513513514
d_polpos,0.3,United States 2017 Male 55-64 High Retired Married,0.0921409214092141
d_polpos,0.3,United States 2017 Male 55-64 High Working Divorced or separated,0.1904761904761905
d_polpos,0.3,United States 2017 Male 55-64 High Working Married,0.11920663833232137
d_polpos,0.3,United States 2017 Male 55-64 High Working Single,0.12757201646090535
d_polpos,0.3,United States 2017 Male 55-64 Middle Retired Divorced or separated,0.07145732689210949
d_polpos,0.3,United States 2017 Male 55-64 Middle Retired Married,0.10740740740740738
d_polpos,0.3,United States 2017 Male 55-64 Middle Working Married,0.1834625322997416
d_polpos,0.3,United States 2017 Male 65-74 High Retired Married,0.11952861952861953
d_polpos,0.3,United States 2017 Male 65-74 High Retired Widowed,0.14807347670250898
d_polpos,0.3,United States 2017 Male 65-74 High Working Married,0.12000000000000001
d_polpos,0.3,United States 2017 Male 65-74 Middle Retired Married,0.10636277302943967
d_polpos,0.3,United States 2017 Male 65-74 Middle Retired Widowed,0.20987654320987653
d_polpos,0.3,United States 2017 Male 75+ Middle Retired Married,0.12222222222222223
d_polpos,0.3,United States 2017 Male <25 High Working Single,0.16498316498316495
d_polpos,0.3,United States 2017 Male <25 Middle Unemployed Single,0.1487543189670849
d_polpos,0.3,United States 2017 Male <25 Middle Working Single,0.10954785954785955
d_polpos,0.7,United States 1995 Female 25-34 High Unemployed Single,0.049249966812690844
d_polpos,0.7,United States 1995 Female 25-34 High Working Married,0.0685800890404471
d_polpos,0.7,United States 1995 Female 25-34 Middle Homemaker Married,0.07078853046594982
d_polpos,0.7,United States 1995 Female 25-34 Middle Working Married,0.06695715323166303
d_polpos,0.7,United States 1995 Female 25-34 Middle Working Single,0.13703703703703699
d_polpos,0.7,United States 1995 Female 35-44 High Homemaker Married,0.05413105413105415
d_polpos,0.7,United States 1995 Female 35-44 High Working Divorced or separated,0.04661835748792274
d_polpos,0.7,United States 1995 Female 35-44 High Working Married,0.053308617009324814
d_polpos,0.7,United States 1995 Female 35-44 Middle Unemployed Married,0.10606060606060606
d_polpos,0.7,United States 1995 Female 35-44 Middle Working Married,0.08600427350427349
d_polpos,0.7,United States 1995 Female 45-54 High Working Married,0.08926218708827403
d_polpos,0.7,United States 1995 Female 45-54 Middle Working Married,0.10185185185185187
d_polpos,0.7,United States 1995 Female 55-64 Middle Homemaker Married,0.07160493827160493
d_polpos,0.7,United States 1995 Female 65-74 High Retired Married,0.131986531986532
d_polpos,0.7,United States 1995 Female 65-74 High Retired Widowed,0.06614131862358813
d_polpos,0.7,United States 1995 Female 65-74 Middle Retired Married,0.15384615384615385
d_polpos,0.7,United States 1995 Female 65-74 Middle Retired Widowed,0.06526044761338878
d_polpos,0.7,United States 1995 Female 75+ Middle Retired Widowed,0.1507024265644955
d_polpos,0.7,United States 1995 Female <25 High Working Single,0.04525201893622946
d_polpos,0.7,United States 1995 Male 25-34 High Working Married,0.10190753903165056
d_polpos,0.7,United States 1995 Male 25-34 High Working Single,0.03917378917378921
d_polpos,0.7,United States 1995 Male 25-34 Middle Working Married,0.07705551356345004
d_polpos,0.7,United States 1995 Male 25-34 Middle Working Single,0.06794764689501531
d_polpos,0.7,United States 1995 Male 35-44 High Working Married,0.0667211328976035
d_polpos,0.7,United States 1995 Male 35-44 Middle Working Married,0.05308641975308642
d_polpos,0.7,United States 1995 Male 45-54 High Working Divorced or separated,0.13004830917874396
d_polpos,0.7,United States 1995 Male 45-54 High Working Married,0.041242614827520487
d_polpos,0.7,United States 1995 Male 45-54 Middle Working Divorced or separated,0.0638927847904005
d_polpos,0.7,United States 1995 Male 45-54 Middle Working Married,0.07246376811594206
d_polpos,0.7,United States 1995 Male 55-64 High Retired Married,0.08760683760683761
d_polpos,0.7,United States 1995 Male 55-64 High Working Married,0.16219336219336214
d_polpos,0.7,United States 1995 Male 55-64 Middle Retired Married,0.05864197530864198
d_polpos,0.7,United States 1995 Male 55-64 Middle Unemployed Married,0.0882716049382716
d_polpos,0.7,United States 1995 Male 55-64 Middle Working Married,0.08618233618233621
d_polpos,0.7,United States 1995 Male 65-74 High Retired Married,0.08490421455938699
d_polpos,0.7,United States 1995 Male 65-74 Middle Retired Married,0.09595368201925579
d_polpos,0.7,United States 1995 Male 75+ Middle Retired Widowed,0.06944444444444446
d_polpos,0.7,United States 1995 Male <25 Middle Student Single,0.0691798941798942
d_polpos,0.7,United States 1995 Male <25 Middle Working Single,0.08209150326797386
d_polpos,0.7,United States 2006 Female 25-34 High Working Married,0.18333333333333332
d_polpos,0.7,United States 2006 Female 25-34 High Working Single,0.037037037037037035
d_polpos,0.7,United States 2006 Female 25-34 Middle Homemaker Married,0.0707070707070707
d_polpos,0.7,United States 2006 Female 25-34 Middle Working Single,0.0987787356321839
d_polpos,0.7,United States 2006 Female 35-44 High Homemaker Married,0.10666666666666667
d_polpos,0.7,United States 2006 Female 35-44 High Working Married,0.023504273504273514
d_polpos,0.7,United States 2006 Female 35-44 High Working Single,0.07407407407407406
d_polpos,0.7,United States 2006 Female 35-44 Middle Homemaker Married,0.12195121951219516
d_polpos,0.7,United States 2006 Female 35-44 Middle Working Married,0.08040027605244997
d_polpos,0.7,United States 2006 Female 45-54 High Working Divorced or separated,0.1124253285543608
d_polpos,0.7,United States 2006 Female 45-54 Middle Working Married,0.06965352449223416
d_polpos,0.7,United States 2006 Female 55-64 Middle Homemaker Married,0.09178743961352658
d_polpos,0.7,United States 2006 Female 55-64 Middle Retired Married,0.13391812865497077
d_polpos,0.7,United States 2006 Female 55-64 Middle Working Divorced or separated,0.06606606606606608
d_polpos,0.7,United States 2006 Female 55-64 Middle Working Married,0.07839506172839508
d_polpos,0.7,United States 2006 Female 65-74 Middle Retired Divorced or separated,0.06424010217113667
d_polpos,0.7,United States 2006 Female 65-74 Middle Retired Married,0.09354838709677417
d_polpos,0.7,United States 2006 Female 65-74 Middle Retired Widowed,0.1136785052061047
d_polpos,0.7,United States 2006 Female <25 Middle NA Single,0.0506172839506173
d_polpos,0.7,United States 2006 Female <25 Middle Working Single,0.06940170940170941
d_polpos,0.7,United States 2006 Male 25-34 High Working Married,0.06111111111111109
d_polpos,0.7,United States 2006 Male 25-34 Middle Working Married,0.11747913921826969
d_polpos,0.7,United States 2006 Male 35-44 High Working Married,0.06535947712418301
d_polpos,0.7,United States 2006 Male 35-44 High Working Single,0.09853436324024559
d_polpos,0.7,United States 2006 Male 35-44 Middle Working Married,0.10205415499533144
d_polpos,0.7,United States 2006 Male 35-44 Middle Working Single,0.06734006734006732
d_polpos,0.7,United States 2006 Male 45-54 High Working Divorced or separated,0.05952380952380952
d_polpos,0.7,United States 2006 Male 45-54 High Working Married,0.06750553972776192
d_polpos,0.7,United States 2006 Male 45-54 Middle NA Married,0.14045214045214047
d_polpos,0.7,United States 2006 Male 45-54 Middle Working Divorced or separated,0.08139329805996472
d_polpos,0.7,United States 2006 Male 45-54 Middle Working Married,0.07738095238095236
d_polpos,0.7,United States 2006 Male 55-64 Middle Retired Divorced or separated,0.1003734827264239
d_polpos,0.7,United States 2006 Male 55-64 Middle Retired Married,0.08169934640522876
d_polpos,0.7,United States 2006 Male 65-74 High Retired Married,0.07407407407407408
d_polpos,0.7,United States 2006 Male 65-74 Middle Retired Married,0.12888888888888894
d_polpos,0.7,United States 2006 Male 75+ Middle Retired Married,0.12646407090851533
d_polpos,0.7,United States 2006 Male <25 Middle Working Single,0.053198653198653204
d_polpos,0.7,United States 2017 Female 25-34 High Homemaker Married,0.1349206349206349
d_polpos,0.7,United States 2017 Female 25-34 High Working Cohabiting,0.14959742351046698
d_polpos,0.7,United States 2017 Female 25-34 High Working Married,0.1228287636141273
d_polpos,0.7,United States 2017 Female 25-34 High Working Single,0.18114614853745287
d_polpos,0.7,United States 2017 Female 25-34 Middle Homemaker Cohabiting,0.06198830409356729
d_polpos,0.7,United States 2017 Female 25-34 Middle Homemaker Married,0.056643356643356624
d_polpos,0.7,United States 2017 Female 25-34 Middle Working Cohabiting,0.0918918918918919
d_polpos,0.7,United States 2017 Female 25-34 Middle Working Married,0.07037037037037037
d_polpos,0.7,United States 2017 Female 25-34 Middle Working Single,0.06433904259991216
d_polpos,0.7,United States 2017 Female 35-44 High Homemaker Married,0.07265700483091789
d_polpos,0.7,United States 2017 Female 35-44 High Working Divorced or separated,0.21455938697318006
d_polpos,0.7,United States 2017 Female 35-44 High Working Married,0.10123456790123457
d_polpos,0.7,United States 2017 Female 35-44 Middle Homemaker Married,0.08051715309779825
d_polpos,0.7,United States 2017 Female 35-44 Middle Working Married,0.0917337627482555
d_polpos,0.7,United States 2017 Female 45-54 High Homemaker Married,0.1092307692307692
d_polpos,0.7,United States 2017 Female 45-54 High Working Married,0.08719448193132402
d_polpos,0.7,United States 2017 Female 45-54 Middle Unemployed Divorced or separated,0.08888888888888889
d_polpos,0.7,United States 2017 Female 45-54 Middle Working Divorced or separated,0.0813632781717888
d_polpos,0.7,United States 2017 Female 45-54 Middle Working Married,0.09619450317124736
d_polpos,0.7,United States 2017 Female 45-54 Middle Working Single,0.14983164983164984
d_polpos,0.7,United States 2017 Female 55-64 High Working Divorced or separated,0.06513409961685823
d_polpos,0.7,United States 2017 Female 55-64 Middle Retired Married,0.07553606237816765
d_polpos,0.7,United States 2017 Female 55-64 Middle Working Married,0.09571909571909573
d_polpos,0.7,United States 2017 Female 65-74 Middle Retired Divorced or separated,0.09595959595959598
d_polpos,0.7,United States 2017 Female 65-74 Middle Retired Married,0.19191919191919193
d_polpos,0.7,United States 2017 Female 65-74 Middle Retired Widowed,0.19281045751633982
d_polpos,0.7,United States 2017 Female <25 High Unemployed Single,0.07240323029796711
d_polpos,0.7,United States 2017 Female <25 High Working Single,0.06234567901234567
d_polpos,0.7,United States 2017 Female <25 Middle Unemployed Single,0.044868006304176526
d_polpos,0.7,United States 2017 Female <25 Middle Working Single,0.05931656995486783
d_polpos,0.7,United States 2017 Male 25-34 High Unemployed Single,0.055555555555555566
d_polpos,0.7,United States 2017 Male 25-34 High Working Cohabiting,0.13333333333333336
d_polpos,0.7,United States 2017 Male 25-34 High Working Married,0.08695175438596493
d_polpos,0.7,United States 2017 Male 25-34 High Working Single,0.12037037037037039
d_polpos,0.7,United States 2017 Male 25-34 Middle Working Married,0.0679618065880332
d_polpos,0.7,United States 2017 Male 25-34 Middle Working Single,0.07766367137355584
d_polpos,0.7,United States 2017 Male 35-44 High Working Divorced or separated,0.10052910052910052
d_polpos,0.7,United States 2017 Male 35-44 High Working Married,0.09100529100529105
d_polpos,0.7,United States 2017 Male 35-44 High Working Single,0.12612612612612611
d_polpos,0.7,United States 2017 Male 35-44 Middle Working Married,0.06913580246913581
d_polpos,0.7,United States 2017 Male 45-54 High Unemployed Divorced or separated,0.06565656565656565
d_polpos,0.7,United States 2017 Male 45-54 High Working Divorced or separated,0.08585858585858588
d_polpos,0.7,United States 2017 Male 45-54 High Working Married,0.04804804804804805
d_polpos,0.7,United States 2017 Male 45-54 Middle NA Married,0.12046783625730992
d_polpos,0.7,United States 2017 Male 45-54 Middle Unemployed Married,0.28888888888888886
d_polpos,0.7,United States 2017 Male 45-54 Middle Working Divorced or separated,0.06312601910086185
d_polpos,0.7,United States 2017 Male 45-54 Middle Working Married,0.13279132791327916
d_polpos,0.7,United States 2017 Male 45-54 Middle Working Single,0.06606606606606608
d_polpos,0.7,United States 2017 Male 55-64 High Retired Married,0.09485094850948513
d_polpos,0.7,United States 2017 Male 55-64 High Working Divorced or separated,0.15873015873015872
d_polpos,0.7,United States 2017 Male 55-64 High Working Married,0.07997224390667011
d_polpos,0.7,United States 2017 Male 55-64 High Working Single,0.21399176954732507
d_polpos,0.7,United States 2017 Male 55-64 Middle Retired Divorced or separated,0.07628824476650564
d_polpos,0.7,United States 2017 Male 55-64 Middle Retired Married,0.0962962962962963
d_polpos,0.7,United States 2017 Male 55-64 Middle Working Married,0.10594315245478038
d_polpos,0.7,United States 2017 Male 65-74 High Retired Married,0.08417508417508418
d_polpos,0.7,United States 2017 Male 65-74 High Retired Widowed,0.13071236559139784
d_polpos,0.7,United States 2017 Male 65-74 High Working Married,0.06222222222222223
d_polpos,0.7,United States 2017 Male 65-74 Middle Retired Married,0.12535612535612534
d_polpos,0.7,United States 2017 Male 65-74 Middle Retired Widowed,0.14814814814814817
d_polpos,0.7,United States 2017 Male 75+ Middle Retired Married,0.08333333333333334
d_polpos,0.7,United States 2017 Male <25 High Working Single,0.22895622895622894
d_polpos,0.7,United States 2017 Male <25 Middle Unemployed Single,0.08892525913802513
d_polpos,0.7,United States 2017 Male <25 Middle Working Single,0.07623857623857624
d_polpos,1.0,United States 1995 Female 25-34 High Unemployed Single,0.03650604009026949
d_polpos,1.0,United States 1995 Female 25-34 High Working Married,0.11651037226484795
d_polpos,1.0,United States 1995 Female 25-34 Middle Homemaker Married,0.11399840700915968
d_polpos,1.0,United States 1995 Female 25-34 Middle Working Married,0.09150326797385622
d_polpos,1.0,United States 1995 Female 25-34 Middle Working Single,0.13240740740740742
d_polpos,1.0,United States 1995 Female 35-44 High Homemaker Married,0.05413105413105415
d_polpos,1.0,United States 1995 Female 35-44 High Working Divorced or separated,0.055797101449275376
d_polpos,1.0,United States 1995 Female 35-44 High Working Married,0.06072351421188629
d_polpos,1.0,United States 1995 Female 35-44 Middle Unemployed Married,0.10398860398860399
d_polpos,1.0,United States 1995 Female 35-44 Middle Working Married,0.08627136752136749
d_polpos,1.0,United States 1995 Female 45-54 High Working Married,0.08904259991216511
d_polpos,1.0,United States 1995 Female 45-54 Middle Working Married,0.10555555555555558
d_polpos,1.0,United States 1995 Female 55-64 Middle Homemaker Married,0.08630217519106409
d_polpos,1.0,United States 1995 Female 65-74 High Retired Married,0.08484848484848488
d_polpos,1.0,United States 1995 Female 65-74 High Retired Widowed,0.08983451536643026
d_polpos,1.0,United States 1995 Female 65-74 Middle Retired Married,0.09572649572649573
d_polpos,1.0,United States 1995 Female 65-74 Middle Retired Widowed,0.06189344424638542
d_polpos,1.0,United States 1995 Female 75+ Middle Retired Widowed,0.10930183056619837
d_polpos,1.0,United States 1995 Female <25 High Working Single,0.07017543859649121
d_polpos,1.0,United States 1995 Male 25-34 High Working Married,0.07861004799222403
d_polpos,1.0,United States 1995 Male 25-34 High Working Single,0.053703703703703726
d_polpos,1.0,United States 1995 Male 25-34 Middle Working Married,0.06693541614176535
d_polpos,1.0,United States 1995 Male 25-34 Middle Working Single,0.0832637148426622
d_polpos,1.0,United States 1995 Male 35-44 High Working Married,0.04520697167755992
d_polpos,1.0,United States 1995 Male 35-44 Middle Working Married,0.058683127572016436
d_polpos,1.0,United States 1995 Male 45-54 High Working Divorced or separated,0.08830917874396135
d_polpos,1.0,United States 1995 Male 45-54 High Working Married,0.049323422908328564
d_polpos,1.0,United States 1995 Male 45-54 Middle Working Divorced or separated,0.0638927847904005
d_polpos,1.0,United States 1995 Male 45-54 Middle Working Married,0.07246376811594203
d_polpos,1.0,United States 1995 Male 55-64 High Retired Married,0.10470085470085475
d_polpos,1.0,United States 1995 Male 55-64 High Working Married,0.16142376142376139
d_polpos,1.0,United States 1995 Male 55-64 Middle Retired Married,0.04012345679012345
d_polpos,1.0,United States 1995 Male 55-64 Middle Unemployed Married,0.11851851851851854
d_polpos,1.0,United States 1995 Male 55-64 Middle Working Married,0.06054131054131056
d_polpos,1.0,United States 1995 Male 65-74 High Retired Married,0.06804597701149424
d_polpos,1.0,United States 1995 Male 65-74 Middle Retired Married,0.13056206088992978
d_polpos,1.0,United States 1995 Male 75+ Middle Retired Widowed,0.06398809523809523
d_polpos,1.0,United States 1995 Male <25 Middle Student Single,0.046428571428571444
d_polpos,1.0,United States 1995 Male <25 Middle Working Single,0.07973856209150326
d_polpos,1.0,United States 2006 Female 25-34 High Working Married,0.11666666666666664
d_polpos,1.0,United States 2006 Female 25-34 High Working Single,0.09053497942386832
d_polpos,1.0,United States 2006 Female 25-34 Middle Homemaker Married,0.1212121212121212
d_polpos,1.0,United States 2006 Female 25-34 Middle Working Single,0.09818007662835249
d_polpos,1.0,United States 2006 Female 35-44 High Homemaker Married,0.12444444444444445
d_polpos,1.0,United States 2006 Female 35-44 High Working Married,0.019230769230769232
d_polpos,1.0,United States 2006 Female 35-44 High Working Single,0.1203703703703704
d_polpos,1.0,United States 2006 Female 35-44 Middle Homemaker Married,0.14092140921409219
d_polpos,1.0,United States 2006 Female 35-44 Middle Working Married,0.07568438003220614
d_polpos,1.0,United States 2006 Female 45-54 High Working Divorced or separated,0.04647550776583034
d_polpos,1.0,United States 2006 Female 45-54 Middle Working Married,0.05436081242532855
d_polpos,1.0,United States 2006 Female 55-64 Middle Homemaker Married,0.12077294685990342
d_polpos,1.0,United States 2006 Female 55-64 Middle Retired Married,0.14502923976608192
d_polpos,1.0,United States 2006 Female 55-64 Middle Working Divorced or separated,0.04804804804804805
d_polpos,1.0,United States 2006 Female 55-64 Middle Working Married,0.06543209876543211
d_polpos,1.0,United States 2006 Female 65-74 Middle Retired Divorced or separated,0.11213282247765008
d_polpos,1.0,United States 2006 Female 65-74 Middle Retired Married,0.1508960573476702
d_polpos,1.0,United States 2006 Female 65-74 Middle Retired Widowed,0.10626158893167886
d_polpos,1.0,United States 2006 Female <25 Middle NA Single,0.056172839506172835
d_polpos,1.0,United States 2006 Female <25 Middle Working Single,0.06888888888888887
d_polpos,1.0,United States 2006 Male 25-34 High Working Married,0.04259259259259258
d_polpos,1.0,United States 2006 Male 25-34 Middle Working Married,0.08300395256916997
d_polpos,1.0,United States 2006 Male 35-44 High Working Married,0.09150326797385623
d_polpos,1.0,United States 2006 Male 35-44 High Working Single,0.04951475539710835
d_polpos,1.0,United States 2006 Male 35-44 Middle Working Married,0.10205415499533148
d_polpos,1.0,United States 2006 Male 35-44 Middle Working Single,0.050715488215488214
d_polpos,1.0,United States 2006 Male 45-54 High Working Divorced or separated,0.16666666666666663
d_polpos,1.0,United States 2006 Male 45-54 High Working Married,0.03885723330167774
d_polpos,1.0,United States 2006 Male 45-54 Middle NA Married,0.17219817219817218
d_polpos,1.0,United States 2006 Male 45-54 Middle Working Divorced or separated,0.0775132275132275
d_polpos,1.0,United States 2006 Male 45-54 Middle Working Married,0.12103174603174602
d_polpos,1.0,United States 2006 Male 55-64 Middle Retired Divorced or separated,0.10933706816059757
d_polpos,1.0,United States 2006 Male 55-64 Middle Retired Married,0.09477124183006537
d_polpos,1.0,United States 2006 Male 65-74 High Retired Married,0.09259259259259257
d_polpos,1.0,United States 2006 Male 65-74 Middle Retired Married,0.1422222222222222
d_polpos,1.0,United States 2006 Male 75+ Middle Retired Married,0.07138334916112693
d_polpos,1.0,United States 2006 Male <25 Middle Working Single,0.0835016835016835
d_polpos,1.0,United States 2017 Female 25-34 High Homemaker Married,0.10714285714285714
d_polpos,1.0,United States 2017 Female 25-34 High Working Cohabiting,0.09404186795491143
d_polpos,1.0,United States 2017 Female 25-34 High Working Married,0.07865205678681805
d_polpos,1.0,United States 2017 Female 25-34 High Working Single,0.1751075011944577
d_polpos,1.0,United States 2017 Female 25-34 Middle Homemaker Cohabiting,0.10131578947368419
d_polpos,1.0,United States 2017 Female 25-34 Middle Homemaker Married,0.06200466200466199
d_polpos,1.0,United States 2017 Female 25-34 Middle Working Cohabiting,0.111025311025311
d_polpos,1.0,United States 2017 Female 25-34 Middle Working Married,0.06481481481481483
d_polpos,1.0,United States 2017 Female 25-34 Middle Working Single,0.04369784804567414
d_polpos,1.0,United States 2017 Female 35-44 High Homemaker Married,0.1748792270531401
d_polpos,1.0,United States 2017 Female 35-44 High Working Divorced or separated,0.2183908045977012
d_polpos,1.0,United States 2017 Female 35-44 High Working Married,0.11851851851851852
d_polpos,1.0,United States 2017 Female 35-44 Middle Homemaker Married,0.09075780849974396
d_polpos,1.0,United States 2017 Female 35-44 Middle Working Married,0.07396672034353194
d_polpos,1.0,United States 2017 Female 45-54 High Homemaker Married,0.13538461538461538
d_polpos,1.0,United States 2017 Female 45-54 High Working Married,0.12648073174388963
d_polpos,1.0,United States 2017 Female 45-54 Middle Unemployed Divorced or separated,0.1074074074074074
d_polpos,1.0,United States 2017 Female 45-54 Middle Working Divorced or separated,0.05816587864460205
d_polpos,1.0,United States 2017 Female 45-54 Middle Working Married,0.08497768381489314
d_polpos,1.0,United States 2017 Female 45-54 Middle Working Single,0.11616161616161616
d_polpos,1.0,United States 2017 Female 55-64 High Working Divorced or separated,0.10727969348659004
d_polpos,1.0,United States 2017 Female 55-64 Middle Retired Married,0.07586094866796618
d_polpos,1.0,United States 2017 Female 55-64 Middle Working Married,0.12313612313612315
d_polpos,1.0,United States 2017 Female 65-74 Middle Retired Divorced or separated,0.10101010101010101
d_polpos,1.0,United States 2017 Female 65-74 Middle Retired Married,0.10606060606060609
d_polpos,1.0,United States 2017 Female 65-74 Middle Retired Widowed,0.13312693498452008
d_polpos,1.0,United States 2017 Female <25 High Unemployed Single,0.12976886661097187
d_polpos,1.0,United States 2017 Female <25 High Working Single,0.08950617283950615
d_polpos,1.0,United States 2017 Female <25 Middle Unemployed Single,0.06067769897557132
d_polpos,1.0,United States 2017 Female <25 Middle Working Single,0.08113045347087901
d_polpos,1.0,United States 2017 Male 25-34 High Unemployed Single,0.1527777777777778
d_polpos,1.0,United States 2017 Male 25-34 High Working Cohabiting,0.12592592592592594
d_polpos,1.0,United States 2017 Male 25-34 High Working Married,0.05994152046783626
d_polpos,1.0,United States 2017 Male 25-34 High Working Single,0.1111111111111111
d_polpos,1.0,United States 2017 Male 25-34 Middle Working Married,0.08302771995903131
d_polpos,1.0,United States 2017 Male 25-34 Middle Working Single,0.0983454571387819
d_polpos,1.0,United States 2017 Male 35-44 High Working Divorced or separated,0.10582010582010581
d_polpos,1.0,United States 2017 Male 35-44 High Working Married,0.08994708994708994
d_polpos,1.0,United States 2017 Male 35-44 High Working Single,0.05405405405405406
d_polpos,1.0,United States 2017 Male 35-44 Middle Working Married,0.03703703703703704
d_polpos,1.0,United States 2017 Male 45-54 High Unemployed Divorced or separated,0.0909090909090909
d_polpos,1.0,United States 2017 Male 45-54 High Working Divorced or separated,0.0808080808080808
d_polpos,1.0,United States 2017 Male 45-54 High Working Married,0.0870870870870871
d_polpos,1.0,United States 2017 Male 45-54 Middle NA Married,0.16491228070175434
d_polpos,1.0,United States 2017 Male 45-54 Middle Unemployed Married,0.2166666666666667
d_polpos,1.0,United States 2017 Male 45-54 Middle Working Divorced or separated,0.059670781893004086
d_polpos,1.0,United States 2017 Male 45-54 Middle Working Married,0.12195121951219513
d_polpos,1.0,United States 2017 Male 45-54 Middle Working Single,0.09009009009009011
d_polpos,1.0,United States 2017 Male 55-64 High Retired Married,0.059620596205962065
d_polpos,1.0,United States 2017 Male 55-64 High Working Divorced or separated,0.17857142857142855
d_polpos,1.0,United States 2017 Male 55-64 High Working Married,0.12209789805418216
d_polpos,1.0,United States 2017 Male 55-64 High Working Single,0.2222222222222222
d_polpos,1.0,United States 2017 Male 55-64 Middle Retired Divorced or separated,0.1411030595813204
d_polpos,1.0,United States 2017 Male 55-64 Middle Retired Married,0.07037037037037036
d_polpos,1.0,United States 2017 Male 55-64 Middle Working Married,0.14470284237726103
d_polpos,1.0,United States 2017 Male 65-74 High Retired Married,0.07912457912457913
d_polpos,1.0,United States 2017 Male 65-74 High Retired Widowed,0.15154569892473121
d_polpos,1.0,United States 2017 Male 65-74 High Working Married,0.07555555555555557
d_polpos,1.0,United States 2017 Male 65-74 Middle Retired Married,0.10256410256410255
d_polpos,1.0,United States 2017 Male 65-74 Middle Retired Widowed,0.20164609053497942
d_polpos,1.0,United States 2017 Male 75+ Middle Retired Married,0.12777777777777777
d_polpos,1.0,United States 2017 Male <25 High Working Single,0.101010101010101
d_polpos,1.0,United States 2017 Male <25 Middle Unemployed Single,0.0641934897254046
d_polpos,1.0,United States 2017 Male <25 Middle Working Single,0.08453583453583456
d_polpos,1.2,United States 1995 Female 25-34 High Unemployed Single,0.09358821186778177
d_polpos,1.2,United States 1995 Female 25-34 High Working Married,0.05209813393956617
d_polpos,1.2,United States 1995 Female 25-34 Middle Homemaker Married,0.09767025089605737
d_polpos,1.2,United States 1995 Female 25-34 Middle Working Married,0.10065359477124185
d_polpos,1.2,United States 1995 Female 25-34 Middle Working Single,0.21666666666666665
d_polpos,1.2,United States 1995 Female 35-44 High Homemaker Married,0.0834757834757835
d_polpos,1.2,United States 1995 Female 35-44 High Working Divorced or separated,0.06207729468599034
d_polpos,1.2,United States 1995 Female 35-44 High Working Married,0.06959892146949781
d_polpos,1.2,United States 1995 Female 35-44 Middle Unemployed Married,0.11693861693861694
d_polpos,1.2,United States 1995 Female 35-44 Middle Working Married,0.09668803418803416
d_polpos,1.2,United States 1995 Female 45-54 High Working Married,0.11319718928414581
d_polpos,1.2,United States 1995 Female 45-54 Middle Working Married,0.07500000000000001
d_polpos,1.2,United States 1995 Female 55-64 Middle Homemaker Married,0.0874779541446208
d_polpos,1.2,United States 1995 Female 65-74 High Retired Married,0.15218855218855223
d_polpos,1.2,United States 1995 Female 65-74 High Retired Widowed,0.08930916732335167
d_polpos,1.2,United States 1995 Female 65-74 Middle Retired Married,0.1111111111111111
d_polpos,1.2,United States 1995 Female 65-74 Middle Retired Widowed,0.06862745098039216
d_polpos,1.2,United States 1995 Female 75+ Middle Retired Widowed,0.12718177948063009
d_polpos,1.2,United States 1995 Female <25 High Working Single,0.046365914786967416
d_polpos,1.2,United States 1995 Male 25-34 High Working Married,0.08468501306117487
d_polpos,1.2,United States 1995 Male 25-34 High Working Single,0.0984330484330485
d_polpos,1.2,United States 1995 Male 25-34 Middle Working Married,0.08969513731418494
d_polpos,1.2,United States 1995 Male 25-34 Middle Working Single,0.12837649679754942
d_polpos,1.2,United States 1995 Male 35-44 High Working Married,0.05147058823529411
d_polpos,1.2,United States 1995 Male 35-44 Middle Working Married,0.06518518518518517
d_polpos,1.2,United States 1995 Male 45-54 High Working Divorced or separated,0.08560386473429954
d_polpos,1.2,United States 1995 Male 45-54 High Working Married,0.06315990089574994
d_polpos,1.2,United States 1995 Male 45-54 Middle Working Divorced or separated,0.031634720274271465
d_polpos,1.2,United States 1995 Male 45-54 Middle Working Married,0.08212560386473432
d_polpos,1.2,United States 1995 Male 55-64 High Retired Married,0.13034188034188035
d_polpos,1.2,United States 1995 Male 55-64 High Working Married,0.09850889850889849
d_polpos,1.2,United States 1995 Male 55-64 Middle Retired Married,0.09118967452300784
d_polpos,1.2,United States 1995 Male 55-64 Middle Unemployed Married,0.12283950617283951
d_polpos,1.2,United States 1995 Male 55-64 Middle Working Married,0.0690883190883191
d_polpos,1.2,United States 1995 Male 65-74 High Retired Married,0.06191570881226053
d_polpos,1.2,United States 1995 Male 65-74 Middle Retired Married,0.10323965651834503
d_polpos,1.2,United States 1995 Male 75+ Middle Retired Widowed,0.19543650793650796
d_polpos,1.2,United States 1995 Male <25 Middle Student Single,0.07367724867724867
d_polpos,1.2,United States 1995 Male <25 Middle Working Single,0.08313725490196078
d_polpos,1.2,United States 2006 Female 25-34 High Working Married,0.1111111111111111
d_polpos,1.2,United States 2006 Female 25-34 High Working Single,0.037037037037037035
d_polpos,1.2,United States 2006 Female 25-34 Middle Homemaker Married,0.14646464646464644
d_polpos,1.2,United States 2006 Female 25-34 Middle Working Single,0.10919540229885055
d_polpos,1.2,United States 2006 Female 35-44 High Homemaker Married,0.07555555555555556
d_polpos,1.2,United States 2006 Female 35-44 High Working Married,0.03596866096866097
d_polpos,1.2,United States 2006 Female 35-44 High Working Single,0.15277777777777776
d_polpos,1.2,United States 2006 Female 35-44 Middle Homemaker Married,0.08008130081300814
d_polpos,1.2,United States 2006 Female 35-44 Middle Working Married,0.10271451575799401
d_polpos,1.2,United States 2006 Female 45-54 High Working Divorced or separated,0.1016726403823178
d_polpos,1.2,United States 2006 Female 45-54 Middle Working Married,0.11362007168458778
d_polpos,1.2,United States 2006 Female 55-64 Middle Homemaker Married,0.07729468599033819
d_polpos,1.2,United States 2006 Female 55-64 Middle Retired Married,0.17280701754385971
d_polpos,1.2,United States 2006 Female 55-64 Middle Working Divorced or separated,0.06906906906906908
d_polpos,1.2,United States 2006 Female 55-64 Middle Working Married,0.056172839506172835
d_polpos,1.2,United States 2006 Female 65-74 Middle Retired Divorced or separated,0.1306513409961686
d_polpos,1.2,United States 2006 Female 65-74 Middle Retired Married,0.05770609318996416
d_polpos,1.2,United States 2006 Female 65-74 Middle Retired Widowed,0.08900299529311081
d_polpos,1.2,United States 2006 Female <25 Middle NA Single,0.11172839506172842
d_polpos,1.2,United States 2006 Female <25 Middle Working Single,0.12034188034188034
d_polpos,1.2,United States 2006 Male 25-34 High Working Married,0.09074074074074076
d_polpos,1.2,United States 2006 Male 25-34 Middle Working Married,0.13921826965305226
d_polpos,1.2,United States 2006 Male 35-44 High Working Married,0.04901960784313726
d_polpos,1.2,United States 2006 Male 35-44 High Working Single,0.08457120221826106
d_polpos,1.2,United States 2006 Male 35-44 Middle Working Married,0.10130718954248365
d_polpos,1.2,United States 2006 Male 35-44 Middle Working Single,0.04861111111111111
d_polpos,1.2,United States 2006 Male 45-54 High Working Divorced or separated,0.09523809523809522
d_polpos,1.2,United States 2006 Male 45-54 High Working Married,0.03901551123773347
d_polpos,1.2,United States 2006 Male 45-54 Middle NA Married,0.07431457431457432
d_polpos,1.2,United States 2006 Male 45-54 Middle Working Divorced or separated,0.07160493827160493
d_polpos,1.2,United States 2006 Male 45-54 Middle Working Married,0.07738095238095238
d_polpos,1.2,United States 2006 Male 55-64 Middle Retired Divorced or separated,0.10298786181139123
d_polpos,1.2,United States 2006 Male 55-64 Middle Retired Married,0.09477124183006534
d_polpos,1.2,United States 2006 Male 65-74 High Retired Married,0.10185185185185189
d_polpos,1.2,United States 2006 Male 65-74 Middle Retired Married,0.12444444444444445
d_polpos,1.2,United States 2006 Male 75+ Middle Retired Married,0.14830642608420386
d_polpos,1.2,United States 2006 Male <25 Middle Working Single,0.08013468013468011
d_polpos,1.2,United States 2017 Female 25-34 High Homemaker Married,0.10317460317460317
d_polpos,1.2,United States 2017 Female 25-34 High Working Cohabiting,0.12302737520128823
d_polpos,1.2,United States 2017 Female 25-34 High Working Married,0.06933082122729603
d_polpos,1.2,United States 2017 Female 25-34 High Working Single,0.18597706641184902
d_polpos,1.2,United States 2017 Female 25-34 Middle Homemaker Cohabiting,0.1402046783625731
d_polpos,1.2,United States 2017 Female 25-34 Middle Homemaker Married,0.04374514374514374
d_polpos,1.2,United States 2017 Female 25-34 Middle Working Cohabiting,0.07147147147147151
d_polpos,1.2,United States 2017 Female 25-34 Middle Working Married,0.05370370370370371
d_polpos,1.2,United States 2017 Female 25-34 Middle Working Single,0.061703996486605184
d_polpos,1.2,United States 2017 Female 35-44 High Homemaker Married,0.13913043478260867
d_polpos,1.2,United States 2017 Female 35-44 High Working Divorced or separated,0.1685823754789272
d_polpos,1.2,United States 2017 Female 35-44 High Working Married,0.05925925925925925
d_polpos,1.2,United States 2017 Female 35-44 Middle Homemaker Married,0.07334869431643624
d_polpos,1.2,United States 2017 Female 35-44 Middle Working Married,0.09023081052066559
d_polpos,1.2,United States 2017 Female 45-54 High Homemaker Married,0.10581196581196581
d_polpos,1.2,United States 2017 Female 45-54 High Working Married,0.07249962513120412
d_polpos,1.2,United States 2017 Female 45-54 Middle Unemployed Divorced or separated,0.06666666666666668
d_polpos,1.2,United States 2017 Female 45-54 Middle Working Divorced or separated,0.06235224586288416
d_polpos,1.2,United States 2017 Female 45-54 Middle Working Married,0.08497768381489311
d_polpos,1.2,United States 2017 Female 45-54 Middle Working Single,0.06691919191919192
d_polpos,1.2,United States 2017 Female 55-64 High Working Divorced or separated,0.10344827586206895
d_polpos,1.2,United States 2017 Female 55-64 Middle Retired Married,0.0768356075373619
d_polpos,1.2,United States 2017 Female 55-64 Middle Working Married,0.13059163059163062
d_polpos,1.2,United States 2017 Female 65-74 Middle Retired Divorced or separated,0.10101010101010098
d_polpos,1.2,United States 2017 Female 65-74 Middle Retired Married,0.16666666666666669
d_polpos,1.2,United States 2017 Female 65-74 Middle Retired Widowed,0.1284829721362229
d_polpos,1.2,United States 2017 Female <25 High Unemployed Single,0.07880813143971038
d_polpos,1.2,United States 2017 Female <25 High Working Single,0.0796296296296296
d_polpos,1.2,United States 2017 Female <25 Middle Unemployed Single,0.055112293144208055
d_polpos,1.2,United States 2017 Female <25 Middle Working Single,0.1264775413711584
d_polpos,1.2,United States 2017 Male 25-34 High Unemployed Single,0.09722222222222222
d_polpos,1.2,United States 2017 Male 25-34 High Working Cohabiting,0.21481481481481485
d_polpos,1.2,United States 2017 Male 25-34 High Working Married,0.04847709551656921
d_polpos,1.2,United States 2017 Male 25-34 High Working Single,0.10370370370370376
d_polpos,1.2,United States 2017 Male 25-34 Middle Working Married,0.05682756797832627
d_polpos,1.2,United States 2017 Male 25-34 Middle Working Single,0.04885180430751678
d_polpos,1.2,United States 2017 Male 35-44 High Working Divorced or separated,0.15873015873015872
d_polpos,1.2,United States 2017 Male 35-44 High Working Married,0.09841269841269841
d_polpos,1.2,United States 2017 Male 35-44 High Working Single,0.08408408408408408
d_polpos,1.2,United States 2017 Male 35-44 Middle Working Married,0.04691358024691358
d_polpos,1.2,United States 2017 Male 45-54 High Unemployed Divorced or separated,0.10606060606060604
d_polpos,1.2,United States 2017 Male 45-54 High Working Divorced or separated,0.13636363636363638
d_polpos,1.2,United States 2017 Male 45-54 High Working Married,0.03303303303303304
d_polpos,1.2,United States 2017 Male 45-54 Middle NA Married,0.21491228070175433
d_polpos,1.2,United States 2017 Male 45-54 Middle Unemployed Married,0.24444444444444446
d_polpos,1.2,United States 2017 Male 45-54 Middle Working Divorced or separated,0.06673654786862333
d_polpos,1.2,United States 2017 Male 45-54 Middle Working Married,0.13821138211382117
d_polpos,1.2,United States 2017 Male 45-54 Middle Working Single,0.0930930930930931
d_polpos,1.2,United States 2017 Male 55-64 High Retired Married,0.08672086720867209
d_polpos,1.2,United States 2017 Male 55-64 High Working Divorced or separated,0.13095238095238093
d_polpos,1.2,United States 2017 Male 55-64 High Working Married,0.08040593286494924
d_polpos,1.2,United States 2017 Male 55-64 High Working Single,0.23868312757201643
d_polpos,1.2,United States 2017 Male 55-64 Middle Retired Divorced or separated,0.09943639291465378
d_polpos,1.2,United States 2017 Male 55-64 Middle Retired Married,0.09629629629629628
d_polpos,1.2,United States 2017 Male 55-64 Middle Working Married,0.08268733850129201
d_polpos,1.2,United States 2017 Male 65-74 High Retired Married,0.08249158249158249
d_polpos,1.2,United States 2017 Male 65-74 High Retired Widowed,0.09005376344086022
d_polpos,1.2,United States 2017 Male 65-74 High Working Married,0.06666666666666667
d_polpos,1.2,United States 2017 Male 65-74 Middle Retired Married,0.11269389047166821
d_polpos,1.2,United States 2017 Male 65-74 Middle Retired Widowed,0.21810699588477364
d_polpos,1.2,United States 2017 Male 75+ Middle Retired Married,0.0888888888888889
d_polpos,1.2,United States 2017 Male <25 High Working Single,0.19865319865319858
d_polpos,1.2,United States 2017 Male <25 Middle Unemployed Single,0.04828150572831424
d_polpos,1.2,United States 2017 Male <25 Middle Working Single,0.07022607022607022
d_polpos,1.5,United States 1995 Female 25-34 High Unemployed Single,0.11204035576795432
d_polpos,1.5,United States 1995 Female 25-34 High Working Married,0.08259922326418491
d_polpos,1.5,United States 1995 Female 25-34 Middle Homemaker Married,0.12853444842692155
d_polpos,1.5,United States 1995 Female 25-34 Middle Working Married,0.12650689905591864
d_polpos,1.5,United States 1995 Female 25-34 Middle Working Single,0.11944444444444441
d_polpos,1.5,United States 1995 Female 35-44 High Homemaker Married,0.10284900284900284
d_polpos,1.5,United States 1995 Female 35-44 High Working Divorced or separated,0.12826086956521746
d_polpos,1.5,United States 1995 Female 35-44 High Working Married,0.06167846309403439
d_polpos,1.5,United States 1995 Female 35-44 Middle Unemployed Married,0.12885262885262888
d_polpos,1.5,United States 1995 Female 35-44 Middle Working Married,0.12099358974358972
d_polpos,1.5,United States 1995 Female 45-54 High Working Married,0.05149319279754063
d_polpos,1.5,United States 1995 Female 45-54 Middle Working Married,0.08333333333333333
d_polpos,1.5,United States 1995 Female 55-64 Middle Homemaker Married,0.09147560258671368
d_polpos,1.5,United States 1995 Female 65-74 High Retired Married,0.14141414141414146
d_polpos,1.5,United States 1995 Female 65-74 High Retired Widowed,0.09545573942737066
d_polpos,1.5,United States 1995 Female 65-74 Middle Retired Married,0.07635327635327635
d_polpos,1.5,United States 1995 Female 65-74 Middle Retired Widowed,0.09962368785898197
d_polpos,1.5,United States 1995 Female 75+ Middle Retired Widowed,0.11643252447850151
d_polpos,1.5,United States 1995 Female <25 High Working Single,0.11779448621553884
d_polpos,1.5,United States 1995 Male 25-34 High Working Married,0.08969685924305937
d_polpos,1.5,United States 1995 Male 25-34 High Working Single,0.056552706552706535
d_polpos,1.5,United States 1995 Male 25-34 Middle Working Married,0.10199882422104645
d_polpos,1.5,United States 1995 Male 25-34 Middle Working Single,0.12837649679754945
d_polpos,1.5,United States 1995 Male 35-44 High Working Married,0.07216775599128541
d_polpos,1.5,United States 1995 Male 35-44 Middle Working Married,0.07687242798353908
d_polpos,1.5,United States 1995 Male 45-54 High Working Divorced or separated,0.06937198067632849
d_polpos,1.5,United States 1995 Male 45-54 High Working Married,0.0520678482942634
d_polpos,1.5,United States 1995 Male 45-54 Middle Working Divorced or separated,0.10846189808321645
d_polpos,1.5,United States 1995 Male 45-54 Middle Working Married,0.08212560386473432
d_polpos,1.5,United States 1995 Male 55-64 High Retired Married,0.10897435897435898
d_polpos,1.5,United States 1995 Male 55-64 High Working Married,0.0535834535834536
d_polpos,1.5,United States 1995 Male 55-64 Middle Retired Married,0.07575757575757576
d_polpos,1.5,United States 1995 Male 55-64 Middle Unemployed Married,0.16666666666666666
d_polpos,1.5,United States 1995 Male 55-64 Middle Working Married,0.09615384615384616
d_polpos,1.5,United States 1995 Male 65-74 High Retired Married,0.12704980842911878
d_polpos,1.5,United States 1995 Male 65-74 Middle Retired Married,0.16881342701014831
d_polpos,1.5,United States 1995 Male 75+ Middle Retired Widowed,0.08878968253968253
d_polpos,1.5,United States 1995 Male <25 Middle Student Single,0.13267195767195772
d_polpos,1.5,United States 1995 Male <25 Middle Working Single,0.09464052287581701
d_polpos,1.5,United States 2006 Female 25-34 High Working Married,0.0888888888888889
d_polpos,1.5,United States 2006 Female 25-34 High Working Single,0.10699588477366254
d_polpos,1.5,United States 2006 Female 25-34 Middle Homemaker Married,0.15656565656565655
d_polpos,1.5,United States 2006 Female 25-34 Middle Working Single,0.15780651340996166
d_polpos,1.5,United States 2006 Female 35-44 High Homemaker Married,0.05333333333333333
d_polpos,1.5,United States 2006 Female 35-44 High Working Married,0.036324786324786335
d_polpos,1.5,United States 2006 Female 35-44 High Working Single,0.14814814814814817
d_polpos,1.5,United States 2006 Female 35-44 Middle Homemaker Married,0.09065040650406504
d_polpos,1.5,United States 2006 Female 35-44 Middle Working Married,0.08534621578099838
d_polpos,1.5,United States 2006 Female 45-54 High Working Divorced or separated,0.07299880525686976
d_polpos,1.5,United States 2006 Female 45-54 Middle Working Married,0.1183990442054958
d_polpos,1.5,United States 2006 Female 55-64 Middle Homemaker Married,0.09178743961352659
d_polpos,1.5,United States 2006 Female 55-64 Middle Retired Married,0.13333333333333333
d_polpos,1.5,United States 2006 Female 55-64 Middle Working Divorced or separated,0.1081081081081081
d_polpos,1.5,United States 2006 Female 55-64 Middle Working Married,0.11604938271604937
d_polpos,1.5,United States 2006 Female 65-74 Middle Retired Divorced or separated,0.14891443167305235
d_polpos,1.5,United States 2006 Female 65-74 Middle Retired Married,0.11553166069295104
d_polpos,1.5,United States 2006 Female 65-74 Middle Retired Widowed,0.07516759378120096
d_polpos,1.5,United States 2006 Female <25 Middle NA Single,0.06296296296296296
d_polpos,1.5,United States 2006 Female <25 Middle Working Single,0.15846153846153843
d_polpos,1.5,United States 2006 Male 25-34 High Working Married,0.04162257495590829
d_polpos,1.5,United States 2006 Male 25-34 Middle Working Married,0.16095740008783493
d_polpos,1.5,United States 2006 Male 35-44 High Working Married,0.0326797385620915
d_polpos,1.5,United States 2006 Male 35-44 High Working Single,0.04832640126757774
d_polpos,1.5,United States 2006 Male 35-44 Middle Working Married,0.13062558356676002
d_polpos,1.5,United States 2006 Male 35-44 Middle Working Single,0.055134680134680134
d_polpos,1.5,United States 2006 Male 45-54 High Working Divorced or separated,0.1031746031746032
d_polpos,1.5,United States 2006 Male 45-54 High Working Married,0.04597974042418486
d_polpos,1.5,United States 2006 Male 45-54 Middle NA Married,0.11736411736411734
d_polpos,1.5,United States 2006 Male 45-54 Middle Working Divorced or separated,0.0984126984126984
d_polpos,1.5,United States 2006 Male 45-54 Middle Working Married,0.08333333333333331
d_polpos,1.5,United States 2006 Male 55-64 Middle Retired Divorced or separated,0.14369747899159666
d_polpos,1.5,United States 2006 Male 55-64 Middle Retired Married,0.12418300653594769
d_polpos,1.5,United States 2006 Male 65-74 High Retired Married,0.06944444444444445
d_polpos,1.5,United States 2006 Male 65-74 Middle Retired Married,0.1111111111111111
d_polpos,1.5,United States 2006 Male 75+ Middle Retired Married,0.07264957264957267
d_polpos,1.5,United States 2006 Male <25 Middle Working Single,0.09292929292929292
d_polpos,1.5,United States 2017 Female 25-34 High Homemaker Married,0.05158730158730158
d_polpos,1.5,United States 2017 Female 25-34 High Working Cohabiting,0.0674718196457327
d_polpos,1.5,United States 2017 Female 25-34 High Working Married,0.09365858495711239
d_polpos,1.5,United States 2017 Female 25-34 High Working Single,0.18474279343844563
d_polpos,1.5,United States 2017 Female 25-34 Middle Homemaker Cohabiting,0.19269005847953216
d_polpos,1.5,United States 2017 Female 25-34 Middle Homemaker Married,0.08282828282828282
d_polpos,1.5,United States 2017 Female 25-34 Middle Working Cohabiting,0.09901329901329897
d_polpos,1.5,United States 2017 Female 25-34 Middle Working Married,0.07962962962962965
d_polpos,1.5,United States 2017 Female 25-34 Middle Working Single,0.05511638120333773
d_polpos,1.5,United States 2017 Female 35-44 High Homemaker Married,0.08502415458937199
d_polpos,1.5,United States 2017 Female 35-44 High Working Divorced or separated,0.12643678160919541
d_polpos,1.5,United States 2017 Female 35-44 High Working Married,0.061728395061728385
d_polpos,1.5,United States 2017 Female 35-44 Middle Homemaker Married,0.11226318484383
d_polpos,1.5,United States 2017 Female 35-44 Middle Working Married,0.11164787976382178
d_polpos,1.5,United States 2017 Female 45-54 High Homemaker Married,0.11299145299145301
d_polpos,1.5,United States 2017 Female 45-54 High Working Married,0.09949017843754687
d_polpos,1.5,United States 2017 Female 45-54 Middle Unemployed Divorced or separated,0.10000000000000003
d_polpos,1.5,United States 2017 Female 45-54 Middle Working Divorced or separated,0.050778171788810084
d_polpos,1.5,United States 2017 Female 45-54 Middle Working Married,0.1264975334742776
d_polpos,1.5,United States 2017 Female 45-54 Middle Working Single,0.08585858585858586
d_polpos,1.5,United States 2017 Female 55-64 High Working Divorced or separated,0.09578544061302681
d_polpos,1.5,United States 2017 Female 55-64 Middle Retired Married,0.07033788174139051
d_polpos,1.5,United States 2017 Female 55-64 Middle Working Married,0.08513708513708518
d_polpos,1.5,United States 2017 Female 65-74 Middle Retired Divorced or separated,0.11616161616161613
d_polpos,1.5,United States 2017 Female 65-74 Middle Retired Married,0.19191919191919193
d_polpos,1.5,United States 2017 Female 65-74 Middle Retired Widowed,0.1044031647746818
d_polpos,1.5,United States 2017 Female <25 High Unemployed Single,0.13394597605123923
d_polpos,1.5,United States 2017 Female <25 High Working Single,0.10364758698092029
d_polpos,1.5,United States 2017 Female <25 Middle Unemployed Single,0.08889873916469662
d_polpos,1.5,United States 2017 Female <25 Middle Working Single,0.0630775843541801
d_polpos,1.5,United States 2017 Male 25-34 High Unemployed Single,0.08333333333333331
d_polpos,1.5,United States 2017 Male 25-34 High Working Cohabiting,0.1333333333333334
d_polpos,1.5,United States 2017 Male 25-34 High Working Married,0.05852826510721248
d_polpos,1.5,United States 2017 Male 25-34 High Working Single,0.08888888888888889
d_polpos,1.5,United States 2017 Male 25-34 Middle Working Married,0.06085836059074238
d_polpos,1.5,United States 2017 Male 25-34 Middle Working Single,0.06981885608329765
d_polpos,1.5,United States 2017 Male 35-44 High Working Divorced or separated,0.17989417989417988
d_polpos,1.5,United States 2017 Male 35-44 High Working Married,0.08465608465608462
d_polpos,1.5,United States 2017 Male 35-44 High Working Single,0.1921921921921922
d_polpos,1.5,United States 2017 Male 35-44 Middle Working Married,0.03950617283950617
d_polpos,1.5,United States 2017 Male 45-54 High Unemployed Divorced or separated,0.06565656565656568
d_polpos,1.5,United States 2017 Male 45-54 High Working Divorced or separated,0.07575757575757575
d_polpos,1.5,United States 2017 Male 45-54 High Working Married,0.01951951951951952
d_polpos,1.5,United States 2017 Male 45-54 Middle NA Married,0.10380116959064324
d_polpos,1.5,United States 2017 Male 45-54 Middle Unemployed Married,0.1444444444444445
d_polpos,1.5,United States 2017 Male 45-54 Middle Working Divorced or separated,0.053497942386831254
d_polpos,1.5,United States 2017 Male 45-54 Middle Working Married,0.13279132791327916
d_polpos,1.5,United States 2017 Male 45-54 Middle Working Single,0.06906906906906908
d_polpos,1.5,United States 2017 Male 55-64 High Retired Married,0.059620596205962065
d_polpos,1.5,United States 2017 Male 55-64 High Working Divorced or separated,0.16666666666666666
d_polpos,1.5,United States 2017 Male 55-64 High Working Married,0.07410298667129266
d_polpos,1.5,United States 2017 Male 55-64 High Working Single,0.23456790123456786
d_polpos,1.5,United States 2017 Male 55-64 Middle Retired Divorced or separated,0.09017713365539454
d_polpos,1.5,United States 2017 Male 55-64 Middle Retired Married,0.10370370370370371
d_polpos,1.5,United States 2017 Male 55-64 Middle Working Married,0.10852713178294576
d_polpos,1.5,United States 2017 Male 65-74 High Retired Married,0.11111111111111113
d_polpos,1.5,United States 2017 Male 65-74 High Retired Widowed,0.09251792114695341
d_polpos,1.5,United States 2017 Male 65-74 High Working Married,0.09777777777777778
d_polpos,1.5,United States 2017 Male 65-74 Middle Retired Married,0.08831908831908833
d_polpos,1.5,United States 2017 Male 65-74 Middle Retired Widowed,0.10288065843621398
d_polpos,1.5,United States 2017 Male 75+ Middle Retired Married,0.10000000000000002
d_polpos,1.5,United States 2017 Male <25 High Working Single,0.23569023569023562
d_polpos,1.5,United States 2017 Male <25 Middle Unemployed Single,0.06773958901618476
d_polpos,1.5,United States 2017 Male <25 Middle Working Single,0.08682058682058681
d_religiousp,0.3,United States 1995 Female 25-34 High Unemployed Single,0.3064516129032258
d_religiousp,0.3,United States 1995 Female 25-34 High Working Married,0.0718954248366013
d_religiousp,0.3,United States 1995 Female 25-34 Middle Homemaker Married,0.09973544973544972
d_religiousp,0.3,United States 1995 Female 25-34 Middle Working Married,0.02941176470588235
d_religiousp,0.3,United States 1995 Female 25-34 Middle Working Single,0.3125
d_religiousp,0.3,United States 1995 Female 35-44 High Homemaker Married,0.06061698717948716
d_religiousp,0.3,United States 1995 Female 35-44 High Working Divorced or separated,0.1884057971014493
d_religiousp,0.3,United States 1995 Female 35-44 High Working Married,0.036231884057971064
d_religiousp,0.3,United States 1995 Female 35-44 Middle Unemployed Married,0.27272727272727276
d_religiousp,0.3,United States 1995 Female 35-44 Middle Working Married,0.08854166666666667
d_religiousp,0.3,United States 1995 Female 45-54 High Working Married,0.19202898550724637
d_religiousp,0.3,United States 1995 Female 45-54 Middle Working Married,0.0375
d_religiousp,0.3,United States 1995 Female 55-64 Middle Homemaker Married,0.05714285714285714
d_religiousp,0.3,United States 1995 Female 65-74 High Retired Married,0.04845328282828285
d_religiousp,0.3,United States 1995 Female 65-74 High Retired Widowed,0.32978723404255317
d_religiousp,0.3,United States 1995 Female 65-74 Middle Retired Married,0.17094017094017092
d_religiousp,0.3,United States 1995 Female 65-74 Middle Retired Widowed,0.3636363636363637
d_religiousp,0.3,United States 1995 Female 75+ Middle Retired Widowed,0.3333333333333333
d_religiousp,0.3,United States 1995 Female <25 High Working Single,0.1349206349206349
d_religiousp,0.3,United States 1995 Male 25-34 High Working Married,0.22778952934955052
d_religiousp,0.3,United States 1995 Male 25-34 High Working Single,0.13842147435897434
d_religiousp,0.3,United States 1995 Male 25-34 Middle Working Married,0.1512345679012346
d_religiousp,0.3,United States 1995 Male 25-34 Middle Working Single,0.14285714285714282
d_religiousp,0.3,United States 1995 Male 35-44 High Working Married,0.15830065359477125
d_religiousp,0.3,United States 1995 Male 35-44 Middle Working Married,0.2191358024691359
d_religiousp,0.3,United States 1995 Male 45-54 High Working Divorced or separated,0.11333333333333336
d_religiousp,0.3,United States 1995 Male 45-54 High Working Married,0.27878787878787886
d_religiousp,0.3,United States 1995 Male 45-54 Middle Working Divorced or separated,0.18817204301075266
d_religiousp,0.3,United States 1995 Male 45-54 Middle Working Married,0.1884057971014493
d_religiousp,0.3,United States 1995 Male 55-64 High Retired Married,0.227948717948718
d_religiousp,0.3,United States 1995 Male 55-64 High Working Married,0.21064425770308118
d_religiousp,0.3,United States 1995 Male 55-64 Middle Retired Married,0.06481481481481483
d_religiousp,0.3,United States 1995 Male 55-64 Middle Unemployed Married,0.2333333333333333
d_religiousp,0.3,United States 1995 Male 55-64 Middle Working Married,0.09615384615384615
d_religiousp,0.3,United States 1995 Male 65-74 High Retired Married,0.1839080459770115
d_religiousp,0.3,United States 1995 Male 65-74 Middle Retired Married,0.09649362477231327
d_religiousp,0.3,United States 1995 Male 75+ Middle Retired Widowed,0.2760416666666667
d_religiousp,0.3,United States 1995 Male <25 Middle Student Single,0.2782106782106783
d_religiousp,0.3,United States 1995 Male <25 Middle Working Single,0.04666666666666667
d_religiousp,0.3,United States 2006 Female 25-34 High Working Married,0.08640350877192983
d_religiousp,0.3,United States 2006 Female 25-34 High Working Single,0.11580246913580246
d_religiousp,0.3,United States 2006 Female 25-34 Middle Homemaker Married,0.07359307359307359
d_religiousp,0.3,United States 2006 Female 25-34 Middle Working Single,0.27638888888888885
d_religiousp,0.3,United States 2006 Female 35-44 High Homemaker Married,0.10666666666666665
d_religiousp,0.3,United States 2006 Female 35-44 High Working Married,0.22082679225536364
d_religiousp,0.3,United States 2006 Female 35-44 High Working Single,0.0625
d_religiousp,0.3,United States 2006 Female 35-44 Middle Homemaker Married,0.08536585365853659
d_religiousp,0.3,United States 2006 Female 35-44 Middle Working Married,0.1066631318487098
d_religiousp,0.3,United States 2006 Female 45-54 High Working Divorced or separated,0.25268817204301075
d_religiousp,0.3,United States 2006 Female 45-54 Middle Working Married,0.18548387096774197
d_religiousp,0.3,United States 2006 Female 55-64 Middle Homemaker Married,0.19427191166321597
d_religiousp,0.3,United States 2006 Female 55-64 Middle Retired Married,0.09824561403508773
d_religiousp,0.3,United States 2006 Female 55-64 Middle Working Divorced or separated,0.17567567567567566
d_religiousp,0.3,United States 2006 Female 55-64 Middle Working Married,0.23333333333333328
d_religiousp,0.3,United States 2006 Female 65-74 Middle Retired Divorced or separated,0.3386973180076629
d_religiousp,0.3,United States 2006 Female 65-74 Middle Retired Married,0.03369175627240143
d_religiousp,0.3,United States 2006 Female 65-74 Middle Retired Widowed,0.4831300813008131
d_religiousp,0.3,United States 2006 Female <25 Middle NA Single,0.4137426900584795
d_religiousp,0.3,United States 2006 Female <25 Middle Working Single,0.3612820512820514
d_religiousp,0.3,United States 2006 Male 25-34 High Working Married,0.2252645502645502
d_religiousp,0.3,United States 2006 Male 25-34 Middle Working Married,0.1646903820816864
d_religiousp,0.3,United States 2006 Male 35-44 High Working Married,0.27450980392156854
d_religiousp,0.3,United States 2006 Male 35-44 High Working Single,0.047088532382650046
d_religiousp,0.3,United States 2006 Male 35-44 Middle Working Married,0.2644257703081232
d_religiousp,0.3,United States 2006 Male 35-44 Middle Working Single,0.086673183447377
d_religiousp,0.3,United States 2006 Male 45-54 High Working Divorced or separated,0.21428571428571422
d_religiousp,0.3,United States 2006 Male 45-54 High Working Married,0.2866809116809117
d_religiousp,0.3,United States 2006 Male 45-54 Middle NA Married,0.0468975468975469
d_religiousp,0.3,United States 2006 Male 45-54 Middle Working Divorced or separated,0.13941798941798947
d_religiousp,0.3,United States 2006 Male 45-54 Middle Working Married,0.34821428571428564
d_religiousp,0.3,United States 2006 Male 55-64 Middle Retired Divorced or separated,0.18207282913165268
d_religiousp,0.3,United States 2006 Male 55-64 Middle Retired Married,0.11274509803921572
d_religiousp,0.3,United States 2006 Male 65-74 High Retired Married,0.10416666666666667
d_religiousp,0.3,United States 2006 Male 65-74 Middle Retired Married,0.06
d_religiousp,0.3,United States 2006 Male 75+ Middle Retired Married,0.09432098765432102
d_religiousp,0.3,United States 2006 Male <25 Middle Working Single,0.2781089584368273
d_religiousp,0.3,United States 2017 Female 25-34 High Homemaker Married,0.11904761904761907
d_religiousp,0.3,United States 2017 Female 25-34 High Working Cohabiting,0.07246376811594203
d_religiousp,0.3,United States 2017 Female 25-34 High Working Married,0.15662650602409645
d_religiousp,0.3,United States 2017 Female 25-34 High Working Single,0.1847826086956522
d_religiousp,0.3,United States 2017 Female 25-34 Middle Homemaker Cohabiting,0.075
d_religiousp,0.3,United States 2017 Female 25-34 Middle Homemaker Married,0.061784511784511775
d_religiousp,0.3,United States 2017 Female 25-34 Middle Working Cohabiting,0.08108108108108109
d_religiousp,0.3,United States 2017 Female 25-34 Middle Working Married,0.19999999999999998
d_religiousp,0.3,United States 2017 Female 25-34 Middle Working Single,0.2789855072463768
d_religiousp,0.3,United States 2017 Female 35-44 High Homemaker Married,0.1333333333333334
d_religiousp,0.3,United States 2017 Female 35-44 High Working Divorced or separated,0.09195402298850575
d_religiousp,0.3,United States 2017 Female 35-44 High Working Married,0.26666666666666666
d_religiousp,0.3,United States 2017 Female 35-44 Middle Homemaker Married,0.10215053763440862
d_religiousp,0.3,United States 2017 Female 35-44 Middle Working Married,0.11231884057971019
d_religiousp,0.3,United States 2017 Female 45-54 High Homemaker Married,0.1346153846153846
d_religiousp,0.3,United States 2017 Female 45-54 High Working Married,0.17521367521367526
d_religiousp,0.3,United States 2017 Female 45-54 Middle Unemployed Divorced or separated,0.09540229885057472
d_religiousp,0.3,United States 2017 Female 45-54 Middle Working Divorced or separated,0.19791666666666666
d_religiousp,0.3,United States 2017 Female 45-54 Middle Working Married,0.1136363636363636
d_religiousp,0.3,United States 2017 Female 45-54 Middle Working Single,0.2847222222222222
d_religiousp,0.3,United States 2017 Female 55-64 High Working Divorced or separated,0.10919540229885057
d_religiousp,0.3,United States 2017 Female 55-64 Middle Retired Married,0.03508771929824562
d_religiousp,0.3,United States 2017 Female 55-64 Middle Working Married,0.21212121212121215
d_religiousp,0.3,United States 2017 Female 65-74 Middle Retired Divorced or separated,0.23484848484848478
d_religiousp,0.3,United States 2017 Female 65-74 Middle Retired Married,0.0606060606060606
d_religiousp,0.3,United States 2017 Female 65-74 Middle Retired Widowed,0.3947368421052631
d_religiousp,0.3,United States 2017 Female <25 High Unemployed Single,0.13849206349206356
d_religiousp,0.3,United States 2017 Female <25 High Working Single,0.14074074074074075
d_religiousp,0.3,United States 2017 Female <25 Middle Unemployed Single,0.31597222222222215
d_religiousp,0.3,United States 2017 Female <25 Middle Working Single,0.25539795114263203
d_religiousp,0.3,United States 2017 Male 25-34 High Unemployed Single,0.2569444444444444
d_religiousp,0.3,United States 2017 Male 25-34 High Working Cohabiting,0.15555555555555559
d_religiousp,0.3,United States 2017 Male 25-34 High Working Married,0.28124999999999994
d_religiousp,0.3,United States 2017 Male 25-34 High Working Single,0.1277777777777778
d_religiousp,0.3,United States 2017 Male 25-34 Middle Working Married,0.16101694915254242
d_religiousp,0.3,United States 2017 Male 25-34 Middle Working Single,0.0772357723577236
d_religiousp,0.3,United States 2017 Male 35-44 High Working Divorced or separated,0.19047619047619047
d_religiousp,0.3,United States 2017 Male 35-44 High Working Married,0.40952380952380957
d_religiousp,0.3,United States 2017 Male 35-44 High Working Single,0.02702702702702703
d_religiousp,0.3,United States 2017 Male 35-44 Middle Working Married,0.2407407407407407
d_religiousp,0.3,United States 2017 Male 45-54 High Unemployed Divorced or separated,0.24999999999999997
d_religiousp,0.3,United States 2017 Male 45-54 High Working Divorced or separated,0.08730158730158731
d_religiousp,0.3,United States 2017 Male 45-54 High Working Married,0.20720720720720723
d_religiousp,0.3,United States 2017 Male 45-54 Middle NA Married,0.15394736842105264
d_religiousp,0.3,United States 2017 Male 45-54 Middle Unemployed Married,0.075
d_religiousp,0.3,United States 2017 Male 45-54 Middle Working Divorced or separated,0.08333333333333333
d_religiousp,0.3,United States 2017 Male 45-54 Middle Working Married,0.08943089430894309
d_religiousp,0.3,United States 2017 Male 45-54 Middle Working Single,0.2702702702702703
d_religiousp,0.3,United States 2017 Male 55-64 High Retired Married,0.06504065040650407
d_religiousp,0.3,United States 2017 Male 55-64 High Working Divorced or separated,0.11904761904761905
d_religiousp,0.3,United States 2017 Male 55-64 High Working Married,0.2698412698412698
d_religiousp,0.3,United States 2017 Male 55-64 High Working Single,0.1111111111111111
d_religiousp,0.3,United States 2017 Male 55-64 Middle Retired Divorced or separated,0.15277777777777776
d_religiousp,0.3,United States 2017 Male 55-64 Middle Retired Married,0.11666666666666668
d_religiousp,0.3,United States 2017 Male 55-64 Middle Working Married,0.05038759689922482
d_religiousp,0.3,United States 2017 Male 65-74 High Retired Married,0.11363636363636363
d_religiousp,0.3,United States 2017 Male 65-74 High Retired Widowed,0.2760416666666667
d_religiousp,0.3,United States 2017 Male 65-74 High Working Married,0.08666666666666668
d_religiousp,0.3,United States 2017 Male 65-74 Middle Retired Married,0.10493827160493825
d_religiousp,0.3,United States 2017 Male 65-74 Middle Retired Widowed,0.0925925925925926
d_religiousp,0.3,United States 2017 Male 75+ Middle Retired Married,0.09166666666666667
d_religiousp,0.3,United States 2017 Male <25 High Working Single,0.19696969696969702
d_religiousp,0.3,United States 2017 Male <25 Middle Unemployed Single,0.29768445839874413
d_religiousp,0.3,United States 2017 Male <25 Middle Working Single,0.12878787878787876
d_religiousp,0.7,United States 1995 Female 25-34 High Unemployed Single,0.24731182795698922
d_religiousp,0.7,United States 1995 Female 25-34 High Working Married,0.03921568627450981
d_religiousp,0.7,United States 1995 Female 25-34 Middle Homemaker Married,0.1275132275132275
d_religiousp,0.7,United States 1995 Female 25-34 Middle Working Married,0.0457516339869281
d_religiousp,0.7,United States 1995 Female 25-34 Middle Working Single,0.1875
d_religiousp,0.7,United States 1995 Female 35-44 High Homemaker Married,0.14370993589743586
d_religiousp,0.7,United States 1995 Female 35-44 High Working Divorced or separated,0.2753623188405797
d_religiousp,0.7,United States 1995 Female 35-44 High Working Married,0.057971014492753624
d_religiousp,0.7,United States 1995 Female 35-44 Middle Unemployed Married,0.24747474747474754
d_religiousp,0.7,United States 1995 Female 35-44 Middle Working Married,0.08333333333333333
d_religiousp,0.7,United States 1995 Female 45-54 High Working Married,0.03623188405797106
d_religiousp,0.7,United States 1995 Female 45-54 Middle Working Married,0.1125
d_religiousp,0.7,United States 1995 Female 55-64 Middle Homemaker Married,0.042857142857142864
d_religiousp,0.7,United States 1995 Female 65-74 High Retired Married,0.12357954545454546
d_religiousp,0.7,United States 1995 Female 65-74 High Retired Widowed,0.2127659574468085
d_religiousp,0.7,United States 1995 Female 65-74 Middle Retired Married,0.2136752136752137
d_religiousp,0.7,United States 1995 Female 65-74 Middle Retired Widowed,0.2575757575757576
d_religiousp,0.7,United States 1995 Female 75+ Middle Retired Widowed,0.33796296296296297
d_religiousp,0.7,United States 1995 Female <25 High Working Single,0.13095238095238096
d_religiousp,0.7,United States 1995 Male 25-34 High Working Married,0.06517715494447383
d_religiousp,0.7,United States 1995 Male 25-34 High Working Single,0.0671875
d_religiousp,0.7,United States 1995 Male 25-34 Middle Working Married,0.0925925925925926
d_religiousp,0.7,United States 1995 Male 25-34 Middle Working Single,0.24603174603174596
d_religiousp,0.7,United States 1995 Male 35-44 High Working Married,0.07006535947712417
d_religiousp,0.7,United States 1995 Male 35-44 Middle Working Married,0.08333333333333333
d_religiousp,0.7,United States 1995 Male 45-54 High Working Divorced or separated,0.16000000000000003
d_religiousp,0.7,United States 1995 Male 45-54 High Working Married,0.0818181818181818
d_religiousp,0.7,United States 1995 Male 45-54 Middle Working Divorced or separated,0.03225806451612903
d_religiousp,0.7,United States 1995 Male 45-54 Middle Working Married,0.10144927536231886
d_religiousp,0.7,United States 1995 Male 55-64 High Retired Married,0.11666666666666665
d_religiousp,0.7,United States 1995 Male 55-64 High Working Married,0.06834733893557421
d_religiousp,0.7,United States 1995 Male 55-64 Middle Retired Married,0.03240740740740741
d_religiousp,0.7,United States 1995 Male 55-64 Middle Unemployed Married,0.07500000000000001
d_religiousp,0.7,United States 1995 Male 55-64 Middle Working Married,0.03205128205128207
d_religiousp,0.7,United States 1995 Male 65-74 High Retired Married,0.1494252873563218
d_religiousp,0.7,United States 1995 Male 65-74 Middle Retired Married,0.0866575591985428
d_religiousp,0.7,United States 1995 Male 75+ Middle Retired Widowed,0.2552083333333333
d_religiousp,0.7,United States 1995 Male <25 Middle Student Single,0.09711399711399711
d_religiousp,0.7,United States 1995 Male <25 Middle Working Single,0.12
d_religiousp,0.7,United States 2006 Female 25-34 High Working Married,0.0942982456140351
d_religiousp,0.7,United States 2006 Female 25-34 High Working Single,0.09999999999999999
d_religiousp,0.7,United States 2006 Female 25-34 Middle Homemaker Married,0.09704184704184704
d_religiousp,0.7,United States 2006 Female 25-34 Middle Working Single,0.07847222222222221
d_religiousp,0.7,United States 2006 Female 35-44 High Homemaker Married,0.09333333333333332
d_religiousp,0.7,United States 2006 Female 35-44 High Working Married,0.04794610151753009
d_religiousp,0.7,United States 2006 Female 35-44 High Working Single,0.12058080808080814
d_religiousp,0.7,United States 2006 Female 35-44 Middle Homemaker Married,0.25203252032520324
d_religiousp,0.7,United States 2006 Female 35-44 Middle Working Married,0.2262283492400141
d_religiousp,0.7,United States 2006 Female 45-54 High Working Divorced or separated,0.14516129032258063
d_religiousp,0.7,United States 2006 Female 45-54 Middle Working Married,0.07258064516129031
d_religiousp,0.7,United States 2006 Female 55-64 Middle Homemaker Married,0.1432022084195997
d_religiousp,0.7,United States 2006 Female 55-64 Middle Retired Married,0.12894736842105267
d_religiousp,0.7,United States 2006 Female 55-64 Middle Working Divorced or separated,0.1188688688688689
d_religiousp,0.7,United States 2006 Female 55-64 Middle Working Married,0.05833333333333335
d_religiousp,0.7,United States 2006 Female 65-74 Middle Retired Divorced or separated,0.2831417624521073
d_religiousp,0.7,United States 2006 Female 65-74 Middle Retired Married,0.15304659498207884
d_religiousp,0.7,United States 2006 Female 65-74 Middle Retired Widowed,0.32865853658536587
d_religiousp,0.7,United States 2006 Female <25 Middle NA Single,0.16559454191033138
d_religiousp,0.7,United States 2006 Female <25 Middle Working Single,0.18179487179487178
d_religiousp,0.7,United States 2006 Male 25-34 High Working Married,0.09100529100529099
d_religiousp,0.7,United States 2006 Male 25-34 Middle Working Married,0.0862977602108037
d_religiousp,0.7,United States 2006 Male 35-44 High Working Married,0.2009803921568627
d_religiousp,0.7,United States 2006 Male 35-44 High Working Single,0.16963755199049316
d_religiousp,0.7,United States 2006 Male 35-44 Middle Working Married,0.18823529411764706
d_religiousp,0.7,United States 2006 Male 35-44 Middle Working Single,0.086673183447377
d_religiousp,0.7,United States 2006 Male 45-54 High Working Divorced or separated,0.07738095238095238
d_religiousp,0.7,United States 2006 Male 45-54 High Working Married,0.08345204178537512
d_religiousp,0.7,United States 2006 Male 45-54 Middle NA Married,0.23124098124098125
d_religiousp,0.7,United States 2006 Male 45-54 Middle Working Divorced or separated,0.1037037037037037
d_religiousp,0.7,United States 2006 Male 45-54 Middle Working Married,0.20833333333333334
d_religiousp,0.7,United States 2006 Male 55-64 Middle Retired Divorced or separated,0.08067226890756306
d_religiousp,0.7,United States 2006 Male 55-64 Middle Retired Married,0.10784313725490195
d_religiousp,0.7,United States 2006 Male 65-74 High Retired Married,0.1597222222222222
d_religiousp,0.7,United States 2006 Male 65-74 Middle Retired Married,0.10000000000000002
d_religiousp,0.7,United States 2006 Male 75+ Middle Retired Married,0.20222222222222222
d_religiousp,0.7,United States 2006 Male <25 Middle Working Single,0.10639178671965559
d_religiousp,0.7,United States 2017 Female 25-34 High Homemaker Married,0.07738095238095241
d_religiousp,0.7,United States 2017 Female 25-34 High Working Cohabiting,0.14130434782608695
d_religiousp,0.7,United States 2017 Female 25-34 High Working Married,0.14257028112449802
d_religiousp,0.7,United States 2017 Female 25-34 High Working Single,0.06884057971014491
d_religiousp,0.7,United States 2017 Female 25-34 Middle Homemaker Cohabiting,0.1708333333333333
d_religiousp,0.7,United States 2017 Female 25-34 Middle Homemaker Married,0.09556677890011224
d_religiousp,0.7,United States 2017 Female 25-34 Middle Working Cohabiting,0.13963963963963966
d_religiousp,0.7,United States 2017 Female 25-34 Middle Working Married,0.14444444444444451
d_religiousp,0.7,United States 2017 Female 25-34 Middle Working Single,0.07608695652173914
d_religiousp,0.7,United States 2017 Female 35-44 High Homemaker Married,0.10000000000000002
d_religiousp,0.7,United States 2017 Female 35-44 High Working Divorced or separated,0.14367816091954022
d_religiousp,0.7,United States 2017 Female 35-44 High Working Married,0.08148148148148147
d_religiousp,0.7,United States 2017 Female 35-44 Middle Homemaker Married,0.059139784946236555
d_religiousp,0.7,United States 2017 Female 35-44 Middle Working Married,0.11594202898550728
d_religiousp,0.7,United States 2017 Female 45-54 High Homemaker Married,0.10897435897435899
d_religiousp,0.7,United States 2017 Female 45-54 High Working Married,0.09829059829059832
d_religiousp,0.7,United States 2017 Female 45-54 Middle Unemployed Divorced or separated,0.10593869731800769
d_religiousp,0.7,United States 2017 Female 45-54 Middle Working Divorced or separated,0.07986111111111112
d_religiousp,0.7,United States 2017 Female 45-54 Middle Working Married,0.10606060606060604
d_religiousp,0.7,United States 2017 Female 45-54 Middle Working Single,0.034722222222222245
d_religiousp,0.7,United States 2017 Female 55-64 High Working Divorced or separated,0.1206896551724138
d_religiousp,0.7,United States 2017 Female 55-64 Middle Retired Married,0.05701754385964911
d_religiousp,0.7,United States 2017 Female 55-64 Middle Working Married,0.0909090909090909
d_religiousp,0.7,United States 2017 Female 65-74 Middle Retired Divorced or separated,0.06818181818181818
d_religiousp,0.7,United States 2017 Female 65-74 Middle Retired Married,0.09848484848484851
d_religiousp,0.7,United States 2017 Female 65-74 Middle Retired Widowed,0.20614035087719298
d_religiousp,0.7,United States 2017 Female <25 High Unemployed Single,0.05436507936507936
d_religiousp,0.7,United States 2017 Female <25 High Working Single,0.12962962962962962
d_religiousp,0.7,United States 2017 Female <25 Middle Unemployed Single,0.14930555555555555
d_religiousp,0.7,United States 2017 Female <25 Middle Working Single,0.09936958234830574
d_religiousp,0.7,United States 2017 Male 25-34 High Unemployed Single,0.03472222222222223
d_religiousp,0.7,United States 2017 Male 25-34 High Working Cohabiting,0.1944444444444445
d_religiousp,0.7,United States 2017 Male 25-34 High Working Married,0.12847222222222224
d_religiousp,0.7,United States 2017 Male 25-34 High Working Single,0.03888888888888889
d_religiousp,0.7,United States 2017 Male 25-34 Middle Working Married,0.12994350282485875
d_religiousp,0.7,United States 2017 Male 25-34 Middle Working Single,0.10162601626016261
d_religiousp,0.7,United States 2017 Male 35-44 High Working Divorced or separated,0.21428571428571427
d_religiousp,0.7,United States 2017 Male 35-44 High Working Married,0.2571428571428571
d_religiousp,0.7,United States 2017 Male 35-44 High Working Single,0.0900900900900901
d_religiousp,0.7,United States 2017 Male 35-44 Middle Working Married,0.2111111111111111
d_religiousp,0.7,United States 2017 Male 45-54 High Unemployed Divorced or separated,0.3333333333333333
d_religiousp,0.7,United States 2017 Male 45-54 High Working Divorced or separated,0.20093795093795094
d_religiousp,0.7,United States 2017 Male 45-54 High Working Married,0.11036036036036034
d_religiousp,0.7,United States 2017 Male 45-54 Middle NA Married,0.17061403508771933
d_religiousp,0.7,United States 2017 Male 45-54 Middle Unemployed Married,0.16666666666666666
d_religiousp,0.7,United States 2017 Male 45-54 Middle Working Divorced or separated,0.033950617283950615
d_religiousp,0.7,United States 2017 Male 45-54 Middle Working Married,0.11788617886178861
d_religiousp,0.7,United States 2017 Male 45-54 Middle Working Single,0.0855855855855856
d_religiousp,0.7,United States 2017 Male 55-64 High Retired Married,0.044715447154471545
d_religiousp,0.7,United States 2017 Male 55-64 High Working Divorced or separated,0.07142857142857144
d_religiousp,0.7,United States 2017 Male 55-64 High Working Married,0.08730158730158728
d_religiousp,0.7,United States 2017 Male 55-64 High Working Single,0.2222222222222222
d_religiousp,0.7,United States 2017 Male 55-64 Middle Retired Divorced or separated,0.08333333333333333
d_religiousp,0.7,United States 2017 Male 55-64 Middle Retired Married,0.15555555555555559
d_religiousp,0.7,United States 2017 Male 55-64 Middle Working Married,0.03875968992248062
d_religiousp,0.7,United States 2017 Male 65-74 High Retired Married,0.11111111111111112
d_religiousp,0.7,United States 2017 Male 65-74 High Retired Widowed,0.09375
d_religiousp,0.7,United States 2017 Male 65-74 High Working Married,0.13333333333333333
d_religiousp,0.7,United States 2017 Male 65-74 Middle Retired Married,0.12345679012345678
d_religiousp,0.7,United States 2017 Male 65-74 Middle Retired Widowed,0.14814814814814814
d_religiousp,0.7,United States 2017 Male 75+ Middle Retired Married,0.0666666666666667
d_religiousp,0.7,United States 2017 Male <25 High Working Single,0.04040404040404041
d_religiousp,0.7,United States 2017 Male <25 Middle Unemployed Single,0.07535321821036105
d_religiousp,0.7,United States 2017 Male <25 Middle Working Single,0.04924242424242425
d_religiousp,1.0,United States 1995 Female 25-34 High Unemployed Single,0.11290322580645161
d_religiousp,1.0,United States 1995 Female 25-34 High Working Married,0.09477124183006543
d_religiousp,1.0,United States 1995 Female 25-34 Middle Homemaker Married,0.14735449735449735
d_religiousp,1.0,United States 1995 Female 25-34 Middle Working Married,0.05228758169934641
d_religiousp,1.0,United States 1995 Female 25-34 Middle Working Single,0.2222222222222222
d_religiousp,1.0,United States 1995 Female 35-44 High Homemaker Married,0.11085737179487176
d_religiousp,1.0,United States 1995 Female 35-44 High Working Divorced or separated,0.17391304347826086
d_religiousp,1.0,United States 1995 Female 35-44 High Working Married,0.10144927536231885
d_religiousp,1.0,United States 1995 Female 35-44 Middle Unemployed Married,0.1111111111111111
d_religiousp,1.0,United States 1995 Female 35-44 Middle Working Married,0.052083333333333336
d_religiousp,1.0,United States 1995 Female 45-54 High Working Married,0.06521739130434784
d_religiousp,1.0,United States 1995 Female 45-54 Middle Working Married,0.16666666666666666
d_religiousp,1.0,United States 1995 Female 55-64 Middle Homemaker Married,0.06190476190476193
d_religiousp,1.0,United States 1995 Female 65-74 High Retired Married,0.08538510101010101
d_religiousp,1.0,United States 1995 Female 65-74 High Retired Widowed,0.15957446808510645
d_religiousp,1.0,United States 1995 Female 65-74 Middle Retired Married,0.3034188034188034
d_religiousp,1.0,United States 1995 Female 65-74 Middle Retired Widowed,0.21212121212121215
d_religiousp,1.0,United States 1995 Female 75+ Middle Retired Widowed,0.3333333333333333
d_religiousp,1.0,United States 1995 Female <25 High Working Single,0.07142857142857142
d_religiousp,1.0,United States 1995 Male 25-34 High Working Married,0.06222457253657676
d_religiousp,1.0,United States 1995 Male 25-34 High Working Single,0.0703125
d_religiousp,1.0,United States 1995 Male 25-34 Middle Working Married,0.06481481481481481
d_religiousp,1.0,United States 1995 Male 25-34 Middle Working Single,0.12698412698412698
d_religiousp,1.0,United States 1995 Male 35-44 High Working Married,0.051372549019607826
d_religiousp,1.0,United States 1995 Male 35-44 Middle Working Married,0.06172839506172839
d_religiousp,1.0,United States 1995 Male 45-54 High Working Divorced or separated,0.11333333333333336
d_religiousp,1.0,United States 1995 Male 45-54 High Working Married,0.0787878787878788
d_religiousp,1.0,United States 1995 Male 45-54 Middle Working Divorced or separated,0.06989247311827958
d_religiousp,1.0,United States 1995 Male 45-54 Middle Working Married,0.1739130434782609
d_religiousp,1.0,United States 1995 Male 55-64 High Retired Married,0.09948717948717949
d_religiousp,1.0,United States 1995 Male 55-64 High Working Married,0.013725490196078433
d_religiousp,1.0,United States 1995 Male 55-64 Middle Retired Married,0.03240740740740741
d_religiousp,1.0,United States 1995 Male 55-64 Middle Unemployed Married,0.025000000000000005
d_religiousp,1.0,United States 1995 Male 55-64 Middle Working Married,0.0705128205128205
d_religiousp,1.0,United States 1995 Male 65-74 High Retired Married,0.0747126436781609
d_religiousp,1.0,United States 1995 Male 65-74 Middle Retired Married,0.1039617486338798
d_religiousp,1.0,United States 1995 Male 75+ Middle Retired Widowed,0.08854166666666667
d_religiousp,1.0,United States 1995 Male <25 Middle Student Single,0.07431457431457433
d_religiousp,1.0,United States 1995 Male <25 Middle Working Single,0.11333333333333333
d_religiousp,1.0,United States 2006 Female 25-34 High Working Married,0.09912280701754388
d_religiousp,1.0,United States 2006 Female 25-34 High Working Single,0.05481481481481484
d_religiousp,1.0,United States 2006 Female 25-34 Middle Homemaker Married,0.13708513708513706
d_religiousp,1.0,United States 2006 Female 25-34 Middle Working Single,0.0642361111111111
d_religiousp,1.0,United States 2006 Female 35-44 High Homemaker Married,0.18000000000000002
d_religiousp,1.0,United States 2006 Female 35-44 High Working Married,0.09602302459445318
d_religiousp,1.0,United States 2006 Female 35-44 High Working Single,0.09090909090909094
d_religiousp,1.0,United States 2006 Female 35-44 Middle Homemaker Married,0.12601626016260162
d_religiousp,1.0,United States 2006 Female 35-44 Middle Working Married,0.0813008130081301
d_religiousp,1.0,United States 2006 Female 45-54 High Working Divorced or separated,0.06451612903225806
d_religiousp,1.0,United States 2006 Female 45-54 Middle Working Married,0.11021505376344087
d_religiousp,1.0,United States 2006 Female 55-64 Middle Homemaker Married,0.0852311939268461
d_religiousp,1.0,United States 2006 Female 55-64 Middle Retired Married,0.06973684210526317
d_religiousp,1.0,United States 2006 Female 55-64 Middle Working Divorced or separated,0.15990990990990991
d_religiousp,1.0,United States 2006 Female 55-64 Middle Working Married,0.07500000000000005
d_religiousp,1.0,United States 2006 Female 65-74 Middle Retired Divorced or separated,0.1862068965517241
d_religiousp,1.0,United States 2006 Female 65-74 Middle Retired Married,0.10143369175627241
d_religiousp,1.0,United States 2006 Female 65-74 Middle Retired Widowed,0.26361788617886184
d_religiousp,1.0,United States 2006 Female <25 Middle NA Single,0.16189083820662767
d_religiousp,1.0,United States 2006 Female <25 Middle Working Single,0.24589743589743582
d_religiousp,1.0,United States 2006 Male 25-34 High Working Married,0.08756613756613757
d_religiousp,1.0,United States 2006 Male 25-34 Middle Working Married,0.051383399209486175
d_religiousp,1.0,United States 2006 Male 35-44 High Working Married,0.06862745098039215
d_religiousp,1.0,United States 2006 Male 35-44 High Working Single,0.1050207961972668
d_religiousp,1.0,United States 2006 Male 35-44 Middle Working Married,0.2168067226890756
d_religiousp,1.0,United States 2006 Male 35-44 Middle Working Single,0.19908765070055393
d_religiousp,1.0,United States 2006 Male 45-54 High Working Divorced or separated,0.04761904761904761
d_religiousp,1.0,United States 2006 Male 45-54 High Working Married,0.09271130104463436
d_religiousp,1.0,United States 2006 Male 45-54 Middle NA Married,0.1075036075036075
d_religiousp,1.0,United States 2006 Male 45-54 Middle Working Divorced or separated,0.08981481481481483
d_religiousp,1.0,United States 2006 Male 45-54 Middle Working Married,0.1755952380952381
d_religiousp,1.0,United States 2006 Male 55-64 Middle Retired Divorced or separated,0.05210084033613446
d_religiousp,1.0,United States 2006 Male 55-64 Middle Retired Married,0.11764705882352944
d_religiousp,1.0,United States 2006 Male 65-74 High Retired Married,0.25000000000000006
d_religiousp,1.0,United States 2006 Male 65-74 Middle Retired Married,0.053333333333333316
d_religiousp,1.0,United States 2006 Male 75+ Middle Retired Married,0.03259259259259264
d_religiousp,1.0,United States 2006 Male <25 Middle Working Single,0.08113926146713031
d_religiousp,1.0,United States 2017 Female 25-34 High Homemaker Married,0.16666666666666666
d_religiousp,1.0,United States 2017 Female 25-34 High Working Cohabiting,0.12318840579710144
d_religiousp,1.0,United States 2017 Female 25-34 High Working Married,0.0823293172690763
d_religiousp,1.0,United States 2017 Female 25-34 High Working Single,0.052536231884057975
d_religiousp,1.0,United States 2017 Female 25-34 Middle Homemaker Cohabiting,0.09999999999999999
d_religiousp,1.0,United States 2017 Female 25-34 Middle Homemaker Married,0.04191919191919194
d_religiousp,1.0,United States 2017 Female 25-34 Middle Working Cohabiting,0.06306306306306307
d_religiousp,1.0,United States 2017 Female 25-34 Middle Working Married,0.14166666666666664
d_religiousp,1.0,United States 2017 Female 25-34 Middle Working Single,0.06521739130434784
d_religiousp,1.0,United States 2017 Female 35-44 High Homemaker Married,0.08666666666666668
d_religiousp,1.0,United States 2017 Female 35-44 High Working Divorced or separated,0.15517241379310345
d_religiousp,1.0,United States 2017 Female 35-44 High Working Married,0.07777777777777777
d_religiousp,1.0,United States 2017 Female 35-44 Middle Homemaker Married,0.11290322580645158
d_religiousp,1.0,United States 2017 Female 35-44 Middle Working Married,0.15942028985507248
d_religiousp,1.0,United States 2017 Female 45-54 High Homemaker Married,0.08974358974358976
d_religiousp,1.0,United States 2017 Female 45-54 High Working Married,0.07264957264957266
d_religiousp,1.0,United States 2017 Female 45-54 Middle Unemployed Divorced or separated,0.09540229885057472
d_religiousp,1.0,United States 2017 Female 45-54 Middle Working Divorced or separated,0.10069444444444446
d_religiousp,1.0,United States 2017 Female 45-54 Middle Working Married,0.10984848484848485
d_religiousp,1.0,United States 2017 Female 45-54 Middle Working Single,0.10416666666666667
d_religiousp,1.0,United States 2017 Female 55-64 High Working Divorced or separated,0.08045977011494254
d_religiousp,1.0,United States 2017 Female 55-64 Middle Retired Married,0.06578947368421052
d_religiousp,1.0,United States 2017 Female 55-64 Middle Working Married,0.09090909090909094
d_religiousp,1.0,United States 2017 Female 65-74 Middle Retired Divorced or separated,0.1742424242424242
d_religiousp,1.0,United States 2017 Female 65-74 Middle Retired Married,0.04545454545454545
d_religiousp,1.0,United States 2017 Female 65-74 Middle Retired Widowed,0.14035087719298245
d_religiousp,1.0,United States 2017 Female <25 High Unemployed Single,0.11071428571428572
d_religiousp,1.0,United States 2017 Female <25 High Working Single,0.11481481481481481
d_religiousp,1.0,United States 2017 Female <25 Middle Unemployed Single,0.14583333333333334
d_religiousp,1.0,United States 2017 Female <25 Middle Working Single,0.1040977147360126
d_religiousp,1.0,United States 2017 Male 25-34 High Unemployed Single,0.1597222222222222
d_religiousp,1.0,United States 2017 Male 25-34 High Working Cohabiting,0.19999999999999998
d_religiousp,1.0,United States 2017 Male 25-34 High Working Married,0.07291666666666664
d_religiousp,1.0,United States 2017 Male 25-34 High Working Single,0.12500000000000003
d_religiousp,1.0,United States 2017 Male 25-34 Middle Working Married,0.11299435028248588
d_religiousp,1.0,United States 2017 Male 25-34 Middle Working Single,0.21544715447154472
d_religiousp,1.0,United States 2017 Male 35-44 High Working Divorced or separated,0.38888888888888884
d_religiousp,1.0,United States 2017 Male 35-44 High Working Married,0.16031746031746033
d_religiousp,1.0,United States 2017 Male 35-44 High Working Single,0.1801801801801802
d_religiousp,1.0,United States 2017 Male 35-44 Middle Working Married,0.21851851851851853
d_religiousp,1.0,United States 2017 Male 45-54 High Unemployed Divorced or separated,0.22727272727272727
d_religiousp,1.0,United States 2017 Male 45-54 High Working Divorced or separated,0.30699855699855705
d_religiousp,1.0,United States 2017 Male 45-54 High Working Married,0.047297297297297314
d_religiousp,1.0,United States 2017 Male 45-54 Middle NA Married,0.21228070175438604
d_religiousp,1.0,United States 2017 Male 45-54 Middle Unemployed Married,0.21666666666666667
d_religiousp,1.0,United States 2017 Male 45-54 Middle Working Divorced or separated,0.10802469135802469
d_religiousp,1.0,United States 2017 Male 45-54 Middle Working Married,0.10569105691056911
d_religiousp,1.0,United States 2017 Male 45-54 Middle Working Single,0.10810810810810811
d_religiousp,1.0,United States 2017 Male 55-64 High Retired Married,0.13414634146341461
d_religiousp,1.0,United States 2017 Male 55-64 High Working Divorced or separated,0.07738095238095237
d_religiousp,1.0,United States 2017 Male 55-64 High Working Married,0.09523809523809523
d_religiousp,1.0,United States 2017 Male 55-64 High Working Single,0.20987654320987656
d_religiousp,1.0,United States 2017 Male 55-64 Middle Retired Divorced or separated,0.19444444444444445
d_religiousp,1.0,United States 2017 Male 55-64 Middle Retired Married,0.07777777777777779
d_religiousp,1.0,United States 2017 Male 55-64 Middle Working Married,0.08914728682170543
d_religiousp,1.0,United States 2017 Male 65-74 High Retired Married,0.09595959595959595
d_religiousp,1.0,United States 2017 Male 65-74 High Retired Widowed,0.057291666666666664
d_religiousp,1.0,United States 2017 Male 65-74 High Working Married,0.12
d_religiousp,1.0,United States 2017 Male 65-74 Middle Retired Married,0.07407407407407407
d_religiousp,1.0,United States 2017 Male 65-74 Middle Retired Widowed,0.271604938271605
d_religiousp,1.0,United States 2017 Male 75+ Middle Retired Married,0.10833333333333332
d_religiousp,1.0,United States 2017 Male <25 High Working Single,0.05555555555555556
d_religiousp,1.0,United States 2017 Male <25 Middle Unemployed Single,0.04062009419152275
d_religiousp,1.0,United States 2017 Male <25 Middle Working Single,0.07575757575757576
d_religiousp,1.2,United States 1995 Female 25-34 High Unemployed Single,0.09139784946236558
d_religiousp,1.2,United States 1995 Female 25-34 High Working Married,0.06535947712418301
d_religiousp,1.2,United States 1995 Female 25-34 Middle Homemaker Married,0.10899470899470899
d_religiousp,1.2,United States 1995 Female 25-34 Middle Working Married,0.06862745098039216
d_religiousp,1.2,United States 1995 Female 25-34 Middle Working Single,0.06944444444444446
d_religiousp,1.2,United States 1995 Female 35-44 High Homemaker Married,0.11550480769230768
d_religiousp,1.2,United States 1995 Female 35-44 High Working Divorced or separated,0.18115942028985507
d_religiousp,1.2,United States 1995 Female 35-44 High Working Married,0.09057971014492754
d_religiousp,1.2,United States 1995 Female 35-44 Middle Unemployed Married,0.20707070707070704
d_religiousp,1.2,United States 1995 Female 35-44 Middle Working Married,0.052083333333333336
d_religiousp,1.2,United States 1995 Female 45-54 High Working Married,0.07971014492753624
d_religiousp,1.2,United States 1995 Female 45-54 Middle Working Married,0.17500000000000004
d_religiousp,1.2,United States 1995 Female 55-64 Middle Homemaker Married,0.09047619047619047
d_religiousp,1.2,United States 1995 Female 65-74 High Retired Married,0.1560921717171717
d_religiousp,1.2,United States 1995 Female 65-74 High Retired Widowed,0.2801418439716312
d_religiousp,1.2,United States 1995 Female 65-74 Middle Retired Married,0.20512820512820515
d_religiousp,1.2,United States 1995 Female 65-74 Middle Retired Widowed,0.1691919191919192
d_religiousp,1.2,United States 1995 Female 75+ Middle Retired Widowed,0.35648148148148157
d_religiousp,1.2,United States 1995 Female <25 High Working Single,0.07539682539682539
d_religiousp,1.2,United States 1995 Male 25-34 High Working Married,0.03653269874845761
d_religiousp,1.2,United States 1995 Male 25-34 High Working Single,0.048277243589743606
d_religiousp,1.2,United States 1995 Male 25-34 Middle Working Married,0.040123456790123455
d_religiousp,1.2,United States 1995 Male 25-34 Middle Working Single,0.07142857142857142
d_religiousp,1.2,United States 1995 Male 35-44 High Working Married,0.046928104575163436
d_religiousp,1.2,United States 1995 Male 35-44 Middle Working Married,0.052469135802469126
d_religiousp,1.2,United States 1995 Male 45-54 High Working Divorced or separated,0.09333333333333334
d_religiousp,1.2,United States 1995 Male 45-54 High Working Married,0.04242424242424243
d_religiousp,1.2,United States 1995 Male 45-54 Middle Working Divorced or separated,0.17741935483870966
d_religiousp,1.2,United States 1995 Male 45-54 Middle Working Married,0.08695652173913043
d_religiousp,1.2,United States 1995 Male 55-64 High Retired Married,0.07435897435897436
d_religiousp,1.2,United States 1995 Male 55-64 High Working Married,0.04789915966386554
d_religiousp,1.2,United States 1995 Male 55-64 Middle Retired Married,0.09722222222222221
d_religiousp,1.2,United States 1995 Male 55-64 Middle Unemployed Married,0.09166666666666667
d_religiousp,1.2,United States 1995 Male 55-64 Middle Working Married,0.21794871794871798
d_religiousp,1.2,United States 1995 Male 65-74 High Retired Married,0.11494252873563221
d_religiousp,1.2,United States 1995 Male 65-74 Middle Retired Married,0.07418032786885247
d_religiousp,1.2,United States 1995 Male 75+ Middle Retired Widowed,0.14583333333333334
d_religiousp,1.2,United States 1995 Male <25 Middle Student Single,0.05036075036075036
d_religiousp,1.2,United States 1995 Male <25 Middle Working Single,0.16
d_religiousp,1.2,United States 2006 Female 25-34 High Working Married,0.17850877192982448
d_religiousp,1.2,United States 2006 Female 25-34 High Working Single,0.059753086419753076
d_religiousp,1.2,United States 2006 Female 25-34 Middle Homemaker Married,0.07936507936507935
d_religiousp,1.2,United States 2006 Female 25-34 Middle Working Single,0.10347222222222223
d_religiousp,1.2,United States 2006 Female 35-44 High Homemaker Married,0.12
d_religiousp,1.2,United States 2006 Female 35-44 High Working Married,0.12166405023547879
d_religiousp,1.2,United States 2006 Female 35-44 High Working Single,0.1534090909090909
d_religiousp,1.2,United States 2006 Female 35-44 Middle Homemaker Married,0.13821138211382114
d_religiousp,1.2,United States 2006 Female 35-44 Middle Working Married,0.09217037822552139
d_religiousp,1.2,United States 2006 Female 45-54 High Working Divorced or separated,0.09677419354838708
d_religiousp,1.2,United States 2006 Female 45-54 Middle Working Married,0.14784946236559138
d_religiousp,1.2,United States 2006 Female 55-64 Middle Homemaker Married,0.20151828847481013
d_religiousp,1.2,United States 2006 Female 55-64 Middle Retired Married,0.10263157894736845
d_religiousp,1.2,United States 2006 Female 55-64 Middle Working Divorced or separated,0.1233733733733734
d_religiousp,1.2,United States 2006 Female 55-64 Middle Working Married,0.06666666666666672
d_religiousp,1.2,United States 2006 Female 65-74 Middle Retired Divorced or separated,0.06264367816091955
d_religiousp,1.2,United States 2006 Female 65-74 Middle Retired Married,0.1698924731182796
d_religiousp,1.2,United States 2006 Female 65-74 Middle Retired Widowed,0.25955284552845537
d_religiousp,1.2,United States 2006 Female <25 Middle NA Single,0.05077972709551654
d_religiousp,1.2,United States 2006 Female <25 Middle Working Single,0.07461538461538465
d_religiousp,1.2,United States 2006 Male 25-34 High Working Married,0.07711640211640214
d_religiousp,1.2,United States 2006 Male 25-34 Middle Working Married,0.042819499341238465
d_religiousp,1.2,United States 2006 Male 35-44 High Working Married,0.0980392156862745
d_religiousp,1.2,United States 2006 Male 35-44 High Working Single,0.06179441473559122
d_religiousp,1.2,United States 2006 Male 35-44 Middle Working Married,0.02689075630252102
d_religiousp,1.2,United States 2006 Male 35-44 Middle Working Single,0.16992505702183125
d_religiousp,1.2,United States 2006 Male 45-54 High Working Divorced or separated,0.07142857142857142
d_religiousp,1.2,United States 2006 Male 45-54 High Working Married,0.0518755935422602
d_religiousp,1.2,United States 2006 Male 45-54 Middle NA Married,0.08513708513708514
d_religiousp,1.2,United States 2006 Male 45-54 Middle Working Divorced or separated,0.06084656084656084
d_religiousp,1.2,United States 2006 Male 45-54 Middle Working Married,0.0773809523809524
d_religiousp,1.2,United States 2006 Male 55-64 Middle Retired Divorced or separated,0.04733893557422971
d_religiousp,1.2,United States 2006 Male 55-64 Middle Retired Married,0.18627450980392157
d_religiousp,1.2,United States 2006 Male 65-74 High Retired Married,0.15277777777777776
d_religiousp,1.2,United States 2006 Male 65-74 Middle Retired Married,0.18000000000000002
d_religiousp,1.2,United States 2006 Male 75+ Middle Retired Married,0.1375308641975309
d_religiousp,1.2,United States 2006 Male <25 Middle Working Single,0.09364133134624937
d_religiousp,1.2,United States 2017 Female 25-34 High Homemaker Married,0.25
d_religiousp,1.2,United States 2017 Female 25-34 High Working Cohabiting,0.19927536231884058
d_religiousp,1.2,United States 2017 Female 25-34 High Working Married,0.13253012048192772
d_religiousp,1.2,United States 2017 Female 25-34 High Working Single,0.09963768115942029
d_religiousp,1.2,United States 2017 Female 25-34 Middle Homemaker Cohabiting,0.125
d_religiousp,1.2,United States 2017 Female 25-34 Middle Homemaker Married,0.07008978675645344
d_religiousp,1.2,United States 2017 Female 25-34 Middle Working Cohabiting,0.14414414414414414
d_religiousp,1.2,United States 2017 Female 25-34 Middle Working Married,0.061111111111111116
d_religiousp,1.2,United States 2017 Female 25-34 Middle Working Single,0.06884057971014491
d_religiousp,1.2,United States 2017 Female 35-44 High Homemaker Married,0.04666666666666668
d_religiousp,1.2,United States 2017 Female 35-44 High Working Divorced or separated,0.12068965517241381
d_religiousp,1.2,United States 2017 Female 35-44 High Working Married,0.11481481481481481
d_religiousp,1.2,United States 2017 Female 35-44 Middle Homemaker Married,0.10215053763440862
d_religiousp,1.2,United States 2017 Female 35-44 Middle Working Married,0.13768115942028983
d_religiousp,1.2,United States 2017 Female 45-54 High Homemaker Married,0.1025641025641026
d_religiousp,1.2,United States 2017 Female 45-54 High Working Married,0.15384615384615385
d_religiousp,1.2,United States 2017 Female 45-54 Middle Unemployed Divorced or separated,0.17452107279693488
d_religiousp,1.2,United States 2017 Female 45-54 Middle Working Divorced or separated,0.08333333333333331
d_religiousp,1.2,United States 2017 Female 45-54 Middle Working Married,0.10984848484848486
d_religiousp,1.2,United States 2017 Female 45-54 Middle Working Single,0.10416666666666673
d_religiousp,1.2,United States 2017 Female 55-64 High Working Divorced or separated,0.09770114942528736
d_religiousp,1.2,United States 2017 Female 55-64 Middle Retired Married,0.09210526315789473
d_religiousp,1.2,United States 2017 Female 55-64 Middle Working Married,0.0909090909090909
d_religiousp,1.2,United States 2017 Female 65-74 Middle Retired Divorced or separated,0.10606060606060604
d_religiousp,1.2,United States 2017 Female 65-74 Middle Retired Married,0.11363636363636363
d_religiousp,1.2,United States 2017 Female 65-74 Middle Retired Widowed,0.16666666666666666
d_religiousp,1.2,United States 2017 Female <25 High Unemployed Single,0.09007936507936505
d_religiousp,1.2,United States 2017 Female <25 High Working Single,0.13333333333333333
d_religiousp,1.2,United States 2017 Female <25 Middle Unemployed Single,0.07986111111111109
d_religiousp,1.2,United States 2017 Female <25 Middle Working Single,0.04318360914105595
d_religiousp,1.2,United States 2017 Male 25-34 High Unemployed Single,0.19444444444444442
d_religiousp,1.2,United States 2017 Male 25-34 High Working Cohabiting,0.19999999999999998
d_religiousp,1.2,United States 2017 Male 25-34 High Working Married,0.09375
d_religiousp,1.2,United States 2017 Male 25-34 High Working Single,0.17499999999999996
d_religiousp,1.2,United States 2017 Male 25-34 Middle Working Married,0.12994350282485875
d_religiousp,1.2,United States 2017 Male 25-34 Middle Working Single,0.19512195121951223
d_religiousp,1.2,United States 2017 Male 35-44 High Working Divorced or separated,0.23809523809523805
d_religiousp,1.2,United States 2017 Male 35-44 High Working Married,0.16984126984126982
d_religiousp,1.2,United States 2017 Male 35-44 High Working Single,0.1801801801801802
d_religiousp,1.2,United States 2017 Male 35-44 Middle Working Married,0.2703703703703704
d_religiousp,1.2,United States 2017 Male 45-54 High Unemployed Divorced or separated,0.23484848484848483
d_religiousp,1.2,United States 2017 Male 45-54 High Working Divorced or separated,0.253968253968254
d_religiousp,1.2,United States 2017 Male 45-54 High Working Married,0.11936936936936939
d_religiousp,1.2,United States 2017 Male 45-54 Middle NA Married,0.17982456140350878
d_religiousp,1.2,United States 2017 Male 45-54 Middle Unemployed Married,0.15833333333333333
d_religiousp,1.2,United States 2017 Male 45-54 Middle Working Divorced or separated,0.08024691358024692
d_religiousp,1.2,United States 2017 Male 45-54 Middle Working Married,0.15853658536585366
d_religiousp,1.2,United States 2017 Male 45-54 Middle Working Single,0.0990990990990991
d_religiousp,1.2,United States 2017 Male 55-64 High Retired Married,0.17073170731707318
d_religiousp,1.2,United States 2017 Male 55-64 High Working Divorced or separated,0.1011904761904762
d_religiousp,1.2,United States 2017 Male 55-64 High Working Married,0.09523809523809523
d_religiousp,1.2,United States 2017 Male 55-64 High Working Single,0.24691358024691357
d_religiousp,1.2,United States 2017 Male 55-64 Middle Retired Divorced or separated,0.3125
d_religiousp,1.2,United States 2017 Male 55-64 Middle Retired Married,0.13333333333333333
d_religiousp,1.2,United States 2017 Male 55-64 Middle Working Married,0.06201550387596899
d_religiousp,1.2,United States 2017 Male 65-74 High Retired Married,0.10353535353535354
d_religiousp,1.2,United States 2017 Male 65-74 High Retired Widowed,0.10416666666666667
d_religiousp,1.2,United States 2017 Male 65-74 High Working Married,0.07333333333333336
d_religiousp,1.2,United States 2017 Male 65-74 Middle Retired Married,0.16049382716049382
d_religiousp,1.2,United States 2017 Male 65-74 Middle Retired Widowed,0.29012345679012347
d_religiousp,1.2,United States 2017 Male 75+ Middle Retired Married,0.16666666666666666
d_religiousp,1.2,United States 2017 Male <25 High Working Single,0.055555555555555546
d_religiousp,1.2,United States 2017 Male <25 Middle Unemployed Single,0.05088958660387228
d_religiousp,1.2,United States 2017 Male <25 Middle Working Single,0.14393939393939392
d_religiousp,1.5,United States 1995 Female 25-34 High Unemployed Single,0.20430107526881716
d_religiousp,1.5,United States 1995 Female 25-34 High Working Married,0.11111111111111116
d_religiousp,1.5,United States 1995 Female 25-34 Middle Homemaker Married,0.03518518518518519
d_religiousp,1.5,United States 1995 Female 25-34 Middle Working Married,0.05555555555555556
d_religiousp,1.5,United States 1995 Female 25-34 Middle Working Single,0.29166666666666663
d_religiousp,1.5,United States 1995 Female 35-44 High Homemaker Married,0.21037660256410254
d_religiousp,1.5,United States 1995 Female 35-44 High Working Divorced or separated,0.1376811594202899
d_religiousp,1.5,United States 1995 Female 35-44 High Working Married,0.12318840579710143
d_religiousp,1.5,United States 1995 Female 35-44 Middle Unemployed Married,0.16161616161616163
d_religiousp,1.5,United States 1995 Female 35-44 Middle Working Married,0.07291666666666667
d_religiousp,1.5,United States 1995 Female 45-54 High Working Married,0.06884057971014489
d_religiousp,1.5,United States 1995 Female 45-54 Middle Working Married,0.16666666666666666
d_religiousp,1.5,United States 1995 Female 55-64 Middle Homemaker Married,0.05238095238095238
d_religiousp,1.5,United States 1995 Female 65-74 High Retired Married,0.10590277777777779
d_religiousp,1.5,United States 1995 Female 65-74 High Retired Widowed,0.25531914893617025
d_religiousp,1.5,United States 1995 Female 65-74 Middle Retired Married,0.21367521367521367
d_religiousp,1.5,United States 1995 Female 65-74 Middle Retired Widowed,0.19696969696969693
d_religiousp,1.5,United States 1995 Female 75+ Middle Retired Widowed,0.3101851851851852
d_religiousp,1.5,United States 1995 Female <25 High Working Single,0.07539682539682539
d_religiousp,1.5,United States 1995 Male 25-34 High Working Married,0.0891062929666843
d_religiousp,1.5,United States 1995 Male 25-34 High Working Single,0.05693108974358974
d_religiousp,1.5,United States 1995 Male 25-34 Middle Working Married,0.033950617283950615
d_religiousp,1.5,United States 1995 Male 25-34 Middle Working Single,0.09523809523809523
d_religiousp,1.5,United States 1995 Male 35-44 High Working Married,0.0873202614379085
d_religiousp,1.5,United States 1995 Male 35-44 Middle Working Married,0.08333333333333333
d_religiousp,1.5,United States 1995 Male 45-54 High Working Divorced or separated,0.06666666666666667
d_religiousp,1.5,United States 1995 Male 45-54 High Working Married,0.04848484848484852
d_religiousp,1.5,United States 1995 Male 45-54 Middle Working Divorced or separated,0.14516129032258066
d_religiousp,1.5,United States 1995 Male 45-54 Middle Working Married,0.1521739130434783
d_religiousp,1.5,United States 1995 Male 55-64 High Retired Married,0.1094871794871795
d_religiousp,1.5,United States 1995 Male 55-64 High Working Married,0.045378151260504214
d_religiousp,1.5,United States 1995 Male 55-64 Middle Retired Married,0.08333333333333333
d_religiousp,1.5,United States 1995 Male 55-64 Middle Unemployed Married,0.06666666666666667
d_religiousp,1.5,United States 1995 Male 55-64 Middle Working Married,0.03205128205128208
d_religiousp,1.5,United States 1995 Male 65-74 High Retired Married,0.09770114942528736
d_religiousp,1.5,United States 1995 Male 65-74 Middle Retired Married,0.1094262295081967
d_religiousp,1.5,United States 1995 Male 75+ Middle Retired Widowed,0.109375
d_religiousp,1.5,United States 1995 Male <25 Middle Student Single,0.09336219336219341
d_religiousp,1.5,United States 1995 Male <25 Middle Working Single,0.09333333333333334
d_religiousp,1.5,United States 2006 Female 25-34 High Working Married,0.14035087719298248
d_religiousp,1.5,United States 2006 Female 25-34 High Working Single,0.07160493827160495
d_religiousp,1.5,United States 2006 Female 25-34 Middle Homemaker Married,0.11796536796536795
d_religiousp,1.5,United States 2006 Female 25-34 Middle Working Single,0.1982638888888889
d_religiousp,1.5,United States 2006 Female 35-44 High Homemaker Married,0.12
d_religiousp,1.5,United States 2006 Female 35-44 High Working Married,0.07358712715855574
d_religiousp,1.5,United States 2006 Female 35-44 High Working Single,0.21590909090909086
d_religiousp,1.5,United States 2006 Female 35-44 Middle Homemaker Married,0.2926829268292684
d_religiousp,1.5,United States 2006 Female 35-44 Middle Working Married,0.11028632025450691
d_religiousp,1.5,United States 2006 Female 45-54 High Working Divorced or separated,0.13440860215053765
d_religiousp,1.5,United States 2006 Female 45-54 Middle Working Married,0.1962365591397849
d_religiousp,1.5,United States 2006 Female 55-64 Middle Homemaker Married,0.18668046928916496
d_religiousp,1.5,United States 2006 Female 55-64 Middle Retired Married,0.1105263157894737
d_religiousp,1.5,United States 2006 Female 55-64 Middle Working Divorced or separated,0.13238238238238242
d_religiousp,1.5,United States 2006 Female 55-64 Middle Working Married,0.09166666666666667
d_religiousp,1.5,United States 2006 Female 65-74 Middle Retired Divorced or separated,0.1028735632183908
d_religiousp,1.5,United States 2006 Female 65-74 Middle Retired Married,0.1154121863799283
d_religiousp,1.5,United States 2006 Female 65-74 Middle Retired Widowed,0.2839430894308943
d_religiousp,1.5,United States 2006 Female <25 Middle NA Single,0.0698830409356725
d_religiousp,1.5,United States 2006 Female <25 Middle Working Single,0.19461538461538463
d_religiousp,1.5,United States 2006 Male 25-34 High Working Married,0.07195767195767196
d_religiousp,1.5,United States 2006 Male 25-34 Middle Working Married,0.07147562582345192
d_religiousp,1.5,United States 2006 Male 35-44 High Working Married,0.08823529411764708
d_religiousp,1.5,United States 2006 Male 35-44 High Working Single,0.13666072489601902
d_religiousp,1.5,United States 2006 Male 35-44 Middle Working Married,0.3025210084033613
d_religiousp,1.5,United States 2006 Male 35-44 Middle Working Single,0.14972303681981103
d_religiousp,1.5,United States 2006 Male 45-54 High Working Divorced or separated,0.05357142857142857
d_religiousp,1.5,United States 2006 Male 45-54 High Working Married,0.04332858499525166
d_religiousp,1.5,United States 2006 Male 45-54 Middle NA Married,0.052308802308802305
d_religiousp,1.5,United States 2006 Male 45-54 Middle Working Divorced or separated,0.17076719576719576
d_religiousp,1.5,United States 2006 Male 45-54 Middle Working Married,0.11309523809523808
d_religiousp,1.5,United States 2006 Male 55-64 Middle Retired Divorced or separated,0.07114845938375354
d_religiousp,1.5,United States 2006 Male 55-64 Middle Retired Married,0.06372549019607843
d_religiousp,1.5,United States 2006 Male 65-74 High Retired Married,0.17361111111111108
d_religiousp,1.5,United States 2006 Male 65-74 Middle Retired Married,0.12000000000000001
d_religiousp,1.5,United States 2006 Male 75+ Middle Retired Married,0.28246913580246913
d_religiousp,1.5,United States 2006 Male <25 Middle Working Single,0.09219241596290777
d_religiousp,1.5,United States 2017 Female 25-34 High Homemaker Married,0.059523809523809534
d_religiousp,1.5,United States 2017 Female 25-34 High Working Cohabiting,0.16304347826086954
d_religiousp,1.5,United States 2017 Female 25-34 High Working Married,0.09236947791164661
d_religiousp,1.5,United States 2017 Female 25-34 High Working Single,0.057971014492753624
d_religiousp,1.5,United States 2017 Female 25-34 Middle Homemaker Cohabiting,0.125
d_religiousp,1.5,United States 2017 Female 25-34 Middle Homemaker Married,0.07525252525252528
d_religiousp,1.5,United States 2017 Female 25-34 Middle Working Cohabiting,0.13063063063063063
d_religiousp,1.5,United States 2017 Female 25-34 Middle Working Married,0.13888888888888892
d_religiousp,1.5,United States 2017 Female 25-34 Middle Working Single,0.04710144927536233
d_religiousp,1.5,United States 2017 Female 35-44 High Homemaker Married,0.060000000000000005
d_religiousp,1.5,United States 2017 Female 35-44 High Working Divorced or separated,0.21264367816091953
d_religiousp,1.5,United States 2017 Female 35-44 High Working Married,0.1037037037037037
d_religiousp,1.5,United States 2017 Female 35-44 Middle Homemaker Married,0.06989247311827958
d_religiousp,1.5,United States 2017 Female 35-44 Middle Working Married,0.039855072463768106
d_religiousp,1.5,United States 2017 Female 45-54 High Homemaker Married,0.10897435897435899
d_religiousp,1.5,United States 2017 Female 45-54 High Working Married,0.09401709401709403
d_religiousp,1.5,United States 2017 Female 45-54 Middle Unemployed Divorced or separated,0.15785440613026816
d_religiousp,1.5,United States 2017 Female 45-54 Middle Working Divorced or separated,0.11805555555555554
d_religiousp,1.5,United States 2017 Female 45-54 Middle Working Married,0.10606060606060604
d_religiousp,1.5,United States 2017 Female 45-54 Middle Working Single,0.07638888888888891
d_religiousp,1.5,United States 2017 Female 55-64 High Working Divorced or separated,0.1149425287356322
d_religiousp,1.5,United States 2017 Female 55-64 Middle Retired Married,0.08771929824561403
d_religiousp,1.5,United States 2017 Female 55-64 Middle Working Married,0.10606060606060612
d_religiousp,1.5,United States 2017 Female 65-74 Middle Retired Divorced or separated,0.13636363636363633
d_religiousp,1.5,United States 2017 Female 65-74 Middle Retired Married,0.15151515151515152
d_religiousp,1.5,United States 2017 Female 65-74 Middle Retired Widowed,0.16228070175438597
d_religiousp,1.5,United States 2017 Female <25 High Unemployed Single,0.06388888888888888
d_religiousp,1.5,United States 2017 Female <25 High Working Single,0.04814814814814814
d_religiousp,1.5,United States 2017 Female <25 Middle Unemployed Single,0.06249999999999998
d_religiousp,1.5,United States 2017 Female <25 Middle Working Single,0.07155240346729708
d_religiousp,1.5,United States 2017 Male 25-34 High Unemployed Single,0.07638888888888888
d_religiousp,1.5,United States 2017 Male 25-34 High Working Cohabiting,0.10555555555555556
d_religiousp,1.5,United States 2017 Male 25-34 High Working Married,0.125
d_religiousp,1.5,United States 2017 Male 25-34 High Working Single,0.14722222222222225
d_religiousp,1.5,United States 2017 Male 25-34 Middle Working Married,0.08757062146892654
d_religiousp,1.5,United States 2017 Male 25-34 Middle Working Single,0.20731707317073175
d_religiousp,1.5,United States 2017 Male 35-44 High Working Divorced or separated,0.26190476190476186
d_religiousp,1.5,United States 2017 Male 35-44 High Working Married,0.1587301587301587
d_religiousp,1.5,United States 2017 Male 35-44 High Working Single,0.0900900900900901
d_religiousp,1.5,United States 2017 Male 35-44 Middle Working Married,0.13703703703703707
d_religiousp,1.5,United States 2017 Male 45-54 High Unemployed Divorced or separated,0.14393939393939392
d_religiousp,1.5,United States 2017 Male 45-54 High Working Divorced or separated,0.1857864357864358
d_religiousp,1.5,United States 2017 Male 45-54 High Working Married,0.05630630630630634
d_religiousp,1.5,United States 2017 Male 45-54 Middle NA Married,0.17894736842105263
d_religiousp,1.5,United States 2017 Male 45-54 Middle Unemployed Married,0.10000000000000002
d_religiousp,1.5,United States 2017 Male 45-54 Middle Working Divorced or separated,0.15123456790123457
d_religiousp,1.5,United States 2017 Male 45-54 Middle Working Married,0.0772357723577236
d_religiousp,1.5,United States 2017 Male 45-54 Middle Working Single,0.11261261261261261
d_religiousp,1.5,United States 2017 Male 55-64 High Retired Married,0.06504065040650404
d_religiousp,1.5,United States 2017 Male 55-64 High Working Divorced or separated,0.1488095238095238
d_religiousp,1.5,United States 2017 Male 55-64 High Working Married,0.12169312169312169
d_religiousp,1.5,United States 2017 Male 55-64 High Working Single,0.1111111111111111
d_religiousp,1.5,United States 2017 Male 55-64 Middle Retired Divorced or separated,0.2708333333333333
d_religiousp,1.5,United States 2017 Male 55-64 Middle Retired Married,0.13888888888888895
d_religiousp,1.5,United States 2017 Male 55-64 Middle Working Married,0.03875968992248063
d_religiousp,1.5,United States 2017 Male 65-74 High Retired Married,0.1237373737373737
d_religiousp,1.5,United States 2017 Male 65-74 High Retired Widowed,0.057291666666666664
d_religiousp,1.5,United States 2017 Male 65-74 High Working Married,0.09333333333333338
d_religiousp,1.5,United States 2017 Male 65-74 Middle Retired Married,0.05555555555555555
d_religiousp,1.5,United States 2017 Male 65-74 Middle Retired Widowed,0.2037037037037037
d_religiousp,1.5,United States 2017 Male 75+ Middle Retired Married,0.10833333333333334
d_religiousp,1.5,United States 2017 Male <25 High Working Single,0.08585858585858586
d_religiousp,1.5,United States 2017 Male <25 Middle Unemployed Single,0.05003924646781788
d_religiousp,1.5,United States 2017 Male <25 Middle Working Single,0.10227272727272725
d_trust,0.3,United States 1995 Female 25-34 High Unemployed Single,0.4741935483870968
d_trust,0.3,United States 1995 Female 25-34 High Working Married,0.196078431372549
d_trust,0.3,United States 1995 Female 25-34 Middle Homemaker Married,0.25
d_trust,0.3,United States 1995 Female 25-34 Middle Working Married,0.0980392156862745
d_trust,0.3,United States 1995 Female 25-34 Middle Working Single,0.25
d_trust,0.3,United States 1995 Female 35-44 High Homemaker Married,0.5230769230769231
d_trust,0.3,United States 1995 Female 35-44 High Working Divorced or separated,0.5217391304347826
d_trust,0.3,United States 1995 Female 35-44 High Working Married,0.42463768115942035
d_trust,0.3,United States 1995 Female 35-44 Middle Unemployed Married,0.1780303030303031
d_trust,0.3,United States 1995 Female 35-44 Middle Working Married,0.4375
d_trust,0.3,United States 1995 Female 45-54 High Working Married,0.5029644268774704
d_trust,0.3,United States 1995 Female 45-54 Middle Working Married,0.23815789473684212
d_trust,0.3,United States 1995 Female 55-64 Middle Homemaker Married,0.34285714285714286
d_trust,0.3,United States 1995 Female 65-74 High Retired Married,0.3030303030303031
d_trust,0.3,United States 1995 Female 65-74 High Retired Widowed,0.3089731729879741
d_trust,0.3,United States 1995 Female 65-74 Middle Retired Married,0.3960863697705804
d_trust,0.3,United States 1995 Female 65-74 Middle Retired Widowed,0.2935606060606061
d_trust,0.3,United States 1995 Female 75+ Middle Retired Widowed,0.5555555555555556
d_trust,0.3,United States 1995 Female <25 High Working Single,0.4047619047619048
d_trust,0.3,United States 1995 Male 25-34 High Working Married,0.24775251189846648
d_trust,0.3,United States 1995 Male 25-34 High Working Single,0.5538461538461539
d_trust,0.3,United States 1995 Male 25-34 Middle Working Married,0.009971509971509973
d_trust,0.3,United States 1995 Male 25-34 Middle Working Single,0.7619047619047619
d_trust,0.3,United States 1995 Male 35-44 High Working Married,0.31092436974789917
d_trust,0.3,United States 1995 Male 35-44 Middle Working Married,0.22222222222222227
d_trust,0.3,United States 1995 Male 45-54 High Working Divorced or separated,0.32000000000000006
d_trust,0.3,United States 1995 Male 45-54 High Working Married,0.41818181818181815
d_trust,0.3,United States 1995 Male 45-54 Middle Working Divorced or separated,0.510752688172043
d_trust,0.3,United States 1995 Male 45-54 Middle Working Married,0.2857142857142857
d_trust,0.3,United States 1995 Male 55-64 High Retired Married,0.3076923076923077
d_trust,0.3,United States 1995 Male 55-64 High Working Married,0.5186147186147188
d_trust,0.3,United States 1995 Male 55-64 Middle Retired Married,0.11587301587301596
d_trust,0.3,United States 1995 Male 55-64 Middle Unemployed Married,0.14210526315789473
d_trust,0.3,United States 1995 Male 55-64 Middle Working Married,0.32461538461538475
d_trust,0.3,United States 1995 Male 65-74 High Retired Married,0.48403575989782893
d_trust,0.3,United States 1995 Male 65-74 Middle Retired Married,0.2838797814207651
d_trust,0.3,United States 1995 Male 75+ Middle Retired Widowed,0.27217741935483875
d_trust,0.3,United States 1995 Male <25 Middle Student Single,0.38441558441558443
d_trust,0.3,United States 1995 Male <25 Middle Working Single,0.6716666666666666
d_trust,0.3,United States 2006 Female 25-34 High Working Married,0.25
d_trust,0.3,United States 2006 Female 25-34 High Working Single,0.3333333333333333
d_trust,0.3,United States 2006 Female 25-34 Middle Homemaker Married,0.2272727272727273
d_trust,0.3,United States 2006 Female 25-34 Middle Working Single,0.46875
d_trust,0.3,United States 2006 Female 35-44 High Homemaker Married,0.52
d_trust,0.3,United States 2006 Female 35-44 High Working Married,0.5
d_trust,0.3,United States 2006 Female 35-44 High Working Single,0.25
d_trust,0.3,United States 2006 Female 35-44 Middle Homemaker Married,0.2682926829268294
d_trust,0.3,United States 2006 Female 35-44 Middle Working Married,0.27470355731225304
d_trust,0.3,United States 2006 Female 45-54 High Working Divorced or separated,0.12903225806451613
d_trust,0.3,United States 2006 Female 45-54 Middle Working Married,0.3870967741935484
d_trust,0.3,United States 2006 Female 55-64 Middle Homemaker Married,0.34782608695652173
d_trust,0.3,United States 2006 Female 55-64 Middle Retired Married,0.45000000000000007
d_trust,0.3,United States 2006 Female 55-64 Middle Working Divorced or separated,0.43243243243243246
d_trust,0.3,United States 2006 Female 55-64 Middle Working Married,0.5
d_trust,0.3,United States 2006 Female 65-74 Middle Retired Divorced or separated,0.5287356321839081
d_trust,0.3,United States 2006 Female 65-74 Middle Retired Married,0.43440860215053767
d_trust,0.3,United States 2006 Female 65-74 Middle Retired Widowed,0.18353658536585377
d_trust,0.3,United States 2006 Female <25 Middle NA Single,0.4666666666666667
d_trust,0.3,United States 2006 Female <25 Middle Working Single,0.48769230769230776
d_trust,0.3,United States 2006 Male 25-34 High Working Married,0.3055555555555556
d_trust,0.3,United States 2006 Male 25-34 Middle Working Married,0.17391304347826086
d_trust,0.3,United States 2006 Male 35-44 High Working Married,0.17647058823529416
d_trust,0.3,United States 2006 Male 35-44 High Working Single,0.5882352941176471
d_trust,0.3,United States 2006 Male 35-44 Middle Working Married,0.37142857142857144
d_trust,0.3,United States 2006 Male 35-44 Middle Working Single,0.5454545454545455
d_trust,0.3,United States 2006 Male 45-54 High Working Divorced or separated,0.46428571428571447
d_trust,0.3,United States 2006 Male 45-54 High Working Married,0.4741439552760307
d_trust,0.3,United States 2006 Male 45-54 Middle NA Married,0.1471861471861472
d_trust,0.3,United States 2006 Male 45-54 Middle Working Divorced or separated,0.4444444444444445
d_trust,0.3,United States 2006 Male 45-54 Middle Working Married,0.3392857142857143
d_trust,0.3,United States 2006 Male 55-64 Middle Retired Divorced or separated,0.4857142857142857
d_trust,0.3,United States 2006 Male 55-64 Middle Retired Married,0.47058823529411764
d_trust,0.3,United States 2006 Male 65-74 High Retired Married,0.5416666666666666
d_trust,0.3,United States 2006 Male 65-74 Middle Retired Married,0.4
d_trust,0.3,United States 2006 Male 75+ Middle Retired Married,0.4444444444444444
d_trust,0.3,United States 2006 Male <25 Middle Working Single,0.5
d_trust,0.3,United States 2017 Female 25-34 High Homemaker Married,0.3214285714285715
d_trust,0.3,United States 2017 Female 25-34 High Working Cohabiting,0.391304347826087
d_trust,0.3,United States 2017 Female 25-34 High Working Married,0.33734939759036153
d_trust,0.3,United States 2017 Female 25-34 High Working Single,0.3804347826086957
d_trust,0.3,United States 2017 Female 25-34 Middle Homemaker Cohabiting,0.35000000000000003
d_trust,0.3,United States 2017 Female 25-34 Middle Homemaker Married,0.2181818181818182
d_trust,0.3,United States 2017 Female 25-34 Middle Working Cohabiting,0.7027027027027029
d_trust,0.3,United States 2017 Female 25-34 Middle Working Married,0.30000000000000004
d_trust,0.3,United States 2017 Female 25-34 Middle Working Single,0.5
d_trust,0.3,United States 2017 Female 35-44 High Homemaker Married,0.28
d_trust,0.3,United States 2017 Female 35-44 High Working Divorced or separated,0.7586206896551725
d_trust,0.3,United States 2017 Female 35-44 High Working Married,0.4666666666666666
d_trust,0.3,United States 2017 Female 35-44 Middle Homemaker Married,0.19354838709677424
d_trust,0.3,United States 2017 Female 35-44 Middle Working Married,0.021739130434782594
d_trust,0.3,United States 2017 Female 45-54 High Homemaker Married,0.46153846153846156
d_trust,0.3,United States 2017 Female 45-54 High Working Married,0.358974358974359
d_trust,0.3,United States 2017 Female 45-54 Middle Unemployed Divorced or separated,0.056321839080459846
d_trust,0.3,United States 2017 Female 45-54 Middle Working Divorced or separated,0.43750000000000006
d_trust,0.3,United States 2017 Female 45-54 Middle Working Married,0.25
d_trust,0.3,United States 2017 Female 45-54 Middle Working Single,0.7916666666666666
d_trust,0.3,United States 2017 Female 55-64 High Working Divorced or separated,0.4482758620689655
d_trust,0.3,United States 2017 Female 55-64 Middle Retired Married,0.21052631578947367
d_trust,0.3,United States 2017 Female 55-64 Middle Working Married,0.40909090909090917
d_trust,0.3,United States 2017 Female 65-74 Middle Retired Divorced or separated,0.4090909090909091
d_trust,0.3,United States 2017 Female 65-74 Middle Retired Married,0.31818181818181834
d_trust,0.3,United States 2017 Female 65-74 Middle Retired Widowed,0.605263157894737
d_trust,0.3,United States 2017 Female <25 High Unemployed Single,0.14285714285714285
d_trust,0.3,United States 2017 Female <25 High Working Single,0.5777777777777778
d_trust,0.3,United States 2017 Female <25 Middle Unemployed Single,0.41267730496453897
d_trust,0.3,United States 2017 Female <25 Middle Working Single,0.5259019426456983
d_trust,0.3,United States 2017 Male 25-34 High Unemployed Single,0.41666666666666663
d_trust,0.3,United States 2017 Male 25-34 High Working Cohabiting,0.5333333333333333
d_trust,0.3,United States 2017 Male 25-34 High Working Married,0.36458333333333337
d_trust,0.3,United States 2017 Male 25-34 High Working Single,0.45
d_trust,0.3,United States 2017 Male 25-34 Middle Working Married,0.012273524254821755
d_trust,0.3,United States 2017 Male 25-34 Middle Working Single,0.5365853658536586
d_trust,0.3,United States 2017 Male 35-44 High Working Divorced or separated,0.2857142857142857
d_trust,0.3,United States 2017 Male 35-44 High Working Married,0.2857142857142857
d_trust,0.3,United States 2017 Male 35-44 High Working Single,0.5405405405405406
d_trust,0.3,United States 2017 Male 35-44 Middle Working Married,0.1777777777777778
d_trust,0.3,United States 2017 Male 45-54 High Unemployed Divorced or separated,0.0
d_trust,0.3,United States 2017 Male 45-54 High Working Divorced or separated,0.3636363636363638
d_trust,0.3,United States 2017 Male 45-54 High Working Married,0.33783783783783783
d_trust,0.3,United States 2017 Male 45-54 Middle NA Married,0.2131578947368421
d_trust,0.3,United States 2017 Male 45-54 Middle Unemployed Married,0.25000000000000017
d_trust,0.3,United States 2017 Male 45-54 Middle Working Divorced or separated,0.4814814814814815
d_trust,0.3,United States 2017 Male 45-54 Middle Working Married,0.19512195121951226
d_trust,0.3,United States 2017 Male 45-54 Middle Working Single,0.5675675675675675
d_trust,0.3,United States 2017 Male 55-64 High Retired Married,0.2195121951219513
d_trust,0.3,United States 2017 Male 55-64 High Working Divorced or separated,0.4285714285714286
d_trust,0.3,United States 2017 Male 55-64 High Working Married,0.3492063492063493
d_trust,0.3,United States 2017 Male 55-64 High Working Single,0.5185185185185186
d_trust,0.3,United States 2017 Male 55-64 Middle Retired Divorced or separated,0.041666666666666685
d_trust,0.3,United States 2017 Male 55-64 Middle Retired Married,0.43333333333333335
d_trust,0.3,United States 2017 Male 55-64 Middle Working Married,0.5968992248062015
d_trust,0.3,United States 2017 Male 65-74 High Retired Married,0.5
d_trust,0.3,United States 2017 Male 65-74 High Retired Widowed,0.1875
d_trust,0.3,United States 2017 Male 65-74 High Working Married,0.48
d_trust,0.3,United States 2017 Male 65-74 Middle Retired Married,0.37037037037037035
d_trust,0.3,United States 2017 Male 65-74 Middle Retired Widowed,0.33333333333333337
d_trust,0.3,United States 2017 Male 75+ Middle Retired Married,0.4
d_trust,0.3,United States 2017 Male <25 High Working Single,0.1515151515151517
d_trust,0.3,United States 2017 Male <25 Middle Unemployed Single,0.3538461538461539
d_trust,0.3,United States 2017 Male <25 Middle Working Single,0.6305496828752643
d_trust,0.7,United States 1995 Female 25-34 High Unemployed Single,0.24838709677419352
d_trust,0.7,United States 1995 Female 25-34 High Working Married,0.019607843137254943
d_trust,0.7,United States 1995 Female 25-34 Middle Homemaker Married,0.19444444444444453
d_trust,0.7,United States 1995 Female 25-34 Middle Working Married,0.17647058823529416
d_trust,0.7,United States 1995 Female 25-34 Middle Working Single,0.375
d_trust,0.7,United States 1995 Female 35-44 High Homemaker Married,0.3076923076923077
d_trust,0.7,United States 1995 Female 35-44 High Working Divorced or separated,0.34782608695652173
d_trust,0.7,United States 1995 Female 35-44 High Working Married,0.2072463768115942
d_trust,0.7,United States 1995 Female 35-44 Middle Unemployed Married,0.20833333333333337
d_trust,0.7,United States 1995 Female 35-44 Middle Working Married,0.21875
d_trust,0.7,United States 1995 Female 45-54 High Working Married,0.24209486166007915
d_trust,0.7,United States 1995 Female 45-54 Middle Working Married,0.013157894736842146
d_trust,0.7,United States 1995 Female 55-64 Middle Homemaker Married,0.1428571428571429
d_trust,0.7,United States 1995 Female 65-74 High Retired Married,0.030303030303030387
d_trust,0.7,United States 1995 Female 65-74 High Retired Widowed,0.18131359851988899
d_trust,0.7,United States 1995 Female 65-74 Middle Retired Married,0.2935222672064778
d_trust,0.7,United States 1995 Female 65-74 Middle Retired Widowed,0.1875
d_trust,0.7,United States 1995 Female 75+ Middle Retired Widowed,0.2777777777777778
d_trust,0.7,United States 1995 Female <25 High Working Single,0.11904761904761912
d_trust,0.7,United States 1995 Male 25-34 High Working Married,0.005817028027498727
d_trust,0.7,United States 1995 Male 25-34 High Working Single,0.38461538461538464
d_trust,0.7,United States 1995 Male 25-34 Middle Working Married,0.0826210826210827
d_trust,0.7,United States 1995 Male 25-34 Middle Working Single,0.7142857142857143
d_trust,0.7,United States 1995 Male 35-44 High Working Married,0.11484593837535018
d_trust,0.7,United States 1995 Male 35-44 Middle Working Married,0.09259259259259267
d_trust,0.7,United States 1995 Male 45-54 High Working Divorced or separated,0.16000000000000003
d_trust,0.7,United States 1995 Male 45-54 High Working Married,0.2363636363636364
d_trust,0.7,United States 1995 Male 45-54 Middle Working Divorced or separated,0.38172043010752693
d_trust,0.7,United States 1995 Male 45-54 Middle Working Married,0.06832298136645965
d_trust,0.7,United States 1995 Male 55-64 High Retired Married,0.07692307692307698
d_trust,0.7,United States 1995 Male 55-64 High Working Married,0.2614718614718616
d_trust,0.7,United States 1995 Male 55-64 Middle Retired Married,0.11587301587301596
d_trust,0.7,United States 1995 Male 55-64 Middle Unemployed Married,0.19210526315789478
d_trust,0.7,United States 1995 Male 55-64 Middle Working Married,0.13230769230769235
d_trust,0.7,United States 1995 Male 65-74 High Retired Married,0.2771392081736909
d_trust,0.7,United States 1995 Male 65-74 Middle Retired Married,0.0871584699453552
d_trust,0.7,United States 1995 Male 75+ Middle Retired Widowed,0.36592741935483875
d_trust,0.7,United States 1995 Male <25 Middle Student Single,0.24155844155844158
d_trust,0.7,United States 1995 Male <25 Middle Working Single,0.43166666666666664
d_trust,0.7,United States 2006 Female 25-34 High Working Married,0.050000000000000044
d_trust,0.7,United States 2006 Female 25-34 High Working Single,0.18518518518518517
d_trust,0.7,United States 2006 Female 25-34 Middle Homemaker Married,0.04545454545454547
d_trust,0.7,United States 2006 Female 25-34 Middle Working Single,0.46875
d_trust,0.7,United States 2006 Female 35-44 High Homemaker Married,0.20000000000000007
d_trust,0.7,United States 2006 Female 35-44 High Working Married,0.326923076923077
d_trust,0.7,United States 2006 Female 35-44 High Working Single,0.041666666666666685
d_trust,0.7,United States 2006 Female 35-44 Middle Homemaker Married,0.04878048780487809
d_trust,0.7,United States 2006 Female 35-44 Middle Working Married,0.18774703557312256
d_trust,0.7,United States 2006 Female 45-54 High Working Divorced or separated,0.16129032258064518
d_trust,0.7,United States 2006 Female 45-54 Middle Working Married,0.22580645161290325
d_trust,0.7,United States 2006 Female 55-64 Middle Homemaker Married,0.26086956521739135
d_trust,0.7,United States 2006 Female 55-64 Middle Retired Married,0.20000000000000007
d_trust,0.7,United States 2006 Female 55-64 Middle Working Divorced or separated,0.21621621621621623
d_trust,0.7,United States 2006 Female 55-64 Middle Working Married,0.5
d_trust,0.7,United States 2006 Female 65-74 Middle Retired Divorced or separated,0.4954022988505747
d_trust,0.7,United States 2006 Female 65-74 Middle Retired Married,0.33763440860215055
d_trust,0.7,United States 2006 Female 65-74 Middle Retired Widowed,0.18353658536585377
d_trust,0.7,United States 2006 Female <25 Middle NA Single,0.1777777777777778
d_trust,0.7,United States 2006 Female <25 Middle Working Single,0.21846153846153848
d_trust,0.7,United States 2006 Male 25-34 High Working Married,0.05555555555555558
d_trust,0.7,United States 2006 Male 25-34 Middle Working Married,0.0652173913043479
d_trust,0.7,United States 2006 Male 35-44 High Working Married,0.05882352941176472
d_trust,0.7,United States 2006 Male 35-44 High Working Single,0.4411764705882353
d_trust,0.7,United States 2006 Male 35-44 Middle Working Married,0.20000000000000007
d_trust,0.7,United States 2006 Male 35-44 Middle Working Single,0.3636363636363637
d_trust,0.7,United States 2006 Male 45-54 High Working Divorced or separated,0.25000000000000017
d_trust,0.7,United States 2006 Male 45-54 High Working Married,0.2519217330538085
d_trust,0.7,United States 2006 Male 45-54 Middle NA Married,0.10173160173160178
d_trust,0.7,United States 2006 Male 45-54 Middle Working Divorced or separated,0.11111111111111116
d_trust,0.7,United States 2006 Male 45-54 Middle Working Married,0.125
d_trust,0.7,United States 2006 Male 55-64 Middle Retired Divorced or separated,0.2857142857142857
d_trust,0.7,United States 2006 Male 55-64 Middle Retired Married,0.17647058823529416
d_trust,0.7,United States 2006 Male 65-74 High Retired Married,0.33333333333333337
d_trust,0.7,United States 2006 Male 65-74 Middle Retired Married,0.31999999999999995
d_trust,0.7,United States 2006 Male 75+ Middle Retired Married,0.40740740740740744
d_trust,0.7,United States 2006 Male <25 Middle Working Single,0.36363636363636365
d_trust,0.7,United States 2017 Female 25-34 High Homemaker Married,0.0357142857142857
d_trust,0.7,United States 2017 Female 25-34 High Working Cohabiting,0.3695652173913044
d_trust,0.7,United States 2017 Female 25-34 High Working Married,0.28915662650602414
d_trust,0.7,United States 2017 Female 25-34 High Working Single,0.23913043478260881
d_trust,0.7,United States 2017 Female 25-34 Middle Homemaker Cohabiting,0.3250000000000001
d_trust,0.7,United States 2017 Female 25-34 Middle Homemaker Married,0.07272727272727281
d_trust,0.7,United States 2017 Female 25-34 Middle Working Cohabiting,0.7027027027027029
d_trust,0.7,United States 2017 Female 25-34 Middle Working Married,0.15000000000000002
d_trust,0.7,United States 2017 Female 25-34 Middle Working Single,0.3913043478260871
d_trust,0.7,United States 2017 Female 35-44 High Homemaker Married,0.24000000000000005
d_trust,0.7,United States 2017 Female 35-44 High Working Divorced or separated,0.4137931034482759
d_trust,0.7,United States 2017 Female 35-44 High Working Married,0.31111111111111106
d_trust,0.7,United States 2017 Female 35-44 Middle Homemaker Married,0.09677419354838712
d_trust,0.7,United States 2017 Female 35-44 Middle Working Married,0.08695652173913049
d_trust,0.7,United States 2017 Female 45-54 High Homemaker Married,0.23076923076923084
d_trust,0.7,United States 2017 Female 45-54 High Working Married,0.2820512820512821
d_trust,0.7,United States 2017 Female 45-54 Middle Unemployed Divorced or separated,0.15632183908045982
d_trust,0.7,United States 2017 Female 45-54 Middle Working Divorced or separated,0.4583333333333333
d_trust,0.7,United States 2017 Female 45-54 Middle Working Married,0.06818181818181829
d_trust,0.7,United States 2017 Female 45-54 Middle Working Single,0.6666666666666667
d_trust,0.7,United States 2017 Female 55-64 High Working Divorced or separated,0.24137931034482768
d_trust,0.7,United States 2017 Female 55-64 Middle Retired Married,0.10526315789473684
d_trust,0.7,United States 2017 Female 55-64 Middle Working Married,0.2727272727272728
d_trust,0.7,United States 2017 Female 65-74 Middle Retired Divorced or separated,0.5
d_trust,0.7,United States 2017 Female 65-74 Middle Retired Married,0.18181818181818193
d_trust,0.7,United States 2017 Female 65-74 Middle Retired Widowed,0.5263157894736843
d_trust,0.7,United States 2017 Female <25 High Unemployed Single,0.14285714285714285
d_trust,0.7,United States 2017 Female <25 High Working Single,0.4
d_trust,0.7,United States 2017 Female <25 Middle Unemployed Single,0.28767730496453914
d_trust,0.7,United States 2017 Female <25 Middle Working Single,0.3131359851988899
d_trust,0.7,United States 2017 Male 25-34 High Unemployed Single,0.25
d_trust,0.7,United States 2017 Male 25-34 High Working Cohabiting,0.4
d_trust,0.7,United States 2017 Male 25-34 High Working Married,0.22916666666666674
d_trust,0.7,United States 2017 Male 25-34 High Working Single,0.18333333333333335
d_trust,0.7,United States 2017 Male 25-34 Middle Working Married,0.14786674459380478
d_trust,0.7,United States 2017 Male 25-34 Middle Working Single,0.43902439024390255
d_trust,0.7,United States 2017 Male 35-44 High Working Divorced or separated,0.2857142857142857
d_trust,0.7,United States 2017 Male 35-44 High Working Married,0.06666666666666665
d_trust,0.7,United States 2017 Male 35-44 High Working Single,0.3783783783783784
d_trust,0.7,United States 2017 Male 35-44 Middle Working Married,0.022222222222222254
d_trust,0.7,United States 2017 Male 45-54 High Unemployed Divorced or separated,0.045454545454545525
d_trust,0.7,United States 2017 Male 45-54 High Working Divorced or separated,0.31818181818181823
d_trust,0.7,United States 2017 Male 45-54 High Working Married,0.17567567567567566
d_trust,0.7,United States 2017 Male 45-54 Middle NA Married,0.08684210526315794
d_trust,0.7,United States 2017 Male 45-54 Middle Unemployed Married,0.15000000000000013
d_trust,0.7,United States 2017 Male 45-54 Middle Working Divorced or separated,0.3703703703703704
d_trust,0.7,United States 2017 Male 45-54 Middle Working Married,0.09756097560975618
d_trust,0.7,United States 2017 Male 45-54 Middle Working Single,0.43243243243243246
d_trust,0.7,United States 2017 Male 55-64 High Retired Married,0.07317073170731714
d_trust,0.7,United States 2017 Male 55-64 High Working Divorced or separated,0.25
d_trust,0.7,United States 2017 Male 55-64 High Working Married,0.22222222222222232
d_trust,0.7,United States 2017 Male 55-64 High Working Single,0.29629629629629634
d_trust,0.7,United States 2017 Male 55-64 Middle Retired Divorced or separated,0.125
d_trust,0.7,United States 2017 Male 55-64 Middle Retired Married,0.30000000000000004
d_trust,0.7,United States 2017 Male 55-64 Middle Working Married,0.4573643410852713
d_trust,0.7,United States 2017 Male 65-74 High Retired Married,0.28787878787878796
d_trust,0.7,United States 2017 Male 65-74 High Retired Widowed,0.0625
d_trust,0.7,United States 2017 Male 65-74 High Working Married,0.20000000000000007
d_trust,0.7,United States 2017 Male 65-74 Middle Retired Married,0.03703703703703709
d_trust,0.7,United States 2017 Male 65-74 Middle Retired Widowed,0.03703703703703709
d_trust,0.7,United States 2017 Male 75+ Middle Retired Married,0.30000000000000004
d_trust,0.7,United States 2017 Male <25 High Working Single,0.24242424242424246
d_trust,0.7,United States 2017 Male <25 Middle Unemployed Single,0.3538461538461539
d_trust,0.7,United States 2017 Male <25 Middle Working Single,0.35782241014799154
d_trust,1.0,United States 1995 Female 25-34 High Unemployed Single,0.24838709677419352
d_trust,1.0,United States 1995 Female 25-34 High Working Married,0.019607843137254943
d_trust,1.0,United States 1995 Female 25-34 Middle Homemaker Married,0.08333333333333337
d_trust,1.0,United States 1995 Female 25-34 Middle Working Married,0.2549019607843137
d_trust,1.0,United States 1995 Female 25-34 Middle Working Single,0.25
d_trust,1.0,United States 1995 Female 35-44 High Homemaker Married,0.19999999999999996
d_trust,1.0,United States 1995 Female 35-44 High Working Divorced or separated,0.3043478260869566
d_trust,1.0,United States 1995 Female 35-44 High Working Married,0.09855072463768122
d_trust,1.0,United States 1995 Female 35-44 Middle Unemployed Married,0.23863636363636365
d_trust,1.0,United States 1995 Female 35-44 Middle Working Married,0.15625
d_trust,1.0,United States 1995 Female 45-54 High Working Married,0.28557312252964445
d_trust,1.0,United States 1995 Female 45-54 Middle Working Married,0.03815789473684217
d_trust,1.0,United States 1995 Female 55-64 Middle Homemaker Married,0.1428571428571429
d_trust,1.0,United States 1995 Female 65-74 High Retired Married,0.06060606060606066
d_trust,1.0,United States 1995 Female 65-74 High Retired Widowed,0.13876040703052728
d_trust,1.0,United States 1995 Female 65-74 Middle Retired Married,0.1653171390013496
d_trust,1.0,United States 1995 Female 65-74 Middle Retired Widowed,0.3087121212121212
d_trust,1.0,United States 1995 Female 75+ Middle Retired Widowed,0.33333333333333337
d_trust,1.0,United States 1995 Female <25 High Working Single,0.1428571428571429
d_trust,1.0,United States 1995 Male 25-34 High Working Married,0.0909571655208885
d_trust,1.0,United States 1995 Male 25-34 High Working Single,0.4153846153846154
d_trust,1.0,United States 1995 Male 25-34 Middle Working Married,0.0826210826210827
d_trust,1.0,United States 1995 Male 25-34 Middle Working Single,0.5714285714285714
d_trust,1.0,United States 1995 Male 35-44 High Working Married,0.11484593837535018
d_trust,1.0,United States 1995 Male 35-44 Middle Working Married,0.05555555555555558
d_trust,1.0,United States 1995 Male 45-54 High Working Divorced or separated,0.20000000000000007
d_trust,1.0,United States 1995 Male 45-54 High Working Married,0.2363636363636364
d_trust,1.0,United States 1995 Male 45-54 Middle Working Divorced or separated,0.41397849462365605
d_trust,1.0,United States 1995 Male 45-54 Middle Working Married,0.06211180124223603
d_trust,1.0,United States 1995 Male 55-64 High Retired Married,0.03846153846153855
d_trust,1.0,United States 1995 Male 55-64 High Working Married,0.14718614718614736
d_trust,1.0,United States 1995 Male 55-64 Middle Retired Married,0.10634920634920642
d_trust,1.0,United States 1995 Male 55-64 Middle Unemployed Married,0.24210526315789482
d_trust,1.0,United States 1995 Male 55-64 Middle Working Married,0.01692307692307704
d_trust,1.0,United States 1995 Male 65-74 High Retired Married,0.17369093231162197
d_trust,1.0,United States 1995 Male 65-74 Middle Retired Married,0.04398907103825145
d_trust,1.0,United States 1995 Male 75+ Middle Retired Widowed,0.36592741935483875
d_trust,1.0,United States 1995 Male <25 Middle Student Single,0.412987012987013
d_trust,1.0,United States 1995 Male <25 Middle Working Single,0.5116666666666666
d_trust,1.0,United States 2006 Female 25-34 High Working Married,0.050000000000000044
d_trust,1.0,United States 2006 Female 25-34 High Working Single,0.07407407407407407
d_trust,1.0,United States 2006 Female 25-34 Middle Homemaker Married,0.045454545454545525
d_trust,1.0,United States 2006 Female 25-34 Middle Working Single,0.25
d_trust,1.0,United States 2006 Female 35-44 High Homemaker Married,0.20000000000000007
d_trust,1.0,United States 2006 Female 35-44 High Working Married,0.1923076923076924
d_trust,1.0,United States 2006 Female 35-44 High Working Single,0.2083333333333334
d_trust,1.0,United States 2006 Female 35-44 Middle Homemaker Married,0.04878048780487809
d_trust,1.0,United States 2006 Female 35-44 Middle Working Married,0.013833992094861691
d_trust,1.0,United States 2006 Female 45-54 High Working Divorced or separated,0.03225806451612906
d_trust,1.0,United States 2006 Female 45-54 Middle Working Married,0.09677419354838712
d_trust,1.0,United States 2006 Female 55-64 Middle Homemaker Married,0.13043478260869568
d_trust,1.0,United States 2006 Female 55-64 Middle Retired Married,0.30000000000000016
d_trust,1.0,United States 2006 Female 55-64 Middle Working Divorced or separated,0.21621621621621623
d_trust,1.0,United States 2006 Female 55-64 Middle Working Married,0.25
d_trust,1.0,United States 2006 Female 65-74 Middle Retired Divorced or separated,0.4287356321839081
d_trust,1.0,United States 2006 Female 65-74 Middle Retired Married,0.1118279569892473
d_trust,1.0,United States 2006 Female 65-74 Middle Retired Widowed,0.2810975609756098
d_trust,1.0,United States 2006 Female <25 Middle NA Single,0.2666666666666667
d_trust,1.0,United States 2006 Female <25 Middle Working Single,0.2953846153846154
d_trust,1.0,United States 2006 Male 25-34 High Working Married,0.05555555555555558
d_trust,1.0,United States 2006 Male 25-34 Middle Working Married,0.021739130434782594
d_trust,1.0,United States 2006 Male 35-44 High Working Married,0.08823529411764708
d_trust,1.0,United States 2006 Male 35-44 High Working Single,0.11764705882352944
d_trust,1.0,United States 2006 Male 35-44 Middle Working Married,0.11428571428571432
d_trust,1.0,United States 2006 Male 35-44 Middle Working Single,0.393939393939394
d_trust,1.0,United States 2006 Male 45-54 High Working Divorced or separated,0.25000000000000017
d_trust,1.0,United States 2006 Male 45-54 High Working Married,0.3074772886093641
d_trust,1.0,United States 2006 Male 45-54 Middle NA Married,0.05627705627705637
d_trust,1.0,United States 2006 Male 45-54 Middle Working Divorced or separated,0.11111111111111116
d_trust,1.0,United States 2006 Male 45-54 Middle Working Married,0.0357142857142857
d_trust,1.0,United States 2006 Male 55-64 Middle Retired Divorced or separated,0.17142857142857143
d_trust,1.0,United States 2006 Male 55-64 Middle Retired Married,0.1470588235294118
d_trust,1.0,United States 2006 Male 65-74 High Retired Married,0.25
d_trust,1.0,United States 2006 Male 65-74 Middle Retired Married,0.28
d_trust,1.0,United States 2006 Male 75+ Middle Retired Married,0.18518518518518523
d_trust,1.0,United States 2006 Male <25 Middle Working Single,0.3333333333333334
d_trust,1.0,United States 2017 Female 25-34 High Homemaker Married,0.1785714285714286
d_trust,1.0,United States 2017 Female 25-34 High Working Cohabiting,0.34782608695652173
d_trust,1.0,United States 2017 Female 25-34 High Working Married,0.14457831325301207
d_trust,1.0,United States 2017 Female 25-34 High Working Single,0.15217391304347827
d_trust,1.0,United States 2017 Female 25-34 Middle Homemaker Cohabiting,0.4500000000000001
d_trust,1.0,United States 2017 Female 25-34 Middle Homemaker Married,0.09090909090909094
d_trust,1.0,United States 2017 Female 25-34 Middle Working Cohabiting,0.5675675675675675
d_trust,1.0,United States 2017 Female 25-34 Middle Working Married,0.050000000000000044
d_trust,1.0,United States 2017 Female 25-34 Middle Working Single,0.3695652173913045
d_trust,1.0,United States 2017 Female 35-44 High Homemaker Married,0.0
d_trust,1.0,United States 2017 Female 35-44 High Working Divorced or separated,0.4482758620689655
d_trust,1.0,United States 2017 Female 35-44 High Working Married,0.2444444444444444
d_trust,1.0,United States 2017 Female 35-44 Middle Homemaker Married,0.06451612903225812
d_trust,1.0,United States 2017 Female 35-44 Middle Working Married,0.17391304347826086
d_trust,1.0,United States 2017 Female 45-54 High Homemaker Married,0.15384615384615385
d_trust,1.0,United States 2017 Female 45-54 High Working Married,0.20512820512820512
d_trust,1.0,United States 2017 Female 45-54 Middle Unemployed Divorced or separated,0.22298850574712648
d_trust,1.0,United States 2017 Female 45-54 Middle Working Divorced or separated,0.2708333333333335
d_trust,1.0,United States 2017 Female 45-54 Middle Working Married,0.022727272727272818
d_trust,1.0,United States 2017 Female 45-54 Middle Working Single,0.6666666666666667
d_trust,1.0,United States 2017 Female 55-64 High Working Divorced or separated,0.27586206896551724
d_trust,1.0,United States 2017 Female 55-64 Middle Retired Married,0.07894736842105265
d_trust,1.0,United States 2017 Female 55-64 Middle Working Married,0.31818181818181823
d_trust,1.0,United States 2017 Female 65-74 Middle Retired Divorced or separated,0.2727272727272728
d_trust,1.0,United States 2017 Female 65-74 Middle Retired Married,0.13636363636363646
d_trust,1.0,United States 2017 Female 65-74 Middle Retired Widowed,0.4736842105263158
d_trust,1.0,United States 2017 Female <25 High Unemployed Single,0.3333333333333333
d_trust,1.0,United States 2017 Female <25 High Working Single,0.3555555555555557
d_trust,1.0,United States 2017 Female <25 Middle Unemployed Single,0.35017730496453897
d_trust,1.0,United States 2017 Female <25 Middle Working Single,0.2705827937095283
d_trust,1.0,United States 2017 Male 25-34 High Unemployed Single,0.41666666666666663
d_trust,1.0,United States 2017 Male 25-34 High Working Cohabiting,0.4666666666666667
d_trust,1.0,United States 2017 Male 25-34 High Working Married,0.09375
d_trust,1.0,United States 2017 Male 25-34 High Working Single,0.16666666666666669
d_trust,1.0,United States 2017 Male 25-34 Middle Working Married,0.1987142022209235
d_trust,1.0,United States 2017 Male 25-34 Middle Working Single,0.5121951219512195
d_trust,1.0,United States 2017 Male 35-44 High Working Divorced or separated,0.14285714285714296
d_trust,1.0,United States 2017 Male 35-44 High Working Married,0.09523809523809523
d_trust,1.0,United States 2017 Male 35-44 High Working Single,0.32432432432432434
d_trust,1.0,United States 2017 Male 35-44 Middle Working Married,0.11111111111111116
d_trust,1.0,United States 2017 Male 45-54 High Unemployed Divorced or separated,0.045454545454545525
d_trust,1.0,United States 2017 Male 45-54 High Working Divorced or separated,0.09090909090909088
d_trust,1.0,United States 2017 Male 45-54 High Working Married,0.21621621621621623
d_trust,1.0,United States 2017 Male 45-54 Middle NA Married,0.0368421052631579
d_trust,1.0,United States 2017 Male 45-54 Middle Unemployed Married,0.3500000000000001
d_trust,1.0,United States 2017 Male 45-54 Middle Working Divorced or separated,0.40740740740740744
d_trust,1.0,United States 2017 Male 45-54 Middle Working Married,0.024390243902439157
d_trust,1.0,United States 2017 Male 45-54 Middle Working Single,0.2972972972972973
d_trust,1.0,United States 2017 Male 55-64 High Retired Married,0.14634146341463417
d_trust,1.0,United States 2017 Male 55-64 High Working Divorced or separated,0.2857142857142857
d_trust,1.0,United States 2017 Male 55-64 High Working Married,0.23809523809523814
d_trust,1.0,United States 2017 Male 55-64 High Working Single,0.3703703703703704
d_trust,1.0,United States 2017 Male 55-64 Middle Retired Divorced or separated,0.125
d_trust,1.0,United States 2017 Male 55-64 Middle Retired Married,0.16666666666666674
d_trust,1.0,United States 2017 Male 55-64 Middle Working Married,0.24806201550387602
d_trust,1.0,United States 2017 Male 65-74 High Retired Married,0.2727272727272728
d_trust,1.0,United States 2017 Male 65-74 High Retired Widowed,0.0
d_trust,1.0,United States 2017 Male 65-74 High Working Married,0.20000000000000007
d_trust,1.0,United States 2017 Male 65-74 Middle Retired Married,0.07407407407407407
d_trust,1.0,United States 2017 Male 65-74 Middle Retired Widowed,0.22222222222222227
d_trust,1.0,United States 2017 Male 75+ Middle Retired Married,0.30000000000000004
d_trust,1.0,United States 2017 Male <25 High Working Single,0.12121212121212124
d_trust,1.0,United States 2017 Male <25 Middle Unemployed Single,0.31538461538461554
d_trust,1.0,United States 2017 Male <25 Middle Working Single,0.403276955602537
d_trust,1.2,United States 1995 Female 25-34 High Unemployed Single,0.11935483870967756
d_trust,1.2,United States 1995 Female 25-34 High Working Married,0.05882352941176472
d_trust,1.2,United States 1995 Female 25-34 Middle Homemaker Married,0.05555555555555558
d_trust,1.2,United States 1995 Female 25-34 Middle Working Married,0.13725490196078438
d_trust,1.2,United States 1995 Female 25-34 Middle Working Single,0.4583333333333334
d_trust,1.2,United States 1995 Female 35-44 High Homemaker Married,0.27692307692307694
d_trust,1.2,United States 1995 Female 35-44 High Working Divorced or separated,0.21739130434782605
d_trust,1.2,United States 1995 Female 35-44 High Working Married,0.1420289855072464
d_trust,1.2,United States 1995 Female 35-44 Middle Unemployed Married,0.2992424242424243
d_trust,1.2,United States 1995 Female 35-44 Middle Working Married,0.21875
d_trust,1.2,United States 1995 Female 45-54 High Working Married,0.19861660079051396
d_trust,1.2,United States 1995 Female 45-54 Middle Working Married,0.11184210526315796
d_trust,1.2,United States 1995 Female 55-64 Middle Homemaker Married,0.1428571428571429
d_trust,1.2,United States 1995 Female 65-74 High Retired Married,0.030303030303030276
d_trust,1.2,United States 1995 Female 65-74 High Retired Widowed,0.13876040703052728
d_trust,1.2,United States 1995 Female 65-74 Middle Retired Married,0.0883940620782726
d_trust,1.2,United States 1995 Female 65-74 Middle Retired Widowed,0.26325757575757586
d_trust,1.2,United States 1995 Female 75+ Middle Retired Widowed,0.33333333333333337
d_trust,1.2,United States 1995 Female <25 High Working Single,0.09523809523809529
d_trust,1.2,United States 1995 Male 25-34 High Working Married,0.010312004230565885
d_trust,1.2,United States 1995 Male 25-34 High Working Single,0.23076923076923078
d_trust,1.2,United States 1995 Male 25-34 Middle Working Married,0.15669515669515677
d_trust,1.2,United States 1995 Male 25-34 Middle Working Single,0.5238095238095238
d_trust,1.2,United States 1995 Male 35-44 High Working Married,0.036414565826330514
d_trust,1.2,United States 1995 Male 35-44 Middle Working Married,0.07407407407407407
d_trust,1.2,United States 1995 Male 45-54 High Working Divorced or separated,0.28
d_trust,1.2,United States 1995 Male 45-54 High Working Married,0.16363636363636364
d_trust,1.2,United States 1995 Male 45-54 Middle Working Divorced or separated,0.5430107526881722
d_trust,1.2,United States 1995 Male 45-54 Middle Working Married,0.06832298136645965
d_trust,1.2,United States 1995 Male 55-64 High Retired Married,0.11538461538461542
d_trust,1.2,United States 1995 Male 55-64 High Working Married,0.11861471861471878
d_trust,1.2,United States 1995 Male 55-64 Middle Retired Married,0.18968253968253979
d_trust,1.2,United States 1995 Male 55-64 Middle Unemployed Married,0.4421052631578948
d_trust,1.2,United States 1995 Male 55-64 Middle Working Married,0.13230769230769235
d_trust,1.2,United States 1995 Male 65-74 High Retired Married,0.17369093231162197
d_trust,1.2,United States 1995 Male 65-74 Middle Retired Married,0.05437158469945358
d_trust,1.2,United States 1995 Male 75+ Middle Retired Widowed,0.27217741935483875
d_trust,1.2,United States 1995 Male <25 Middle Student Single,0.38441558441558443
d_trust,1.2,United States 1995 Male <25 Middle Working Single,0.31166666666666665
d_trust,1.2,United States 2006 Female 25-34 High Working Married,0.050000000000000044
d_trust,1.2,United States 2006 Female 25-34 High Working Single,0.0
d_trust,1.2,United States 2006 Female 25-34 Middle Homemaker Married,0.045454545454545525
d_trust,1.2,United States 2006 Female 25-34 Middle Working Single,0.46875
d_trust,1.2,United States 2006 Female 35-44 High Homemaker Married,0.12
d_trust,1.2,United States 2006 Female 35-44 High Working Married,0.07692307692307698
d_trust,1.2,United States 2006 Female 35-44 High Working Single,0.041666666666666685
d_trust,1.2,United States 2006 Female 35-44 Middle Homemaker Married,0.024390243902439157
d_trust,1.2,United States 2006 Female 35-44 Middle Working Married,0.0948616600790515
d_trust,1.2,United States 2006 Female 45-54 High Working Divorced or separated,0.06451612903225806
d_trust,1.2,United States 2006 Female 45-54 Middle Working Married,0.16129032258064518
d_trust,1.2,United States 2006 Female 55-64 Middle Homemaker Married,0.04347826086956519
d_trust,1.2,United States 2006 Female 55-64 Middle Retired Married,0.35
d_trust,1.2,United States 2006 Female 55-64 Middle Working Divorced or separated,0.2702702702702703
d_trust,1.2,United States 2006 Female 55-64 Middle Working Married,0.20000000000000007
d_trust,1.2,United States 2006 Female 65-74 Middle Retired Divorced or separated,0.3287356321839081
d_trust,1.2,United States 2006 Female 65-74 Middle Retired Married,0.14408602150537642
d_trust,1.2,United States 2006 Female 65-74 Middle Retired Widowed,0.0128048780487805
d_trust,1.2,United States 2006 Female <25 Middle NA Single,0.24444444444444446
d_trust,1.2,United States 2006 Female <25 Middle Working Single,0.256923076923077
d_trust,1.2,United States 2006 Male 25-34 High Working Married,0.02777777777777779
d_trust,1.2,United States 2006 Male 25-34 Middle Working Married,0.02173913043478265
d_trust,1.2,United States 2006 Male 35-44 High Working Married,0.05882352941176472
d_trust,1.2,United States 2006 Male 35-44 High Working Single,0.20588235294117652
d_trust,1.2,United States 2006 Male 35-44 Middle Working Married,0.02857142857142858
d_trust,1.2,United States 2006 Male 35-44 Middle Working Single,0.27272727272727276
d_trust,1.2,United States 2006 Male 45-54 High Working Divorced or separated,0.21428571428571447
d_trust,1.2,United States 2006 Male 45-54 High Working Married,0.2889587700908456
d_trust,1.2,United States 2006 Male 45-54 Middle NA Married,0.21645021645021645
d_trust,1.2,United States 2006 Male 45-54 Middle Working Divorced or separated,0.13888888888888895
d_trust,1.2,United States 2006 Male 45-54 Middle Working Married,0.07142857142857151
d_trust,1.2,United States 2006 Male 55-64 Middle Retired Divorced or separated,0.2857142857142857
d_trust,1.2,United States 2006 Male 55-64 Middle Retired Married,0.17647058823529416
d_trust,1.2,United States 2006 Male 65-74 High Retired Married,0.20833333333333337
d_trust,1.2,United States 2006 Male 65-74 Middle Retired Married,0.19999999999999996
d_trust,1.2,United States 2006 Male 75+ Middle Retired Married,0.18518518518518523
d_trust,1.2,United States 2006 Male <25 Middle Working Single,0.25757575757575757
d_trust,1.2,United States 2017 Female 25-34 High Homemaker Married,0.1071428571428572
d_trust,1.2,United States 2017 Female 25-34 High Working Cohabiting,0.17391304347826086
d_trust,1.2,United States 2017 Female 25-34 High Working Married,0.07228915662650603
d_trust,1.2,United States 2017 Female 25-34 High Working Single,0.11956521739130438
d_trust,1.2,United States 2017 Female 25-34 Middle Homemaker Cohabiting,0.4500000000000001
d_trust,1.2,United States 2017 Female 25-34 Middle Homemaker Married,0.12727272727272732
d_trust,1.2,United States 2017 Female 25-34 Middle Working Cohabiting,0.6216216216216216
d_trust,1.2,United States 2017 Female 25-34 Middle Working Married,0.03333333333333344
d_trust,1.2,United States 2017 Female 25-34 Middle Working Single,0.3260869565217392
d_trust,1.2,United States 2017 Female 35-44 High Homemaker Married,0.12
d_trust,1.2,United States 2017 Female 35-44 High Working Divorced or separated,0.4137931034482759
d_trust,1.2,United States 2017 Female 35-44 High Working Married,0.2888888888888889
d_trust,1.2,United States 2017 Female 35-44 Middle Homemaker Married,0.03225806451612906
d_trust,1.2,United States 2017 Female 35-44 Middle Working Married,0.2826086956521739
d_trust,1.2,United States 2017 Female 45-54 High Homemaker Married,0.11538461538461542
d_trust,1.2,United States 2017 Female 45-54 High Working Married,0.25641025641025644
d_trust,1.2,United States 2017 Female 45-54 Middle Unemployed Divorced or separated,0.18965517241379315
d_trust,1.2,United States 2017 Female 45-54 Middle Working Divorced or separated,0.20833333333333343
d_trust,1.2,United States 2017 Female 45-54 Middle Working Married,0.022727272727272818
d_trust,1.2,United States 2017 Female 45-54 Middle Working Single,0.5416666666666667
d_trust,1.2,United States 2017 Female 55-64 High Working Divorced or separated,0.41379310344827597
d_trust,1.2,United States 2017 Female 55-64 Middle Retired Married,0.07894736842105265
d_trust,1.2,United States 2017 Female 55-64 Middle Working Married,0.2272727272727273
d_trust,1.2,United States 2017 Female 65-74 Middle Retired Divorced or separated,0.5454545454545454
d_trust,1.2,United States 2017 Female 65-74 Middle Retired Married,0.18181818181818193
d_trust,1.2,United States 2017 Female 65-74 Middle Retired Widowed,0.2894736842105264
d_trust,1.2,United States 2017 Female <25 High Unemployed Single,0.09523809523809534
d_trust,1.2,United States 2017 Female <25 High Working Single,0.3777777777777778
d_trust,1.2,United States 2017 Female <25 Middle Unemployed Single,0.3293439716312058
d_trust,1.2,United States 2017 Female <25 Middle Working Single,0.29185938945420925
d_trust,1.2,United States 2017 Male 25-34 High Unemployed Single,0.25
d_trust,1.2,United States 2017 Male 25-34 High Working Cohabiting,0.43333333333333335
d_trust,1.2,United States 2017 Male 25-34 High Working Married,0.10416666666666674
d_trust,1.2,United States 2017 Male 25-34 High Working Single,0.18333333333333335
d_trust,1.2,United States 2017 Male 25-34 Middle Working Married,0.26651081239041496
d_trust,1.2,United States 2017 Male 25-34 Middle Working Single,0.43902439024390255
d_trust,1.2,United States 2017 Male 35-44 High Working Divorced or separated,0.2380952380952382
d_trust,1.2,United States 2017 Male 35-44 High Working Married,0.03809523809523807
d_trust,1.2,United States 2017 Male 35-44 High Working Single,0.1891891891891892
d_trust,1.2,United States 2017 Male 35-44 Middle Working Married,0.022222222222222254
d_trust,1.2,United States 2017 Male 45-54 High Unemployed Divorced or separated,0.045454545454545525
d_trust,1.2,United States 2017 Male 45-54 High Working Divorced or separated,0.2727272727272728
d_trust,1.2,United States 2017 Male 45-54 High Working Married,0.08108108108108103
d_trust,1.2,United States 2017 Male 45-54 Middle NA Married,0.136842105263158
d_trust,1.2,United States 2017 Male 45-54 Middle Unemployed Married,0.25000000000000017
d_trust,1.2,United States 2017 Male 45-54 Middle Working Divorced or separated,0.4814814814814815
d_trust,1.2,United States 2017 Male 45-54 Middle Working Married,0.0487804878048782
d_trust,1.2,United States 2017 Male 45-54 Middle Working Single,0.2702702702702703
d_trust,1.2,United States 2017 Male 55-64 High Retired Married,0.09756097560975618
d_trust,1.2,United States 2017 Male 55-64 High Working Divorced or separated,0.10714285714285715
d_trust,1.2,United States 2017 Male 55-64 High Working Married,0.1428571428571429
d_trust,1.2,United States 2017 Male 55-64 High Working Single,0.2592592592592593
d_trust,1.2,United States 2017 Male 55-64 Middle Retired Divorced or separated,0.041666666666666685
d_trust,1.2,United States 2017 Male 55-64 Middle Retired Married,0.06666666666666665
d_trust,1.2,United States 2017 Male 55-64 Middle Working Married,0.2713178294573643
d_trust,1.2,United States 2017 Male 65-74 High Retired Married,0.19696969696969702
d_trust,1.2,United States 2017 Male 65-74 High Retired Widowed,0.03125
d_trust,1.2,United States 2017 Male 65-74 High Working Married,0.24
d_trust,1.2,United States 2017 Male 65-74 Middle Retired Married,0.07407407407407407
d_trust,1.2,United States 2017 Male 65-74 Middle Retired Widowed,0.33333333333333337
d_trust,1.2,United States 2017 Male 75+ Middle Retired Married,0.30000000000000004
d_trust,1.2,United States 2017 Male <25 High Working Single,0.06060606060606072
d_trust,1.2,United States 2017 Male <25 Middle Unemployed Single,0.14230769230769236
d_trust,1.2,United States 2017 Male <25 Middle Working Single,0.19873150105708248
d_trust,1.5,United States 1995 Female 25-34 High Unemployed Single,0.3129032258064517
d_trust,1.5,United States 1995 Female 25-34 High Working Married,0.23529411764705893
d_trust,1.5,United States 1995 Female 25-34 Middle Homemaker Married,0.19444444444444453
d_trust,1.5,United States 1995 Female 25-34 Middle Working Married,0.2941176470588236
d_trust,1.5,United States 1995 Female 25-34 Middle Working Single,0.4166666666666667
d_trust,1.5,United States 1995 Female 35-44 High Homemaker Married,0.07692307692307704
d_trust,1.5,United States 1995 Female 35-44 High Working Divorced or separated,0.34782608695652173
d_trust,1.5,United States 1995 Female 35-44 High Working Married,0.16231884057971013
d_trust,1.5,United States 1995 Female 35-44 Middle Unemployed Married,0.45075757575757586
d_trust,1.5,United States 1995 Female 35-44 Middle Working Married,0.25
d_trust,1.5,United States 1995 Female 45-54 High Working Married,0.04051383399209485
d_trust,1.5,United States 1995 Female 45-54 Middle Working Married,0.28684210526315806
d_trust,1.5,United States 1995 Female 55-64 Middle Homemaker Married,0.37142857142857144
d_trust,1.5,United States 1995 Female 65-74 High Retired Married,0.2121212121212122
d_trust,1.5,United States 1995 Female 65-74 High Retired Widowed,0.11748381128584645
d_trust,1.5,United States 1995 Female 65-74 Middle Retired Married,0.0654520917678813
d_trust,1.5,United States 1995 Female 65-74 Middle Retired Widowed,0.2481060606060606
d_trust,1.5,United States 1995 Female 75+ Middle Retired Widowed,0.4444444444444445
d_trust,1.5,United States 1995 Female <25 High Working Single,0.07142857142857151
d_trust,1.5,United States 1995 Male 25-34 High Working Married,0.39740877842411426
d_trust,1.5,United States 1995 Male 25-34 High Working Single,0.4
d_trust,1.5,United States 1995 Male 25-34 Middle Working Married,0.32336182336182334
d_trust,1.5,United States 1995 Male 25-34 Middle Working Single,0.5714285714285714
d_trust,1.5,United States 1995 Male 35-44 High Working Married,0.2773109243697481
d_trust,1.5,United States 1995 Male 35-44 Middle Working Married,0.4074074074074075
d_trust,1.5,United States 1995 Male 45-54 High Working Divorced or separated,0.32000000000000006
d_trust,1.5,United States 1995 Male 45-54 High Working Married,0.16363636363636375
d_trust,1.5,United States 1995 Male 45-54 Middle Working Divorced or separated,0.5752688172043011
d_trust,1.5,United States 1995 Male 45-54 Middle Working Married,0.40993788819875776
d_trust,1.5,United States 1995 Male 55-64 High Retired Married,0.23076923076923084
d_trust,1.5,United States 1995 Male 55-64 High Working Married,0.05281385281385281
d_trust,1.5,United States 1995 Male 55-64 Middle Retired Married,0.6063492063492064
d_trust,1.5,United States 1995 Male 55-64 Middle Unemployed Married,0.29210526315789487
d_trust,1.5,United States 1995 Male 55-64 Middle Working Married,0.17538461538461542
d_trust,1.5,United States 1995 Male 65-74 High Retired Married,0.3780332056194126
d_trust,1.5,United States 1995 Male 65-74 Middle Retired Married,0.27349726775956285
d_trust,1.5,United States 1995 Male 75+ Middle Retired Widowed,0.27217741935483875
d_trust,1.5,United States 1995 Male <25 Middle Student Single,0.412987012987013
d_trust,1.5,United States 1995 Male <25 Middle Working Single,0.35166666666666674
d_trust,1.5,United States 2006 Female 25-34 High Working Married,0.3500000000000001
d_trust,1.5,United States 2006 Female 25-34 High Working Single,0.14814814814814814
d_trust,1.5,United States 2006 Female 25-34 Middle Homemaker Married,0.5
d_trust,1.5,United States 2006 Female 25-34 Middle Working Single,0.3125
d_trust,1.5,United States 2006 Female 35-44 High Homemaker Married,0.12
d_trust,1.5,United States 2006 Female 35-44 High Working Married,0.09615384615384615
d_trust,1.5,United States 2006 Female 35-44 High Working Single,0.08333333333333343
d_trust,1.5,United States 2006 Female 35-44 Middle Homemaker Married,0.21951219512195125
d_trust,1.5,United States 2006 Female 35-44 Middle Working Married,0.290513833992095
d_trust,1.5,United States 2006 Female 45-54 High Working Divorced or separated,0.06451612903225806
d_trust,1.5,United States 2006 Female 45-54 Middle Working Married,0.22580645161290325
d_trust,1.5,United States 2006 Female 55-64 Middle Homemaker Married,0.30434782608695654
d_trust,1.5,United States 2006 Female 55-64 Middle Retired Married,0.20000000000000007
d_trust,1.5,United States 2006 Female 55-64 Middle Working Divorced or separated,0.24324324324324326
d_trust,1.5,United States 2006 Female 55-64 Middle Working Married,0.2
d_trust,1.5,United States 2006 Female 65-74 Middle Retired Divorced or separated,0.4287356321839081
d_trust,1.5,United States 2006 Female 65-74 Middle Retired Married,0.24301075268817213
d_trust,1.5,United States 2006 Female 65-74 Middle Retired Widowed,0.11036585365853663
d_trust,1.5,United States 2006 Female <25 Middle NA Single,0.1777777777777778
d_trust,1.5,United States 2006 Female <25 Middle Working Single,0.256923076923077
d_trust,1.5,United States 2006 Male 25-34 High Working Married,0.33333333333333337
d_trust,1.5,United States 2006 Male 25-34 Middle Working Married,0.3695652173913045
d_trust,1.5,United States 2006 Male 35-44 High Working Married,0.47058823529411764
d_trust,1.5,United States 2006 Male 35-44 High Working Single,0.29411764705882365
d_trust,1.5,United States 2006 Male 35-44 Middle Working Married,0.42857142857142866
d_trust,1.5,United States 2006 Male 35-44 Middle Working Single,0.27272727272727276
d_trust,1.5,United States 2006 Male 45-54 High Working Divorced or separated,0.21428571428571447
d_trust,1.5,United States 2006 Male 45-54 High Working Married,0.11844863731656186
d_trust,1.5,United States 2006 Male 45-54 Middle NA Married,0.21645021645021645
d_trust,1.5,United States 2006 Male 45-54 Middle Working Divorced or separated,0.16666666666666669
d_trust,1.5,United States 2006 Male 45-54 Middle Working Married,0.19642857142857145
d_trust,1.5,United States 2006 Male 55-64 Middle Retired Divorced or separated,0.22857142857142854
d_trust,1.5,United States 2006 Male 55-64 Middle Retired Married,0.23529411764705893
d_trust,1.5,United States 2006 Male 65-74 High Retired Married,0.041666666666666685
d_trust,1.5,United States 2006 Male 65-74 Middle Retired Married,0.08000000000000013
d_trust,1.5,United States 2006 Male 75+ Middle Retired Married,0.14814814814814825
d_trust,1.5,United States 2006 Male <25 Middle Working Single,0.3787878787878788
d_trust,1.5,United States 2017 Female 25-34 High Homemaker Married,0.07142857142857151
d_trust,1.5,United States 2017 Female 25-34 High Working Cohabiting,0.13043478260869568
d_trust,1.5,United States 2017 Female 25-34 High Working Married,0.31325301204819295
d_trust,1.5,United States 2017 Female 25-34 High Working Single,0.11956521739130438
d_trust,1.5,United States 2017 Female 25-34 Middle Homemaker Cohabiting,0.3250000000000001
d_trust,1.5,United States 2017 Female 25-34 Middle Homemaker Married,0.4545454545454546
d_trust,1.5,United States 2017 Female 25-34 Middle Working Cohabiting,0.29729729729729737
d_trust,1.5,United States 2017 Female 25-34 Middle Working Married,0.3166666666666667
d_trust,1.5,United States 2017 Female 25-34 Middle Working Single,0.3913043478260871
d_trust,1.5,United States 2017 Female 35-44 High Homemaker Married,0.31999999999999995
d_trust,1.5,United States 2017 Female 35-44 High Working Divorced or separated,0.4482758620689655
d_trust,1.5,United States 2017 Female 35-44 High Working Married,0.20000000000000012
d_trust,1.5,United States 2017 Female 35-44 Middle Homemaker Married,0.3548387096774194
d_trust,1.5,United States 2017 Female 35-44 Middle Working Married,0.39130434782608703
d_trust,1.5,United States 2017 Female 45-54 High Homemaker Married,0.1923076923076923
d_trust,1.5,United States 2017 Female 45-54 High Working Married,0.17948717948717957
d_trust,1.5,United States 2017 Female 45-54 Middle Unemployed Divorced or separated,0.15632183908045982
d_trust,1.5,United States 2017 Female 45-54 Middle Working Divorced or separated,0.31250000000000006
d_trust,1.5,United States 2017 Female 45-54 Middle Working Married,0.34090909090909094
d_trust,1.5,United States 2017 Female 45-54 Middle Working Single,0.625
d_trust,1.5,United States 2017 Female 55-64 High Working Divorced or separated,0.206896551724138
d_trust,1.5,United States 2017 Female 55-64 Middle Retired Married,0.2894736842105263
d_trust,1.5,United States 2017 Female 55-64 Middle Working Married,0.0
d_trust,1.5,United States 2017 Female 65-74 Middle Retired Divorced or separated,0.36363636363636365
d_trust,1.5,United States 2017 Female 65-74 Middle Retired Married,0.27272727272727276
d_trust,1.5,United States 2017 Female 65-74 Middle Retired Widowed,0.3157894736842107
d_trust,1.5,United States 2017 Female <25 High Unemployed Single,0.14285714285714285
d_trust,1.5,United States 2017 Female <25 High Working Single,0.4
d_trust,1.5,United States 2017 Female <25 Middle Unemployed Single,0.26684397163120566
d_trust,1.5,United States 2017 Female <25 Middle Working Single,0.4407955596669752
d_trust,1.5,United States 2017 Male 25-34 High Unemployed Single,0.16666666666666669
d_trust,1.5,United States 2017 Male 25-34 High Working Cohabiting,0.3333333333333334
d_trust,1.5,United States 2017 Male 25-34 High Working Married,0.26041666666666674
d_trust,1.5,United States 2017 Male 25-34 High Working Single,0.15000000000000002
d_trust,1.5,United States 2017 Male 25-34 Middle Working Married,0.35125657510227937
d_trust,1.5,United States 2017 Male 25-34 Middle Working Single,0.1707317073170732
d_trust,1.5,United States 2017 Male 35-44 High Working Divorced or separated,0.04761904761904773
d_trust,1.5,United States 2017 Male 35-44 High Working Married,0.23809523809523817
d_trust,1.5,United States 2017 Male 35-44 High Working Single,0.32432432432432434
d_trust,1.5,United States 2017 Male 35-44 Middle Working Married,0.4222222222222223
d_trust,1.5,United States 2017 Male 45-54 High Unemployed Divorced or separated,0.09090909090909088
d_trust,1.5,United States 2017 Male 45-54 High Working Divorced or separated,0.045454545454545525
d_trust,1.5,United States 2017 Male 45-54 High Working Married,0.21621621621621623
d_trust,1.5,United States 2017 Male 45-54 Middle NA Married,0.43684210526315786
d_trust,1.5,United States 2017 Male 45-54 Middle Unemployed Married,0.39999999999999997
d_trust,1.5,United States 2017 Male 45-54 Middle Working Divorced or separated,0.22222222222222227
d_trust,1.5,United States 2017 Male 45-54 Middle Working Married,0.39024390243902457
d_trust,1.5,United States 2017 Male 45-54 Middle Working Single,0.35135135135135137
d_trust,1.5,United States 2017 Male 55-64 High Retired Married,0.3170731707317074
d_trust,1.5,United States 2017 Male 55-64 High Working Divorced or separated,0.25
d_trust,1.5,United States 2017 Male 55-64 High Working Married,0.20634920634920634
d_trust,1.5,United States 2017 Male 55-64 High Working Single,0.40740740740740744
d_trust,1.5,United States 2017 Male 55-64 Middle Retired Divorced or separated,0.125
d_trust,1.5,United States 2017 Male 55-64 Middle Retired Married,0.09999999999999998
d_trust,1.5,United States 2017 Male 55-64 Middle Working Married,0.007751937984496193
d_trust,1.5,United States 2017 Male 65-74 High Retired Married,0.06060606060606061
d_trust,1.5,United States 2017 Male 65-74 High Retired Widowed,0.0
d_trust,1.5,United States 2017 Male 65-74 High Working Married,0.12
d_trust,1.5,United States 2017 Male 65-74 Middle Retired Married,0.2592592592592593
d_trust,1.5,United States 2017 Male 65-74 Middle Retired Widowed,0.22222222222222227
d_trust,1.5,United States 2017 Male 75+ Middle Retired Married,0.0
d_trust,1.5,United States 2017 Male <25 High Working Single,0.0
d_trust,1.5,United States 2017 Male <25 Middle Unemployed Single,0.2384615384615385
d_trust,1.5,United States 2017 Male <25 Middle Working Single,0.38054968287526425
