method,subpopulation,nEMD_archived,nEMD_fresh,country_wave,change_fresh_minus_archived,direction
FA,Australia 1995 Female 25-34 High Homemaker Married,0.0745378652355396,0.0558537070164977,Australia 1995,-0.018684158219041895,fresh_better
FA,Australia 1995 Female 25-34 High Working Cohabiting,0.0718294051627384,0.0650953984287317,Australia 1995,-0.006734006734006703,fresh_better
FA,Australia 1995 Female 25-34 High Working Divorced or separated,0.0716769400979927,0.0790263948158685,Australia 1995,0.007349454717875792,fresh_worse
FA,Australia 1995 Female 25-34 High Working Married,0.0849345586187691,0.1108326371484266,Australia 1995,0.025898078529657503,fresh_worse
FA,Australia 1995 Female 25-34 High Working Single,0.0872180451127819,0.0431077694235589,Australia 1995,-0.044110275689223,fresh_better
FA,Australia 1995 Female 25-34 Middle Homemaker Divorced or separated,0.0966490299823633,0.0680776014109347,Australia 1995,-0.028571428571428595,fresh_better
FA,Australia 1995 Female 25-34 Middle Homemaker Married,0.0946034075161001,0.1387869894839814,Australia 1995,0.044183581967881316,fresh_worse
FA,Australia 1995 Female 25-34 Middle Working Divorced or separated,0.1515717398070339,0.0553999377528789,Australia 1995,-0.09617180205415499,fresh_better
FA,Australia 1995 Female 25-34 Middle Working Married,0.0499316005471956,0.0663474692202462,Australia 1995,0.0164158686730506,fresh_worse
FA,Australia 1995 Female 35-44 High Working Married,0.084927536231884,0.0857004830917874,Australia 1995,0.0007729468599034089,fresh_worse
FA,Australia 1995 Female 35-44 Middle Homemaker Married,0.074074074074074,0.0888888888888888,Australia 1995,0.014814814814814795,fresh_worse
FA,Australia 1995 Female 35-44 Middle Working Married,0.0553535353535353,0.0767676767676767,Australia 1995,0.021414141414141406,fresh_worse
FA,Australia 1995 Female 45-54 High Homemaker Married,0.2222222222222222,0.1464646464646464,Australia 1995,-0.0757575757575758,fresh_better
FA,Australia 1995 Female 45-54 High Retired Divorced or separated,0.0661764705882352,0.0437091503267973,Australia 1995,-0.022467320261437898,fresh_better
FA,Australia 1995 Female 45-54 High Working Married,0.1421377517868746,0.0768356075373619,Australia 1995,-0.0653021442495127,fresh_better
FA,Australia 1995 Female 45-54 Middle Homemaker Married,0.1413975551906586,0.1532567049808429,Australia 1995,0.011859149790184292,fresh_worse
FA,Australia 1995 Female 45-54 Middle Working Divorced or separated,0.0860339506172839,0.1662808641975309,Australia 1995,0.080246913580247,fresh_worse
FA,Australia 1995 Female 45-54 Middle Working Married,0.0794216676569617,0.0816003168944345,Australia 1995,0.00217864923747281,fresh_worse
FA,Australia 1995 Female 55-64 Middle Retired Married,0.1985951468710089,0.1449553001277139,Australia 1995,-0.053639846743295,fresh_better
FA,Australia 1995 Female 65-74 Middle Retired Married,0.0899187958011487,0.1029906912259853,Australia 1995,0.013071895424836596,fresh_worse
FA,Australia 1995 Female 65-74 Middle Retired Widowed,0.1239209133945976,0.1009269204757926,Australia 1995,-0.022993992918804995,fresh_better
FA,Australia 1995 Female 75+ Middle Retired Widowed,0.1407939039517987,0.1005670742512847,Australia 1995,-0.040226829700514,fresh_better
FA,Australia 1995 Female <25 High Student Single,0.1306013659836748,0.1306013659836747,Australia 1995,-1.1102230246251565e-16,unchanged
FA,Australia 1995 Female <25 High Working Single,0.082716049382716,0.0611111111111111,Australia 1995,-0.021604938271604895,fresh_better
FA,Australia 1995 Female <25 Middle Student Single,0.0301464254952627,0.0757967269595176,Australia 1995,0.0456503014642549,fresh_worse
FA,Australia 1995 Female <25 Middle Working Single,0.0773920617145701,0.0708805109700966,Australia 1995,-0.006511550744473502,fresh_better
FA,Australia 1995 Male 25-34 High Working Cohabiting,0.1101491101491102,0.0747955747955748,Australia 1995,-0.0353535353535354,fresh_better
FA,Australia 1995 Male 25-34 High Working Married,0.0733973175833641,0.0863172142241909,Australia 1995,0.012919896640826808,fresh_worse
FA,Australia 1995 Male 25-34 High Working Single,0.083240431066518,0.0741360089186176,Australia 1995,-0.009104422147900401,fresh_better
FA,Australia 1995 Male 25-34 Middle Working Cohabiting,0.0915397002353524,0.0915397002353524,Australia 1995,0.0,unchanged
FA,Australia 1995 Male 25-34 Middle Working Married,0.0913990402362495,0.0888150609080841,Australia 1995,-0.0025839793281654116,fresh_better
FA,Australia 1995 Male 25-34 Middle Working Single,0.0643274853801169,0.079312865497076,Australia 1995,0.014985380116959102,fresh_worse
FA,Australia 1995 Male 35-44 High Working Married,0.0338935574229691,0.0586367880485527,Australia 1995,0.024743230625583597,fresh_worse
FA,Australia 1995 Male 35-44 Middle NA Married,0.0563492063492063,0.1611111111111111,Australia 1995,0.10476190476190479,fresh_worse
FA,Australia 1995 Male 35-44 Middle Working Married,0.0595910680656443,0.0667204735001344,Australia 1995,0.007129405434490095,fresh_worse
FA,Australia 1995 Male 45-54 High Working Cohabiting,0.1137254901960784,0.0894491129785247,Australia 1995,-0.0242763772175537,fresh_better
FA,Australia 1995 Male 45-54 High Working Married,0.1200228679042238,0.0486615550174872,Australia 1995,-0.0713613128867366,fresh_better
FA,Australia 1995 Male 45-54 Middle Retired Married,0.0974747474747475,0.1358585858585859,Australia 1995,0.038383838383838395,fresh_worse
FA,Australia 1995 Male 45-54 Middle Working Married,0.1445040747366328,0.1780958060027827,Australia 1995,0.03359173126614989,fresh_worse
FA,Australia 1995 Male 55-64 Middle Retired Divorced or separated,0.0862470862470862,0.1074851074851074,Australia 1995,0.021238021238021196,fresh_worse
FA,Australia 1995 Male 55-64 Middle Retired Married,0.054029304029304,0.0689865689865689,Australia 1995,0.014957264957264897,fresh_worse
FA,Australia 1995 Male 55-64 Middle Working Married,0.0952380952380952,0.0952380952380952,Australia 1995,0.0,unchanged
FA,Australia 1995 Male 65-74 High Retired Married,0.1549707602339181,0.0584795321637426,Australia 1995,-0.09649122807017549,fresh_better
FA,Australia 1995 Male 65-74 Middle Retired Married,0.0813881107998755,0.067615935262994,Australia 1995,-0.013772175536881495,fresh_better
FA,Australia 1995 Male 65-74 Middle Retired Widowed,0.0443026004728132,0.0846808510638298,Australia 1995,0.0403782505910166,fresh_worse
FA,Australia 1995 Male 75+ Middle Retired Married,0.0911111111111111,0.0575308641975308,Australia 1995,-0.0335802469135803,fresh_better
FA,Australia 1995 Male <25 High Student Single,0.074074074074074,0.0869809203142536,Australia 1995,0.012906846240179598,fresh_worse
FA,Australia 1995 Male <25 High Working Single,0.0628157695826868,0.0955165692007797,Australia 1995,0.0327007996180929,fresh_worse
FA,Australia 1995 Male <25 Middle Student Single,0.1047008547008547,0.0719373219373219,Australia 1995,-0.032763532763532804,fresh_better
FA,Australia 1995 Male <25 Middle Working Single,0.0651340996168582,0.1066991756646929,Australia 1995,0.0415650760478347,fresh_worse
FA,Australia 2005 Female 25-34 High Homemaker Married,0.0924301494476933,0.0570175438596491,Australia 2005,-0.0354126055880442,fresh_better
FA,Australia 2005 Female 25-34 High Working Cohabiting,0.0601851851851851,0.0456349206349206,Australia 2005,-0.014550264550264501,fresh_better
FA,Australia 2005 Female 25-34 High Working Married,0.0575757575757575,0.0828282828282828,Australia 2005,0.025252525252525304,fresh_worse
FA,Australia 2005 Female 25-34 High Working Single,0.099537037037037,0.0679012345679012,Australia 2005,-0.03163580246913579,fresh_better
FA,Australia 2005 Female 35-44 High Working Divorced or separated,0.0757343550446998,0.0729246487867177,Australia 2005,-0.002809706257982103,fresh_better
FA,Australia 2005 Female 35-44 High Working Married,0.1194968553459119,0.0566037735849056,Australia 2005,-0.0628930817610063,fresh_better
FA,Australia 2005 Female 35-44 Middle Working Married,0.1290821256038647,0.0751690821256039,Australia 2005,-0.0539130434782608,fresh_better
FA,Australia 2005 Female 45-54 High Working Married,0.0828924162257495,0.060344593677927,Australia 2005,-0.022547822547822498,fresh_better
FA,Australia 2005 Female 45-54 Middle Retired Single,0.1209876543209876,0.0987654320987654,Australia 2005,-0.0222222222222222,fresh_better
FA,Australia 2005 Female 45-54 Middle Working Married,0.1345029239766081,0.0672514619883041,Australia 2005,-0.06725146198830399,fresh_better
FA,Australia 2005 Female 55-64 High Working Married,0.0994729907773386,0.1394378568291611,Australia 2005,0.039964866051822506,fresh_worse
FA,Australia 2005 Female 55-64 Middle Homemaker Married,0.0798611111111111,0.1597222222222222,Australia 2005,0.0798611111111111,fresh_worse
FA,Australia 2005 Female 55-64 Middle Retired Divorced or separated,0.1790123456790123,0.191358024691358,Australia 2005,0.012345679012345678,fresh_worse
FA,Australia 2005 Female 55-64 Middle Retired Married,0.1058730158730158,0.0852380952380952,Australia 2005,-0.020634920634920603,fresh_better
FA,Australia 2005 Female 55-64 Middle Working Married,0.0673644659151905,0.1129898013955985,Australia 2005,0.045625335480407994,fresh_worse
FA,Australia 2005 Female 65-74 High Retired Married,0.1681718664477285,0.1394362342638204,Australia 2005,-0.028735632183908094,fresh_better
FA,Australia 2005 Female 65-74 High Retired Widowed,0.0667522464698331,0.060619027242904,Australia 2005,-0.006133219226929103,fresh_better
FA,Australia 2005 Female 65-74 Middle Retired Married,0.1620370370370369,0.1249999999999999,Australia 2005,-0.03703703703703699,fresh_better
FA,Australia 2005 Female 65-74 Middle Retired Widowed,0.1127496159754225,0.0937019969278034,Australia 2005,-0.019047619047619105,fresh_better
FA,Australia 2005 Female 75+ Middle Retired Widowed,0.1856803327391563,0.1301247771836007,Australia 2005,-0.05555555555555561,fresh_better
FA,Australia 2005 Female <25 High Working Single,0.0555814918560016,0.0805062765847079,Australia 2005,0.024924784728706295,fresh_worse
FA,Australia 2005 Male 25-34 High Working Married,0.0466263636995344,0.0526718087693697,Australia 2005,0.006045445069835301,fresh_worse
FA,Australia 2005 Male 25-34 High Working Single,0.0612511671335201,0.0392156862745098,Australia 2005,-0.022035480859010297,fresh_better
FA,Australia 2005 Male 35-44 High Working Married,0.0977342047930283,0.1108061002178649,Australia 2005,0.013071895424836596,fresh_worse
FA,Australia 2005 Male 35-44 Middle Working Married,0.1723723723723723,0.0958386958386958,Australia 2005,-0.0765336765336765,fresh_better
FA,Australia 2005 Male 35-44 Middle Working Single,0.0980228348649401,0.0749094959621275,Australia 2005,-0.0231133389028126,fresh_better
FA,Australia 2005 Male 45-54 High Working Divorced or separated,0.1137793024585477,0.0703640175338288,Australia 2005,-0.0434152849247189,fresh_better
FA,Australia 2005 Male 45-54 High Working Married,0.1094017094017094,0.0752136752136752,Australia 2005,-0.034188034188034205,fresh_better
FA,Australia 2005 Male 45-54 Middle Working Married,0.1136950904392764,0.1214470284237726,Australia 2005,0.007751937984496193,fresh_worse
FA,Australia 2005 Male 55-64 High Retired Married,0.0410628019323671,0.0314009661835748,Australia 2005,-0.009661835748792306,fresh_better
FA,Australia 2005 Male 55-64 High Working Married,0.0688888888888889,0.1111111111111111,Australia 2005,0.0422222222222222,fresh_worse
FA,Australia 2005 Male 55-64 Middle Working Married,0.1256038647342995,0.1304347826086956,Australia 2005,0.004830917874396101,fresh_worse
FA,Australia 2005 Male 65-74 High Retired Married,0.1027777777777777,0.1083333333333333,Australia 2005,0.005555555555555591,fresh_worse
FA,Australia 2005 Male 65-74 Middle Retired Married,0.1176999101527403,0.1680143755615454,Australia 2005,0.05031446540880509,fresh_worse
FA,Australia 2005 Male 75+ Middle Retired Married,0.0844444444444444,0.1288888888888889,Australia 2005,0.04444444444444448,fresh_worse
FA,Australia 2005 Male <25 High Working Single,0.0492104507608383,0.0360034453057709,Australia 2005,-0.013207005455067401,fresh_better
FA,Australia 2018 Female 25-34 High Working Cohabiting,0.0651340996168582,0.0450928381962864,Australia 2018,-0.020041261420571804,fresh_better
FA,Australia 2018 Female 25-34 High Working Married,0.041358024691358,0.019753086419753,Australia 2018,-0.021604938271605,fresh_better
FA,Australia 2018 Female 25-34 High Working Single,0.1488215488215488,0.0592592592592592,Australia 2018,-0.0895622895622896,fresh_better
FA,Australia 2018 Female 25-34 Middle Working Married,0.0912611958363592,0.1450012103606875,Australia 2018,0.053740014524328306,fresh_worse
FA,Australia 2018 Female 35-44 High Homemaker Married,0.0655257477644156,0.0639839654640764,Australia 2018,-0.0015417823003391895,fresh_better
FA,Australia 2018 Female 35-44 High Working Cohabiting,0.0826023391812865,0.0720760233918128,Australia 2018,-0.010526315789473703,fresh_better
FA,Australia 2018 Female 35-44 High Working Married,0.0380351983188862,0.0487522983976884,Australia 2018,0.010717100078802201,fresh_worse
FA,Australia 2018 Female 35-44 High Working Single,0.0498575498575498,0.0897435897435897,Australia 2018,0.0398860398860399,fresh_worse
FA,Australia 2018 Female 35-44 Middle Homemaker Married,0.1323438466295609,0.0717377860235003,Australia 2018,-0.060606060606060594,fresh_better
FA,Australia 2018 Female 35-44 Middle Working Married,0.0842911877394635,0.032638001986661,Australia 2018,-0.05165318575280249,fresh_better
FA,Australia 2018 Female 45-54 High Working Married,0.0621113091701327,0.1034264210734799,Australia 2018,0.04131511190334719,fresh_worse
FA,Australia 2018 Female 45-54 Middle Working Cohabiting,0.1225589225589225,0.0794612794612794,Australia 2018,-0.04309764309764311,fresh_better
FA,Australia 2018 Female 45-54 Middle Working Married,0.1265216265216265,0.0785418285418285,Australia 2018,-0.04797979797979798,fresh_better
FA,Australia 2018 Female 55-64 High Working Divorced or separated,0.1051051051051051,0.081081081081081,Australia 2018,-0.024024024024024093,fresh_better
FA,Australia 2018 Female 55-64 High Working Married,0.0256613756613756,0.0322751322751322,Australia 2018,0.0066137566137565995,fresh_worse
FA,Australia 2018 Female 55-64 Middle Retired Married,0.1305555555555555,0.149074074074074,Australia 2018,0.01851851851851849,fresh_worse
FA,Australia 2018 Female 55-64 Middle Working Divorced or separated,0.0845679012345679,0.0833333333333333,Australia 2018,-0.0012345679012345928,fresh_better
FA,Australia 2018 Female 55-64 Middle Working Married,0.1305837768101919,0.0347927753588131,Australia 2018,-0.0957910014513788,fresh_better
FA,Australia 2018 Female 55-64 Middle Working Widowed,0.0476190476190476,0.0582010582010582,Australia 2018,0.010582010582010595,fresh_worse
FA,Australia 2018 Female 65-74 High Retired Married,0.039426523297491,0.07168458781362,Australia 2018,0.032258064516129,fresh_worse
FA,Australia 2018 Female 65-74 High Retired Widowed,0.0763888888888889,0.0729166666666666,Australia 2018,-0.003472222222222293,fresh_better
FA,Australia 2018 Female 65-74 Low Retired Married,0.1043556311413454,0.1347789115646259,Australia 2018,0.030423280423280505,fresh_worse
FA,Australia 2018 Female 65-74 Middle Retired Divorced or separated,0.0836920133907221,0.0964450820978798,Australia 2018,0.0127530687071577,fresh_worse
FA,Australia 2018 Female 65-74 Middle Retired Married,0.1444654882154882,0.1511994949494949,Australia 2018,0.006734006734006676,fresh_worse
FA,Australia 2018 Female 65-74 Middle Retired Widowed,0.1290322580645161,0.1087216248506571,Australia 2018,-0.020310633213858995,fresh_better
FA,Australia 2018 Female 75+ Low Retired Widowed,0.0976712498451628,0.0864610429827821,Australia 2018,-0.011210206862380709,fresh_better
FA,Australia 2018 Female 75+ Middle Retired Married,0.1174603174603174,0.1544973544973544,Australia 2018,0.03703703703703701,fresh_worse
FA,Australia 2018 Female 75+ Middle Retired Widowed,0.1501010101010101,0.085050505050505,Australia 2018,-0.0650505050505051,fresh_better
FA,Australia 2018 Female <25 Middle Student Single,0.1124359653771418,0.0776364599894011,Australia 2018,-0.03479950538774071,fresh_better
FA,Australia 2018 Female <25 Middle Working Single,0.0910888641700655,0.1039426523297491,Australia 2018,0.012853788159683605,fresh_worse
FA,Australia 2018 Male 25-34 High Working Married,0.0706349206349206,0.0656746031746031,Australia 2018,-0.004960317460317512,fresh_better
FA,Australia 2018 Male 25-34 High Working Single,0.0824372759856631,0.093189964157706,Australia 2018,0.010752688172042904,fresh_worse
FA,Australia 2018 Male 35-44 High Working Married,0.0868055555555555,0.09375,Australia 2018,0.006944444444444503,fresh_worse
FA,Australia 2018 Male 35-44 Middle Working Married,0.0507063040269871,0.0759013282732447,Australia 2018,0.025195024246257594,fresh_worse
FA,Australia 2018 Male 45-54 High Working Married,0.1491101491101491,0.0565175565175565,Australia 2018,-0.09259259259259262,fresh_better
FA,Australia 2018 Male 45-54 Middle Working Married,0.1031746031746031,0.0476190476190476,Australia 2018,-0.0555555555555555,fresh_better
FA,Australia 2018 Male 45-54 Middle Working Single,0.0568117580553985,0.0325042396834369,Australia 2018,-0.0243075183719616,fresh_better
FA,Australia 2018 Male 55-64 High Unemployed Married,0.0542328042328042,0.0886243386243386,Australia 2018,0.034391534391534404,fresh_worse
FA,Australia 2018 Male 55-64 High Working Married,0.0580995136550692,0.0561541339319116,Australia 2018,-0.0019453797231576003,fresh_better
FA,Australia 2018 Male 55-64 Middle Working Divorced or separated,0.1204678362573099,0.1426900584795322,Australia 2018,0.022222222222222296,fresh_worse
FA,Australia 2018 Male 55-64 Middle Working Married,0.0368964790217162,0.0492304448661185,Australia 2018,0.0123339658444023,fresh_worse
FA,Australia 2018 Male 65-74 High Retired Divorced or separated,0.0808080808080808,0.0707070707070707,Australia 2018,-0.010101010101010097,fresh_better
FA,Australia 2018 Male 65-74 High Retired Married,0.0892857142857142,0.1071428571428571,Australia 2018,0.01785714285714289,fresh_worse
FA,Australia 2018 Male 65-74 Low Retired Married,0.176954732510288,0.1646090534979424,Australia 2018,-0.012345679012345623,fresh_better
FA,Australia 2018 Male 65-74 Middle Retired Divorced or separated,0.134173669467787,0.1056022408963585,Australia 2018,-0.028571428571428498,fresh_better
FA,Australia 2018 Male 65-74 Middle Retired Married,0.0989345509893455,0.1476407914764079,Australia 2018,0.0487062404870624,fresh_worse
FA,Australia 2018 Male 75+ High Retired Married,0.0549224438113326,0.1495726495726495,Australia 2018,0.09465020576131691,fresh_worse
FA,Australia 2018 Male 75+ Low Retired Widowed,0.1256038647342995,0.1111111111111111,Australia 2018,-0.014492753623188387,fresh_better
FA,Australia 2018 Male 75+ Middle Retired Married,0.0917874396135265,0.1690821256038647,Australia 2018,0.0772946859903382,fresh_worse
FA,Australia 2018 Male <25 Middle Student Single,0.0808080808080808,0.1161616161616161,Australia 2018,0.035353535353535304,fresh_worse
FA,Germany 1997 Female 25-34 High Student Cohabiting,0.082705586942875,0.1225360954174513,Germany 1997,0.039830508474576296,fresh_worse
FA,Germany 1997 Female 25-34 High Working Cohabiting,0.0957854406130268,0.2183908045977011,Germany 1997,0.12260536398467431,fresh_worse
FA,Germany 1997 Female 25-34 High Working Married,0.0432098765432099,0.0578703703703703,Germany 1997,0.0146604938271604,fresh_worse
FA,Germany 1997 Female 25-34 High Working Single,0.1063122923588039,0.1654977236372584,Germany 1997,0.05918543127845449,fresh_worse
FA,Germany 1997 Female 25-34 Middle Homemaker Married,0.0906459948320413,0.0964857881136951,Germany 1997,0.005839793281653793,fresh_worse
FA,Germany 1997 Female 25-34 Middle NA Married,0.1193415637860082,0.0624440865986759,Germany 1997,-0.0568974771873323,fresh_better
FA,Germany 1997 Female 25-34 Middle Working Married,0.0909930803024304,0.0628806305032336,Germany 1997,-0.028112449799196804,fresh_better
FA,Germany 1997 Female 25-34 Middle Working Single,0.0737547892720306,0.0452928297755884,Germany 1997,-0.028461959496442195,fresh_better
FA,Germany 1997 Female 35-44 High Working Divorced or separated,0.051058201058201,0.0928571428571428,Germany 1997,0.04179894179894181,fresh_worse
FA,Germany 1997 Female 35-44 High Working Married,0.0550719965613582,0.100956372232968,Germany 1997,0.045884375671609794,fresh_worse
FA,Germany 1997 Female 35-44 Middle Unemployed Divorced or separated,0.048026048026048,0.1064306064306064,Germany 1997,0.058404558404558396,fresh_worse
FA,Germany 1997 Female 35-44 Middle Working Divorced or separated,0.0615468409586056,0.0373482726423902,Germany 1997,-0.024198568316215405,fresh_better
FA,Germany 1997 Female 35-44 Middle Working Married,0.0824915824915824,0.0641601197156752,Germany 1997,-0.018331462775907192,fresh_better
FA,Germany 1997 Female 45-54 Middle Homemaker Married,0.1342592592592592,0.1223544973544973,Germany 1997,-0.01190476190476189,fresh_better
FA,Germany 1997 Female 45-54 Middle Unemployed Married,0.0724496426250812,0.080896686159844,Germany 1997,0.008447043534762791,fresh_worse
FA,Germany 1997 Female 45-54 Middle Working Married,0.0289477493124909,0.0369566266222801,Germany 1997,0.008008877309789202,fresh_worse
FA,Germany 1997 Female 55-64 High Retired Married,0.1140350877192982,0.1195906432748537,Germany 1997,0.005555555555555508,fresh_worse
FA,Germany 1997 Female 55-64 Middle Retired Married,0.0828282828282828,0.0828282828282828,Germany 1997,0.0,unchanged
FA,Germany 1997 Female 55-64 Middle Retired Widowed,0.0673400673400673,0.0606060606060606,Germany 1997,-0.006734006734006696,fresh_better
FA,Germany 1997 Female 65-74 High Retired Widowed,0.0708994708994709,0.0613756613756613,Germany 1997,-0.009523809523809608,fresh_better
FA,Germany 1997 Female 65-74 Low Retired Widowed,0.1247513498152884,0.1150895140664961,Germany 1997,-0.0096618357487923,fresh_better
FA,Germany 1997 Female 65-74 Middle Retired Divorced or separated,0.1350762527233115,0.0955493308434485,Germany 1997,-0.03952692187986301,fresh_better
FA,Germany 1997 Female 65-74 Middle Retired Married,0.1480676328502415,0.1200483091787439,Germany 1997,-0.028019323671497592,fresh_better
FA,Germany 1997 Female 65-74 Middle Retired Widowed,0.1311728395061728,0.1219135802469135,Germany 1997,-0.009259259259259314,fresh_better
FA,Germany 1997 Female 75+ Middle Retired Widowed,0.1982484948002189,0.182375478927203,Germany 1997,-0.0158730158730159,fresh_better
FA,Germany 1997 Female <25 High Student Single,0.0869659509867707,0.1291115448565025,Germany 1997,0.04214559386973181,fresh_worse
FA,Germany 1997 Female <25 High Working Single,0.0698830409356724,0.0976608187134502,Germany 1997,0.027777777777777804,fresh_worse
FA,Germany 1997 Female <25 Middle Working Single,0.0915032679738562,0.1375661375661375,Germany 1997,0.0460628695922813,fresh_worse
FA,Germany 1997 Male 25-34 High Student Single,0.0476190476190476,0.0211640211640211,Germany 1997,-0.026455026455026502,fresh_better
FA,Germany 1997 Male 25-34 High Working Married,0.0803289992119779,0.0931836091410559,Germany 1997,0.012854609929077998,fresh_worse
FA,Germany 1997 Male 25-34 High Working Single,0.1254329004329004,0.0699494949494949,Germany 1997,-0.055483405483405496,fresh_better
FA,Germany 1997 Male 25-34 Middle Unemployed Single,0.0732026143790849,0.080718954248366,Germany 1997,0.007516339869281102,fresh_worse
FA,Germany 1997 Male 25-34 Middle Working Cohabiting,0.0612648221343873,0.0999121651295564,Germany 1997,0.0386473429951691,fresh_worse
FA,Germany 1997 Male 25-34 Middle Working Married,0.0696649029982363,0.048962794994541,Germany 1997,-0.020702108003695298,fresh_better
FA,Germany 1997 Male 25-34 Middle Working Single,0.097079772079772,0.1014245014245014,Germany 1997,0.004344729344729403,fresh_worse
FA,Germany 1997 Male 35-44 High Working Married,0.0672926447574335,0.0516431924882629,Germany 1997,-0.015649452269170604,fresh_better
FA,Germany 1997 Male 35-44 Middle Unemployed Married,0.0949074074074074,0.1064814814814814,Germany 1997,0.011574074074074,fresh_worse
FA,Germany 1997 Male 35-44 Middle Working Divorced or separated,0.0355750487329434,0.0661143599740091,Germany 1997,0.030539311241065695,fresh_worse
FA,Germany 1997 Male 35-44 Middle Working Married,0.0673659673659673,0.0455322455322455,Germany 1997,-0.0218337218337218,fresh_better
FA,Germany 1997 Male 45-54 High Working Married,0.0782439782439782,0.0636363636363636,Germany 1997,-0.014607614607614602,fresh_better
FA,Germany 1997 Male 45-54 Middle Working Married,0.0413416648710766,0.0569561157796452,Germany 1997,0.015614450908568597,fresh_worse
FA,Germany 1997 Male 55-64 High Retired Married,0.0648148148148148,0.1018518518518518,Germany 1997,0.03703703703703701,fresh_worse
FA,Germany 1997 Male 55-64 Middle Retired Married,0.0837431831108434,0.0873900097025661,Germany 1997,0.0036468265917226905,fresh_worse
FA,Germany 1997 Male 65-74 High Retired Married,0.0804597701149425,0.0306513409961685,Germany 1997,-0.049808429118774,fresh_better
FA,Germany 1997 Male 65-74 Middle Retired Married,0.096729708431836,0.059052403467297,Germany 1997,-0.03767730496453899,fresh_better
FA,Germany 1997 Male 65-74 Middle Retired Widowed,0.1196895424836601,0.1045751633986928,Germany 1997,-0.015114379084967294,fresh_better
FA,Germany 1997 Male <25 High Student Cohabiting,0.085243974132863,0.1130217519106408,Germany 1997,0.027777777777777804,fresh_worse
FA,Germany 1997 Male <25 High Student Single,0.0842911877394636,0.0306513409961685,Germany 1997,-0.053639846743295104,fresh_better
FA,Germany 1997 Male <25 Middle Working Single,0.0412953060011883,0.0412953060011883,Germany 1997,0.0,unchanged
FA,Germany 2006 Female 25-34 High Homemaker Married,0.0466216216216216,0.0782282282282282,Germany 2006,0.031606606606606594,fresh_worse
FA,Germany 2006 Female 25-34 High Working Single,0.0568783068783068,0.1084656084656084,Germany 2006,0.051587301587301605,fresh_worse
FA,Germany 2006 Female 25-34 Middle Homemaker Married,0.0752314814814814,0.0914351851851851,Germany 2006,0.016203703703703706,fresh_worse
FA,Germany 2006 Female 25-34 Middle Working Married,0.13743961352657,0.0615942028985507,Germany 2006,-0.0758454106280193,fresh_better
FA,Germany 2006 Female 25-34 Middle Working Single,0.0405387205387205,0.0676094276094276,Germany 2006,0.027070707070707106,fresh_worse
FA,Germany 2006 Female 35-44 High Working Married,0.1253858024691357,0.1192129629629629,Germany 2006,-0.0061728395061727975,fresh_better
FA,Germany 2006 Female 35-44 Middle Unemployed Married,0.122044241037376,0.1123824052885837,Germany 2006,-0.0096618357487923,fresh_better
FA,Germany 2006 Female 35-44 Middle Working Cohabiting,0.0790895061728395,0.0767746913580246,Germany 2006,-0.0023148148148148945,fresh_better
FA,Germany 2006 Female 35-44 Middle Working Divorced or separated,0.0602714515757994,0.0492293535771796,Germany 2006,-0.011042097998619799,fresh_better
FA,Germany 2006 Female 35-44 Middle Working Married,0.0496099695585997,0.028015601217656,Germany 2006,-0.0215943683409437,fresh_better
FA,Germany 2006 Female 45-54 High Working Married,0.1026143790849673,0.1782135076252723,Germany 2006,0.075599128540305,fresh_worse
FA,Germany 2006 Female 45-54 Middle Homemaker Married,0.0891025641025641,0.0623219373219373,Germany 2006,-0.026780626780626808,fresh_better
FA,Germany 2006 Female 45-54 Middle Unemployed Divorced or separated,0.0645889792231255,0.0800963565191207,Germany 2006,0.015507377295995203,fresh_worse
FA,Germany 2006 Female 45-54 Middle Unemployed Married,0.0350241545893719,0.0809178743961352,Germany 2006,0.045893719806763295,fresh_worse
FA,Germany 2006 Female 45-54 Middle Working Divorced or separated,0.1315327184892402,0.0590689503732981,Germany 2006,-0.0724637681159421,fresh_better
FA,Germany 2006 Female 45-54 Middle Working Married,0.0239082074698512,0.0471841704718417,Germany 2006,0.0232759630019905,fresh_worse
FA,Germany 2006 Female 55-64 Low Retired Married,0.1026455026455026,0.1031746031746031,Germany 2006,0.0005291005291005041,fresh_worse
FA,Germany 2006 Female 55-64 Low Retired Widowed,0.0775757575757575,0.1309090909090909,Germany 2006,0.053333333333333385,fresh_worse
FA,Germany 2006 Female 55-64 Middle Homemaker Married,0.159090909090909,0.077020202020202,Germany 2006,-0.082070707070707,fresh_better
FA,Germany 2006 Female 55-64 Middle Retired Married,0.060931899641577,0.0785543608124253,Germany 2006,0.0176224611708483,fresh_worse
FA,Germany 2006 Female 55-64 Middle Retired Widowed,0.0411899313501144,0.1164505466564963,Germany 2006,0.0752606153063819,fresh_worse
FA,Germany 2006 Female 55-64 Middle Working Married,0.1052631578947368,0.0849345586187691,Germany 2006,-0.020328599275967696,fresh_better
FA,Germany 2006 Female 65-74 High Retired Married,0.2345679012345679,0.1734567901234567,Germany 2006,-0.0611111111111112,fresh_better
FA,Germany 2006 Female 65-74 Low Retired Married,0.1895635946023542,0.0965403387884007,Germany 2006,-0.0930232558139535,fresh_better
FA,Germany 2006 Female 65-74 Low Retired Widowed,0.0682283666154634,0.100742447516641,Germany 2006,0.032514080901177606,fresh_worse
FA,Germany 2006 Female 65-74 Middle Retired Divorced or separated,0.0407407407407407,0.0481481481481481,Germany 2006,0.007407407407407397,fresh_worse
FA,Germany 2006 Female 65-74 Middle Retired Married,0.0571294338736199,0.041860465116279,Germany 2006,-0.0152689687573409,fresh_better
FA,Germany 2006 Female 65-74 Middle Retired Widowed,0.0387464387464387,0.0395061728395061,Germany 2006,0.000759734093067406,fresh_worse
FA,Germany 2006 Female 75+ Low Retired Widowed,0.1359659310878823,0.097406116918312,Germany 2006,-0.0385598141695703,fresh_better
FA,Germany 2006 Female 75+ Middle Retired Widowed,0.0582539682539682,0.062063492063492,Germany 2006,0.0038095238095238043,fresh_worse
FA,Germany 2006 Female <25 High Student Single,0.1105951152390781,0.1128310973512212,Germany 2006,0.002235982112143098,fresh_worse
FA,Germany 2006 Female <25 Middle Student Single,0.131276467029643,0.1371244202460173,Germany 2006,0.0058479532163742964,fresh_worse
FA,Germany 2006 Female <25 Middle Working Single,0.0497076023391812,0.0564327485380117,Germany 2006,0.006725146198830502,fresh_worse
FA,Germany 2006 Male 25-34 High Working Single,0.1031746031746031,0.0423280423280423,Germany 2006,-0.0608465608465608,fresh_better
FA,Germany 2006 Male 25-34 Middle Working Married,0.0588972431077694,0.0775549986076302,Germany 2006,0.018657755499860797,fresh_worse
FA,Germany 2006 Male 25-34 Middle Working Single,0.0502645502645502,0.0413533834586466,Germany 2006,-0.008911166805903599,fresh_better
FA,Germany 2006 Male 35-44 High Working Married,0.1017457719585379,0.1102927805055464,Germany 2006,0.008547008547008503,fresh_worse
FA,Germany 2006 Male 35-44 Middle Working Married,0.0486052009456264,0.0575886524822694,Germany 2006,0.008983451536643004,fresh_worse
FA,Germany 2006 Male 45-54 High Working Married,0.1242120875046347,0.1421332344580398,Germany 2006,0.017921146953405104,fresh_worse
FA,Germany 2006 Male 45-54 Middle Unemployed Married,0.0741940844134264,0.0475240943835161,Germany 2006,-0.0266699900299103,fresh_better
FA,Germany 2006 Male 45-54 Middle Working Divorced or separated,0.070533948582729,0.077272394345565,Germany 2006,0.006738445762835998,fresh_worse
FA,Germany 2006 Male 45-54 Middle Working Married,0.0455023817436579,0.0496011964107676,Germany 2006,0.0040988146671097,fresh_worse
FA,Germany 2006 Male 55-64 High Retired Married,0.1282206119162641,0.1336553945249597,Germany 2006,0.005434782608695593,fresh_worse
FA,Germany 2006 Male 55-64 High Working Married,0.0992063492063492,0.123015873015873,Germany 2006,0.023809523809523794,fresh_worse
FA,Germany 2006 Male 55-64 Middle Retired Married,0.0366739288307916,0.0503510045993706,Germany 2006,0.013677075768579003,fresh_worse
FA,Germany 2006 Male 55-64 Middle Working Married,0.0434782608695652,0.0588911893259719,Germany 2006,0.015412928456406697,fresh_worse
FA,Germany 2006 Male 65-74 High Retired Married,0.0596333707444818,0.079835390946502,Germany 2006,0.020202020202020193,fresh_worse
FA,Germany 2006 Male 65-74 Low Retired Married,0.073170731707317,0.0437883326201683,Germany 2006,-0.0293823990871487,fresh_better
FA,Germany 2006 Male 65-74 Middle Retired Married,0.0673768806653583,0.0754446624926019,Germany 2006,0.008067781827243603,fresh_worse
FA,Germany 2006 Male 65-74 Middle Retired Single,0.1269311580768755,0.0982573229514275,Germany 2006,-0.028673835125447994,fresh_better
FA,Germany 2006 Male 65-74 Middle Retired Widowed,0.0892985151049667,0.0628776241679467,Germany 2006,-0.026420890937019992,fresh_better
FA,Germany 2006 Male 75+ Middle Retired Married,0.0723232323232323,0.082020202020202,Germany 2006,0.00969696969696969,fresh_worse
FA,Germany 2006 Male <25 High Student Single,0.0384615384615384,0.0384615384615384,Germany 2006,0.0,unchanged
FA,Germany 2006 Male <25 Middle Student Single,0.1438121047877145,0.0967178560674495,Germany 2006,-0.047094248720265006,fresh_better
FA,Germany 2006 Male <25 Middle Working Single,0.1445406445406446,0.0791245791245791,Germany 2006,-0.06541606541606551,fresh_better
FA,Germany 2018 Female 25-34 High Working Cohabiting,0.1479468599033817,0.0638083735909823,Germany 2018,-0.08413848631239938,fresh_better
FA,Germany 2018 Female 25-34 Middle Working Cohabiting,0.1303030303030303,0.107070707070707,Germany 2018,-0.023232323232323313,fresh_better
FA,Germany 2018 Female 25-34 Middle Working Single,0.0637985546522132,0.1025293586269195,Germany 2018,0.03873080397470631,fresh_worse
FA,Germany 2018 Female 35-44 High Homemaker Married,0.0723566308243727,0.1075268817204301,Germany 2018,0.035170250896057395,fresh_worse
FA,Germany 2018 Female 35-44 High Working Married,0.0865616574428835,0.1170710940825882,Germany 2018,0.030509436639704707,fresh_worse
FA,Germany 2018 Female 35-44 Middle Working Married,0.0656370656370655,0.1196911196911196,Germany 2018,0.0540540540540541,fresh_worse
FA,Germany 2018 Female 45-54 High Working Married,0.0743796109993293,0.1275877487145092,Germany 2018,0.053208137715179904,fresh_worse
FA,Germany 2018 Female 45-54 High Working Single,0.1265736179529283,0.134783798576902,Germany 2018,0.008210180623973717,fresh_worse
FA,Germany 2018 Female 45-54 Middle Working Divorced or separated,0.0917508417508417,0.1015712682379348,Germany 2018,0.009820426487093109,fresh_worse
FA,Germany 2018 Female 45-54 Middle Working Married,0.0818713450292397,0.0719128739723705,Germany 2018,-0.0099584710568692,fresh_better
FA,Germany 2018 Female 55-64 Middle Homemaker Married,0.0604938271604938,0.0790123456790123,Germany 2018,0.018518518518518504,fresh_worse
FA,Germany 2018 Female 55-64 Middle Working Married,0.0304920304920305,0.0511280511280511,Germany 2018,0.0206360206360206,fresh_worse
FA,Germany 2018 Female 65-74 High Retired Widowed,0.0837789661319073,0.0445632798573975,Germany 2018,-0.0392156862745098,fresh_better
FA,Germany 2018 Female 65-74 Low Retired Married,0.0879597367402245,0.121951219512195,Germany 2018,0.03399148277197049,fresh_worse
FA,Germany 2018 Female 65-74 Middle Retired Married,0.0915880503144654,0.0638102725366876,Germany 2018,-0.027777777777777804,fresh_better
FA,Germany 2018 Female 65-74 Middle Retired Widowed,0.1145833333333333,0.0585648148148148,Germany 2018,-0.0560185185185185,fresh_better
FA,Germany 2018 Female 75+ Low Retired Widowed,0.1301149425287356,0.1187739463601533,Germany 2018,-0.011340996168582293,fresh_better
FA,Germany 2018 Female 75+ Middle Retired Married,0.0722222222222222,0.0568783068783069,Germany 2018,-0.015343915343915299,fresh_better
FA,Germany 2018 Female 75+ Middle Retired Widowed,0.1280332056194125,0.0673690932311621,Germany 2018,-0.06066411238825041,fresh_better
FA,Germany 2018 Female <25 Middle Student Single,0.0721338048924255,0.0576923076923076,Germany 2018,-0.014441497200117906,fresh_better
FA,Germany 2018 Male 25-34 High Working Married,0.0674603174603174,0.0515873015873015,Germany 2018,-0.0158730158730159,fresh_better
FA,Germany 2018 Male 25-34 High Working Single,0.0812289562289562,0.0736531986531986,Germany 2018,-0.007575757575757611,fresh_better
FA,Germany 2018 Male 25-34 Middle Student Cohabiting,0.0428571428571428,0.0704761904761904,Germany 2018,0.0276190476190476,fresh_worse
FA,Germany 2018 Male 25-34 Middle Student Single,0.1207729468599034,0.1014492753623188,Germany 2018,-0.0193236714975846,fresh_better
FA,Germany 2018 Male 25-34 Middle Working Married,0.0724206349206349,0.0600198412698412,Germany 2018,-0.012400793650793697,fresh_better
FA,Germany 2018 Male 25-34 Middle Working Single,0.074805808848362,0.0990093436901948,Germany 2018,0.02420353484183281,fresh_worse
FA,Germany 2018 Male 35-44 High Working Married,0.0415384615384615,0.0933333333333333,Germany 2018,0.05179487179487179,fresh_worse
FA,Germany 2018 Male 35-44 Middle Working Married,0.0871890127209276,0.0645615220083305,Germany 2018,-0.022627490712597106,fresh_better
FA,Germany 2018 Male 45-54 High Working Married,0.0700099888360067,0.0575827016863505,Germany 2018,-0.012427287149656206,fresh_better
FA,Germany 2018 Male 45-54 Middle Working Divorced or separated,0.0803140096618357,0.1626409017713365,Germany 2018,0.0823268921095008,fresh_worse
FA,Germany 2018 Male 45-54 Middle Working Married,0.0606837606837606,0.0355390129583677,Germany 2018,-0.0251447477253929,fresh_better
FA,Germany 2018 Male 55-64 High Working Married,0.0539682539682539,0.0571428571428571,Germany 2018,0.003174603174603198,fresh_worse
FA,Germany 2018 Male 55-64 Middle Working Married,0.0640096618357488,0.0538647342995169,Germany 2018,-0.010144927536231897,fresh_better
FA,Germany 2018 Male 65-74 High Retired Divorced or separated,0.0833333333333333,0.0486111111111111,Germany 2018,-0.0347222222222222,fresh_better
FA,Germany 2018 Male 65-74 High Retired Married,0.0761388566266615,0.0393599174086979,Germany 2018,-0.0367789392179636,fresh_better
FA,Germany 2018 Male 65-74 Middle Retired Married,0.1147477108903175,0.0603935320475355,Germany 2018,-0.054354178842782,fresh_better
FA,Germany 2018 Male 75+ High Retired Married,0.1333333333333333,0.0740740740740741,Germany 2018,-0.059259259259259206,fresh_better
FA,Germany 2018 Male 75+ Middle Retired Married,0.1333333333333333,0.0925925925925926,Germany 2018,-0.0407407407407407,fresh_better
FA,Germany 2018 Male 75+ Middle Retired Widowed,0.0324432960091874,0.0614412862474877,Germany 2018,0.028997990238300304,fresh_worse
FA,Germany 2018 Male <25 Middle Student Single,0.0960648148148148,0.0588991769547325,Germany 2018,-0.0371656378600823,fresh_better
FA,Mexico 1996 Female 25-34 High Homemaker Married,0.2259259259259259,0.2037037037037037,Mexico 1996,-0.0222222222222222,fresh_better
FA,Mexico 1996 Female 25-34 High Working Cohabiting,0.0899782135076252,0.0642701525054466,Mexico 1996,-0.025708061002178595,fresh_better
FA,Mexico 1996 Female 25-34 High Working Married,0.1190061534889121,0.1137814930918379,Mexico 1996,-0.005224660397074199,fresh_better
FA,Mexico 1996 Female 25-34 High Working Single,0.0596296296296296,0.0803703703703704,Mexico 1996,0.020740740740740796,fresh_worse
FA,Mexico 1996 Female 25-34 Low Homemaker Married,0.1167929292929292,0.2127525252525252,Mexico 1996,0.095959595959596,fresh_worse
FA,Mexico 1996 Female 25-34 Middle Homemaker Married,0.1923076923076923,0.119075369075369,Mexico 1996,-0.07323232323232329,fresh_better
FA,Mexico 1996 Female 25-34 Middle Unemployed Married,0.1809095452273863,0.1196068632350491,Mexico 1996,-0.06130268199233721,fresh_better
FA,Mexico 1996 Female 25-34 Middle Working Divorced or separated,0.1429951690821256,0.0800322061191626,Mexico 1996,-0.06296296296296298,fresh_better
FA,Mexico 1996 Female 25-34 Middle Working Married,0.1421178210169036,0.0938266626340021,Mexico 1996,-0.04829115838290149,fresh_better
FA,Mexico 1996 Female 25-34 Middle Working Single,0.1502474134053081,0.0897435897435898,Mexico 1996,-0.06050382366171829,fresh_better
FA,Mexico 1996 Female 35-44 High Working Married,0.1746632996632996,0.1271043771043771,Mexico 1996,-0.047558922558922495,fresh_better
FA,Mexico 1996 Female 35-44 Middle Homemaker Married,0.0909090909090909,0.09375,Mexico 1996,0.0028409090909091023,fresh_worse
FA,Mexico 1996 Female 45-54 Low Homemaker Married,0.110990990990991,0.0926126126126126,Mexico 1996,-0.0183783783783784,fresh_better
FA,Mexico 1996 Female 45-54 Low Homemaker Widowed,0.0998931623931624,0.2152777777777777,Mexico 1996,0.11538461538461531,fresh_worse
FA,Mexico 1996 Female 45-54 Middle Homemaker Married,0.1168831168831168,0.1327561327561327,Mexico 1996,0.015873015873015914,fresh_worse
FA,Mexico 1996 Female 55-64 Middle Working Widowed,0.0645342312008978,0.0746352413019079,Mexico 1996,0.01010101010101011,fresh_worse
FA,Mexico 1996 Female <25 High Student Single,0.061321489792738,0.0845410628019323,Mexico 1996,0.0232195730091943,fresh_worse
FA,Mexico 1996 Female <25 High Working Single,0.2398148148148148,0.2148148148148147,Mexico 1996,-0.025000000000000078,fresh_better
FA,Mexico 1996 Female <25 Middle Homemaker Married,0.2239057239057239,0.2239057239057238,Mexico 1996,-1.1102230246251565e-16,unchanged
FA,Mexico 1996 Female <25 Middle Student Single,0.1193675889328063,0.0872200263504611,Mexico 1996,-0.032147562582345204,fresh_better
FA,Mexico 1996 Female <25 Middle Working Single,0.0720361509835194,0.0832004253056884,Mexico 1996,0.011164274322169002,fresh_worse
FA,Mexico 1996 Male 25-34 High Unemployed Married,0.1576086956521739,0.1946457326892109,Mexico 1996,0.03703703703703701,fresh_worse
FA,Mexico 1996 Male 25-34 High Working Cohabiting,0.0555555555555555,0.076348278102664,Mexico 1996,0.020792722547108497,fresh_worse
FA,Mexico 1996 Male 25-34 High Working Married,0.0371580731057855,0.0732268215928346,Mexico 1996,0.0360687484870491,fresh_worse
FA,Mexico 1996 Male 25-34 High Working Single,0.1302869577043384,0.0897592819257446,Mexico 1996,-0.0405276757785938,fresh_better
FA,Mexico 1996 Male 25-34 Middle Working Cohabiting,0.0940112479100167,0.1663626690986472,Mexico 1996,0.0723514211886305,fresh_worse
FA,Mexico 1996 Male 25-34 Middle Working Married,0.0860045762747444,0.0494363624913408,Mexico 1996,-0.036568213783403594,fresh_better
FA,Mexico 1996 Male 25-34 Middle Working Single,0.0674897119341563,0.0493827160493827,Mexico 1996,-0.018106995884773602,fresh_better
FA,Mexico 1996 Male 35-44 High Working Married,0.1473214285714286,0.0679563492063492,Mexico 1996,-0.0793650793650794,fresh_better
FA,Mexico 1996 Male 35-44 Middle Working Married,0.0544061302681992,0.0857471264367815,Mexico 1996,0.031340996168582304,fresh_worse
FA,Mexico 1996 Male 35-44 Middle Working Single,0.0546910546910546,0.0542360542360542,Mexico 1996,-0.00045500045500039554,fresh_better
FA,Mexico 1996 Male 45-54 High Working Married,0.0502986857825567,0.151373954599761,Mexico 1996,0.1010752688172043,fresh_worse
FA,Mexico 1996 Male 45-54 Low Unemployed Divorced or separated,0.1324074074074074,0.2731481481481482,Mexico 1996,0.1407407407407408,fresh_worse
FA,Mexico 1996 Male 45-54 Low Working Married,0.1360233918128655,0.1061988304093567,Mexico 1996,-0.029824561403508795,fresh_better
FA,Mexico 1996 Male 45-54 Middle Working Married,0.0945090439276485,0.0963178294573643,Mexico 1996,0.0018087855297158062,fresh_worse
FA,Mexico 1996 Male <25 High Student Single,0.0833211447515967,0.063624396665204,Mexico 1996,-0.0196967480863927,fresh_better
FA,Mexico 1996 Male <25 High Working Single,0.21658615136876,0.2628824476650563,Mexico 1996,0.04629629629629631,fresh_worse
FA,Mexico 1996 Male <25 Middle Student Single,0.1620464277665089,0.1620464277665089,Mexico 1996,0.0,unchanged
FA,Mexico 1996 Male <25 Middle Unemployed Single,0.1101428225611232,0.1965625756475429,Mexico 1996,0.08641975308641969,fresh_worse
FA,Mexico 1996 Male <25 Middle Working Single,0.1514837819185645,0.1238785369220152,Mexico 1996,-0.02760524499654929,fresh_better
FA,Mexico 2005 Female 25-34 High Homemaker Married,0.1218013468013468,0.2186026936026936,Mexico 2005,0.0968013468013468,fresh_worse
FA,Mexico 2005 Female 25-34 High Working Married,0.0571658615136876,0.1151368760064412,Mexico 2005,0.057971014492753596,fresh_worse
FA,Mexico 2005 Female 25-34 High Working Single,0.117063492063492,0.1046626984126984,Mexico 2005,-0.012400793650793593,fresh_better
FA,Mexico 2005 Female 25-34 Low Homemaker Married,0.1921470342522974,0.238095238095238,Mexico 2005,0.0459482038429406,fresh_worse
FA,Mexico 2005 Female 25-34 Middle Homemaker Cohabiting,0.2307552650689905,0.1543209876543209,Mexico 2005,-0.0764342774146696,fresh_better
FA,Mexico 2005 Female 25-34 Middle Homemaker Married,0.1668438003220611,0.1988888888888888,Mexico 2005,0.03204508856682772,fresh_worse
FA,Mexico 2005 Female 25-34 Middle Working Married,0.1146198830409356,0.090448343079922,Mexico 2005,-0.024171539961013594,fresh_better
FA,Mexico 2005 Female 35-44 High Homemaker Married,0.0955433455433455,0.0943223443223443,Mexico 2005,-0.001221001221001189,fresh_better
FA,Mexico 2005 Female 35-44 High Working Married,0.1097354497354497,0.131957671957672,Mexico 2005,0.022222222222222296,fresh_worse
FA,Mexico 2005 Female 35-44 Middle Homemaker Cohabiting,0.1011971567527122,0.1206509539842873,Mexico 2005,0.0194537972315751,fresh_worse
FA,Mexico 2005 Female 35-44 Middle Homemaker Married,0.1004471964224286,0.1007911936704506,Mexico 2005,0.0003439972480220044,fresh_worse
FA,Mexico 2005 Female 35-44 Middle Working Divorced or separated,0.2716816195077065,0.330802852541983,Mexico 2005,0.05912123303427652,fresh_worse
FA,Mexico 2005 Female 45-54 Low Homemaker Married,0.2564102564102564,0.2857142857142856,Mexico 2005,0.0293040293040292,fresh_worse
FA,Mexico 2005 Female 45-54 Middle Homemaker Married,0.1329867879575481,0.1416504223521767,Mexico 2005,0.008663634394628611,fresh_worse
FA,Mexico 2005 Female 55-64 Low Homemaker Married,0.3435131037470219,0.4401126272471301,Mexico 2005,0.0965995235001082,fresh_worse
FA,Mexico 2005 Female 55-64 Middle Homemaker Married,0.1902777777777777,0.1236111111111111,Mexico 2005,-0.06666666666666661,fresh_better
FA,Mexico 2005 Female 65-74 Low Homemaker Widowed,0.2099616858237548,0.306257982120051,Mexico 2005,0.09629629629629621,fresh_worse
FA,Mexico 2005 Female 65-74 Middle Retired Widowed,0.1659118357487922,0.2451690821256039,Mexico 2005,0.0792572463768117,fresh_worse
FA,Mexico 2005 Female <25 High Student Single,0.0967418546365914,0.1142857142857143,Mexico 2005,0.01754385964912289,fresh_worse
FA,Mexico 2005 Female <25 High Working Single,0.2396032396032396,0.2516152516152516,Mexico 2005,0.012012012012012019,fresh_worse
FA,Mexico 2005 Female <25 Middle Homemaker Single,0.303859649122807,0.3216374269005848,Mexico 2005,0.01777777777777778,fresh_worse
FA,Mexico 2005 Female NA Low Homemaker Cohabiting,0.2434489825794173,0.282389108476065,Mexico 2005,0.03894012589664772,fresh_worse
FA,Mexico 2005 Female NA Low Homemaker Married,0.2132228459413704,0.3020582731889869,Mexico 2005,0.08883542724761653,fresh_worse
FA,Mexico 2005 Male 25-34 High Working Married,0.120643083476183,0.0980988000623344,Mexico 2005,-0.022544283413848593,fresh_better
FA,Mexico 2005 Male 25-34 High Working Single,0.0315744315744316,0.0896610896610897,Mexico 2005,0.0580866580866581,fresh_worse
FA,Mexico 2005 Male 25-34 Middle Working Cohabiting,0.1818783068783069,0.1349206349206349,Mexico 2005,-0.046957671957671976,fresh_better
FA,Mexico 2005 Male 25-34 Middle Working Married,0.1456916099773242,0.1564110492681921,Mexico 2005,0.01071943929086791,fresh_worse
FA,Mexico 2005 Male 25-34 Middle Working Single,0.1580246913580247,0.154320987654321,Mexico 2005,-0.0037037037037036813,fresh_better
FA,Mexico 2005 Male 35-44 High Working Married,0.1456971677559913,0.099400871459695,Mexico 2005,-0.04629629629629631,fresh_better
FA,Mexico 2005 Male 35-44 Middle Working Cohabiting,0.163719422340112,0.2712938402593574,Mexico 2005,0.10757441791924538,fresh_worse
FA,Mexico 2005 Male 35-44 Middle Working Married,0.1332559039876113,0.1584978706929926,Mexico 2005,0.025241966705381286,fresh_worse
FA,Mexico 2005 Male 45-54 High Working Married,0.1187799112033673,0.0642334082915297,Mexico 2005,-0.0545465029118376,fresh_better
FA,Mexico 2005 Male 45-54 Low Working Cohabiting,0.2600170502983802,0.3518044899119067,Mexico 2005,0.09178743961352653,fresh_worse
FA,Mexico 2005 Male 45-54 Low Working Married,0.1489340799685627,0.1159249435111503,Mexico 2005,-0.033009136457412394,fresh_better
FA,Mexico 2005 Male 45-54 Middle Unemployed Married,0.1223832528180354,0.1057434245840042,Mexico 2005,-0.016639828234031206,fresh_better
FA,Mexico 2005 Male 45-54 Middle Working Married,0.1994121105232216,0.1746031746031746,Mexico 2005,-0.024808935920047015,fresh_better
FA,Mexico 2005 Male 55-64 Low Unemployed Married,0.1864197530864197,0.2481481481481482,Mexico 2005,0.0617283950617285,fresh_worse
FA,Mexico 2005 Male 55-64 Low Working Married,0.1899641577060931,0.2473118279569892,Mexico 2005,0.0573476702508961,fresh_worse
FA,Mexico 2005 Male 55-64 Middle Working Married,0.2103174603174603,0.1937830687830687,Mexico 2005,-0.016534391534391596,fresh_better
FA,Mexico 2005 Male 55-64 Middle Working Single,0.1728171002218189,0.1153458358540028,Mexico 2005,-0.05747126436781609,fresh_better
FA,Mexico 2005 Male <25 High Student Single,0.1136363636363636,0.2045454545454546,Mexico 2005,0.09090909090909101,fresh_worse
FA,Mexico 2005 Male <25 High Working Single,0.0885320536483326,0.0774578565276239,Mexico 2005,-0.011074197120708701,fresh_better
FA,Mexico 2005 Male <25 Middle Student Single,0.2740183792815371,0.34057365636313,Mexico 2005,0.06655527708159287,fresh_worse
FA,Mexico 2005 Male <25 Middle Working Married,0.1580687830687831,0.1388888888888889,Mexico 2005,-0.019179894179894214,fresh_better
FA,Mexico 2005 Male <25 Middle Working Single,0.0958847736625514,0.1633744855967078,Mexico 2005,0.06748971193415641,fresh_worse
FA,Mexico 2018 Female 25-34 High Homemaker Married,0.0628019323671497,0.1594202898550724,Mexico 2018,0.09661835748792269,fresh_worse
FA,Mexico 2018 Female 25-34 High Working Married,0.0961199294532628,0.1657848324514991,Mexico 2018,0.06966490299823631,fresh_worse
FA,Mexico 2018 Female 25-34 Low Homemaker Married,0.1376262626262626,0.2117003367003366,Mexico 2018,0.07407407407407401,fresh_worse
FA,Mexico 2018 Female 25-34 Low Working Married,0.1309523809523809,0.0892857142857143,Mexico 2018,-0.0416666666666666,fresh_better
FA,Mexico 2018 Female 25-34 Middle Homemaker Cohabiting,0.0510534369114877,0.0614701035781544,Mexico 2018,0.010416666666666699,fresh_worse
FA,Mexico 2018 Female 25-34 Middle Homemaker Married,0.1004830917874396,0.1884057971014493,Mexico 2018,0.08792270531400971,fresh_worse
FA,Mexico 2018 Female 25-34 Middle Working Married,0.1352941176470588,0.0826797385620915,Mexico 2018,-0.052614379084967286,fresh_better
FA,Mexico 2018 Female 25-34 Middle Working Single,0.1517615176151761,0.139017065846334,Mexico 2018,-0.012744451768842091,fresh_better
FA,Mexico 2018 Female 35-44 Middle Homemaker Cohabiting,0.1104523495827843,0.1539306104523496,Mexico 2018,0.0434782608695653,fresh_worse
FA,Mexico 2018 Female 35-44 Middle Homemaker Married,0.0710239651416121,0.1671023965141612,Mexico 2018,0.0960784313725491,fresh_worse
FA,Mexico 2018 Female 35-44 Middle Working Cohabiting,0.144059644059644,0.0747955747955748,Mexico 2018,-0.0692640692640692,fresh_better
FA,Mexico 2018 Female 35-44 Middle Working Divorced or separated,0.0633862433862434,0.0931216931216931,Mexico 2018,0.029735449735449712,fresh_worse
FA,Mexico 2018 Female 35-44 Middle Working Married,0.0457971014492753,0.093719806763285,Mexico 2018,0.047922705314009696,fresh_worse
FA,Mexico 2018 Female 45-54 Low Homemaker Cohabiting,0.1557239057239057,0.1648148148148148,Mexico 2018,0.009090909090909094,fresh_worse
FA,Mexico 2018 Female 45-54 Low Homemaker Married,0.0613026819923371,0.0711902113459399,Mexico 2018,0.009887529353602806,fresh_worse
FA,Mexico 2018 Female 45-54 Middle Homemaker Married,0.1317663817663818,0.1336657169990503,Mexico 2018,0.0018993352326684976,fresh_worse
FA,Mexico 2018 Female 45-54 Middle Working Married,0.1601779755283648,0.1841552342108515,Mexico 2018,0.023977258682486707,fresh_worse
FA,Mexico 2018 Female 55-64 Low Homemaker Married,0.1877825877825878,0.1528619528619528,Mexico 2018,-0.03492063492063499,fresh_better
FA,Mexico 2018 Female 55-64 Low Working Divorced or separated,0.2475308641975308,0.3919753086419754,Mexico 2018,0.1444444444444446,fresh_worse
FA,Mexico 2018 Female 55-64 Low Working Married,0.1043447293447294,0.2453703703703703,Mexico 2018,0.1410256410256409,fresh_worse
FA,Mexico 2018 Female 65-74 Low Homemaker Married,0.2388888888888889,0.23,Mexico 2018,-0.00888888888888889,fresh_better
FA,Mexico 2018 Female 65-74 Low Homemaker Widowed,0.079698029082434,0.1743932715204945,Mexico 2018,0.0946952424380605,fresh_worse
FA,Mexico 2018 Female 65-74 Low Working Widowed,0.2420033670033669,0.2373737373737374,Mexico 2018,-0.004629629629629484,fresh_better
FA,Mexico 2018 Female <25 Middle Student Single,0.0664463632164304,0.1304764950431723,Mexico 2018,0.0640301318267419,fresh_worse
FA,Mexico 2018 Female <25 Middle Working Cohabiting,0.0448070448070448,0.0955710955710955,Mexico 2018,0.050764050764050696,fresh_worse
FA,Mexico 2018 Male 25-34 High Working Married,0.0546626984126984,0.0870039682539682,Mexico 2018,0.032341269841269796,fresh_worse
FA,Mexico 2018 Male 25-34 High Working Single,0.1274030628869338,0.1232757684370587,Mexico 2018,-0.004127294449875085,fresh_better
FA,Mexico 2018 Male 25-34 Middle Working Cohabiting,0.1373699280676024,0.1192820727704448,Mexico 2018,-0.018087855297157604,fresh_better
FA,Mexico 2018 Male 25-34 Middle Working Married,0.0637561336290919,0.0920212408415675,Mexico 2018,0.028265107212475604,fresh_worse
FA,Mexico 2018 Male 25-34 Middle Working Single,0.077020202020202,0.0742143658810325,Mexico 2018,-0.0028058361391695014,fresh_better
FA,Mexico 2018 Male 35-44 High Working Married,0.054897083211394,0.0555555555555555,Mexico 2018,0.0006584723441614981,fresh_worse
FA,Mexico 2018 Male 35-44 Low Working Married,0.0848069554966106,0.1313734158561744,Mexico 2018,0.0465664603595638,fresh_worse
FA,Mexico 2018 Male 35-44 Middle Working Cohabiting,0.0722222222222222,0.0833333333333333,Mexico 2018,0.0111111111111111,fresh_worse
FA,Mexico 2018 Male 35-44 Middle Working Married,0.0909090909090909,0.1212121212121212,Mexico 2018,0.030303030303030304,fresh_worse
FA,Mexico 2018 Male 45-54 Low Unemployed Married,0.0508690508690508,0.1255801255801256,Mexico 2018,0.0747110747110748,fresh_worse
FA,Mexico 2018 Male 45-54 Low Working Married,0.2378600823045267,0.2586008230452675,Mexico 2018,0.020740740740740782,fresh_worse
FA,Mexico 2018 Male 45-54 Middle Working Cohabiting,0.0657520702014584,0.0690891113582993,Mexico 2018,0.0033370411568409003,fresh_worse
FA,Mexico 2018 Male 45-54 Middle Working Married,0.1159979423868312,0.1057098765432098,Mexico 2018,-0.010288065843621394,fresh_better
FA,Mexico 2018 Male 55-64 Low Working Married,0.0470664087685364,0.1054158607350096,Mexico 2018,0.0583494519664732,fresh_worse
FA,Mexico 2018 Male 55-64 Middle Retired Married,0.0791245791245791,0.0527898027898027,Mexico 2018,-0.0263347763347764,fresh_better
FA,Mexico 2018 Male 55-64 Middle Working Married,0.0843183609141055,0.10239651416122,Mexico 2018,0.01807815324711451,fresh_worse
FA,Mexico 2018 Male 65-74 Low Working Married,0.0952041785375118,0.1336657169990503,Mexico 2018,0.038461538461538505,fresh_worse
FA,Mexico 2018 Male 75+ Low Unemployed Widowed,0.0612642717905875,0.0545808966861598,Mexico 2018,-0.006683375104427701,fresh_better
FA,Mexico 2018 Male <25 Middle Student Single,0.074049659415513,0.061378451622354,Mexico 2018,-0.012671207793159,fresh_better
FA,Mexico 2018 Male <25 Middle Unemployed Single,0.1444444444444444,0.1,Mexico 2018,-0.0444444444444444,fresh_better
FA,Mexico 2018 Male <25 Middle Working Single,0.1866359447004607,0.1502816180235535,Mexico 2018,-0.03635432667690719,fresh_better
FA,Russia 1995 Female 25-34 High Homemaker Married,0.1138888888888889,0.0666666666666666,Russia 1995,-0.047222222222222304,fresh_better
FA,Russia 1995 Female 25-34 High Working Married,0.0942760942760942,0.0757575757575757,Russia 1995,-0.01851851851851849,fresh_better
FA,Russia 1995 Female 25-34 High Working Single,0.1177522349936143,0.0722860791826309,Russia 1995,-0.0454661558109834,fresh_better
FA,Russia 1995 Female 25-34 Middle Homemaker Married,0.1430795019157088,0.0887212643678161,Russia 1995,-0.05435823754789271,fresh_better
FA,Russia 1995 Female 25-34 Middle Working Divorced or separated,0.1818783068783068,0.123015873015873,Russia 1995,-0.05886243386243381,fresh_better
FA,Russia 1995 Female 25-34 Middle Working Married,0.0733430799220273,0.1146848602988954,Russia 1995,0.0413417803768681,fresh_worse
FA,Russia 1995 Female 25-34 Middle Working Single,0.1152263374485596,0.0781893004115226,Russia 1995,-0.03703703703703701,fresh_better
FA,Russia 1995 Female 35-44 High Working Divorced or separated,0.1563599798893916,0.125272331154684,Russia 1995,-0.031087648734707596,fresh_better
FA,Russia 1995 Female 35-44 High Working Married,0.1081967213114753,0.1100182149362477,Russia 1995,0.001821493624772394,fresh_worse
FA,Russia 1995 Female 35-44 Middle Working Divorced or separated,0.0925925925925926,0.0495616389336196,Russia 1995,-0.043030953658973,fresh_better
FA,Russia 1995 Female 35-44 Middle Working Married,0.0692239858906525,0.0840388007054673,Russia 1995,0.014814814814814808,fresh_worse
FA,Russia 1995 Female 45-54 High Working Married,0.0976964769647696,0.0855013550135501,Russia 1995,-0.012195121951219495,fresh_better
FA,Russia 1995 Female 45-54 High Working Widowed,0.0783730158730158,0.1167328042328042,Russia 1995,0.0383597883597884,fresh_worse
FA,Russia 1995 Female 45-54 Middle Working Married,0.0734659125463723,0.0801556893510916,Russia 1995,0.0066897768047193,fresh_worse
FA,Russia 1995 Female 55-64 High Retired Married,0.0739463601532567,0.0595785440613026,Russia 1995,-0.014367816091954103,fresh_better
FA,Russia 1995 Female 55-64 Middle Retired Divorced or separated,0.1693121693121693,0.1301587301587301,Russia 1995,-0.03915343915343919,fresh_better
FA,Russia 1995 Female 55-64 Middle Retired Married,0.0766183574879227,0.0946859903381642,Russia 1995,0.018067632850241502,fresh_worse
FA,Russia 1995 Female 55-64 Middle Retired Widowed,0.1058201058201058,0.0970017636684303,Russia 1995,-0.008818342151675498,fresh_better
FA,Russia 1995 Female 65-74 High Retired Widowed,0.1040677429566318,0.094571066793289,Russia 1995,-0.009496676163342807,fresh_better
FA,Russia 1995 Female 65-74 Low Retired Widowed,0.1531986531986532,0.101010101010101,Russia 1995,-0.0521885521885522,fresh_better
FA,Russia 1995 Female 65-74 Middle Retired Married,0.061050061050061,0.0829263329263329,Russia 1995,0.021876271876271905,fresh_worse
FA,Russia 1995 Female 65-74 Middle Retired Widowed,0.1022270901788974,0.1209687233783619,Russia 1995,0.018741633199464494,fresh_worse
FA,Russia 1995 Female 75+ Low Retired Widowed,0.1265700483091787,0.1371980676328503,Russia 1995,0.010628019323671606,fresh_worse
FA,Russia 1995 Female 75+ Middle Retired Widowed,0.1080246913580246,0.1682098765432098,Russia 1995,0.06018518518518519,fresh_worse
FA,Russia 1995 Female <25 High Student Married,0.1777087646652864,0.1438923395445134,Russia 1995,-0.033816425120773014,fresh_better
FA,Russia 1995 Female <25 High Student Single,0.1058201058201058,0.1296296296296296,Russia 1995,0.023809523809523794,fresh_worse
FA,Russia 1995 Male 25-34 High Working Married,0.075725900116144,0.0674022454510259,Russia 1995,-0.0083236546651181,fresh_better
FA,Russia 1995 Male 25-34 Middle Working Married,0.1221815221815222,0.0759462759462759,Russia 1995,-0.0462352462352463,fresh_better
FA,Russia 1995 Male 35-44 High Unemployed Married,0.1666666666666666,0.1512345679012345,Russia 1995,-0.015432098765432112,fresh_better
FA,Russia 1995 Male 35-44 High Working Married,0.0819333922782198,0.0809509775027016,Russia 1995,-0.000982414775518206,fresh_better
FA,Russia 1995 Male 35-44 Middle Unemployed Married,0.0896825396825397,0.1301587301587301,Russia 1995,0.040476190476190416,fresh_worse
FA,Russia 1995 Male 35-44 Middle Working Married,0.079646017699115,0.0793182563094067,Russia 1995,-0.00032776138970830315,fresh_better
FA,Russia 1995 Male 45-54 High Working Divorced or separated,0.0933528836754643,0.0816226783968719,Russia 1995,-0.011730205278592393,fresh_better
FA,Russia 1995 Male 45-54 High Working Married,0.0765503875968992,0.0901162790697674,Russia 1995,0.0135658914728682,fresh_worse
FA,Russia 1995 Male 45-54 Middle Working Married,0.1054131054131054,0.0763037284776415,Russia 1995,-0.029109376935463907,fresh_better
FA,Russia 1995 Male 55-64 High Working Married,0.1435626102292769,0.0469135802469135,Russia 1995,-0.09664902998236341,fresh_better
FA,Russia 1995 Male 55-64 Middle Retired Married,0.120558239398819,0.0823403113258185,Russia 1995,-0.03821792807300051,fresh_better
FA,Russia 1995 Male 55-64 Middle Retired Widowed,0.1420054200542005,0.1479674796747968,Russia 1995,0.005962059620596288,fresh_worse
FA,Russia 1995 Male 55-64 Middle Working Married,0.1602254428341384,0.1239935587761674,Russia 1995,-0.036231884057970995,fresh_better
FA,Russia 1995 Male 65-74 Middle Retired Married,0.138914825189335,0.121278140885984,Russia 1995,-0.01763668430335101,fresh_better
FA,Russia 1995 Male <25 High Student Single,0.1261437908496732,0.1396078431372548,Russia 1995,0.013464052287581602,fresh_worse
FA,Russia 1995 Male <25 High Working Single,0.0845123561592152,0.0850782871156385,Russia 1995,0.0005659309564233078,fresh_worse
FA,Russia 1995 Male <25 Middle Working Single,0.1922705314009662,0.1632850241545894,Russia 1995,-0.0289855072463768,fresh_better
FA,Russia 2017 Female 25-34 High Homemaker Divorced or separated,0.224074074074074,0.2379629629629629,Russia 2017,0.013888888888888895,fresh_worse
FA,Russia 2017 Female 25-34 High Homemaker Married,0.2194570135746606,0.1478129713423831,Russia 2017,-0.0716440422322775,fresh_better
FA,Russia 2017 Female 25-34 High Working Divorced or separated,0.1933815192743764,0.241000566893424,Russia 2017,0.04761904761904759,fresh_worse
FA,Russia 2017 Female 25-34 High Working Married,0.0729312762973351,0.0996571606669783,Russia 2017,0.026725884369643196,fresh_worse
FA,Russia 2017 Female 25-34 High Working Single,0.1744949494949494,0.1189393939393939,Russia 2017,-0.0555555555555555,fresh_better
FA,Russia 2017 Female 35-44 High Working Divorced or separated,0.1850778314546431,0.1995705850778314,Russia 2017,0.014492753623188304,fresh_worse
FA,Russia 2017 Female 35-44 High Working Married,0.158670260557053,0.181790955375861,Russia 2017,0.02312069481880802,fresh_worse
FA,Russia 2017 Female 35-44 High Working Single,0.2253086419753086,0.3165784832451498,Russia 2017,0.09126984126984122,fresh_worse
FA,Russia 2017 Female 35-44 Low Homemaker Married,0.1525252525252525,0.1997474747474747,Russia 2017,0.04722222222222219,fresh_worse
FA,Russia 2017 Female 35-44 Middle Homemaker Married,0.1814814814814814,0.1296296296296296,Russia 2017,-0.051851851851851816,fresh_better
FA,Russia 2017 Female 35-44 Middle Working Divorced or separated,0.1412846412846412,0.1477596477596477,Russia 2017,0.006475006475006512,fresh_worse
FA,Russia 2017 Female 45-54 High Working Divorced or separated,0.0544662309368191,0.1451315568962628,Russia 2017,0.09066532595944371,fresh_worse
FA,Russia 2017 Female 45-54 High Working Married,0.1040935672514619,0.1545986177565124,Russia 2017,0.0505050505050505,fresh_worse
FA,Russia 2017 Female 45-54 High Working Widowed,0.1522633744855966,0.1228689006466784,Russia 2017,-0.029394473838918203,fresh_better
FA,Russia 2017 Female 45-54 Middle Working Divorced or separated,0.1198686371100164,0.0744389709906951,Russia 2017,-0.045429666119321296,fresh_better
FA,Russia 2017 Female 45-54 Middle Working Married,0.245679012345679,0.282716049382716,Russia 2017,0.03703703703703701,fresh_worse
FA,Russia 2017 Female 55-64 High Retired Divorced or separated,0.0962148962148962,0.1186813186813186,Russia 2017,0.0224664224664224,fresh_worse
FA,Russia 2017 Female 55-64 High Retired Married,0.0632716049382716,0.0982510288065844,Russia 2017,0.034979423868312806,fresh_worse
FA,Russia 2017 Female 55-64 High Retired Widowed,0.193287037037037,0.1585648148148148,Russia 2017,-0.03472222222222221,fresh_better
FA,Russia 2017 Female 55-64 Middle Retired Married,0.2403846153846153,0.1720085470085469,Russia 2017,-0.06837606837606841,fresh_better
FA,Russia 2017 Female 65-74 High Retired Widowed,0.1127491127491127,0.119028119028119,Russia 2017,0.006279006279006294,fresh_worse
FA,Russia 2017 Female 65-74 Low Retired Widowed,0.2078928823114869,0.104533709184872,Russia 2017,-0.1033591731266149,fresh_better
FA,Russia 2017 Female 65-74 Middle Retired Widowed,0.1396237507348618,0.1204585537918871,Russia 2017,-0.019165196942974708,fresh_better
FA,Russia 2017 Female 75+ Low Retired Widowed,0.2313612313612313,0.1337181337181337,Russia 2017,-0.09764309764309759,fresh_better
FA,Russia 2017 Female <25 High Student Single,0.1107744107744107,0.1195286195286195,Russia 2017,0.008754208754208792,fresh_worse
FA,Russia 2017 Female <25 High Working Single,0.1502645502645502,0.1058201058201058,Russia 2017,-0.04444444444444441,fresh_better
FA,Russia 2017 Female <25 Middle Student Single,0.1186868686868686,0.1102693602693602,Russia 2017,-0.008417508417508407,fresh_better
FA,Russia 2017 Male 25-34 High Working Married,0.2046698872785829,0.1495974235104669,Russia 2017,-0.055072463768116,fresh_better
FA,Russia 2017 Male 25-34 High Working Single,0.1161278335191378,0.108695652173913,Russia 2017,-0.007432181345224803,fresh_better
FA,Russia 2017 Male 25-34 Middle Working Married,0.1294532627865961,0.2529100529100528,Russia 2017,0.1234567901234567,fresh_worse
FA,Russia 2017 Male 25-34 Middle Working Single,0.1216931216931217,0.1048581048581049,Russia 2017,-0.0168350168350168,fresh_better
FA,Russia 2017 Male 35-44 High Working Married,0.104781561747506,0.0772617819057448,Russia 2017,-0.027519779841761197,fresh_better
FA,Russia 2017 Male 35-44 Middle Working Married,0.0857142857142857,0.0834920634920634,Russia 2017,-0.002222222222222306,fresh_better
FA,Russia 2017 Male 45-54 High Working Divorced or separated,0.1094276094276094,0.1060606060606061,Russia 2017,-0.003367003367003296,fresh_better
FA,Russia 2017 Male 45-54 High Working Married,0.0784388507500636,0.0719552504449529,Russia 2017,-0.006483600305110693,fresh_better
FA,Russia 2017 Male 45-54 Middle Unemployed Married,0.1441993464052287,0.2240604575163398,Russia 2017,0.0798611111111111,fresh_worse
FA,Russia 2017 Male 45-54 Middle Working Divorced or separated,0.1454320987654321,0.097037037037037,Russia 2017,-0.04839506172839508,fresh_better
FA,Russia 2017 Male 55-64 High Retired Married,0.0675381263616557,0.0520152505446623,Russia 2017,-0.015522875816993395,fresh_better
FA,Russia 2017 Male 55-64 High Working Divorced or separated,0.1105413105413105,0.1199430199430199,Russia 2017,0.009401709401709396,fresh_worse
FA,Russia 2017 Male 55-64 High Working Married,0.1447811447811448,0.0754769921436588,Russia 2017,-0.06930415263748599,fresh_better
FA,Russia 2017 Male 55-64 Low Retired Married,0.0803703703703703,0.1811111111111111,Russia 2017,0.10074074074074081,fresh_worse
FA,Russia 2017 Male 65-74 High Retired Widowed,0.073268921095008,0.1060118089103596,Russia 2017,0.032742887815351604,fresh_worse
FA,Russia 2017 Male 65-74 Low Retired Widowed,0.1444444444444444,0.1333333333333333,Russia 2017,-0.0111111111111111,fresh_better
FA,Russia 2017 Male <25 High Working Single,0.1571428571428571,0.1597883597883597,Russia 2017,0.00264550264550259,fresh_worse
FA,Russia 2017 Male <25 Middle Student Single,0.0921035080698946,0.1151794050953714,Russia 2017,0.0230758970254768,fresh_worse
FA,United States 1995 Female 25-34 High Unemployed Single,0.0905349794238683,0.1101818664542679,United States 1995,0.0196468870303996,fresh_worse
FA,United States 1995 Female 25-34 High Working Married,0.1382968646395756,0.181869849389031,United States 1995,0.043572984749455396,fresh_worse
FA,United States 1995 Female 25-34 Middle Homemaker Married,0.137495021903624,0.100457984866587,United States 1995,-0.03703703703703701,fresh_better
FA,United States 1995 Female 25-34 Middle Working Married,0.1819898329702252,0.1147421931735657,United States 1995,-0.0672476397966595,fresh_better
FA,United States 1995 Female 25-34 Middle Working Single,0.1888888888888888,0.1425925925925925,United States 1995,-0.04629629629629631,fresh_better
FA,United States 1995 Female 35-44 High Homemaker Married,0.1002849002849003,0.1376068376068376,United States 1995,0.037321937321937296,fresh_worse
FA,United States 1995 Female 35-44 High Working Divorced or separated,0.0814009661835749,0.13743961352657,United States 1995,0.0560386473429951,fresh_worse
FA,United States 1995 Female 35-44 High Working Married,0.1009998876530726,0.0689248399056285,United States 1995,-0.0320750477474441,fresh_better
FA,United States 1995 Female 35-44 Middle Unemployed Married,0.1565656565656565,0.1726236726236726,United States 1995,0.0160580160580161,fresh_worse
FA,United States 1995 Female 35-44 Middle Working Married,0.0926816239316239,0.1116452991452991,United States 1995,0.018963675213675202,fresh_worse
FA,United States 1995 Female 45-54 High Working Married,0.1006807202459376,0.1224198506807202,United States 1995,0.021739130434782594,fresh_worse
FA,United States 1995 Female 45-54 Middle Working Married,0.154320987654321,0.1021604938271605,United States 1995,-0.05216049382716051,fresh_better
FA,United States 1995 Female 55-64 Middle Homemaker Married,0.0796002351557907,0.1005291005291005,United States 1995,0.02092886537330979,fresh_worse
FA,United States 1995 Female 65-74 High Retired Married,0.1851851851851852,0.0747474747474747,United States 1995,-0.1104377104377105,fresh_better
FA,United States 1995 Female 65-74 High Retired Widowed,0.1345941686367218,0.0651431573417389,United States 1995,-0.0694510112949829,fresh_better
FA,United States 1995 Female 65-74 Middle Retired Married,0.1236467236467236,0.1977207977207977,United States 1995,0.0740740740740741,fresh_worse
FA,United States 1995 Female 65-74 Middle Retired Widowed,0.078629431570608,0.0818974054268171,United States 1995,0.003267973856209097,fresh_worse
FA,United States 1995 Female 75+ Middle Retired Widowed,0.1403788846317582,0.1195189442315879,United States 1995,-0.020859940400170307,fresh_better
FA,United States 1995 Female <25 High Working Single,0.0453912559175717,0.0640490114174324,United States 1995,0.0186577554998607,fresh_worse
FA,United States 1995 Male 25-34 High Working Married,0.128424761557621,0.103335155822854,United States 1995,-0.025089605734766998,fresh_better
FA,United States 1995 Male 25-34 High Working Single,0.0967236467236467,0.0824786324786325,United States 1995,-0.01424501424501419,fresh_better
FA,United States 1995 Male 25-34 Middle Working Married,0.1308054085831863,0.1546569244981943,United States 1995,0.023851515915008004,fresh_worse
FA,United States 1995 Male 25-34 Middle Working Single,0.1166805903648008,0.1200222779170147,United States 1995,0.0033416875522138956,fresh_worse
FA,United States 1995 Male 35-44 High Working Married,0.1160130718954248,0.0735294117647059,United States 1995,-0.0424836601307189,fresh_better
FA,United States 1995 Male 35-44 Middle Working Married,0.0863374485596707,0.0782716049382716,United States 1995,-0.008065843621399102,fresh_better
FA,United States 1995 Male 45-54 High Working Divorced or separated,0.0923671497584541,0.0527536231884058,United States 1995,-0.0396135265700483,fresh_better
FA,United States 1995 Male 45-54 High Working Married,0.1503716409376786,0.0470364017533828,United States 1995,-0.1033352391842958,fresh_better
FA,United States 1995 Male 45-54 Middle Working Divorced or separated,0.0522050802555711,0.1206171107994389,United States 1995,0.0684120305438678,fresh_worse
FA,United States 1995 Male 45-54 Middle Working Married,0.0821256038647343,0.0676328502415459,United States 1995,-0.0144927536231884,fresh_better
FA,United States 1995 Male 55-64 High Retired Married,0.0662393162393162,0.1061253561253561,United States 1995,0.039886039886039906,fresh_worse
FA,United States 1995 Male 55-64 High Working Married,0.1705627705627705,0.1265031265031265,United States 1995,-0.04405964405964399,fresh_better
FA,United States 1995 Male 55-64 Middle Retired Married,0.1052188552188552,0.0852974186307519,United States 1995,-0.019921436588103303,fresh_better
FA,United States 1995 Male 55-64 Middle Unemployed Married,0.137037037037037,0.1512345679012345,United States 1995,0.014197530864197477,fresh_worse
FA,United States 1995 Male 55-64 Middle Working Married,0.1267806267806268,0.071937321937322,United States 1995,-0.054843304843304796,fresh_better
FA,United States 1995 Male 65-74 High Retired Married,0.1068199233716475,0.1054406130268199,United States 1995,-0.0013793103448276056,fresh_better
FA,United States 1995 Male 65-74 Middle Retired Married,0.1724564142596928,0.1378480353890189,United States 1995,-0.03460837887067389,fresh_better
FA,United States 1995 Male 75+ Middle Retired Widowed,0.2579365079365079,0.2197420634920635,United States 1995,-0.03819444444444442,fresh_better
FA,United States 1995 Male <25 Middle Student Single,0.1384920634920635,0.1041005291005291,United States 1995,-0.034391534391534404,fresh_better
FA,United States 1995 Male <25 Middle Working Single,0.1035294117647058,0.072156862745098,United States 1995,-0.0313725490196078,fresh_better
FA,United States 2006 Female 25-34 High Working Married,0.0833333333333333,0.1944444444444444,United States 2006,0.11111111111111109,fresh_worse
FA,United States 2006 Female 25-34 High Working Single,0.1893004115226337,0.1687242798353909,United States 2006,-0.020576131687242788,fresh_better
FA,United States 2006 Female 25-34 Middle Homemaker Married,0.2626262626262626,0.1868686868686868,United States 2006,-0.0757575757575758,fresh_better
FA,United States 2006 Female 25-34 Middle Working Single,0.128831417624521,0.122485632183908,United States 2006,-0.006345785440612997,fresh_better
FA,United States 2006 Female 35-44 High Homemaker Married,0.1333333333333333,0.0977777777777778,United States 2006,-0.03555555555555551,fresh_better
FA,United States 2006 Female 35-44 High Working Married,0.1111111111111111,0.0466524216524216,United States 2006,-0.0644586894586895,fresh_better
FA,United States 2006 Female 35-44 High Working Single,0.0925925925925926,0.1342592592592593,United States 2006,0.0416666666666667,fresh_worse
FA,United States 2006 Female 35-44 Middle Homemaker Married,0.2410569105691057,0.1895663956639567,United States 2006,-0.051490514905149,fresh_better
FA,United States 2006 Female 35-44 Middle Working Married,0.1414768806073153,0.1045548654244306,United States 2006,-0.03692201518288471,fresh_better
FA,United States 2006 Female 45-54 High Working Divorced or separated,0.091636798088411,0.0550776583034647,United States 2006,-0.03655913978494631,fresh_better
FA,United States 2006 Female 45-54 Middle Working Married,0.1207885304659498,0.1262843488649939,United States 2006,0.005495818399044103,fresh_worse
FA,United States 2006 Female 55-64 Middle Homemaker Married,0.1884057971014492,0.1352657004830917,United States 2006,-0.0531400966183575,fresh_better
FA,United States 2006 Female 55-64 Middle Retired Married,0.1111111111111111,0.1783625730994152,United States 2006,0.06725146198830409,fresh_worse
FA,United States 2006 Female 55-64 Middle Working Divorced or separated,0.1051051051051051,0.0990990990990991,United States 2006,-0.0060060060060059955,fresh_better
FA,United States 2006 Female 55-64 Middle Working Married,0.1246913580246913,0.1524691358024691,United States 2006,0.02777777777777779,fresh_worse
FA,United States 2006 Female 65-74 Middle Retired Divorced or separated,0.1339719029374201,0.1455938697318007,United States 2006,0.0116219667943806,fresh_worse
FA,United States 2006 Female 65-74 Middle Retired Married,0.1317801672640382,0.1078853046594982,United States 2006,-0.023894862604540018,fresh_better
FA,United States 2006 Female 65-74 Middle Retired Widowed,0.0546284410212523,0.1109684781058337,United States 2006,0.0563400370845814,fresh_worse
FA,United States 2006 Female <25 Middle NA Single,0.1024691358024691,0.1141975308641975,United States 2006,0.011728395061728403,fresh_worse
FA,United States 2006 Female <25 Middle Working Single,0.1459829059829059,0.1082051282051282,United States 2006,-0.03777777777777769,fresh_better
FA,United States 2006 Male 25-34 High Working Married,0.0668430335097001,0.0427689594356261,United States 2006,-0.024074074074073998,fresh_better
FA,United States 2006 Male 25-34 Middle Working Married,0.1343873517786561,0.2068511198945981,United States 2006,0.07246376811594199,fresh_worse
FA,United States 2006 Male 35-44 High Working Married,0.065359477124183,0.0588235294117646,United States 2006,-0.006535947712418395,fresh_better
FA,United States 2006 Male 35-44 High Working Single,0.0400079223608635,0.0803129332541097,United States 2006,0.040305010893246195,fresh_worse
FA,United States 2006 Male 35-44 Middle Working Married,0.095704948646125,0.0932773109243697,United States 2006,-0.0024276377217553047,fresh_better
FA,United States 2006 Male 35-44 Middle Working Single,0.0715488215488215,0.0439814814814814,United States 2006,-0.0275673400673401,fresh_better
FA,United States 2006 Male 45-54 High Working Divorced or separated,0.1626984126984126,0.0952380952380952,United States 2006,-0.06746031746031739,fresh_better
FA,United States 2006 Male 45-54 High Working Married,0.0858657803102247,0.0899810066476733,United States 2006,0.00411522633744861,fresh_worse
FA,United States 2006 Male 45-54 Middle NA Married,0.1464646464646464,0.1036556036556036,United States 2006,-0.04280904280904281,fresh_better
FA,United States 2006 Male 45-54 Middle Working Divorced or separated,0.1203703703703703,0.0865079365079364,United States 2006,-0.0338624338624339,fresh_better
FA,United States 2006 Male 45-54 Middle Working Married,0.0912698412698412,0.0892857142857142,United States 2006,-0.001984126984126991,fresh_better
FA,United States 2006 Male 55-64 Middle Retired Divorced or separated,0.1601307189542483,0.0971988795518207,United States 2006,-0.0629318394024276,fresh_better
FA,United States 2006 Male 55-64 Middle Retired Married,0.0849673202614379,0.0522875816993464,United States 2006,-0.0326797385620915,fresh_better
FA,United States 2006 Male 65-74 High Retired Married,0.1666666666666666,0.0648148148148148,United States 2006,-0.1018518518518518,fresh_better
FA,United States 2006 Male 65-74 Middle Retired Married,0.0844444444444444,0.0666666666666666,United States 2006,-0.01777777777777781,fresh_better
FA,United States 2006 Male 75+ Middle Retired Married,0.0732826843937955,0.0577714466603355,United States 2006,-0.015511237733459998,fresh_better
FA,United States 2006 Male <25 Middle Working Single,0.0962962962962963,0.0794612794612794,United States 2006,-0.016835016835016897,fresh_better
FA,United States 2017 Female 25-34 High Homemaker Married,0.123015873015873,0.0793650793650793,United States 2017,-0.04365079365079369,fresh_better
FA,United States 2017 Female 25-34 High Working Cohabiting,0.0474503488996242,0.0730005367686527,United States 2017,0.025550187869028504,fresh_worse
FA,United States 2017 Female 25-34 High Working Married,0.035863619085395,0.0554150759416266,United States 2017,0.019551456856231594,fresh_worse
FA,United States 2017 Female 25-34 High Working Single,0.0809842331581462,0.09174762435632,United States 2017,0.010763391198173808,fresh_worse
FA,United States 2017 Female 25-34 Middle Homemaker Cohabiting,0.0880116959064327,0.081578947368421,United States 2017,-0.006432748538011693,fresh_better
FA,United States 2017 Female 25-34 Middle Homemaker Married,0.1349650349650349,0.065034965034965,United States 2017,-0.0699300699300699,fresh_better
FA,United States 2017 Female 25-34 Middle Working Cohabiting,0.0394680394680395,0.0495066495066494,United States 2017,0.010038610038609903,fresh_worse
FA,United States 2017 Female 25-34 Middle Working Married,0.0592592592592592,0.0518518518518518,United States 2017,-0.007407407407407397,fresh_better
FA,United States 2017 Female 25-34 Middle Working Single,0.043917435221783,0.0720245937637242,United States 2017,0.028107158541941207,fresh_worse
FA,United States 2017 Female 35-44 High Homemaker Married,0.0548792270531401,0.0852173913043478,United States 2017,0.0303381642512077,fresh_worse
FA,United States 2017 Female 35-44 High Working Divorced or separated,0.1494252873563218,0.10727969348659,United States 2017,-0.042145593869731796,fresh_better
FA,United States 2017 Female 35-44 High Working Married,0.0543209876543209,0.0518518518518518,United States 2017,-0.0024691358024690954,fresh_better
FA,United States 2017 Female 35-44 Middle Homemaker Married,0.1132872503840246,0.0482590885816692,United States 2017,-0.0650281618023554,fresh_better
FA,United States 2017 Female 35-44 Middle Working Married,0.0710144927536232,0.0913043478260869,United States 2017,0.020289855072463697,fresh_worse
FA,United States 2017 Female 45-54 High Homemaker Married,0.1143589743589743,0.1073504273504273,United States 2017,-0.007008547008547,fresh_better
FA,United States 2017 Female 45-54 High Working Married,0.1267806267806268,0.1023391812865497,United States 2017,-0.02444144549407709,fresh_better
FA,United States 2017 Female 45-54 Middle Unemployed Divorced or separated,0.137037037037037,0.0962962962962963,United States 2017,-0.040740740740740716,fresh_better
FA,United States 2017 Female 45-54 Middle Working Divorced or separated,0.0959909377462569,0.0819542947202521,United States 2017,-0.014036643026004797,fresh_better
FA,United States 2017 Female 45-54 Middle Working Married,0.1643763213530655,0.1643763213530655,United States 2017,0.0,unchanged
FA,United States 2017 Female 45-54 Middle Working Single,0.1148989898989899,0.1279461279461279,United States 2017,0.013047138047137988,fresh_worse
FA,United States 2017 Female 55-64 High Working Divorced or separated,0.0421455938697317,0.0727969348659004,United States 2017,0.030651340996168702,fresh_worse
FA,United States 2017 Female 55-64 Middle Retired Married,0.1457115009746588,0.0969785575048732,United States 2017,-0.048732943469785586,fresh_better
FA,United States 2017 Female 55-64 Middle Working Married,0.1161616161616161,0.1445406445406445,United States 2017,0.028379028379028393,fresh_worse
FA,United States 2017 Female 65-74 Middle Retired Divorced or separated,0.1565656565656565,0.0858585858585858,United States 2017,-0.07070707070707069,fresh_better
FA,United States 2017 Female 65-74 Middle Retired Married,0.1565656565656566,0.2222222222222222,United States 2017,0.06565656565656561,fresh_worse
FA,United States 2017 Female 65-74 Middle Retired Widowed,0.131922944616443,0.1652906776745785,United States 2017,0.03336773305813551,fresh_worse
FA,United States 2017 Female <25 High Unemployed Single,0.0426065162907268,0.0534670008354218,United States 2017,0.010860484544695001,fresh_worse
FA,United States 2017 Female <25 High Working Single,0.0709876543209876,0.0537037037037037,United States 2017,-0.017283950617283897,fresh_better
FA,United States 2017 Female <25 Middle Unemployed Single,0.1022951142631993,0.0536840031520882,United States 2017,-0.048611111111111105,fresh_better
FA,United States 2017 Female <25 Middle Working Single,0.0753277455405114,0.0813453685794111,United States 2017,0.006017623038899703,fresh_worse
FA,United States 2017 Male 25-34 High Unemployed Single,0.0694444444444444,0.1574074074074074,United States 2017,0.087962962962963,fresh_worse
FA,United States 2017 Male 25-34 High Working Cohabiting,0.162962962962963,0.137037037037037,United States 2017,-0.02592592592592599,fresh_better
FA,United States 2017 Male 25-34 High Working Married,0.0545443469785575,0.0495248538011695,United States 2017,-0.005019493177388,fresh_better
FA,United States 2017 Male 25-34 High Working Single,0.0407407407407407,0.0703703703703703,United States 2017,0.029629629629629603,fresh_worse
FA,United States 2017 Male 25-34 Middle Working Married,0.0772458453100737,0.0491294148742855,United States 2017,-0.028116430435788195,fresh_better
FA,United States 2017 Male 25-34 Middle Working Single,0.0494223363286264,0.0802310654685494,United States 2017,0.030808729139922997,fresh_worse
FA,United States 2017 Male 35-44 High Working Divorced or separated,0.0846560846560846,0.1216931216931217,United States 2017,0.037037037037037104,fresh_worse
FA,United States 2017 Male 35-44 High Working Married,0.055026455026455,0.0338624338624338,United States 2017,-0.021164021164021198,fresh_better
FA,United States 2017 Male 35-44 High Working Single,0.0990990990990991,0.09009009009009,United States 2017,-0.009009009009009097,fresh_better
FA,United States 2017 Male 35-44 Middle Working Married,0.0716049382716049,0.0617283950617283,United States 2017,-0.009876543209876597,fresh_better
FA,United States 2017 Male 45-54 High Unemployed Divorced or separated,0.0656565656565656,0.0505050505050505,United States 2017,-0.015151515151515096,fresh_better
FA,United States 2017 Male 45-54 High Working Divorced or separated,0.0909090909090909,0.0757575757575757,United States 2017,-0.015151515151515194,fresh_better
FA,United States 2017 Male 45-54 High Working Married,0.0285285285285285,0.033033033033033,United States 2017,0.004504504504504504,fresh_worse
FA,United States 2017 Male 45-54 Middle NA Married,0.1538011695906432,0.0807017543859648,United States 2017,-0.07309941520467839,fresh_better
FA,United States 2017 Male 45-54 Middle Unemployed Married,0.0722222222222222,0.0833333333333333,United States 2017,0.0111111111111111,fresh_worse
FA,United States 2017 Male 45-54 Middle Working Divorced or separated,0.0687553381473716,0.1182545228666821,United States 2017,0.0494991847193105,fresh_worse
FA,United States 2017 Male 45-54 Middle Working Married,0.1111111111111111,0.1273712737127371,United States 2017,0.016260162601625994,fresh_worse
FA,United States 2017 Male 45-54 Middle Working Single,0.078078078078078,0.081081081081081,United States 2017,0.0030030030030030047,fresh_worse
FA,United States 2017 Male 55-64 High Retired Married,0.08130081300813,0.05420054200542,United States 2017,-0.027100271002709994,fresh_better
FA,United States 2017 Male 55-64 High Working Divorced or separated,0.123015873015873,0.1388888888888889,United States 2017,0.0158730158730159,fresh_worse
FA,United States 2017 Male 55-64 High Working Married,0.1184549108046375,0.0990545580709514,United States 2017,-0.019400352733686108,fresh_better
FA,United States 2017 Male 55-64 High Working Single,0.0823045267489712,0.2139917695473251,United States 2017,0.13168724279835392,fresh_worse
FA,United States 2017 Male 55-64 Middle Retired Divorced or separated,0.0921900161030595,0.0869565217391304,United States 2017,-0.0052334943639291,fresh_better
FA,United States 2017 Male 55-64 Middle Retired Married,0.2407407407407407,0.037037037037037,United States 2017,-0.2037037037037037,fresh_better
FA,United States 2017 Male 55-64 Middle Working Married,0.20671834625323,0.0645994832041343,United States 2017,-0.14211886304909568,fresh_better
FA,United States 2017 Male 65-74 High Retired Married,0.1111111111111111,0.1228956228956228,United States 2017,0.01178451178451169,fresh_worse
FA,United States 2017 Male 65-74 High Retired Widowed,0.1489695340501792,0.0711245519713261,United States 2017,-0.07784498207885311,fresh_better
FA,United States 2017 Male 65-74 High Working Married,0.0533333333333333,0.0755555555555555,United States 2017,0.0222222222222222,fresh_worse
FA,United States 2017 Male 65-74 Middle Retired Married,0.0959164292497625,0.0880025324469768,United States 2017,-0.007913896802785703,fresh_better
FA,United States 2017 Male 65-74 Middle Retired Widowed,0.1851851851851851,0.2016460905349794,United States 2017,0.016460905349794303,fresh_worse
FA,United States 2017 Male 75+ Middle Retired Married,0.1111111111111111,0.1055555555555555,United States 2017,-0.005555555555555605,fresh_better
FA,United States 2017 Male <25 High Working Single,0.0538720538720538,0.1077441077441077,United States 2017,0.0538720538720539,fresh_worse
FA,United States 2017 Male <25 Middle Unemployed Single,0.0769685397344972,0.0680123658847063,United States 2017,-0.008956173849790902,fresh_better
FA,United States 2017 Male <25 Middle Working Single,0.0618085618085618,0.06000481000481,United States 2017,-0.0018037518037518005,fresh_better
NTP,Australia 1995 Female 25-34 High Homemaker Married,0.1015790001469044,0.1007115566583851,Australia 1995,-0.00086744348851929,fresh_better
NTP,Australia 1995 Female 25-34 High Working Cohabiting,0.0927850203578149,0.0935864580333231,Australia 1995,0.000801437675508207,fresh_worse
NTP,Australia 1995 Female 25-34 High Working Divorced or separated,0.0745904729478574,0.0737867741917688,Australia 1995,-0.0008036987560886,fresh_better
NTP,Australia 1995 Female 25-34 High Working Married,0.0893303485671787,0.0882934869014004,Australia 1995,-0.0010368616657782936,fresh_better
NTP,Australia 1995 Female 25-34 High Working Single,0.1151685901754904,0.1155484719813551,Australia 1995,0.000379881805864693,fresh_worse
NTP,Australia 1995 Female 25-34 Middle Homemaker Divorced or separated,0.0881789853210522,0.0877524877826439,Australia 1995,-0.00042649753840830196,fresh_better
NTP,Australia 1995 Female 25-34 Middle Homemaker Married,0.1295058777313028,0.1279538164894274,Australia 1995,-0.0015520612418753743,fresh_better
NTP,Australia 1995 Female 25-34 Middle Working Divorced or separated,0.0925441691185264,0.0914028374358727,Australia 1995,-0.0011413316826537068,fresh_better
NTP,Australia 1995 Female 25-34 Middle Working Married,0.0491126355829618,0.047884172335431,Australia 1995,-0.0012284632475308005,fresh_better
NTP,Australia 1995 Female 35-44 High Working Married,0.0947980972422636,0.0932500044834886,Australia 1995,-0.001548092758775002,fresh_better
NTP,Australia 1995 Female 35-44 Middle Homemaker Married,0.0992021047820647,0.099797136955926,Australia 1995,0.0005950321738612957,fresh_worse
NTP,Australia 1995 Female 35-44 Middle Working Married,0.07787251045156,0.0773320972379252,Australia 1995,-0.0005404132136348078,fresh_better
NTP,Australia 1995 Female 45-54 High Homemaker Married,0.0790911976135138,0.0798159871621482,Australia 1995,0.0007247895486344053,fresh_worse
NTP,Australia 1995 Female 45-54 High Retired Divorced or separated,0.0392469661614669,0.0383346712759624,Australia 1995,-0.0009122948855044971,fresh_better
NTP,Australia 1995 Female 45-54 High Working Married,0.0443735691664898,0.0431641990925466,Australia 1995,-0.0012093700739432,fresh_better
NTP,Australia 1995 Female 45-54 Middle Homemaker Married,0.0910920618291243,0.0897513575730369,Australia 1995,-0.0013407042560873994,fresh_better
NTP,Australia 1995 Female 45-54 Middle Working Divorced or separated,0.0678371811791519,0.0678788778582271,Australia 1995,4.169667907520658e-05,fresh_worse
NTP,Australia 1995 Female 45-54 Middle Working Married,0.0562220020265797,0.0561405629858385,Australia 1995,-8.143904074119773e-05,fresh_better
NTP,Australia 1995 Female 55-64 Middle Retired Married,0.0812995986796506,0.0822735289990028,Australia 1995,0.0009739303193521953,fresh_worse
NTP,Australia 1995 Female 65-74 Middle Retired Married,0.07432229849378,0.0737666047364077,Australia 1995,-0.0005556937573722998,fresh_better
NTP,Australia 1995 Female 65-74 Middle Retired Widowed,0.0820990083423866,0.0824517724134074,Australia 1995,0.0003527640710207919,fresh_worse
NTP,Australia 1995 Female 75+ Middle Retired Widowed,0.068618579258825,0.069044219369415,Australia 1995,0.0004256401105900004,fresh_worse
NTP,Australia 1995 Female <25 High Student Single,0.1202970587682738,0.1208570549688569,Australia 1995,0.0005599962005830988,fresh_worse
NTP,Australia 1995 Female <25 High Working Single,0.06902837973134,0.0690592460042033,Australia 1995,3.086627286329191e-05,fresh_worse
NTP,Australia 1995 Female <25 Middle Student Single,0.0560226189777439,0.0553324029213871,Australia 1995,-0.0006902160563568016,fresh_better
NTP,Australia 1995 Female <25 Middle Working Single,0.0782556430768896,0.0769246066470916,Australia 1995,-0.0013310364297980104,fresh_better
NTP,Australia 1995 Male 25-34 High Working Cohabiting,0.0777681801188602,0.0779343182558254,Australia 1995,0.0001661381369651993,fresh_worse
NTP,Australia 1995 Male 25-34 High Working Married,0.0528928671768812,0.051008312150584,Australia 1995,-0.0018845550262972036,fresh_better
NTP,Australia 1995 Male 25-34 High Working Single,0.1065675807266803,0.1062186403637914,Australia 1995,-0.0003489403628888915,fresh_better
NTP,Australia 1995 Male 25-34 Middle Working Cohabiting,0.1062646816585803,0.1060570411233472,Australia 1995,-0.00020764053523310289,fresh_better
NTP,Australia 1995 Male 25-34 Middle Working Married,0.0987664287476003,0.0976100446715046,Australia 1995,-0.0011563840760957095,fresh_better
NTP,Australia 1995 Male 25-34 Middle Working Single,0.0742777329352166,0.0713393668237523,Australia 1995,-0.002938366111464294,fresh_better
NTP,Australia 1995 Male 35-44 High Working Married,0.0714102917090824,0.0715042845329273,Australia 1995,9.399282384489616e-05,fresh_worse
NTP,Australia 1995 Male 35-44 Middle NA Married,0.0529809683797851,0.0526459017750477,Australia 1995,-0.00033506660473740096,fresh_better
NTP,Australia 1995 Male 35-44 Middle Working Married,0.0842169293117019,0.0849800199083381,Australia 1995,0.0007630905966362067,fresh_worse
NTP,Australia 1995 Male 45-54 High Working Cohabiting,0.0774694399485568,0.0752014193396111,Australia 1995,-0.002268020608945709,fresh_better
NTP,Australia 1995 Male 45-54 High Working Married,0.0482771933381439,0.0474305036098265,Australia 1995,-0.0008466897283173971,fresh_better
NTP,Australia 1995 Male 45-54 Middle Retired Married,0.0955075808019951,0.0957520302183372,Australia 1995,0.0002444494163420935,fresh_worse
NTP,Australia 1995 Male 45-54 Middle Working Married,0.0854179985398685,0.0874009229574893,Australia 1995,0.001982924417620796,fresh_worse
NTP,Australia 1995 Male 55-64 Middle Retired Divorced or separated,0.0591727400985415,0.0587900245527988,Australia 1995,-0.0003827155457426998,fresh_better
NTP,Australia 1995 Male 55-64 Middle Retired Married,0.0894808695141012,0.0882483359827237,Australia 1995,-0.0012325335313774916,fresh_better
NTP,Australia 1995 Male 55-64 Middle Working Married,0.0794328121054502,0.0798881147523824,Australia 1995,0.0004553026469322069,fresh_worse
NTP,Australia 1995 Male 65-74 High Retired Married,0.06755909723453,0.0667358733252318,Australia 1995,-0.0008232239092982041,fresh_better
NTP,Australia 1995 Male 65-74 Middle Retired Married,0.063378011758378,0.0628592188391391,Australia 1995,-0.0005187929192388974,fresh_better
NTP,Australia 1995 Male 65-74 Middle Retired Widowed,0.060962296869456,0.0606237139519996,Australia 1995,-0.0003385829174563995,fresh_better
NTP,Australia 1995 Male 75+ Middle Retired Married,0.0676212156977917,0.0701846598358609,Australia 1995,0.002563444138069207,fresh_worse
NTP,Australia 1995 Male <25 High Student Single,0.0775081035832631,0.0754920070058376,Australia 1995,-0.002016096577425505,fresh_better
NTP,Australia 1995 Male <25 High Working Single,0.0857715854170726,0.084410192994443,Australia 1995,-0.001361392422629601,fresh_better
NTP,Australia 1995 Male <25 Middle Student Single,0.0623488631205596,0.0615727105482896,Australia 1995,-0.0007761525722700044,fresh_better
NTP,Australia 1995 Male <25 Middle Working Single,0.0864826115837645,0.0857575705340463,Australia 1995,-0.0007250410497181975,fresh_better
NTP,Australia 2005 Female 25-34 High Homemaker Married,0.0849586718360505,0.0839740750480061,Australia 2005,-0.0009845967880444118,fresh_better
NTP,Australia 2005 Female 25-34 High Working Cohabiting,0.0524508734504696,0.0511533477759032,Australia 2005,-0.0012975256745664035,fresh_better
NTP,Australia 2005 Female 25-34 High Working Married,0.08522051524258,0.0813299943466586,Australia 2005,-0.003890520895921401,fresh_better
NTP,Australia 2005 Female 25-34 High Working Single,0.0778109766370444,0.0733479731023,Australia 2005,-0.004463003534744395,fresh_better
NTP,Australia 2005 Female 35-44 High Working Divorced or separated,0.0637042453077218,0.0628927600381186,Australia 2005,-0.0008114852696032016,fresh_better
NTP,Australia 2005 Female 35-44 High Working Married,0.0601435525174911,0.0588563019868181,Australia 2005,-0.0012872505306730023,fresh_better
NTP,Australia 2005 Female 35-44 Middle Working Married,0.1136732964822346,0.1125486977276104,Australia 2005,-0.0011245987546242009,fresh_better
NTP,Australia 2005 Female 45-54 High Working Married,0.0392763757522532,0.0385158518936255,Australia 2005,-0.0007605238586277027,fresh_better
NTP,Australia 2005 Female 45-54 Middle Retired Single,0.0991707208991786,0.0990955488789856,Australia 2005,-7.51720201929984e-05,fresh_better
NTP,Australia 2005 Female 45-54 Middle Working Married,0.0431235076162463,0.0429683384223577,Australia 2005,-0.00015516919388860323,fresh_better
NTP,Australia 2005 Female 55-64 High Working Married,0.0602098799584253,0.0620782009732832,Australia 2005,0.0018683210148578988,fresh_worse
NTP,Australia 2005 Female 55-64 Middle Homemaker Married,0.0886476990094202,0.0867924675159929,Australia 2005,-0.0018552314934272979,fresh_better
NTP,Australia 2005 Female 55-64 Middle Retired Divorced or separated,0.111121383967039,0.1114999737632014,Australia 2005,0.0003785897961623985,fresh_worse
NTP,Australia 2005 Female 55-64 Middle Retired Married,0.0537535232358747,0.0522502689280473,Australia 2005,-0.001503254307827398,fresh_better
NTP,Australia 2005 Female 55-64 Middle Working Married,0.0461626134480895,0.045430192733209,Australia 2005,-0.0007324207148804995,fresh_better
NTP,Australia 2005 Female 65-74 High Retired Married,0.0460875334384325,0.0467031321126188,Australia 2005,0.000615598674186299,fresh_worse
NTP,Australia 2005 Female 65-74 High Retired Widowed,0.0323298734758485,0.0325982397009803,Australia 2005,0.00026836622513180114,fresh_worse
NTP,Australia 2005 Female 65-74 Middle Retired Married,0.0962398453766122,0.0970186139384167,Australia 2005,0.0007787685618044909,fresh_worse
NTP,Australia 2005 Female 65-74 Middle Retired Widowed,0.1010024310711007,0.0989548676923977,Australia 2005,-0.0020475633787030018,fresh_better
NTP,Australia 2005 Female 75+ Middle Retired Widowed,0.1113536837452661,0.1113248764158929,Australia 2005,-2.8807329373187196e-05,fresh_better
NTP,Australia 2005 Female <25 High Working Single,0.0716395955041959,0.0709843962278145,Australia 2005,-0.0006551992763813991,fresh_better
NTP,Australia 2005 Male 25-34 High Working Married,0.0511987563529397,0.0527455192534166,Australia 2005,0.0015467629004768946,fresh_worse
NTP,Australia 2005 Male 25-34 High Working Single,0.0910695249362596,0.0884849555371565,Australia 2005,-0.0025845693991030927,fresh_better
NTP,Australia 2005 Male 35-44 High Working Married,0.0751368681605994,0.0743173403909775,Australia 2005,-0.0008195277696219083,fresh_better
NTP,Australia 2005 Male 35-44 Middle Working Married,0.0816976297267999,0.0812027960714525,Australia 2005,-0.0004948336553474014,fresh_better
NTP,Australia 2005 Male 35-44 Middle Working Single,0.0785113517283165,0.0790787065150476,Australia 2005,0.000567354786731103,fresh_worse
NTP,Australia 2005 Male 45-54 High Working Divorced or separated,0.0549101610386317,0.0537304202544219,Australia 2005,-0.0011797407842097998,fresh_better
NTP,Australia 2005 Male 45-54 High Working Married,0.0478592294148909,0.0458746762890527,Australia 2005,-0.001984553125838201,fresh_better
NTP,Australia 2005 Male 45-54 Middle Working Married,0.0756416663007681,0.0765880892115318,Australia 2005,0.0009464229107637029,fresh_worse
NTP,Australia 2005 Male 55-64 High Retired Married,0.0417565509658936,0.0420725969630868,Australia 2005,0.0003160459971932039,fresh_worse
NTP,Australia 2005 Male 55-64 High Working Married,0.041584216405948,0.0419997536781798,Australia 2005,0.00041553727223180015,fresh_worse
NTP,Australia 2005 Male 55-64 Middle Working Married,0.0893255689581812,0.0914137719892541,Australia 2005,0.002088203031072905,fresh_worse
NTP,Australia 2005 Male 65-74 High Retired Married,0.0606054899696674,0.0614541029911505,Australia 2005,0.0008486130214830981,fresh_worse
NTP,Australia 2005 Male 65-74 Middle Retired Married,0.0751326841322577,0.0749665224647786,Australia 2005,-0.00016616166747909777,fresh_better
NTP,Australia 2005 Male 75+ Middle Retired Married,0.0534426070253054,0.0535298685757906,Australia 2005,8.726155048519729e-05,fresh_worse
NTP,Australia 2005 Male <25 High Working Single,0.0398493033066122,0.039080337568284,Australia 2005,-0.0007689657383281936,fresh_better
NTP,Australia 2018 Female 25-34 High Working Cohabiting,0.0989231771583355,0.0981619557602152,Australia 2018,-0.0007612213981202931,fresh_better
NTP,Australia 2018 Female 25-34 High Working Married,0.0263184508751433,0.0267657329041714,Australia 2018,0.0004472820290281031,fresh_worse
NTP,Australia 2018 Female 25-34 High Working Single,0.0902841600479701,0.0890955547936003,Australia 2018,-0.0011886052543697984,fresh_better
NTP,Australia 2018 Female 25-34 Middle Working Married,0.1093413317003415,0.1087319030224908,Australia 2018,-0.0006094286778506874,fresh_better
NTP,Australia 2018 Female 35-44 High Homemaker Married,0.0797006895484035,0.0816249166099388,Australia 2018,0.0019242270615353052,fresh_worse
NTP,Australia 2018 Female 35-44 High Working Cohabiting,0.1441484257736792,0.1440852746181547,Australia 2018,-6.315115552449346e-05,fresh_better
NTP,Australia 2018 Female 35-44 High Working Married,0.0664412326848519,0.0654313000932429,Australia 2018,-0.001009932591609003,fresh_better
NTP,Australia 2018 Female 35-44 High Working Single,0.1219972814703033,0.1201850673230525,Australia 2018,-0.0018122141472508013,fresh_better
NTP,Australia 2018 Female 35-44 Middle Homemaker Married,0.108651633841878,0.108518336180619,Australia 2018,-0.00013329766125899645,fresh_better
NTP,Australia 2018 Female 35-44 Middle Working Married,0.0813055964287492,0.0792740763109659,Australia 2018,-0.002031520117783292,fresh_better
NTP,Australia 2018 Female 45-54 High Working Married,0.0586788478517891,0.0581629234687291,Australia 2018,-0.0005159243830599944,fresh_better
NTP,Australia 2018 Female 45-54 Middle Working Cohabiting,0.1231925023600509,0.123954929639849,Australia 2018,0.0007624272797980974,fresh_worse
NTP,Australia 2018 Female 45-54 Middle Working Married,0.0675488740789017,0.0673917814389957,Australia 2018,-0.00015709263990600075,fresh_better
NTP,Australia 2018 Female 55-64 High Working Divorced or separated,0.132933682731322,0.1348238707232118,Australia 2018,0.001890187991889808,fresh_worse
NTP,Australia 2018 Female 55-64 High Working Married,0.0698723397025513,0.0709524451845465,Australia 2018,0.0010801054819952055,fresh_worse
NTP,Australia 2018 Female 55-64 Middle Retired Married,0.1043247571033942,0.104665832531047,Australia 2018,0.0003410754276527983,fresh_worse
NTP,Australia 2018 Female 55-64 Middle Working Divorced or separated,0.080104209360793,0.0792835113900447,Australia 2018,-0.0008206979707482964,fresh_better
NTP,Australia 2018 Female 55-64 Middle Working Married,0.0508737499367429,0.0521459058508065,Australia 2018,0.0012721559140635996,fresh_worse
NTP,Australia 2018 Female 55-64 Middle Working Widowed,0.076102672233468,0.0760503670693296,Australia 2018,-5.230516413839981e-05,fresh_better
NTP,Australia 2018 Female 65-74 High Retired Married,0.0632319371866923,0.0640286329480963,Australia 2018,0.0007966957614039955,fresh_worse
NTP,Australia 2018 Female 65-74 High Retired Widowed,0.0849653230203936,0.0859355776057313,Australia 2018,0.0009702545853376987,fresh_worse
NTP,Australia 2018 Female 65-74 Low Retired Married,0.0807935412823929,0.0806522008721323,Australia 2018,-0.00014134041026059307,fresh_better
NTP,Australia 2018 Female 65-74 Middle Retired Divorced or separated,0.0693455951677222,0.0694513222584188,Australia 2018,0.00010572709069660291,fresh_worse
NTP,Australia 2018 Female 65-74 Middle Retired Married,0.0855626994963446,0.0864013553511592,Australia 2018,0.0008386558548146017,fresh_worse
NTP,Australia 2018 Female 65-74 Middle Retired Widowed,0.0685576726886107,0.0688759112168205,Australia 2018,0.0003182385282098077,fresh_worse
NTP,Australia 2018 Female 75+ Low Retired Widowed,0.0934947644153057,0.0930607745328419,Australia 2018,-0.0004339898824638061,fresh_better
NTP,Australia 2018 Female 75+ Middle Retired Married,0.0814264635481531,0.0807251952185621,Australia 2018,-0.0007012683295909983,fresh_better
NTP,Australia 2018 Female 75+ Middle Retired Widowed,0.0582428903531546,0.0580641192934925,Australia 2018,-0.00017877105966210283,fresh_better
NTP,Australia 2018 Female <25 Middle Student Single,0.0929783028562785,0.0921829814056692,Australia 2018,-0.0007953214506093015,fresh_better
NTP,Australia 2018 Female <25 Middle Working Single,0.0953182400984774,0.0946777731860704,Australia 2018,-0.0006404669124070034,fresh_better
NTP,Australia 2018 Male 25-34 High Working Married,0.0734790818440536,0.0730315893462535,Australia 2018,-0.0004474924978001005,fresh_better
NTP,Australia 2018 Male 25-34 High Working Single,0.0720579234289012,0.0719475582932046,Australia 2018,-0.00011036513569660789,fresh_better
NTP,Australia 2018 Male 35-44 High Working Married,0.0263936404371633,0.0273245875978682,Australia 2018,0.0009309471607048987,fresh_worse
NTP,Australia 2018 Male 35-44 Middle Working Married,0.0517073035394902,0.0510946262415719,Australia 2018,-0.0006126772979183001,fresh_better
NTP,Australia 2018 Male 45-54 High Working Married,0.04629106246322,0.0477545147646614,Australia 2018,0.0014634523014414036,fresh_worse
NTP,Australia 2018 Male 45-54 Middle Working Married,0.0392051011166243,0.0388158297276828,Australia 2018,-0.0003892713889415006,fresh_better
NTP,Australia 2018 Male 45-54 Middle Working Single,0.0489525625520925,0.0490309353225889,Australia 2018,7.837277049639602e-05,fresh_worse
NTP,Australia 2018 Male 55-64 High Unemployed Married,0.0661874159185028,0.0666612363427711,Australia 2018,0.00047382042426830084,fresh_worse
NTP,Australia 2018 Male 55-64 High Working Married,0.0562555202862384,0.0555896039481597,Australia 2018,-0.0006659163380786995,fresh_better
NTP,Australia 2018 Male 55-64 Middle Working Divorced or separated,0.0578318860033276,0.057908776317059,Australia 2018,7.68903137313981e-05,fresh_worse
NTP,Australia 2018 Male 55-64 Middle Working Married,0.0427694039557921,0.0433523118477267,Australia 2018,0.0005829078919345962,fresh_worse
NTP,Australia 2018 Male 65-74 High Retired Divorced or separated,0.0575538446455692,0.0584834552249182,Australia 2018,0.0009296105793489967,fresh_worse
NTP,Australia 2018 Male 65-74 High Retired Married,0.0501878933301047,0.0496326129978235,Australia 2018,-0.0005552803322812008,fresh_better
NTP,Australia 2018 Male 65-74 Low Retired Married,0.1126237930001791,0.1129557689216971,Australia 2018,0.00033197592151799904,fresh_worse
NTP,Australia 2018 Male 65-74 Middle Retired Divorced or separated,0.0753910334372108,0.0751436464369643,Australia 2018,-0.00024738700024649896,fresh_better
NTP,Australia 2018 Male 65-74 Middle Retired Married,0.0614135937830448,0.0621937635599565,Australia 2018,0.0007801697769116989,fresh_worse
NTP,Australia 2018 Male 75+ High Retired Married,0.0949475028377878,0.0963101315225405,Australia 2018,0.0013626286847527036,fresh_worse
NTP,Australia 2018 Male 75+ Low Retired Widowed,0.0783092471712453,0.0781315856672791,Australia 2018,-0.00017766150396619773,fresh_better
NTP,Australia 2018 Male 75+ Middle Retired Married,0.1041688291886866,0.1040797023929713,Australia 2018,-8.912679571529414e-05,fresh_better
NTP,Australia 2018 Male <25 Middle Student Single,0.0812133995044712,0.0816102072612586,Australia 2018,0.00039680775678739566,fresh_worse
NTP,Germany 1997 Female 25-34 High Student Cohabiting,0.1738973764696831,0.1740013728456138,Germany 1997,0.00010399637593069833,fresh_worse
NTP,Germany 1997 Female 25-34 High Working Cohabiting,0.1453646885666468,0.1443498998659965,Germany 1997,-0.0010147887006503042,fresh_better
NTP,Germany 1997 Female 25-34 High Working Married,0.1197855671936715,0.1256281347828447,Germany 1997,0.005842567589173203,fresh_worse
NTP,Germany 1997 Female 25-34 High Working Single,0.172761270509382,0.174115517468792,Germany 1997,0.0013542469594099993,fresh_worse
NTP,Germany 1997 Female 25-34 Middle Homemaker Married,0.0446847954078623,0.0437771661932853,Germany 1997,-0.0009076292145770021,fresh_better
NTP,Germany 1997 Female 25-34 Middle NA Married,0.0823230231545718,0.0820692461544205,Germany 1997,-0.00025377700015129234,fresh_better
NTP,Germany 1997 Female 25-34 Middle Working Married,0.0706748916212523,0.0697166647486096,Germany 1997,-0.0009582268726427007,fresh_better
NTP,Germany 1997 Female 25-34 Middle Working Single,0.0645779713633514,0.0652097615168845,Germany 1997,0.0006317901535330961,fresh_worse
NTP,Germany 1997 Female 35-44 High Working Divorced or separated,0.1443147041613147,0.1459325198329219,Germany 1997,0.001617815671607209,fresh_worse
NTP,Germany 1997 Female 35-44 High Working Married,0.1262883678512588,0.1255922963657491,Germany 1997,-0.0006960714855097083,fresh_better
NTP,Germany 1997 Female 35-44 Middle Unemployed Divorced or separated,0.0968363438215521,0.0960072993059752,Germany 1997,-0.0008290445155769016,fresh_better
NTP,Germany 1997 Female 35-44 Middle Working Divorced or separated,0.1266855301909813,0.1287742244444324,Germany 1997,0.0020886942534510955,fresh_worse
NTP,Germany 1997 Female 35-44 Middle Working Married,0.090054278207258,0.0892303318723182,Germany 1997,-0.0008239463349398041,fresh_better
NTP,Germany 1997 Female 45-54 Middle Homemaker Married,0.0559747349569406,0.0549446677712328,Germany 1997,-0.001030067185707799,fresh_better
NTP,Germany 1997 Female 45-54 Middle Unemployed Married,0.0998691552320045,0.0982980557874094,Germany 1997,-0.0015710994445951032,fresh_better
NTP,Germany 1997 Female 45-54 Middle Working Married,0.0646958585504845,0.0660081689618991,Germany 1997,0.001312310411414594,fresh_worse
NTP,Germany 1997 Female 55-64 High Retired Married,0.1210500942118334,0.1201868237881799,Germany 1997,-0.0008632704236535005,fresh_better
NTP,Germany 1997 Female 55-64 Middle Retired Married,0.1206370173755919,0.1186055712655371,Germany 1997,-0.002031446110054805,fresh_better
NTP,Germany 1997 Female 55-64 Middle Retired Widowed,0.0855994873275661,0.0861909612343259,Germany 1997,0.0005914739067598013,fresh_worse
NTP,Germany 1997 Female 65-74 High Retired Widowed,0.0778778806052825,0.0780375770429197,Germany 1997,0.0001596964376372051,fresh_worse
NTP,Germany 1997 Female 65-74 Low Retired Widowed,0.109851023189154,0.1099111740886665,Germany 1997,6.015089951250108e-05,fresh_worse
NTP,Germany 1997 Female 65-74 Middle Retired Divorced or separated,0.1439520409264057,0.1430069626440659,Germany 1997,-0.0009450782823398063,fresh_better
NTP,Germany 1997 Female 65-74 Middle Retired Married,0.1427895831205131,0.1428796343393545,Germany 1997,9.005121884139711e-05,fresh_worse
NTP,Germany 1997 Female 65-74 Middle Retired Widowed,0.0531986533537691,0.0540140887845798,Germany 1997,0.0008154354308106959,fresh_worse
NTP,Germany 1997 Female 75+ Middle Retired Widowed,0.0807524993950445,0.0791289104022312,Germany 1997,-0.001623588992813299,fresh_better
NTP,Germany 1997 Female <25 High Student Single,0.1621093110767869,0.160332749540714,Germany 1997,-0.0017765615360728904,fresh_better
NTP,Germany 1997 Female <25 High Working Single,0.1152680404745693,0.1157556392955478,Germany 1997,0.00048759882097849927,fresh_worse
NTP,Germany 1997 Female <25 Middle Working Single,0.0792500849690321,0.0800163970602663,Germany 1997,0.000766312091234192,fresh_worse
NTP,Germany 1997 Male 25-34 High Student Single,0.0951150614157239,0.0926595314342258,Germany 1997,-0.002455529981498103,fresh_better
NTP,Germany 1997 Male 25-34 High Working Married,0.1164905013945145,0.1193355783502833,Germany 1997,0.0028450769557687994,fresh_worse
NTP,Germany 1997 Male 25-34 High Working Single,0.1130673347089392,0.1143045223451692,Germany 1997,0.00123718763623,fresh_worse
NTP,Germany 1997 Male 25-34 Middle Unemployed Single,0.1523936188505853,0.1537931152283108,Germany 1997,0.0013994963777254898,fresh_worse
NTP,Germany 1997 Male 25-34 Middle Working Cohabiting,0.051171818260573,0.0494471632983143,Germany 1997,-0.0017246549622587024,fresh_better
NTP,Germany 1997 Male 25-34 Middle Working Married,0.0395194107465283,0.0381812220442003,Germany 1997,-0.0013381887023280054,fresh_better
NTP,Germany 1997 Male 25-34 Middle Working Single,0.142036033899887,0.1424510012012,Germany 1997,0.00041496730131299064,fresh_worse
NTP,Germany 1997 Male 35-44 High Working Married,0.1056468929390019,0.1046132749583883,Germany 1997,-0.001033617980613591,fresh_better
NTP,Germany 1997 Male 35-44 Middle Unemployed Married,0.1323746802992429,0.1320535182231676,Germany 1997,-0.0003211620760752987,fresh_better
NTP,Germany 1997 Male 35-44 Middle Working Divorced or separated,0.065529891303689,0.0657760340797258,Germany 1997,0.000246142776036809,fresh_worse
NTP,Germany 1997 Male 35-44 Middle Working Married,0.0848668519196208,0.0837040628341594,Germany 1997,-0.0011627890854613993,fresh_better
NTP,Germany 1997 Male 45-54 High Working Married,0.0810382398373644,0.0804332275759087,Germany 1997,-0.0006050122614556924,fresh_better
NTP,Germany 1997 Male 45-54 Middle Working Married,0.0603029439425529,0.0610544065968997,Germany 1997,0.0007514626543468003,fresh_worse
NTP,Germany 1997 Male 55-64 High Retired Married,0.167789445448391,0.167258961023602,Germany 1997,-0.0005304844247890073,fresh_better
NTP,Germany 1997 Male 55-64 Middle Retired Married,0.0932315321180949,0.0914136439938521,Germany 1997,-0.0018178881242428002,fresh_better
NTP,Germany 1997 Male 65-74 High Retired Married,0.052704999915599,0.0513391926664109,Germany 1997,-0.0013658072491881043,fresh_better
NTP,Germany 1997 Male 65-74 Middle Retired Married,0.0944407868543618,0.0947642315436499,Germany 1997,0.000323444689288091,fresh_worse
NTP,Germany 1997 Male 65-74 Middle Retired Widowed,0.0750962156388494,0.0745283765655941,Germany 1997,-0.0005678390732552913,fresh_better
NTP,Germany 1997 Male <25 High Student Cohabiting,0.1225688749456724,0.123874786816783,Germany 1997,0.0013059118711106071,fresh_worse
NTP,Germany 1997 Male <25 High Student Single,0.0422951681146904,0.040465045582959,Germany 1997,-0.0018301225317313985,fresh_better
NTP,Germany 1997 Male <25 Middle Working Single,0.0616596218746006,0.0614841372600284,Germany 1997,-0.00017548461457219527,fresh_better
NTP,Germany 2006 Female 25-34 High Homemaker Married,0.1179129512499537,0.1182701448766049,Germany 2006,0.0003571936266511949,fresh_worse
NTP,Germany 2006 Female 25-34 High Working Single,0.1723999142592584,0.1727522899754594,Germany 2006,0.0003523757162010033,fresh_worse
NTP,Germany 2006 Female 25-34 Middle Homemaker Married,0.0910154680928422,0.0921467278499133,Germany 2006,0.0011312597570711097,fresh_worse
NTP,Germany 2006 Female 25-34 Middle Working Married,0.0803489807039357,0.0807875195235015,Germany 2006,0.00043853881956579244,fresh_worse
NTP,Germany 2006 Female 25-34 Middle Working Single,0.1185103604706749,0.1181329492974219,Germany 2006,-0.00037741117325300333,fresh_better
NTP,Germany 2006 Female 35-44 High Working Married,0.1570771529459981,0.1580352002853789,Germany 2006,0.0009580473393807909,fresh_worse
NTP,Germany 2006 Female 35-44 Middle Unemployed Married,0.121441945057583,0.1212348503692999,Germany 2006,-0.00020709468828310207,fresh_better
NTP,Germany 2006 Female 35-44 Middle Working Cohabiting,0.0787798611987612,0.0787477829415819,Germany 2006,-3.2078257179296576e-05,fresh_better
NTP,Germany 2006 Female 35-44 Middle Working Divorced or separated,0.0697539165472061,0.0710189683873245,Germany 2006,0.0012650518401183947,fresh_worse
NTP,Germany 2006 Female 35-44 Middle Working Married,0.0789300052780811,0.0784034434379826,Germany 2006,-0.0005265618400984995,fresh_better
NTP,Germany 2006 Female 45-54 High Working Married,0.1790316853177184,0.1792577610019339,Germany 2006,0.00022607568421550983,fresh_worse
NTP,Germany 2006 Female 45-54 Middle Homemaker Married,0.049708931117008,0.0495983462013275,Germany 2006,-0.00011058491568050055,fresh_better
NTP,Germany 2006 Female 45-54 Middle Unemployed Divorced or separated,0.0757190429854286,0.0755512300031043,Germany 2006,-0.00016781298232429465,fresh_better
NTP,Germany 2006 Female 45-54 Middle Unemployed Married,0.14514077346466,0.144589113772527,Germany 2006,-0.0005516596921329997,fresh_better
NTP,Germany 2006 Female 45-54 Middle Working Divorced or separated,0.07907967647185,0.0808376609872517,Germany 2006,0.0017579845154016976,fresh_worse
NTP,Germany 2006 Female 45-54 Middle Working Married,0.0614175613878404,0.0622295515769005,Germany 2006,0.0008119901890600995,fresh_worse
NTP,Germany 2006 Female 55-64 Low Retired Married,0.0797348510533097,0.0798697982754955,Germany 2006,0.00013494722218579391,fresh_worse
NTP,Germany 2006 Female 55-64 Low Retired Widowed,0.1495404052824684,0.1485272615477465,Germany 2006,-0.0010131437347218886,fresh_better
NTP,Germany 2006 Female 55-64 Middle Homemaker Married,0.1500920403297202,0.153152736756311,Germany 2006,0.003060696426590792,fresh_worse
NTP,Germany 2006 Female 55-64 Middle Retired Married,0.1233665642470614,0.1251254560260347,Germany 2006,0.001758891778973301,fresh_worse
NTP,Germany 2006 Female 55-64 Middle Retired Widowed,0.1139754221021387,0.1146319240064657,Germany 2006,0.000656501904327006,fresh_worse
NTP,Germany 2006 Female 55-64 Middle Working Married,0.1083930834637139,0.1082315814154951,Germany 2006,-0.00016150204821879788,fresh_better
NTP,Germany 2006 Female 65-74 High Retired Married,0.2366353137740564,0.239071985345106,Germany 2006,0.002436671571049598,fresh_worse
NTP,Germany 2006 Female 65-74 Low Retired Married,0.1122064253905193,0.1128696337501116,Germany 2006,0.0006632083595922988,fresh_worse
NTP,Germany 2006 Female 65-74 Low Retired Widowed,0.1477132604971977,0.1493544595246364,Germany 2006,0.0016411990274387,fresh_worse
NTP,Germany 2006 Female 65-74 Middle Retired Divorced or separated,0.0958771232469581,0.0955763382542862,Germany 2006,-0.0003007849926719014,fresh_better
NTP,Germany 2006 Female 65-74 Middle Retired Married,0.0857566409017773,0.0852345465429927,Germany 2006,-0.0005220943587846,fresh_better
NTP,Germany 2006 Female 65-74 Middle Retired Widowed,0.0753121445307477,0.0762559273322115,Germany 2006,0.0009437828014638022,fresh_worse
NTP,Germany 2006 Female 75+ Low Retired Widowed,0.1024313417542039,0.1047567363612719,Germany 2006,0.0023253946070680015,fresh_worse
NTP,Germany 2006 Female 75+ Middle Retired Widowed,0.0765523465947499,0.076650708059245,Germany 2006,9.83614644951003e-05,fresh_worse
NTP,Germany 2006 Female <25 High Student Single,0.1272836449797293,0.1284415556809871,Germany 2006,0.0011579107012578138,fresh_worse
NTP,Germany 2006 Female <25 Middle Student Single,0.0552342070710197,0.0564132115865,Germany 2006,0.0011790045154803017,fresh_worse
NTP,Germany 2006 Female <25 Middle Working Single,0.0312760098260005,0.0307810027453246,Germany 2006,-0.0004950070806758987,fresh_better
NTP,Germany 2006 Male 25-34 High Working Single,0.1272466390851943,0.1300340380501249,Germany 2006,0.002787398964930604,fresh_worse
NTP,Germany 2006 Male 25-34 Middle Working Married,0.048365709530327,0.0489611993678595,Germany 2006,0.0005954898375324993,fresh_worse
NTP,Germany 2006 Male 25-34 Middle Working Single,0.0438598624291326,0.0438628327195398,Germany 2006,2.970290407203202e-06,fresh_worse
NTP,Germany 2006 Male 35-44 High Working Married,0.1521411294447487,0.1501586058635055,Germany 2006,-0.0019825235812432063,fresh_better
NTP,Germany 2006 Male 35-44 Middle Working Married,0.0784432287338074,0.0816450451211935,Germany 2006,0.0032018163873861055,fresh_worse
NTP,Germany 2006 Male 45-54 High Working Married,0.154141154454243,0.1565689616681537,Germany 2006,0.0024278072139106988,fresh_worse
NTP,Germany 2006 Male 45-54 Middle Unemployed Married,0.0725168823764402,0.0725085364094934,Germany 2006,-8.345966946807226e-06,fresh_better
NTP,Germany 2006 Male 45-54 Middle Working Divorced or separated,0.0432695385238098,0.0428854846564051,Germany 2006,-0.00038405386740469893,fresh_better
NTP,Germany 2006 Male 45-54 Middle Working Married,0.1001717701546664,0.0992436252349093,Germany 2006,-0.0009281449197570957,fresh_better
NTP,Germany 2006 Male 55-64 High Retired Married,0.147491324563989,0.1492685210242285,Germany 2006,0.001777196460239494,fresh_worse
NTP,Germany 2006 Male 55-64 High Working Married,0.1840047550254634,0.1826719515675934,Germany 2006,-0.0013328034578700132,fresh_better
NTP,Germany 2006 Male 55-64 Middle Retired Married,0.0923271627334237,0.0927060197892026,Germany 2006,0.0003788570557789056,fresh_worse
NTP,Germany 2006 Male 55-64 Middle Working Married,0.0408429120233857,0.0434326060280819,Germany 2006,0.0025896940046962053,fresh_worse
NTP,Germany 2006 Male 65-74 High Retired Married,0.1345147499680138,0.1373331003722762,Germany 2006,0.0028183504042623986,fresh_worse
NTP,Germany 2006 Male 65-74 Low Retired Married,0.0660263305452109,0.0671770612863203,Germany 2006,0.0011507307411093987,fresh_worse
NTP,Germany 2006 Male 65-74 Middle Retired Married,0.0656999336143709,0.0644593045840345,Germany 2006,-0.001240629030336407,fresh_better
NTP,Germany 2006 Male 65-74 Middle Retired Single,0.1264032468815777,0.126063670415718,Germany 2006,-0.00033957646585969226,fresh_better
NTP,Germany 2006 Male 65-74 Middle Retired Widowed,0.0465202095569766,0.047549086490038,Germany 2006,0.001028876933061404,fresh_worse
NTP,Germany 2006 Male 75+ Middle Retired Married,0.0501793449605353,0.0541737768980762,Germany 2006,0.003994431937540899,fresh_worse
NTP,Germany 2006 Male <25 High Student Single,0.1083093840533341,0.1093226927901473,Germany 2006,0.0010133087368131982,fresh_worse
NTP,Germany 2006 Male <25 Middle Student Single,0.0591151838961206,0.0600617577302191,Germany 2006,0.0009465738340984978,fresh_worse
NTP,Germany 2006 Male <25 Middle Working Single,0.0388525678987197,0.0395116944487189,Germany 2006,0.0006591265499992019,fresh_worse
NTP,Germany 2018 Female 25-34 High Working Cohabiting,0.1493550346925816,0.1505368717512609,Germany 2018,0.0011818370586793026,fresh_worse
NTP,Germany 2018 Female 25-34 Middle Working Cohabiting,0.1502501359228231,0.1501227609974271,Germany 2018,-0.00012737492539599549,fresh_better
NTP,Germany 2018 Female 25-34 Middle Working Single,0.1172942528171993,0.1176392930848437,Germany 2018,0.00034504026764439755,fresh_worse
NTP,Germany 2018 Female 35-44 High Homemaker Married,0.1171042536173389,0.1165414281689755,Germany 2018,-0.000562825448363391,fresh_better
NTP,Germany 2018 Female 35-44 High Working Married,0.1032113864334895,0.1009457751489307,Germany 2018,-0.002265611284558794,fresh_better
NTP,Germany 2018 Female 35-44 Middle Working Married,0.1195069670389516,0.1186998425946248,Germany 2018,-0.0008071244443268039,fresh_better
NTP,Germany 2018 Female 45-54 High Working Married,0.1362056875225383,0.1361929828657297,Germany 2018,-1.2704656808609771e-05,fresh_better
NTP,Germany 2018 Female 45-54 High Working Single,0.1943841507117003,0.1935822809573529,Germany 2018,-0.0008018697543474007,fresh_better
NTP,Germany 2018 Female 45-54 Middle Working Divorced or separated,0.0783675940854707,0.0785397584415763,Germany 2018,0.00017216435610560576,fresh_worse
NTP,Germany 2018 Female 45-54 Middle Working Married,0.0708840003411804,0.0735272366624591,Germany 2018,0.0026432363212786913,fresh_worse
NTP,Germany 2018 Female 55-64 Middle Homemaker Married,0.0445261160946554,0.0446456656844377,Germany 2018,0.0001195495897823029,fresh_worse
NTP,Germany 2018 Female 55-64 Middle Working Married,0.0531212036299464,0.0544135315456617,Germany 2018,0.001292327915715298,fresh_worse
NTP,Germany 2018 Female 65-74 High Retired Widowed,0.1152328674999304,0.1148235438630263,Germany 2018,-0.000409323636904102,fresh_better
NTP,Germany 2018 Female 65-74 Low Retired Married,0.0852587056777825,0.0861626656471464,Germany 2018,0.0009039599693639044,fresh_worse
NTP,Germany 2018 Female 65-74 Middle Retired Married,0.0581603915639518,0.0585648781165216,Germany 2018,0.000404486552569798,fresh_worse
NTP,Germany 2018 Female 65-74 Middle Retired Widowed,0.0835895360973491,0.0828408151303799,Germany 2018,-0.0007487209669691935,fresh_better
NTP,Germany 2018 Female 75+ Low Retired Widowed,0.0963544005743616,0.0959010973766805,Germany 2018,-0.0004533031976811097,fresh_better
NTP,Germany 2018 Female 75+ Middle Retired Married,0.0827854292969857,0.0859659438657927,Germany 2018,0.0031805145688070108,fresh_worse
NTP,Germany 2018 Female 75+ Middle Retired Widowed,0.0889249646781657,0.0893139367497644,Germany 2018,0.0003889720715987005,fresh_worse
NTP,Germany 2018 Female <25 Middle Student Single,0.1280501733684727,0.1292149630772748,Germany 2018,0.0011647897088021275,fresh_worse
NTP,Germany 2018 Male 25-34 High Working Married,0.1082404240566704,0.1092986756522929,Germany 2018,0.001058251595622492,fresh_worse
NTP,Germany 2018 Male 25-34 High Working Single,0.1126042487294183,0.1117281366934633,Germany 2018,-0.0008761120359549873,fresh_better
NTP,Germany 2018 Male 25-34 Middle Student Cohabiting,0.0421484534010764,0.0425153768719296,Germany 2018,0.0003669234708532018,fresh_worse
NTP,Germany 2018 Male 25-34 Middle Student Single,0.1049075761926923,0.1040353412446565,Germany 2018,-0.0008722349480357883,fresh_better
NTP,Germany 2018 Male 25-34 Middle Working Married,0.0868668483583151,0.0874076682080894,Germany 2018,0.0005408198497743044,fresh_worse
NTP,Germany 2018 Male 25-34 Middle Working Single,0.1072366107353773,0.1088801839805412,Germany 2018,0.0016435732451638985,fresh_worse
NTP,Germany 2018 Male 35-44 High Working Married,0.0631975135054342,0.0649405579941471,Germany 2018,0.0017430444887128888,fresh_worse
NTP,Germany 2018 Male 35-44 Middle Working Married,0.0458111998818115,0.0461344858874772,Germany 2018,0.0003232860056656961,fresh_worse
NTP,Germany 2018 Male 45-54 High Working Married,0.0991707129543053,0.1006302099435851,Germany 2018,0.0014594969892798015,fresh_worse
NTP,Germany 2018 Male 45-54 Middle Working Divorced or separated,0.0613565521566692,0.0613805811819363,Germany 2018,2.402902526710271e-05,fresh_worse
NTP,Germany 2018 Male 45-54 Middle Working Married,0.0746565392336915,0.0736497988179851,Germany 2018,-0.0010067404157064058,fresh_better
NTP,Germany 2018 Male 55-64 High Working Married,0.1031577313466677,0.1042167105256539,Germany 2018,0.0010589791789862024,fresh_worse
NTP,Germany 2018 Male 55-64 Middle Working Married,0.0868890831687887,0.0883267816476648,Germany 2018,0.0014376984788761066,fresh_worse
NTP,Germany 2018 Male 65-74 High Retired Divorced or separated,0.0662674464983866,0.0655142657530887,Germany 2018,-0.0007531807452978989,fresh_better
NTP,Germany 2018 Male 65-74 High Retired Married,0.0831162183020194,0.0825588863727638,Germany 2018,-0.0005573319292555973,fresh_better
NTP,Germany 2018 Male 65-74 Middle Retired Married,0.0895626391312896,0.0901107271942774,Germany 2018,0.0005480880629877977,fresh_worse
NTP,Germany 2018 Male 75+ High Retired Married,0.1208259547474208,0.1247183946244207,Germany 2018,0.003892439876999901,fresh_worse
NTP,Germany 2018 Male 75+ Middle Retired Married,0.0783398291303051,0.0801125378351475,Germany 2018,0.0017727087048424045,fresh_worse
NTP,Germany 2018 Male 75+ Middle Retired Widowed,0.0632836194474174,0.0631064294233329,Germany 2018,-0.00017719002408449203,fresh_better
NTP,Germany 2018 Male <25 Middle Student Single,0.0779147362777265,0.0767610575619267,Germany 2018,-0.0011536787157998135,fresh_better
NTP,Mexico 1996 Female 25-34 High Homemaker Married,0.1322981302306135,0.1313315795743883,Mexico 1996,-0.0009665506562251958,fresh_better
NTP,Mexico 1996 Female 25-34 High Working Cohabiting,0.0497936932000784,0.0484267854989992,Mexico 1996,-0.0013669077010791952,fresh_better
NTP,Mexico 1996 Female 25-34 High Working Married,0.054199787674016,0.0549266410956066,Mexico 1996,0.0007268534215905953,fresh_worse
NTP,Mexico 1996 Female 25-34 High Working Single,0.0659626738064819,0.0657446411380657,Mexico 1996,-0.0002180326684161904,fresh_better
NTP,Mexico 1996 Female 25-34 Low Homemaker Married,0.0855542063299152,0.0872846422259533,Mexico 1996,0.0017304358960380933,fresh_worse
NTP,Mexico 1996 Female 25-34 Middle Homemaker Married,0.099116648223885,0.0985091388678821,Mexico 1996,-0.0006075093560028999,fresh_better
NTP,Mexico 1996 Female 25-34 Middle Unemployed Married,0.0775585141502707,0.0775262838696689,Mexico 1996,-3.223028060179989e-05,fresh_better
NTP,Mexico 1996 Female 25-34 Middle Working Divorced or separated,0.0700069737097251,0.0700404236730629,Mexico 1996,3.344996333780326e-05,fresh_worse
NTP,Mexico 1996 Female 25-34 Middle Working Married,0.0575750182157617,0.0561054999564643,Mexico 1996,-0.001469518259297399,fresh_better
NTP,Mexico 1996 Female 25-34 Middle Working Single,0.1119887212193325,0.1129513355952591,Mexico 1996,0.0009626143759266098,fresh_worse
NTP,Mexico 1996 Female 35-44 High Working Married,0.077930573588833,0.0763829601706512,Mexico 1996,-0.001547613418181798,fresh_better
NTP,Mexico 1996 Female 35-44 Middle Homemaker Married,0.0562085377198239,0.0567841678339676,Mexico 1996,0.000575630114143702,fresh_worse
NTP,Mexico 1996 Female 45-54 Low Homemaker Married,0.0810125323951065,0.0813659010381953,Mexico 1996,0.00035336864308879723,fresh_worse
NTP,Mexico 1996 Female 45-54 Low Homemaker Widowed,0.0579912278355441,0.0574808171199926,Mexico 1996,-0.0005104107155514959,fresh_better
NTP,Mexico 1996 Female 45-54 Middle Homemaker Married,0.0555458583570247,0.0544978165712873,Mexico 1996,-0.0010480417857373983,fresh_better
NTP,Mexico 1996 Female 55-64 Middle Working Widowed,0.0465713603700083,0.045952873188649,Mexico 1996,-0.0006184871813593035,fresh_better
NTP,Mexico 1996 Female <25 High Student Single,0.051523999580543,0.0518172737313783,Mexico 1996,0.00029327415083529873,fresh_worse
NTP,Mexico 1996 Female <25 High Working Single,0.1209204133186075,0.1206961101465872,Mexico 1996,-0.0002243031720203098,fresh_better
NTP,Mexico 1996 Female <25 Middle Homemaker Married,0.1977056732278958,0.1985523493912516,Mexico 1996,0.0008466761633557918,fresh_worse
NTP,Mexico 1996 Female <25 Middle Student Single,0.0599356654745134,0.0602811766469845,Mexico 1996,0.00034551117247109964,fresh_worse
NTP,Mexico 1996 Female <25 Middle Working Single,0.0639867409291354,0.065127945063728,Mexico 1996,0.0011412041345926077,fresh_worse
NTP,Mexico 1996 Male 25-34 High Unemployed Married,0.0586392821882058,0.0580241637436869,Mexico 1996,-0.0006151184445188987,fresh_better
NTP,Mexico 1996 Male 25-34 High Working Cohabiting,0.0405047054125977,0.0398577100218929,Mexico 1996,-0.0006469953907047993,fresh_better
NTP,Mexico 1996 Male 25-34 High Working Married,0.0379553084105931,0.0366991283948307,Mexico 1996,-0.001256180015762401,fresh_better
NTP,Mexico 1996 Male 25-34 High Working Single,0.0394637465875204,0.0408597603632537,Mexico 1996,0.0013960137757332985,fresh_worse
NTP,Mexico 1996 Male 25-34 Middle Working Cohabiting,0.0746870475867487,0.0732562799560365,Mexico 1996,-0.0014307676307122041,fresh_better
NTP,Mexico 1996 Male 25-34 Middle Working Married,0.0462171996304139,0.0465830834754475,Mexico 1996,0.00036588384503359606,fresh_worse
NTP,Mexico 1996 Male 25-34 Middle Working Single,0.0566716699795836,0.055427106285888,Mexico 1996,-0.001244563693695605,fresh_better
NTP,Mexico 1996 Male 35-44 High Working Married,0.0627395446090737,0.0661922414466241,Mexico 1996,0.0034526968375503952,fresh_worse
NTP,Mexico 1996 Male 35-44 Middle Working Married,0.0373298424339614,0.0371859490952493,Mexico 1996,-0.00014389333871209914,fresh_better
NTP,Mexico 1996 Male 35-44 Middle Working Single,0.0501733947250697,0.0497166098796431,Mexico 1996,-0.00045678484542659853,fresh_better
NTP,Mexico 1996 Male 45-54 High Working Married,0.0615504763566464,0.0619924429581059,Mexico 1996,0.00044196660145950223,fresh_worse
NTP,Mexico 1996 Male 45-54 Low Unemployed Divorced or separated,0.205743881618535,0.2067949265772518,Mexico 1996,0.0010510449587168014,fresh_worse
NTP,Mexico 1996 Male 45-54 Low Working Married,0.0556584956540524,0.0569881622635641,Mexico 1996,0.0013296666095117052,fresh_worse
NTP,Mexico 1996 Male 45-54 Middle Working Married,0.0291174409193894,0.028774111310176,Mexico 1996,-0.00034332960921339833,fresh_better
NTP,Mexico 1996 Male <25 High Student Single,0.0423607472496517,0.0417318675642827,Mexico 1996,-0.0006288796853689965,fresh_better
NTP,Mexico 1996 Male <25 High Working Single,0.2461192458613076,0.2444972843402763,Mexico 1996,-0.0016219615210313065,fresh_better
NTP,Mexico 1996 Male <25 Middle Student Single,0.0831966772259914,0.0836969918849798,Mexico 1996,0.0005003146589883933,fresh_worse
NTP,Mexico 1996 Male <25 Middle Unemployed Single,0.0911367208539313,0.0913140190624644,Mexico 1996,0.00017729820853309985,fresh_worse
NTP,Mexico 1996 Male <25 Middle Working Single,0.104248113095313,0.1032587216306616,Mexico 1996,-0.000989391464651393,fresh_better
NTP,Mexico 2005 Female 25-34 High Homemaker Married,0.1426103483700516,0.143719634351216,Mexico 2005,0.0011092859811644151,fresh_worse
NTP,Mexico 2005 Female 25-34 High Working Married,0.072534127747795,0.073178276167695,Mexico 2005,0.0006441484199000008,fresh_worse
NTP,Mexico 2005 Female 25-34 High Working Single,0.1068783377792449,0.1092577880584642,Mexico 2005,0.0023794502792193056,fresh_worse
NTP,Mexico 2005 Female 25-34 Low Homemaker Married,0.1948534955896398,0.1954217559444234,Mexico 2005,0.0005682603547836063,fresh_worse
NTP,Mexico 2005 Female 25-34 Middle Homemaker Cohabiting,0.1089669317494031,0.1087628427138377,Mexico 2005,-0.00020408903556540237,fresh_better
NTP,Mexico 2005 Female 25-34 Middle Homemaker Married,0.1396046692716038,0.1424736500856317,Mexico 2005,0.002868980814027894,fresh_worse
NTP,Mexico 2005 Female 25-34 Middle Working Married,0.0869098733776552,0.0880675148936662,Mexico 2005,0.0011576415160109987,fresh_worse
NTP,Mexico 2005 Female 35-44 High Homemaker Married,0.0748941748163075,0.0746873253449145,Mexico 2005,-0.00020684947139300303,fresh_better
NTP,Mexico 2005 Female 35-44 High Working Married,0.0387836415809456,0.0385695317886146,Mexico 2005,-0.00021410979233099647,fresh_better
NTP,Mexico 2005 Female 35-44 Middle Homemaker Cohabiting,0.1019343645289244,0.1034231698858951,Mexico 2005,0.0014888053569706988,fresh_worse
NTP,Mexico 2005 Female 35-44 Middle Homemaker Married,0.0792824188194995,0.0792884091371876,Mexico 2005,5.990317688095437e-06,fresh_worse
NTP,Mexico 2005 Female 35-44 Middle Working Divorced or separated,0.2085451354151187,0.2106244914616374,Mexico 2005,0.0020793560465186822,fresh_worse
NTP,Mexico 2005 Female 45-54 Low Homemaker Married,0.1900300048246198,0.1927041850900112,Mexico 2005,0.0026741802653914015,fresh_worse
NTP,Mexico 2005 Female 45-54 Middle Homemaker Married,0.0966522332780321,0.0965493932608783,Mexico 2005,-0.00010284001715379909,fresh_better
NTP,Mexico 2005 Female 55-64 Low Homemaker Married,0.3046774390341786,0.3071872870237052,Mexico 2005,0.0025098479895265813,fresh_worse
NTP,Mexico 2005 Female 55-64 Middle Homemaker Married,0.0749750171270634,0.0728576355169032,Mexico 2005,-0.0021173816101602017,fresh_better
NTP,Mexico 2005 Female 65-74 Low Homemaker Widowed,0.1723949906060598,0.171716674093049,Mexico 2005,-0.0006783165130108126,fresh_better
NTP,Mexico 2005 Female 65-74 Middle Retired Widowed,0.189311402215474,0.1908429609370644,Mexico 2005,0.0015315587215904147,fresh_worse
NTP,Mexico 2005 Female <25 High Student Single,0.0667686095904736,0.0685271357352579,Mexico 2005,0.001758526144784306,fresh_worse
NTP,Mexico 2005 Female <25 High Working Single,0.1472209744658484,0.1518530858276935,Mexico 2005,0.004632111361845104,fresh_worse
NTP,Mexico 2005 Female <25 Middle Homemaker Single,0.1824366655736641,0.1822599227814071,Mexico 2005,-0.00017674279225698974,fresh_better
NTP,Mexico 2005 Female NA Low Homemaker Cohabiting,0.202167130523537,0.2030460432954644,Mexico 2005,0.0008789127719274203,fresh_worse
NTP,Mexico 2005 Female NA Low Homemaker Married,0.2145197708171302,0.2151049797302788,Mexico 2005,0.000585208913148616,fresh_worse
NTP,Mexico 2005 Male 25-34 High Working Married,0.0653936006227479,0.0661516693236593,Mexico 2005,0.000758068700911399,fresh_worse
NTP,Mexico 2005 Male 25-34 High Working Single,0.0516306936517134,0.0517862699771096,Mexico 2005,0.0001555763253962006,fresh_worse
NTP,Mexico 2005 Male 25-34 Middle Working Cohabiting,0.0832709873159214,0.083992250923607,Mexico 2005,0.000721263607685596,fresh_worse
NTP,Mexico 2005 Male 25-34 Middle Working Married,0.1203477222497772,0.120830547500821,Mexico 2005,0.00048282525104380303,fresh_worse
NTP,Mexico 2005 Male 25-34 Middle Working Single,0.1087805695463846,0.1103913304489363,Mexico 2005,0.0016107609025517028,fresh_worse
NTP,Mexico 2005 Male 35-44 High Working Married,0.0657023167184885,0.0671235581351996,Mexico 2005,0.0014212414167110998,fresh_worse
NTP,Mexico 2005 Male 35-44 Middle Working Cohabiting,0.1556621485760596,0.1568186048894373,Mexico 2005,0.0011564563133777128,fresh_worse
NTP,Mexico 2005 Male 35-44 Middle Working Married,0.1404117105409728,0.1402451187815501,Mexico 2005,-0.00016659175942268512,fresh_better
NTP,Mexico 2005 Male 45-54 High Working Married,0.0549190815855858,0.0544699858270184,Mexico 2005,-0.0004490957585673999,fresh_better
NTP,Mexico 2005 Male 45-54 Low Working Cohabiting,0.211108544385672,0.2132098951706948,Mexico 2005,0.0021013507850227986,fresh_worse
NTP,Mexico 2005 Male 45-54 Low Working Married,0.1311752722695688,0.1319536046578008,Mexico 2005,0.0007783323882319948,fresh_worse
NTP,Mexico 2005 Male 45-54 Middle Unemployed Married,0.0800732067069793,0.0814154006162891,Mexico 2005,0.0013421939093097995,fresh_worse
NTP,Mexico 2005 Male 45-54 Middle Working Married,0.1483255201034131,0.1460368301401569,Mexico 2005,-0.0022886899632562074,fresh_better
NTP,Mexico 2005 Male 55-64 Low Unemployed Married,0.2030296446502576,0.2042990154164015,Mexico 2005,0.0012693707661438902,fresh_worse
NTP,Mexico 2005 Male 55-64 Low Working Married,0.2205587824452736,0.2234232038933477,Mexico 2005,0.0028644214480740837,fresh_worse
NTP,Mexico 2005 Male 55-64 Middle Working Married,0.1582068468039984,0.1572746100464249,Mexico 2005,-0.0009322367575735069,fresh_better
NTP,Mexico 2005 Male 55-64 Middle Working Single,0.0990749298121435,0.0989659476370117,Mexico 2005,-0.00010898217513179154,fresh_better
NTP,Mexico 2005 Male <25 High Student Single,0.06520252267482,0.0662401657641264,Mexico 2005,0.0010376430893064004,fresh_worse
NTP,Mexico 2005 Male <25 High Working Single,0.0407640128824467,0.0411020893231094,Mexico 2005,0.00033807644066270043,fresh_worse
NTP,Mexico 2005 Male <25 Middle Student Single,0.2520221229398841,0.2523621214350602,Mexico 2005,0.00033999849517613034,fresh_worse
NTP,Mexico 2005 Male <25 Middle Working Married,0.0946161628715574,0.0973880722784277,Mexico 2005,0.0027719094068703043,fresh_worse
NTP,Mexico 2005 Male <25 Middle Working Single,0.0973536327726555,0.0986582166484976,Mexico 2005,0.0013045838758420913,fresh_worse
NTP,Mexico 2018 Female 25-34 High Homemaker Married,0.0605855585584317,0.0606374912033808,Mexico 2018,5.193264494909866e-05,fresh_worse
NTP,Mexico 2018 Female 25-34 High Working Married,0.0890586132403771,0.0884226178261566,Mexico 2018,-0.0006359954142205054,fresh_better
NTP,Mexico 2018 Female 25-34 Low Homemaker Married,0.1259081741992498,0.1255019574425994,Mexico 2018,-0.000406216756650396,fresh_better
NTP,Mexico 2018 Female 25-34 Low Working Married,0.0680574558616157,0.0675159362333752,Mexico 2018,-0.0005415196282404916,fresh_better
NTP,Mexico 2018 Female 25-34 Middle Homemaker Cohabiting,0.0515881097463806,0.0512344464198343,Mexico 2018,-0.000353663326546301,fresh_better
NTP,Mexico 2018 Female 25-34 Middle Homemaker Married,0.0649046938508081,0.064753482016963,Mexico 2018,-0.0001512118338451024,fresh_better
NTP,Mexico 2018 Female 25-34 Middle Working Married,0.0915306951911522,0.0929814918846327,Mexico 2018,0.0014507966934804994,fresh_worse
NTP,Mexico 2018 Female 25-34 Middle Working Single,0.1179381117758396,0.117316656101535,Mexico 2018,-0.0006214556743046051,fresh_better
NTP,Mexico 2018 Female 35-44 Middle Homemaker Cohabiting,0.113684247166481,0.1119423354178194,Mexico 2018,-0.0017419117486616037,fresh_better
NTP,Mexico 2018 Female 35-44 Middle Homemaker Married,0.066145695706176,0.0643809564989335,Mexico 2018,-0.0017647392072425022,fresh_better
NTP,Mexico 2018 Female 35-44 Middle Working Cohabiting,0.0423922073893417,0.0431334417108016,Mexico 2018,0.0007412343214599007,fresh_worse
NTP,Mexico 2018 Female 35-44 Middle Working Divorced or separated,0.0548690452619835,0.0547051098634866,Mexico 2018,-0.00016393539849689914,fresh_better
NTP,Mexico 2018 Female 35-44 Middle Working Married,0.1080520577332823,0.1107893680256352,Mexico 2018,0.0027373102923528986,fresh_worse
NTP,Mexico 2018 Female 45-54 Low Homemaker Cohabiting,0.0955940953791392,0.0959387039335529,Mexico 2018,0.00034460855441370564,fresh_worse
NTP,Mexico 2018 Female 45-54 Low Homemaker Married,0.0730232272360221,0.0734485292940999,Mexico 2018,0.000425302058077795,fresh_worse
NTP,Mexico 2018 Female 45-54 Middle Homemaker Married,0.0745501837216438,0.0730008542823832,Mexico 2018,-0.0015493294392606022,fresh_better
NTP,Mexico 2018 Female 45-54 Middle Working Married,0.1131325139232581,0.1126139927039455,Mexico 2018,-0.0005185212193126038,fresh_better
NTP,Mexico 2018 Female 55-64 Low Homemaker Married,0.1035618349293379,0.1085270703199819,Mexico 2018,0.004965235390644002,fresh_worse
NTP,Mexico 2018 Female 55-64 Low Working Divorced or separated,0.2026922892342196,0.2023618255995435,Mexico 2018,-0.0003304636346761203,fresh_better
NTP,Mexico 2018 Female 55-64 Low Working Married,0.0973693627938416,0.0986424239196704,Mexico 2018,0.0012730611258287977,fresh_worse
NTP,Mexico 2018 Female 65-74 Low Homemaker Married,0.1821359780596362,0.1849812451930481,Mexico 2018,0.002845267133411905,fresh_worse
NTP,Mexico 2018 Female 65-74 Low Homemaker Widowed,0.0921889036914984,0.0916309321586217,Mexico 2018,-0.0005579715328767054,fresh_better
NTP,Mexico 2018 Female 65-74 Low Working Widowed,0.1916464797396726,0.1927251509200679,Mexico 2018,0.0010786711803952853,fresh_worse
NTP,Mexico 2018 Female <25 Middle Student Single,0.0500143451885342,0.0501279203439514,Mexico 2018,0.00011357515541720459,fresh_worse
NTP,Mexico 2018 Female <25 Middle Working Cohabiting,0.0568850750276783,0.0573292003952059,Mexico 2018,0.0004441253675276022,fresh_worse
NTP,Mexico 2018 Male 25-34 High Working Married,0.0609283850188293,0.0609057367396939,Mexico 2018,-2.2648279135402405e-05,fresh_better
NTP,Mexico 2018 Male 25-34 High Working Single,0.0792523639838431,0.0776401383106259,Mexico 2018,-0.0016122256732171991,fresh_better
NTP,Mexico 2018 Male 25-34 Middle Working Cohabiting,0.0736698062929271,0.072831819896855,Mexico 2018,-0.0008379863960721046,fresh_better
NTP,Mexico 2018 Male 25-34 Middle Working Married,0.0605005862029432,0.0610113209077111,Mexico 2018,0.0005107347047679026,fresh_worse
NTP,Mexico 2018 Male 25-34 Middle Working Single,0.0885691399519842,0.0875232599767688,Mexico 2018,-0.001045879975215408,fresh_better
NTP,Mexico 2018 Male 35-44 High Working Married,0.0622545766421865,0.0625379727909645,Mexico 2018,0.00028339614877800207,fresh_worse
NTP,Mexico 2018 Male 35-44 Low Working Married,0.0502826050467374,0.0496070317486131,Mexico 2018,-0.0006755732981243018,fresh_better
NTP,Mexico 2018 Male 35-44 Middle Working Cohabiting,0.0764193905724418,0.0768646339190789,Mexico 2018,0.000445243346637092,fresh_worse
NTP,Mexico 2018 Male 35-44 Middle Working Married,0.0784155888144265,0.0779238027946116,Mexico 2018,-0.0004917860198149077,fresh_better
NTP,Mexico 2018 Male 45-54 Low Unemployed Married,0.0689884334184288,0.0685329406459294,Mexico 2018,-0.00045549277249939957,fresh_better
NTP,Mexico 2018 Male 45-54 Low Working Married,0.1657983687207286,0.1667893606682967,Mexico 2018,0.000990991947568104,fresh_worse
NTP,Mexico 2018 Male 45-54 Middle Working Cohabiting,0.098309042836728,0.0987891196653804,Mexico 2018,0.00048007682865239265,fresh_worse
NTP,Mexico 2018 Male 45-54 Middle Working Married,0.0759555294251246,0.0763299905106298,Mexico 2018,0.0003744610855052066,fresh_worse
NTP,Mexico 2018 Male 55-64 Low Working Married,0.0750329513435028,0.0734300669949988,Mexico 2018,-0.0016028843485040023,fresh_better
NTP,Mexico 2018 Male 55-64 Middle Retired Married,0.0618339147326456,0.061506520516936,Mexico 2018,-0.0003273942157095977,fresh_better
NTP,Mexico 2018 Male 55-64 Middle Working Married,0.0797783587595375,0.0788280845658827,Mexico 2018,-0.0009502741936548015,fresh_better
NTP,Mexico 2018 Male 65-74 Low Working Married,0.0527118542121063,0.0519146886659463,Mexico 2018,-0.0007971655461600016,fresh_better
NTP,Mexico 2018 Male 75+ Low Unemployed Widowed,0.0802121815424432,0.0804813192234454,Mexico 2018,0.0002691376810022017,fresh_worse
NTP,Mexico 2018 Male <25 Middle Student Single,0.0566610601316381,0.0545034524409091,Mexico 2018,-0.0021576076907290007,fresh_better
NTP,Mexico 2018 Male <25 Middle Unemployed Single,0.1190490931893388,0.1199885643095818,Mexico 2018,0.0009394711202429934,fresh_worse
NTP,Mexico 2018 Male <25 Middle Working Single,0.1024664508753932,0.1013676488779715,Mexico 2018,-0.0010988019974216973,fresh_better
NTP,Russia 1995 Female 25-34 High Homemaker Married,0.1222844625098837,0.1215824099774101,Russia 1995,-0.0007020525324736016,fresh_better
NTP,Russia 1995 Female 25-34 High Working Married,0.0762597209889981,0.0760002795994903,Russia 1995,-0.00025944138950780016,fresh_better
NTP,Russia 1995 Female 25-34 High Working Single,0.1066017404331861,0.1071281108881688,Russia 1995,0.0005263704549827025,fresh_worse
NTP,Russia 1995 Female 25-34 Middle Homemaker Married,0.0988186608386222,0.0987810762270219,Russia 1995,-3.758461160030535e-05,fresh_better
NTP,Russia 1995 Female 25-34 Middle Working Divorced or separated,0.131931546109694,0.1315651642219837,Russia 1995,-0.0003663818877102931,fresh_better
NTP,Russia 1995 Female 25-34 Middle Working Married,0.071308720206976,0.0705688924697591,Russia 1995,-0.0007398277372168971,fresh_better
NTP,Russia 1995 Female 25-34 Middle Working Single,0.1210454797579182,0.1218245593912598,Russia 1995,0.0007790796333416034,fresh_worse
NTP,Russia 1995 Female 35-44 High Working Divorced or separated,0.1056903055599806,0.1051200550192301,Russia 1995,-0.0005702505407505082,fresh_better
NTP,Russia 1995 Female 35-44 High Working Married,0.131040853632441,0.1291281133784969,Russia 1995,-0.0019127402539441118,fresh_better
NTP,Russia 1995 Female 35-44 Middle Working Divorced or separated,0.0721558427258508,0.0715233992796726,Russia 1995,-0.000632443446178188,fresh_better
NTP,Russia 1995 Female 35-44 Middle Working Married,0.1047945156226975,0.1053594054947569,Russia 1995,0.0005648898720594098,fresh_worse
NTP,Russia 1995 Female 45-54 High Working Married,0.072698702328008,0.0722401049619656,Russia 1995,-0.00045859736604239587,fresh_better
NTP,Russia 1995 Female 45-54 High Working Widowed,0.0777560801654265,0.0786063509708135,Russia 1995,0.0008502708053870073,fresh_worse
NTP,Russia 1995 Female 45-54 Middle Working Married,0.0631225748054575,0.0635725590807946,Russia 1995,0.00044998427533710084,fresh_worse
NTP,Russia 1995 Female 55-64 High Retired Married,0.0988388645933706,0.0997328458947962,Russia 1995,0.0008939813014255948,fresh_worse
NTP,Russia 1995 Female 55-64 Middle Retired Divorced or separated,0.1075181833966068,0.1074452561591691,Russia 1995,-7.292723743770879e-05,fresh_better
NTP,Russia 1995 Female 55-64 Middle Retired Married,0.0767130611221428,0.0788435568526553,Russia 1995,0.0021304957305125077,fresh_worse
NTP,Russia 1995 Female 55-64 Middle Retired Widowed,0.0967523717507062,0.0965718051641843,Russia 1995,-0.0001805665865218936,fresh_better
NTP,Russia 1995 Female 65-74 High Retired Widowed,0.1000922815163713,0.0997054310163278,Russia 1995,-0.00038685050004350074,fresh_better
NTP,Russia 1995 Female 65-74 Low Retired Widowed,0.1220045651776421,0.1214894486710223,Russia 1995,-0.0005151165066198116,fresh_better
NTP,Russia 1995 Female 65-74 Middle Retired Married,0.0768073781101222,0.0776408969119676,Russia 1995,0.000833518801845401,fresh_worse
NTP,Russia 1995 Female 65-74 Middle Retired Widowed,0.0781701899996033,0.0772399793957727,Russia 1995,-0.0009302106038305974,fresh_better
NTP,Russia 1995 Female 75+ Low Retired Widowed,0.1308237407662443,0.130360836198657,Russia 1995,-0.00046290456758732446,fresh_better
NTP,Russia 1995 Female 75+ Middle Retired Widowed,0.2267931375054664,0.2279574529869591,Russia 1995,0.001164315481492706,fresh_worse
NTP,Russia 1995 Female <25 High Student Married,0.0813215701095888,0.0813657091387392,Russia 1995,4.413902915038903e-05,fresh_worse
NTP,Russia 1995 Female <25 High Student Single,0.0972857818243996,0.0957471701580809,Russia 1995,-0.0015386116663187038,fresh_better
NTP,Russia 1995 Male 25-34 High Working Married,0.0871473575399576,0.0838205266185872,Russia 1995,-0.0033268309213703995,fresh_better
NTP,Russia 1995 Male 25-34 Middle Working Married,0.0798554746895774,0.0780695829410502,Russia 1995,-0.0017858917485272102,fresh_better
NTP,Russia 1995 Male 35-44 High Unemployed Married,0.142661524856072,0.1404494780692355,Russia 1995,-0.002212046786836508,fresh_better
NTP,Russia 1995 Male 35-44 High Working Married,0.1174751054362724,0.1167612978652605,Russia 1995,-0.0007138075710119013,fresh_better
NTP,Russia 1995 Male 35-44 Middle Unemployed Married,0.1073859120802905,0.1079752165075739,Russia 1995,0.0005893044272834019,fresh_worse
NTP,Russia 1995 Male 35-44 Middle Working Married,0.0930727467878612,0.0914927596476664,Russia 1995,-0.0015799871401948051,fresh_better
NTP,Russia 1995 Male 45-54 High Working Divorced or separated,0.1102073883116439,0.1118550187413497,Russia 1995,0.0016476304297058098,fresh_worse
NTP,Russia 1995 Male 45-54 High Working Married,0.0778875114054489,0.0758377387751496,Russia 1995,-0.002049772630299304,fresh_better
NTP,Russia 1995 Male 45-54 Middle Working Married,0.1013034750262955,0.1004384261723798,Russia 1995,-0.0008650488539156953,fresh_better
NTP,Russia 1995 Male 55-64 High Working Married,0.1061528621842621,0.1057331658408824,Russia 1995,-0.00041969634337971073,fresh_better
NTP,Russia 1995 Male 55-64 Middle Retired Married,0.1383050746319921,0.1372014844963204,Russia 1995,-0.0011035901356716837,fresh_better
NTP,Russia 1995 Male 55-64 Middle Retired Widowed,0.0960127731022957,0.0956335395976246,Russia 1995,-0.0003792335046710893,fresh_better
NTP,Russia 1995 Male 55-64 Middle Working Married,0.1524634082800139,0.1542811571409058,Russia 1995,0.0018177488608918935,fresh_worse
NTP,Russia 1995 Male 65-74 Middle Retired Married,0.1244790761482575,0.1240796826134087,Russia 1995,-0.000399393534848802,fresh_better
NTP,Russia 1995 Male <25 High Student Single,0.091019706297544,0.0904281899692126,Russia 1995,-0.0005915163283313901,fresh_better
NTP,Russia 1995 Male <25 High Working Single,0.1092678894188869,0.1086138570830277,Russia 1995,-0.0006540323358592004,fresh_better
NTP,Russia 1995 Male <25 Middle Working Single,0.1609454117499399,0.1583642709948992,Russia 1995,-0.002581140755040706,fresh_better
NTP,Russia 2017 Female 25-34 High Homemaker Divorced or separated,0.0970020303054263,0.0974652196577678,Russia 2017,0.00046318935234150593,fresh_worse
NTP,Russia 2017 Female 25-34 High Homemaker Married,0.1294052705839239,0.1278884833710648,Russia 2017,-0.0015167872128591109,fresh_better
NTP,Russia 2017 Female 25-34 High Working Divorced or separated,0.1667971556452937,0.1655944581933069,Russia 2017,-0.0012026974519868117,fresh_better
NTP,Russia 2017 Female 25-34 High Working Married,0.0546055197049886,0.0544540217156327,Russia 2017,-0.0001514979893559032,fresh_better
NTP,Russia 2017 Female 25-34 High Working Single,0.1020599432788187,0.1008932522900667,Russia 2017,-0.0011666909887520088,fresh_better
NTP,Russia 2017 Female 35-44 High Working Divorced or separated,0.1047259656851386,0.1038530255733858,Russia 2017,-0.0008729401117528041,fresh_better
NTP,Russia 2017 Female 35-44 High Working Married,0.1264036101378627,0.1306077515837419,Russia 2017,0.004204141445879217,fresh_worse
NTP,Russia 2017 Female 35-44 High Working Single,0.1625348227312114,0.1595115170041308,Russia 2017,-0.003023305727080594,fresh_better
NTP,Russia 2017 Female 35-44 Low Homemaker Married,0.0994734338249521,0.1004581236844488,Russia 2017,0.000984689859496693,fresh_worse
NTP,Russia 2017 Female 35-44 Middle Homemaker Married,0.07857103249697,0.0786035721720172,Russia 2017,3.253967504719679e-05,fresh_worse
NTP,Russia 2017 Female 35-44 Middle Working Divorced or separated,0.1047455809636071,0.1047822743154709,Russia 2017,3.669335186379241e-05,fresh_worse
NTP,Russia 2017 Female 45-54 High Working Divorced or separated,0.0715589191841384,0.0702139212884461,Russia 2017,-0.0013449978956922987,fresh_better
NTP,Russia 2017 Female 45-54 High Working Married,0.1122330272470238,0.1120976257631128,Russia 2017,-0.00013540148391100182,fresh_better
NTP,Russia 2017 Female 45-54 High Working Widowed,0.1183014313336122,0.1190509204558026,Russia 2017,0.0007494891221903888,fresh_worse
NTP,Russia 2017 Female 45-54 Middle Working Divorced or separated,0.1235026605794288,0.1227402398312559,Russia 2017,-0.0007624207481728984,fresh_better
NTP,Russia 2017 Female 45-54 Middle Working Married,0.1795061037956196,0.1794826553136882,Russia 2017,-2.3448481931392928e-05,fresh_better
NTP,Russia 2017 Female 55-64 High Retired Divorced or separated,0.0890313642474758,0.0886421744324569,Russia 2017,-0.0003891898150189116,fresh_better
NTP,Russia 2017 Female 55-64 High Retired Married,0.0480258301544336,0.0483111358507195,Russia 2017,0.0002853056962858966,fresh_worse
NTP,Russia 2017 Female 55-64 High Retired Widowed,0.1011017940300344,0.1007696592087445,Russia 2017,-0.000332134821289895,fresh_better
NTP,Russia 2017 Female 55-64 Middle Retired Married,0.0986001157384907,0.0974305267197462,Russia 2017,-0.0011695890187445046,fresh_better
NTP,Russia 2017 Female 65-74 High Retired Widowed,0.0639652760179192,0.0663014274351052,Russia 2017,0.0023361514171860026,fresh_worse
NTP,Russia 2017 Female 65-74 Low Retired Widowed,0.125547059461394,0.1273431703794119,Russia 2017,0.0017961109180179013,fresh_worse
NTP,Russia 2017 Female 65-74 Middle Retired Widowed,0.0802159307985569,0.0804492720157679,Russia 2017,0.0002333412172109972,fresh_worse
NTP,Russia 2017 Female 75+ Low Retired Widowed,0.1072611556338714,0.1081792895644529,Russia 2017,0.0009181339305815023,fresh_worse
NTP,Russia 2017 Female <25 High Student Single,0.1420556688286138,0.1435436094960258,Russia 2017,0.00148794066741198,fresh_worse
NTP,Russia 2017 Female <25 High Working Single,0.1134699582363719,0.1146272542930997,Russia 2017,0.0011572960567277912,fresh_worse
NTP,Russia 2017 Female <25 Middle Student Single,0.0586024847176389,0.0586401074242112,Russia 2017,3.762270657229477e-05,fresh_worse
NTP,Russia 2017 Male 25-34 High Working Married,0.1317153919338221,0.1358438691019749,Russia 2017,0.0041284771681528165,fresh_worse
NTP,Russia 2017 Male 25-34 High Working Single,0.1016537951245289,0.0991799149940571,Russia 2017,-0.0024738801304718117,fresh_better
NTP,Russia 2017 Male 25-34 Middle Working Married,0.1237502414582057,0.1242044423887113,Russia 2017,0.00045420093050559107,fresh_worse
NTP,Russia 2017 Male 25-34 Middle Working Single,0.1174343529911269,0.1177313868885018,Russia 2017,0.0002970338973748987,fresh_worse
NTP,Russia 2017 Male 35-44 High Working Married,0.0541628051880246,0.050575837283798,Russia 2017,-0.0035869679042265998,fresh_better
NTP,Russia 2017 Male 35-44 Middle Working Married,0.0417218007170965,0.0412671582927189,Russia 2017,-0.0004546424243775937,fresh_better
NTP,Russia 2017 Male 45-54 High Working Divorced or separated,0.0675010939727626,0.0650296624010565,Russia 2017,-0.002471431571706109,fresh_better
NTP,Russia 2017 Male 45-54 High Working Married,0.0698493182627893,0.0702208401012047,Russia 2017,0.0003715218384154062,fresh_worse
NTP,Russia 2017 Male 45-54 Middle Unemployed Married,0.0785091859737435,0.08027931391949,Russia 2017,0.0017701279457465052,fresh_worse
NTP,Russia 2017 Male 45-54 Middle Working Divorced or separated,0.0856174425541619,0.084687159899514,Russia 2017,-0.0009302826546478959,fresh_better
NTP,Russia 2017 Male 55-64 High Retired Married,0.0784674852565011,0.0795652366137864,Russia 2017,0.0010977513572852926,fresh_worse
NTP,Russia 2017 Male 55-64 High Working Divorced or separated,0.0726897648798349,0.0730408485710236,Russia 2017,0.00035108369118869165,fresh_worse
NTP,Russia 2017 Male 55-64 High Working Married,0.1139330410332692,0.1106992692792063,Russia 2017,-0.0032337717540629057,fresh_better
NTP,Russia 2017 Male 55-64 Low Retired Married,0.138384486525147,0.1388564244542802,Russia 2017,0.00047193792913319266,fresh_worse
NTP,Russia 2017 Male 65-74 High Retired Widowed,0.0894878693524862,0.0891645745616034,Russia 2017,-0.00032329479088280544,fresh_better
NTP,Russia 2017 Male 65-74 Low Retired Widowed,0.100876196887758,0.1011897720859529,Russia 2017,0.00031357519819490143,fresh_worse
NTP,Russia 2017 Male <25 High Working Single,0.0674108438016403,0.0666327323141077,Russia 2017,-0.0007781114875325956,fresh_better
NTP,Russia 2017 Male <25 Middle Student Single,0.0777719982566675,0.077637346674774,Russia 2017,-0.00013465158189350512,fresh_better
NTP,United States 1995 Female 25-34 High Unemployed Single,0.0616458672745782,0.0641462598640468,United States 1995,0.002500392589468603,fresh_worse
NTP,United States 1995 Female 25-34 High Working Married,0.070548472553915,0.0714686257363404,United States 1995,0.0009201531824254011,fresh_worse
NTP,United States 1995 Female 25-34 Middle Homemaker Married,0.1002195120545431,0.101200862944865,United States 1995,0.0009813508903218915,fresh_worse
NTP,United States 1995 Female 25-34 Middle Working Married,0.0749522573358569,0.0749038864079007,United States 1995,-4.83709279562039e-05,fresh_better
NTP,United States 1995 Female 25-34 Middle Working Single,0.1034832906288405,0.1057673200305627,United States 1995,0.002284029401722204,fresh_worse
NTP,United States 1995 Female 35-44 High Homemaker Married,0.0601843500578845,0.0605055557863033,United States 1995,0.00032120572841880246,fresh_worse
NTP,United States 1995 Female 35-44 High Working Divorced or separated,0.0873578048198697,0.0882637545213881,United States 1995,0.000905949701518402,fresh_worse
NTP,United States 1995 Female 35-44 High Working Married,0.0339412504712737,0.0342172652012598,United States 1995,0.0002760147299860974,fresh_worse
NTP,United States 1995 Female 35-44 Middle Unemployed Married,0.1109468767029175,0.112133334562425,United States 1995,0.0011864578595074948,fresh_worse
NTP,United States 1995 Female 35-44 Middle Working Married,0.060648490421068,0.0621335518504723,United States 1995,0.0014850614294042996,fresh_worse
NTP,United States 1995 Female 45-54 High Working Married,0.0388826739164063,0.0380903108521424,United States 1995,-0.0007923630642638971,fresh_better
NTP,United States 1995 Female 45-54 Middle Working Married,0.0641693906145699,0.0640218079576776,United States 1995,-0.00014758265689229777,fresh_better
NTP,United States 1995 Female 55-64 Middle Homemaker Married,0.0792393043562813,0.0797384336558127,United States 1995,0.0004991292995313867,fresh_worse
NTP,United States 1995 Female 65-74 High Retired Married,0.0868214131982036,0.0883520622656991,United States 1995,0.0015306490674954903,fresh_worse
NTP,United States 1995 Female 65-74 High Retired Widowed,0.0740484055619963,0.0744392629329626,United States 1995,0.0003908573709663077,fresh_worse
NTP,United States 1995 Female 65-74 Middle Retired Married,0.0775575138501123,0.0775304085900441,United States 1995,-2.7105260068188697e-05,fresh_better
NTP,United States 1995 Female 65-74 Middle Retired Widowed,0.07518720027457,0.0749170632989374,United States 1995,-0.00027013697563260664,fresh_better
NTP,United States 1995 Female 75+ Middle Retired Widowed,0.1232920185757564,0.1249175489418327,United States 1995,0.0016255303660762943,fresh_worse
NTP,United States 1995 Female <25 High Working Single,0.0540505848514795,0.0533320941890165,United States 1995,-0.0007184906624629964,fresh_better
NTP,United States 1995 Male 25-34 High Working Married,0.0848215257173116,0.0822186848382445,United States 1995,-0.002602840879067092,fresh_better
NTP,United States 1995 Male 25-34 High Working Single,0.0480391738018249,0.0486444041055632,United States 1995,0.0006052303037382967,fresh_worse
NTP,United States 1995 Male 25-34 Middle Working Married,0.0541178621591061,0.0536937304939033,United States 1995,-0.0004241316652027968,fresh_better
NTP,United States 1995 Male 25-34 Middle Working Single,0.0850835276756718,0.0863263662610219,United States 1995,0.0012428385853500978,fresh_worse
NTP,United States 1995 Male 35-44 High Working Married,0.0408247476748,0.0413232301410818,United States 1995,0.0004984824662817994,fresh_worse
NTP,United States 1995 Male 35-44 Middle Working Married,0.0527755899696683,0.0527374458369704,United States 1995,-3.814413269790512e-05,fresh_better
NTP,United States 1995 Male 45-54 High Working Divorced or separated,0.047634025822947,0.0469621980990712,United States 1995,-0.0006718277238757994,fresh_better
NTP,United States 1995 Male 45-54 High Working Married,0.043431755612697,0.0452073695492654,United States 1995,0.0017756139365684015,fresh_worse
NTP,United States 1995 Male 45-54 Middle Working Divorced or separated,0.0320940129615648,0.0310001675071708,United States 1995,-0.0010938454543939977,fresh_better
NTP,United States 1995 Male 45-54 Middle Working Married,0.0827918632162942,0.0851439737983887,United States 1995,0.002352110582094502,fresh_worse
NTP,United States 1995 Male 55-64 High Retired Married,0.0452391603680332,0.0435184231524065,United States 1995,-0.001720737215626704,fresh_better
NTP,United States 1995 Male 55-64 High Working Married,0.0755072683647827,0.0773299130532848,United States 1995,0.001822644688502087,fresh_worse
NTP,United States 1995 Male 55-64 Middle Retired Married,0.0595485419181293,0.0589382967767542,United States 1995,-0.0006102451413751014,fresh_better
NTP,United States 1995 Male 55-64 Middle Unemployed Married,0.1200712942115871,0.1209640263442609,United States 1995,0.0008927321326737958,fresh_worse
NTP,United States 1995 Male 55-64 Middle Working Married,0.0588171499120628,0.0595796119934304,United States 1995,0.0007624620813675986,fresh_worse
NTP,United States 1995 Male 65-74 High Retired Married,0.0758872919983561,0.0766414458980615,United States 1995,0.0007541538997054009,fresh_worse
NTP,United States 1995 Male 65-74 Middle Retired Married,0.0886518111636155,0.0889040198711529,United States 1995,0.00025220870753740743,fresh_worse
NTP,United States 1995 Male 75+ Middle Retired Widowed,0.0969468001313211,0.096173702793345,United States 1995,-0.0007730973379761058,fresh_better
NTP,United States 1995 Male <25 Middle Student Single,0.0697779813298472,0.0713670652791644,United States 1995,0.0015890839493171993,fresh_worse
NTP,United States 1995 Male <25 Middle Working Single,0.0269202451349473,0.0280265704473148,United States 1995,0.0011063253123675017,fresh_worse
NTP,United States 2006 Female 25-34 High Working Married,0.1179262851054468,0.1159422080503133,United States 2006,-0.0019840770551334957,fresh_better
NTP,United States 2006 Female 25-34 High Working Single,0.0823248911020441,0.0794612329887977,United States 2006,-0.0028636581132464034,fresh_better
NTP,United States 2006 Female 25-34 Middle Homemaker Married,0.1125014548500378,0.1109293004903471,United States 2006,-0.0015721543596907,fresh_better
NTP,United States 2006 Female 25-34 Middle Working Single,0.1364848916218134,0.1372902786245106,United States 2006,0.0008053870026971943,fresh_worse
NTP,United States 2006 Female 35-44 High Homemaker Married,0.0605419771704408,0.0600269794501243,United States 2006,-0.0005149977203164971,fresh_better
NTP,United States 2006 Female 35-44 High Working Married,0.0351827476210784,0.0332735096916795,United States 2006,-0.0019092379293988992,fresh_better
NTP,United States 2006 Female 35-44 High Working Single,0.1469438461483353,0.146727850637393,United States 2006,-0.00021599551094231284,fresh_better
NTP,United States 2006 Female 35-44 Middle Homemaker Married,0.0739386727311585,0.0741699930413132,United States 2006,0.00023132031015470067,fresh_worse
NTP,United States 2006 Female 35-44 Middle Working Married,0.0871464921650439,0.0871660710469001,United States 2006,1.9578881856205377e-05,fresh_worse
NTP,United States 2006 Female 45-54 High Working Divorced or separated,0.0518984762802631,0.0513830352295028,United States 2006,-0.0005154410507603041,fresh_better
NTP,United States 2006 Female 45-54 Middle Working Married,0.0735963220540056,0.0728233466102181,United States 2006,-0.0007729754437875019,fresh_better
NTP,United States 2006 Female 55-64 Middle Homemaker Married,0.071956192669661,0.0713976662978675,United States 2006,-0.0005585263717935024,fresh_better
NTP,United States 2006 Female 55-64 Middle Retired Married,0.0634527565475705,0.0643075423837732,United States 2006,0.0008547858362027011,fresh_worse
NTP,United States 2006 Female 55-64 Middle Working Divorced or separated,0.0910428757177996,0.0902908061792023,United States 2006,-0.0007520695385973136,fresh_better
NTP,United States 2006 Female 55-64 Middle Working Married,0.0732914148979348,0.0735011712542995,United States 2006,0.00020975635636470702,fresh_worse
NTP,United States 2006 Female 65-74 Middle Retired Divorced or separated,0.1106345799805104,0.1100636940145151,United States 2006,-0.0005708859659953047,fresh_better
NTP,United States 2006 Female 65-74 Middle Retired Married,0.0741883861788925,0.0754058616379792,United States 2006,0.0012174754590867087,fresh_worse
NTP,United States 2006 Female 65-74 Middle Retired Widowed,0.0617925474775397,0.0615991202561785,United States 2006,-0.00019342722136119622,fresh_better
NTP,United States 2006 Female <25 Middle NA Single,0.0526548312769995,0.0532883663001048,United States 2006,0.0006335350231053,fresh_worse
NTP,United States 2006 Female <25 Middle Working Single,0.0945610107022983,0.0932815641464605,United States 2006,-0.0012794465558378099,fresh_better
NTP,United States 2006 Male 25-34 High Working Married,0.0317818813620552,0.0320501992861294,United States 2006,0.0002683179240741962,fresh_worse
NTP,United States 2006 Male 25-34 Middle Working Married,0.0873805412087633,0.0882674245591699,United States 2006,0.0008868833504065976,fresh_worse
NTP,United States 2006 Male 35-44 High Working Married,0.0726672710205604,0.0724759993614589,United States 2006,-0.00019127165910150234,fresh_better
NTP,United States 2006 Male 35-44 High Working Single,0.0462541506697834,0.0460625367654798,United States 2006,-0.00019161390430360442,fresh_better
NTP,United States 2006 Male 35-44 Middle Working Married,0.058121637922097,0.0575887858197442,United States 2006,-0.0005328521023528002,fresh_better
NTP,United States 2006 Male 35-44 Middle Working Single,0.0518007343917182,0.0506385793153344,United States 2006,-0.0011621550763838001,fresh_better
NTP,United States 2006 Male 45-54 High Working Divorced or separated,0.073707551178005,0.0740602019152483,United States 2006,0.0003526507372433041,fresh_worse
NTP,United States 2006 Male 45-54 High Working Married,0.0317841508626542,0.0332593313308206,United States 2006,0.001475180468166401,fresh_worse
NTP,United States 2006 Male 45-54 Middle NA Married,0.1169039373254264,0.113644878011433,United States 2006,-0.0032590593139933954,fresh_better
NTP,United States 2006 Male 45-54 Middle Working Divorced or separated,0.0979209087358711,0.0990783563841641,United States 2006,0.0011574476482929946,fresh_worse
NTP,United States 2006 Male 45-54 Middle Working Married,0.0785808402985808,0.0798304824533292,United States 2006,0.0012496421547484038,fresh_worse
NTP,United States 2006 Male 55-64 Middle Retired Divorced or separated,0.1358358577512948,0.1354396129912633,United States 2006,-0.0003962447600315,fresh_better
NTP,United States 2006 Male 55-64 Middle Retired Married,0.0578707931989353,0.0579639965437205,United States 2006,9.320334478520043e-05,fresh_worse
NTP,United States 2006 Male 65-74 High Retired Married,0.0620350110413576,0.0631576978542072,United States 2006,0.0011226868128496048,fresh_worse
NTP,United States 2006 Male 65-74 Middle Retired Married,0.0623462706969843,0.0631312965283954,United States 2006,0.0007850258314111014,fresh_worse
NTP,United States 2006 Male 75+ Middle Retired Married,0.078089982920968,0.0767212860145545,United States 2006,-0.0013686969064135024,fresh_better
NTP,United States 2006 Male <25 Middle Working Single,0.0755985746304395,0.0758155087679786,United States 2006,0.00021693413753910706,fresh_worse
NTP,United States 2017 Female 25-34 High Homemaker Married,0.0785539124515794,0.0794236242144788,United States 2017,0.0008697117628993917,fresh_worse
NTP,United States 2017 Female 25-34 High Working Cohabiting,0.110765422474727,0.1080676697057023,United States 2017,-0.0026977527690247027,fresh_better
NTP,United States 2017 Female 25-34 High Working Married,0.0639179442825617,0.0620688626932063,United States 2017,-0.0018490815893554002,fresh_better
NTP,United States 2017 Female 25-34 High Working Single,0.1377600524370821,0.1349916561970283,United States 2017,-0.0027683962400537887,fresh_better
NTP,United States 2017 Female 25-34 Middle Homemaker Cohabiting,0.1168497611278373,0.1170924801770084,United States 2017,0.0002427190491711001,fresh_worse
NTP,United States 2017 Female 25-34 Middle Homemaker Married,0.0444457174024798,0.0444955008589362,United States 2017,4.9783456456398145e-05,fresh_worse
NTP,United States 2017 Female 25-34 Middle Working Cohabiting,0.0771921280574921,0.075928108229185,United States 2017,-0.0012640198283070947,fresh_better
NTP,United States 2017 Female 25-34 Middle Working Married,0.0389627135462231,0.0381620381715339,United States 2017,-0.000800675374689197,fresh_better
NTP,United States 2017 Female 25-34 Middle Working Single,0.0363868621215191,0.0367475473518036,United States 2017,0.0003606852302844993,fresh_worse
NTP,United States 2017 Female 35-44 High Homemaker Married,0.0983631091856438,0.097847765621878,United States 2017,-0.0005153435637657994,fresh_better
NTP,United States 2017 Female 35-44 High Working Divorced or separated,0.1765487985221591,0.178410922014084,United States 2017,0.0018621234919249108,fresh_worse
NTP,United States 2017 Female 35-44 High Working Married,0.0595490450476422,0.0553142250113956,United States 2017,-0.004234820036246596,fresh_better
NTP,United States 2017 Female 35-44 Middle Homemaker Married,0.0535175817338125,0.0551279002886953,United States 2017,0.001610318554882799,fresh_worse
NTP,United States 2017 Female 35-44 Middle Working Married,0.0585970164317151,0.0587838310969106,United States 2017,0.00018681466519549633,fresh_worse
NTP,United States 2017 Female 45-54 High Homemaker Married,0.1001956609891265,0.1002055430895031,United States 2017,9.882100376598646e-06,fresh_worse
NTP,United States 2017 Female 45-54 High Working Married,0.0730484256112809,0.0725396481507423,United States 2017,-0.0005087774605385953,fresh_better
NTP,United States 2017 Female 45-54 Middle Unemployed Divorced or separated,0.0714122025641026,0.0709590031850146,United States 2017,-0.00045319937908801233,fresh_better
NTP,United States 2017 Female 45-54 Middle Working Divorced or separated,0.0424512895002118,0.0441308641331414,United States 2017,0.0016795746329296007,fresh_worse
NTP,United States 2017 Female 45-54 Middle Working Married,0.0743601083902509,0.0745688101912112,United States 2017,0.00020870180096030366,fresh_worse
NTP,United States 2017 Female 45-54 Middle Working Single,0.0867465729997666,0.0858864875202192,United States 2017,-0.0008600854795473983,fresh_better
NTP,United States 2017 Female 55-64 High Working Divorced or separated,0.0851428858450545,0.0859659203943006,United States 2017,0.0008230345492460933,fresh_worse
NTP,United States 2017 Female 55-64 Middle Retired Married,0.0520935898611614,0.0522011053349678,United States 2017,0.00010751547380639936,fresh_worse
NTP,United States 2017 Female 55-64 Middle Working Married,0.0754933664929113,0.0761425250109644,United States 2017,0.0006491585180530973,fresh_worse
NTP,United States 2017 Female 65-74 Middle Retired Divorced or separated,0.0800300144938507,0.0816712840908546,United States 2017,0.0016412695970038915,fresh_worse
NTP,United States 2017 Female 65-74 Middle Retired Married,0.1037501946392687,0.1054250900809832,United States 2017,0.0016748954417145079,fresh_worse
NTP,United States 2017 Female 65-74 Middle Retired Widowed,0.1019714630013802,0.1015532823637909,United States 2017,-0.0004181806375893049,fresh_better
NTP,United States 2017 Female <25 High Unemployed Single,0.0536875492851403,0.0530148578780838,United States 2017,-0.0006726914070565027,fresh_better
NTP,United States 2017 Female <25 High Working Single,0.050523265738011,0.0506334193226684,United States 2017,0.0001101535846574006,fresh_worse
NTP,United States 2017 Female <25 Middle Unemployed Single,0.0150401644073675,0.0148371609090584,United States 2017,-0.0002030034983091008,fresh_better
NTP,United States 2017 Female <25 Middle Working Single,0.0520325395725579,0.0537606490545672,United States 2017,0.001728109482009299,fresh_worse
NTP,United States 2017 Male 25-34 High Unemployed Single,0.0942614658701199,0.0920938105493433,United States 2017,-0.0021676553207765903,fresh_better
NTP,United States 2017 Male 25-34 High Working Cohabiting,0.137935430418562,0.1393696334075021,United States 2017,0.0014342029889401198,fresh_worse
NTP,United States 2017 Male 25-34 High Working Married,0.0370788705104065,0.0381019167265992,United States 2017,0.0010230462161926954,fresh_worse
NTP,United States 2017 Male 25-34 High Working Single,0.0880639275397967,0.0854422502696672,United States 2017,-0.002621677270129491,fresh_better
NTP,United States 2017 Male 25-34 Middle Working Married,0.04327780941971,0.0432017298573453,United States 2017,-7.607956236470315e-05,fresh_better
NTP,United States 2017 Male 25-34 Middle Working Single,0.0428850098614421,0.0433911915803332,United States 2017,0.0005061817188911008,fresh_worse
NTP,United States 2017 Male 35-44 High Working Divorced or separated,0.0891823622166479,0.0892442201198066,United States 2017,6.18579031586991e-05,fresh_worse
NTP,United States 2017 Male 35-44 High Working Married,0.0708028658002458,0.0721704546530446,United States 2017,0.0013675888527987928,fresh_worse
NTP,United States 2017 Male 35-44 High Working Single,0.0954625620408817,0.1004184866096929,United States 2017,0.004955924568811193,fresh_worse
NTP,United States 2017 Male 35-44 Middle Working Married,0.0344757663982886,0.0367131870808437,United States 2017,0.0022374206825550996,fresh_worse
NTP,United States 2017 Male 45-54 High Unemployed Divorced or separated,0.0833571388790703,0.0842823862963593,United States 2017,0.0009252474172889991,fresh_worse
NTP,United States 2017 Male 45-54 High Working Divorced or separated,0.0793294665977509,0.0785248701582646,United States 2017,-0.0008045964394862992,fresh_better
NTP,United States 2017 Male 45-54 High Working Married,0.0253118324644483,0.0243431925182918,United States 2017,-0.0009686399461564972,fresh_better
NTP,United States 2017 Male 45-54 Middle NA Married,0.1409632504944912,0.1435762510915559,United States 2017,0.0026130005970646797,fresh_worse
NTP,United States 2017 Male 45-54 Middle Unemployed Married,0.1677548497087427,0.1685367032896349,United States 2017,0.0007818535808922222,fresh_worse
NTP,United States 2017 Male 45-54 Middle Working Divorced or separated,0.0280097601949007,0.0287375597844281,United States 2017,0.0007277995895274003,fresh_worse
NTP,United States 2017 Male 45-54 Middle Working Married,0.0889101757852204,0.0881966190046957,United States 2017,-0.0007135567805246906,fresh_better
NTP,United States 2017 Male 45-54 Middle Working Single,0.0579750368835868,0.0583254118499516,United States 2017,0.0003503749663648012,fresh_worse
NTP,United States 2017 Male 55-64 High Retired Married,0.067688054508633,0.0670462298152572,United States 2017,-0.0006418246933758004,fresh_better
NTP,United States 2017 Male 55-64 High Working Divorced or separated,0.1328676075541547,0.1330259554085571,United States 2017,0.00015834785440241306,fresh_worse
NTP,United States 2017 Male 55-64 High Working Married,0.059534505035501,0.0591118074443062,United States 2017,-0.0004226975911948011,fresh_better
NTP,United States 2017 Male 55-64 High Working Single,0.163608614033387,0.1641052807447791,United States 2017,0.0004966667113920908,fresh_worse
NTP,United States 2017 Male 55-64 Middle Retired Divorced or separated,0.0890204257229808,0.0885760643418105,United States 2017,-0.000444361381170294,fresh_better
NTP,United States 2017 Male 55-64 Middle Retired Married,0.0573457080594919,0.0542371260693374,United States 2017,-0.003108581990154499,fresh_better
NTP,United States 2017 Male 55-64 Middle Working Married,0.0775538785647823,0.0753730951370102,United States 2017,-0.002180783427772101,fresh_better
NTP,United States 2017 Male 65-74 High Retired Married,0.0616018906336039,0.0589454299726035,United States 2017,-0.0026564606610003996,fresh_better
NTP,United States 2017 Male 65-74 High Retired Widowed,0.0826807812796772,0.0815535582335608,United States 2017,-0.0011272230461164129,fresh_better
NTP,United States 2017 Male 65-74 High Working Married,0.0698702741828229,0.06815513123444,United States 2017,-0.0017151429483829028,fresh_better
NTP,United States 2017 Male 65-74 Middle Retired Married,0.0722984923789794,0.0705255860895972,United States 2017,-0.0017729062893821895,fresh_better
NTP,United States 2017 Male 65-74 Middle Retired Widowed,0.1515816743696423,0.1496932147460189,United States 2017,-0.0018884596236233842,fresh_better
NTP,United States 2017 Male 75+ Middle Retired Married,0.0856119145949679,0.0849777929578275,United States 2017,-0.0006341216371404113,fresh_better
NTP,United States 2017 Male <25 High Working Single,0.1488632648330346,0.1453152780194655,United States 2017,-0.003547986813569104,fresh_better
NTP,United States 2017 Male <25 Middle Unemployed Single,0.0518904999652167,0.0511732174151718,United States 2017,-0.0007172825500448982,fresh_better
NTP,United States 2017 Male <25 Middle Working Single,0.0522500132848905,0.0538828618644139,United States 2017,0.0016328485795234007,fresh_worse
