question,question_label,model_key,model_label,arm,series,mode,predictor,estimate,std_error,ci_low,ci_high,p_value,adjusted_r_squared
d_happy,Happiness,gemma4_31b,Gemma-4-31B-it,base,Gemma-4-31B-it (base),ntp,const,0.1394653828606198,0.0013036971721136,0.1369053570902053,0.1420254086310344,0.0,0.5758826032627754
d_happy,Happiness,gemma4_31b,Gemma-4-31B-it,base,Gemma-4-31B-it (base),ntp,nEMD_center,0.0375944280657064,0.0017692169214862,0.0341202770056751,0.0410685791257377,2.7762055800404524e-76,0.5758826032627754
d_happy,Happiness,gemma4_31b,Gemma-4-31B-it,base,Gemma-4-31B-it (base),ntp,countryAustralia,-0.0009765099236743,0.0016895255215203,-0.0042941736935917,0.0023411538462429,0.5634811013983215,0.5758826032627754
d_happy,Happiness,gemma4_31b,Gemma-4-31B-it,base,Gemma-4-31B-it (base),ntp,countryGermany,0.0029163827107606,0.0017423139922785,-0.0005049399827261,0.0063377054042474,0.0946459909060452,0.5758826032627754
d_happy,Happiness,gemma4_31b,Gemma-4-31B-it,base,Gemma-4-31B-it (base),ntp,countryMexico,-0.0007984181444527,0.0019910628588733,-0.0047082005220329,0.0031113642331274,0.6885528313616174,0.5758826032627754
d_happy,Happiness,gemma4_31b,Gemma-4-31B-it,base,Gemma-4-31B-it (base),ntp,countryRussia,0.003547966709841,0.0017283426276404,0.0001540791096307,0.0069418543100513,0.0404953488915852,0.5758826032627754
d_happy,Happiness,gemma4_31b,Gemma-4-31B-it,base,Gemma-4-31B-it (base),ntp,decade200X,-0.0042970405845007,0.0015470516970123,-0.0073349333537964,-0.0012591478152049,0.0056366877715863,0.5758826032627754
d_happy,Happiness,gemma4_31b,Gemma-4-31B-it,base,Gemma-4-31B-it (base),ntp,decade199X,-0.0003458024983593,0.0016504767691719,-0.0035867875621686,0.0028951825654499,0.8341113416072392,0.5758826032627754
d_happy,Happiness,gemma4_31b,Gemma-4-31B-it,base,Gemma-4-31B-it (base),ntp,Sex_Female,0.0013821316968804,0.0014592733936328,-0.0014833938052755,0.0042476571990365,0.343925371715775,0.5758826032627754
d_happy,Happiness,gemma4_31b,Gemma-4-31B-it,base,Gemma-4-31B-it (base),ntp,Age_<25,-0.0002912846324106,0.0022113559083342,-0.0046336489743659,0.0040510797095446,0.8952453059413883,0.5758826032627754
d_happy,Happiness,gemma4_31b,Gemma-4-31B-it,base,Gemma-4-31B-it (base),ntp,Age_25-34,-0.0035230488295921,0.0018498742910382,-0.0071555840213401,0.0001094863621559,0.0572943691800094,0.5758826032627754
d_happy,Happiness,gemma4_31b,Gemma-4-31B-it,base,Gemma-4-31B-it (base),ntp,Age_45-54,-0.0005039471663747,0.0017255920593676,-0.0038924335692729,0.0028845392365234,0.7703480562728451,0.5758826032627754
d_happy,Happiness,gemma4_31b,Gemma-4-31B-it,base,Gemma-4-31B-it (base),ntp,Age_55-64,0.0017876711037033,0.0017863446858246,-0.0017201131642798,0.0052954553716864,0.3173283335295143,0.5758826032627754
d_happy,Happiness,gemma4_31b,Gemma-4-31B-it,base,Gemma-4-31B-it (base),ntp,Age_65-74,-0.0009746442947572,0.0021447666977004,-0.005186249669906,0.0032369610803915,0.6496736491821664,0.5758826032627754
d_happy,Happiness,gemma4_31b,Gemma-4-31B-it,base,Gemma-4-31B-it (base),ntp,Age_75+,-0.0018816802942227,0.0020396340190833,-0.0058868402061693,0.0021234796177238,0.3565842639140461,0.5758826032627754
d_happy,Happiness,gemma4_31b,Gemma-4-31B-it,base,Gemma-4-31B-it (base),ntp,Education_Low,-0.0017834240642865,0.0015605838642241,-0.0048478894898191,0.001281041361246,0.2535506008945246,0.5758826032627754
d_happy,Happiness,gemma4_31b,Gemma-4-31B-it,base,Gemma-4-31B-it (base),ntp,Education_Middle,0.0030267927552059,0.0014043270445372,0.000269163528875,0.0057844219815368,0.0315068085409105,0.5758826032627754
d_happy,Happiness,gemma4_31b,Gemma-4-31B-it,base,Gemma-4-31B-it (base),ntp,Employment_Homemaker,0.0037354452893206,0.0015332804547039,0.0007245946398932,0.0067462959387481,0.0151115065549774,0.5758826032627754
d_happy,Happiness,gemma4_31b,Gemma-4-31B-it,base,Gemma-4-31B-it (base),ntp,Employment_Retired,-0.0009328277862664,0.0025424106342216,-0.0059252730272355,0.0040596174547026,0.7138094279286495,0.5758826032627754
d_happy,Happiness,gemma4_31b,Gemma-4-31B-it,base,Gemma-4-31B-it (base),ntp,Employment_Student,-0.0008171145801064,0.0016111919624002,-0.0039809574057698,0.0023467282455569,0.6122243468620427,0.5758826032627754
d_happy,Happiness,gemma4_31b,Gemma-4-31B-it,base,Gemma-4-31B-it (base),ntp,Employment_Unemployed,0.0036721940588744,0.0014239619229776,0.0008760084899499,0.0064683796277988,0.0101342410400699,0.5758826032627754
d_happy,Happiness,gemma4_31b,Gemma-4-31B-it,base,Gemma-4-31B-it (base),ntp,Marstat_Cohabiting,0.0036800127869806,0.0015264211064527,0.0006826316062818,0.0066773939676795,0.016194136817679,0.5758826032627754
d_happy,Happiness,gemma4_31b,Gemma-4-31B-it,base,Gemma-4-31B-it (base),ntp,Marstat_Divorced or separated,0.0006053633032019,0.0013781607525252,-0.0021008840659769,0.0033116106723808,0.6606249471917045,0.5758826032627754
d_happy,Happiness,gemma4_31b,Gemma-4-31B-it,base,Gemma-4-31B-it (base),ntp,Marstat_Single,0.0062836216771353,0.0019912343916945,0.0023735024663914,0.0101937408878791,0.0016763532185637,0.5758826032627754
d_happy,Happiness,gemma4_31b,Gemma-4-31B-it,base,Gemma-4-31B-it (base),ntp,Marstat_Widowed,0.0043124182207438,0.0016402172761847,0.0010915793741698,0.0075332570673178,0.008764172708962,0.5758826032627754
d_happy,Happiness,gemma4_31b,Gemma-4-31B-it,base,Gemma-4-31B-it (base),fa,const,0.1418991125209696,0.0012780393284089,0.139389470185069,0.1444087548568702,0.0,0.582002570330995
d_happy,Happiness,gemma4_31b,Gemma-4-31B-it,base,Gemma-4-31B-it (base),fa,nEMD_center,0.0371579438002382,0.0017280683503879,0.0337645947889348,0.0405512928115417,1.164627738067438e-77,0.582002570330995
d_happy,Happiness,gemma4_31b,Gemma-4-31B-it,base,Gemma-4-31B-it (base),fa,countryAustralia,0.0002205517600459,0.0016480146374072,-0.0030155984994064,0.0034567020194983,0.8935799223901679,0.582002570330995
d_happy,Happiness,gemma4_31b,Gemma-4-31B-it,base,Gemma-4-31B-it (base),fa,countryGermany,0.0022914878026817,0.0016976343693037,-0.0010420990356736,0.0056250746410371,0.1775519201783058,0.582002570330995
d_happy,Happiness,gemma4_31b,Gemma-4-31B-it,base,Gemma-4-31B-it (base),fa,countryMexico,5.9117201823217017e-05,0.001947761991646,-0.003765636736366,0.0038838711400124,0.975796278461574,0.582002570330995
d_happy,Happiness,gemma4_31b,Gemma-4-31B-it,base,Gemma-4-31B-it (base),fa,countryRussia,0.0021914723586469,0.0016939375507227,-0.0011348551628682,0.0055177998801621,0.1962291361395211,0.582002570330995
d_happy,Happiness,gemma4_31b,Gemma-4-31B-it,base,Gemma-4-31B-it (base),fa,decade200X,-0.0040484654905669,0.0015181892449495,-0.0070296820449727,-0.0010672489361612,0.0078543796674172,0.582002570330995
d_happy,Happiness,gemma4_31b,Gemma-4-31B-it,base,Gemma-4-31B-it (base),fa,decade199X,-8.881622846278246e-05,0.0016149297780863,-0.0032599988755864,0.0030823664186608,0.95615799581378,0.582002570330995
d_happy,Happiness,gemma4_31b,Gemma-4-31B-it,base,Gemma-4-31B-it (base),fa,Sex_Female,0.0005647032400673,0.001435738714612,-0.0022546080138103,0.0033840144939451,0.6942145036582561,0.582002570330995
d_happy,Happiness,gemma4_31b,Gemma-4-31B-it,base,Gemma-4-31B-it (base),fa,Age_<25,-0.0003315728928466,0.0021556216699971,-0.004564493807686,0.0039013480219927,0.8778017688517186,0.582002570330995
d_happy,Happiness,gemma4_31b,Gemma-4-31B-it,base,Gemma-4-31B-it (base),fa,Age_25-34,-0.0039718099099768,0.001822669197593,-0.0075509233855503,-0.0003926964344033,0.0296857986409534,0.582002570330995
d_happy,Happiness,gemma4_31b,Gemma-4-31B-it,base,Gemma-4-31B-it (base),fa,Age_45-54,-0.001814446377221,0.0016970114780551,-0.0051468100652292,0.001517917310787,0.28538094177184,0.582002570330995
d_happy,Happiness,gemma4_31b,Gemma-4-31B-it,base,Gemma-4-31B-it (base),fa,Age_55-64,0.0018840275537364,0.0017519956427613,-0.0015563066673246,0.0053243617747975,0.2826171591388565,0.582002570330995
d_happy,Happiness,gemma4_31b,Gemma-4-31B-it,base,Gemma-4-31B-it (base),fa,Age_65-74,0.000111602768343,0.0021241864990544,-0.0040595899710949,0.0042827955077809,0.9581155138280328,0.582002570330995
d_happy,Happiness,gemma4_31b,Gemma-4-31B-it,base,Gemma-4-31B-it (base),fa,Age_75+,-0.0009774616963853,0.0019855589111962,-0.0048764361592184,0.0029215127664477,0.6226858845870759,0.582002570330995
d_happy,Happiness,gemma4_31b,Gemma-4-31B-it,base,Gemma-4-31B-it (base),fa,Education_Low,-0.0023039640308744,0.0015400046209523,-0.005328018696732,0.000720090634983,0.1351252477912392,0.582002570330995
d_happy,Happiness,gemma4_31b,Gemma-4-31B-it,base,Gemma-4-31B-it (base),fa,Education_Middle,0.0020312111047401,0.0013817755134686,-0.0006821344474885,0.0047445566569688,0.1420514242353408,0.582002570330995
d_happy,Happiness,gemma4_31b,Gemma-4-31B-it,base,Gemma-4-31B-it (base),fa,Employment_Homemaker,0.0037740588599076,0.0015113665436413,0.0008062398118757,0.0067418779079394,0.0127701412248598,0.582002570330995
d_happy,Happiness,gemma4_31b,Gemma-4-31B-it,base,Gemma-4-31B-it (base),fa,Employment_Retired,-0.0033401424645312,0.0025149158701011,-0.0082785971728784,0.0015983122438159,0.1846061728097138,0.582002570330995
d_happy,Happiness,gemma4_31b,Gemma-4-31B-it,base,Gemma-4-31B-it (base),fa,Employment_Student,-0.0013409694517561,0.001582880642285,-0.0044492183015793,0.001767279398067,0.3972159059057712,0.582002570330995
d_happy,Happiness,gemma4_31b,Gemma-4-31B-it,base,Gemma-4-31B-it (base),fa,Employment_Unemployed,0.0038882722603039,0.0014007121023695,0.0011377415728866,0.0066388029477213,0.0056648909302556,0.582002570330995
d_happy,Happiness,gemma4_31b,Gemma-4-31B-it,base,Gemma-4-31B-it (base),fa,Marstat_Cohabiting,0.0030789794834528,0.0014994517670152,0.0001345570768066,0.006023401890099,0.040438048728976,0.582002570330995
d_happy,Happiness,gemma4_31b,Gemma-4-31B-it,base,Gemma-4-31B-it (base),fa,Marstat_Divorced or separated,0.0004960059576913,0.0013520976989487,-0.0021590622801382,0.0031510741955208,0.713857899786791,0.582002570330995
d_happy,Happiness,gemma4_31b,Gemma-4-31B-it,base,Gemma-4-31B-it (base),fa,Marstat_Single,0.0047278064274532,0.0019498428632471,0.0008989663525156,0.0085566465023908,0.0155955060670954,0.582002570330995
d_happy,Happiness,gemma4_31b,Gemma-4-31B-it,base,Gemma-4-31B-it (base),fa,Marstat_Widowed,0.0047172603929958,0.0015960122557221,0.0015832254407515,0.00785129534524,0.0032344819989764,0.582002570330995
d_happy,Happiness,gemma4_31b,Gemma-4-31B-it,german,Gemma-4-31B-it (german),ntp,const,0.1640243786440784,0.0021056247690532,0.159889523904408,0.1681592333837488,0.0,0.414638131232953
d_happy,Happiness,gemma4_31b,Gemma-4-31B-it,german,Gemma-4-31B-it (german),ntp,nEMD_center,0.0385580543268258,0.003540162896577,0.0316061702365287,0.045509938417123,1.9405024114898616e-25,0.414638131232953
d_happy,Happiness,gemma4_31b,Gemma-4-31B-it,german,Gemma-4-31B-it (german),ntp,countryAustralia,-0.000293970156502,0.0027192934363344,-0.0056338975353187,0.0050459572223147,0.913946384573127,0.414638131232953
d_happy,Happiness,gemma4_31b,Gemma-4-31B-it,german,Gemma-4-31B-it (german),ntp,countryGermany,-0.0006885041646884,0.0029184404525136,-0.0064195002637452,0.0050424919343684,0.8135748622001908,0.414638131232953
d_happy,Happiness,gemma4_31b,Gemma-4-31B-it,german,Gemma-4-31B-it (german),ntp,countryMexico,0.0091433838419571,0.0029195749588168,0.0034101598916544,0.0148766077922598,0.001817796180113,0.414638131232953
d_happy,Happiness,gemma4_31b,Gemma-4-31B-it,german,Gemma-4-31B-it (german),ntp,countryRussia,0.0046749793233422,0.0035562199250928,-0.0023084362541595,0.0116583949008441,0.1891230550284552,0.414638131232953
d_happy,Happiness,gemma4_31b,Gemma-4-31B-it,german,Gemma-4-31B-it (german),ntp,decade200X,0.0033411381034224,0.0024645410738676,-0.0014985272966839,0.0081808035035288,0.1756833001285878,0.414638131232953
d_happy,Happiness,gemma4_31b,Gemma-4-31B-it,german,Gemma-4-31B-it (german),ntp,decade199X,0.0058457377643822,0.0025828610640918,0.0007737251865799,0.0109177503421845,0.0239562686091506,0.414638131232953
d_happy,Happiness,gemma4_31b,Gemma-4-31B-it,german,Gemma-4-31B-it (german),ntp,Sex_Female,-0.0001098467329511,0.0023568142681831,-0.0047379669899623,0.00451827352406,0.9628402432723758,0.414638131232953
d_happy,Happiness,gemma4_31b,Gemma-4-31B-it,german,Gemma-4-31B-it (german),ntp,Age_<25,0.0039354374309772,0.0036952300105121,-0.0033209548511141,0.0111918297130687,0.2872798557017719,0.414638131232953
d_happy,Happiness,gemma4_31b,Gemma-4-31B-it,german,Gemma-4-31B-it (german),ntp,Age_25-34,-0.0068569488967171,0.002996016453792,-0.0127402824403581,-0.000973615353076,0.0224260227106738,0.414638131232953
d_happy,Happiness,gemma4_31b,Gemma-4-31B-it,german,Gemma-4-31B-it (german),ntp,Age_45-54,0.0001082160959304,0.0027905079295819,-0.0053715565151733,0.0055879887070341,0.9690779609781416,0.414638131232953
d_happy,Happiness,gemma4_31b,Gemma-4-31B-it,german,Gemma-4-31B-it (german),ntp,Age_55-64,0.0023200624455403,0.0029247990160944,-0.003423420083742,0.0080635449748226,0.4279362511555225,0.414638131232953
d_happy,Happiness,gemma4_31b,Gemma-4-31B-it,german,Gemma-4-31B-it (german),ntp,Age_65-74,0.0023070059788039,0.0034534297659549,-0.0044745586407545,0.0090885705983623,0.5043558515078074,0.414638131232953
d_happy,Happiness,gemma4_31b,Gemma-4-31B-it,german,Gemma-4-31B-it (german),ntp,Age_75+,0.0031897107327764,0.0033091239000726,-0.0033084777590524,0.0096878992246054,0.3354571500798152,0.414638131232953
d_happy,Happiness,gemma4_31b,Gemma-4-31B-it,german,Gemma-4-31B-it (german),ntp,Education_Low,-0.001066275461995,0.0025408892947204,-0.0060558672913011,0.003923316367311,0.674886052329945,0.414638131232953
d_happy,Happiness,gemma4_31b,Gemma-4-31B-it,german,Gemma-4-31B-it (german),ntp,Education_Middle,-0.0068383024091297,0.0022867825292252,-0.0113289000305729,-0.0023477047876865,0.0028947076082834,0.414638131232953
d_happy,Happiness,gemma4_31b,Gemma-4-31B-it,german,Gemma-4-31B-it (german),ntp,Employment_Homemaker,-0.0105251983978836,0.0024862371494813,-0.0154074687874458,-0.0056429280083214,2.643152196456896e-05,0.414638131232953
d_happy,Happiness,gemma4_31b,Gemma-4-31B-it,german,Gemma-4-31B-it (german),ntp,Employment_Retired,-0.0141157697954972,0.0040738657152729,-0.0221156960925035,-0.0061158434984909,0.0005661473952578,0.414638131232953
d_happy,Happiness,gemma4_31b,Gemma-4-31B-it,german,Gemma-4-31B-it (german),ntp,Employment_Student,0.0001318800609992,0.0026595029277801,-0.0050906355779308,0.0053543956999293,0.9604661630957309,0.414638131232953
d_happy,Happiness,gemma4_31b,Gemma-4-31B-it,german,Gemma-4-31B-it (german),ntp,Employment_Unemployed,-0.007572130237794,0.0023183670635584,-0.0121247510000207,-0.0030195094755673,0.0011490726030529,0.414638131232953
d_happy,Happiness,gemma4_31b,Gemma-4-31B-it,german,Gemma-4-31B-it (german),ntp,Marstat_Cohabiting,-0.0086069693369593,0.0024799906685977,-0.0134769733951849,-0.0037369652787337,0.0005546731014263,0.414638131232953
d_happy,Happiness,gemma4_31b,Gemma-4-31B-it,german,Gemma-4-31B-it (german),ntp,Marstat_Divorced or separated,-0.0235338949907264,0.0023670130488618,-0.0281820427841001,-0.0188857471973527,9.677988165957326e-22,0.414638131232953
d_happy,Happiness,gemma4_31b,Gemma-4-31B-it,german,Gemma-4-31B-it (german),ntp,Marstat_Single,-0.0306271114715201,0.0033763499429713,-0.0372573130010918,-0.0239969099419485,1.469931494500038e-18,0.414638131232953
d_happy,Happiness,gemma4_31b,Gemma-4-31B-it,german,Gemma-4-31B-it (german),ntp,Marstat_Widowed,-0.0127581385430552,0.0027325279245445,-0.0181240547338895,-0.0073922223522209,3.697500540134034e-06,0.414638131232953
d_happy,Happiness,gemma4_31b,Gemma-4-31B-it,german,Gemma-4-31B-it (german),fa,const,0.1665437321036416,0.0020689953099153,0.1624808073179469,0.1706066568893363,0.0,0.4396394938850251
d_happy,Happiness,gemma4_31b,Gemma-4-31B-it,german,Gemma-4-31B-it (german),fa,nEMD_center,0.0422686663149385,0.0034955370003524,0.0354044149316784,0.0491329176981987,1.973272176497413e-30,0.4396394938850251
d_happy,Happiness,gemma4_31b,Gemma-4-31B-it,german,Gemma-4-31B-it (german),fa,countryAustralia,0.0002572557977807,0.0026730295899508,-0.0049918224006378,0.0055063339961992,0.9233594047088536,0.4396394938850251
d_happy,Happiness,gemma4_31b,Gemma-4-31B-it,german,Gemma-4-31B-it (german),fa,countryGermany,-0.0013498775712905,0.0028580298067865,-0.0069622441554962,0.0042624890129152,0.6368679404349549,0.4396394938850251
d_happy,Happiness,gemma4_31b,Gemma-4-31B-it,german,Gemma-4-31B-it (german),fa,countryMexico,0.0145924610684835,0.0028699958940398,0.0089565964549413,0.0202283256820258,4.861190837164359e-07,0.4396394938850251
d_happy,Happiness,gemma4_31b,Gemma-4-31B-it,german,Gemma-4-31B-it (german),fa,countryRussia,0.0032409797881726,0.0034450594878552,-0.0035241479597354,0.0100061075360807,0.3471858892784393,0.4396394938850251
d_happy,Happiness,gemma4_31b,Gemma-4-31B-it,german,Gemma-4-31B-it (german),fa,decade200X,0.0037428047238907,0.0024281611031236,-0.0010254206472653,0.0085110300950467,0.1237154729527354,0.4396394938850251
d_happy,Happiness,gemma4_31b,Gemma-4-31B-it,german,Gemma-4-31B-it (german),fa,decade199X,0.0057217081657936,0.0025420294728147,0.0007298773474394,0.0107135389841479,0.024737857343595,0.4396394938850251
d_happy,Happiness,gemma4_31b,Gemma-4-31B-it,german,Gemma-4-31B-it (german),fa,Sex_Female,-0.0009066356391537,0.0023175612115484,-0.0054576739347168,0.0036444026564092,0.6957792341095044,0.4396394938850251
d_happy,Happiness,gemma4_31b,Gemma-4-31B-it,german,Gemma-4-31B-it (german),fa,Age_<25,0.0054599338631871,0.0036067631601106,-0.0016227344102097,0.012542602136584,0.1305745838710659,0.4396394938850251
d_happy,Happiness,gemma4_31b,Gemma-4-31B-it,german,Gemma-4-31B-it (german),fa,Age_25-34,-0.0072627257758861,0.002929087894097,-0.0130146304551153,-0.0015108210966568,0.0134151881798843,0.4396394938850251
d_happy,Happiness,gemma4_31b,Gemma-4-31B-it,german,Gemma-4-31B-it (german),fa,Age_45-54,9.809847691033956e-05,0.0027256227487306,-0.0052542578910334,0.0054504548448541,0.9713007097386738,0.4396394938850251
d_happy,Happiness,gemma4_31b,Gemma-4-31B-it,german,Gemma-4-31B-it (german),fa,Age_55-64,0.0028477348298847,0.0028177244698708,-0.0026854834104047,0.0083809530701742,0.3125698607682851,0.4396394938850251
d_happy,Happiness,gemma4_31b,Gemma-4-31B-it,german,Gemma-4-31B-it (german),fa,Age_65-74,0.0024792028954613,0.0033903918045121,-0.0041785729002374,0.0091369786911602,0.4649008626783058,0.4396394938850251
d_happy,Happiness,gemma4_31b,Gemma-4-31B-it,german,Gemma-4-31B-it (german),fa,Age_75+,0.0035927848443806,0.0032473620708074,-0.0027841207882128,0.0099696904769742,0.2689865710065114,0.4396394938850251
d_happy,Happiness,gemma4_31b,Gemma-4-31B-it,german,Gemma-4-31B-it (german),fa,Education_Low,-0.0029871688535714,0.0025130860764168,-0.0079221629831019,0.0019478252759589,0.2350248681034845,0.4396394938850251
d_happy,Happiness,gemma4_31b,Gemma-4-31B-it,german,Gemma-4-31B-it (german),fa,Education_Middle,-0.0075694488603352,0.002246925259296,-0.0119817780153835,-0.0031571197052869,0.0008007767785034,0.4396394938850251
d_happy,Happiness,gemma4_31b,Gemma-4-31B-it,german,Gemma-4-31B-it (german),fa,Employment_Homemaker,-0.0105714941228334,0.0024297273705153,-0.0153427952025598,-0.0058001930431071,1.5803280369694154e-05,0.4396394938850251
d_happy,Happiness,gemma4_31b,Gemma-4-31B-it,german,Gemma-4-31B-it (german),fa,Employment_Retired,-0.014055966976524,0.003997854393563,-0.0219066284194784,-0.0062053055335695,0.000469618248302,0.4396394938850251
d_happy,Happiness,gemma4_31b,Gemma-4-31B-it,german,Gemma-4-31B-it (german),fa,Employment_Student,4.732550767092773e-05,0.0026100039157291,-0.0050779879955337,0.0051726390108756,0.9855389833329016,0.4396394938850251
d_happy,Happiness,gemma4_31b,Gemma-4-31B-it,german,Gemma-4-31B-it (german),fa,Employment_Unemployed,-0.0072111546194201,0.0022771480906643,-0.0116828329136721,-0.0027394763251681,0.00161563887221,0.4396394938850251
d_happy,Happiness,gemma4_31b,Gemma-4-31B-it,german,Gemma-4-31B-it (german),fa,Marstat_Cohabiting,-0.0095011272303726,0.0024248058534559,-0.0142627638350042,-0.0047394906257411,9.888262538439928e-05,0.4396394938850251
d_happy,Happiness,gemma4_31b,Gemma-4-31B-it,german,Gemma-4-31B-it (german),fa,Marstat_Divorced or separated,-0.0244636962426995,0.0023227025056513,-0.029024830593648,-0.019902561891751,5.1818332664556064e-24,0.4396394938850251
d_happy,Happiness,gemma4_31b,Gemma-4-31B-it,german,Gemma-4-31B-it (german),fa,Marstat_Single,-0.032891710374377,0.003331902594516,-0.0394346298145056,-0.0263487909342483,1.7854311953572556e-21,0.4396394938850251
d_happy,Happiness,gemma4_31b,Gemma-4-31B-it,german,Gemma-4-31B-it (german),fa,Marstat_Widowed,-0.0124209665776938,0.0026793337051107,-0.0176824242849554,-0.0071595088704323,4.319387743958398e-06,0.4396394938850251
d_happy,Happiness,gemma4_e4b,Gemma-4-E4B-it,base,Gemma-4-E4B-it (base),ntp,const,0.1296584694683917,0.0019614020536362,0.1258069310046609,0.1335100079321226,1.112949469640127e-288,0.2602452083017276
d_happy,Happiness,gemma4_e4b,Gemma-4-E4B-it,base,Gemma-4-E4B-it (base),ntp,nEMD_center,0.0182597549366572,0.0025513557567113,0.0132497444630691,0.0232697654102454,2.2623922007054397e-12,0.2602452083017276
d_happy,Happiness,gemma4_e4b,Gemma-4-E4B-it,base,Gemma-4-E4B-it (base),ntp,countryAustralia,-0.0026470905533823,0.0025409966501696,-0.007636759201988,0.0023425780952233,0.2979184046382769,0.2602452083017276
d_happy,Happiness,gemma4_e4b,Gemma-4-E4B-it,base,Gemma-4-E4B-it (base),ntp,countryGermany,-0.0034137721378718,0.0026023461928725,-0.0085239107956807,0.001696366519937,0.1900546412911978,0.2602452083017276
d_happy,Happiness,gemma4_e4b,Gemma-4-E4B-it,base,Gemma-4-E4B-it (base),ntp,countryMexico,0.0099486484112173,0.0029460358492792,0.0041636180713165,0.015733678751118,0.000777169814145,0.2602452083017276
d_happy,Happiness,gemma4_e4b,Gemma-4-E4B-it,base,Gemma-4-E4B-it (base),ntp,countryRussia,0.0026169453364365,0.0026677605844695,-0.0026216453360167,0.0078555360088898,0.3269858788674366,0.2602452083017276
d_happy,Happiness,gemma4_e4b,Gemma-4-E4B-it,base,Gemma-4-E4B-it (base),ntp,decade200X,0.000271880053645,0.0023270606296471,-0.0042976897119741,0.0048414498192643,0.9070280530220188,0.2602452083017276
d_happy,Happiness,gemma4_e4b,Gemma-4-E4B-it,base,Gemma-4-E4B-it (base),ntp,decade199X,0.0078640711571853,0.0024758500122816,0.0030023287443777,0.0127258135699929,0.0015630920705638,0.2602452083017276
d_happy,Happiness,gemma4_e4b,Gemma-4-E4B-it,base,Gemma-4-E4B-it (base),ntp,Sex_Female,-0.002771254209223,0.0021970255322794,-0.0070854784794003,0.0015429700609542,0.2076349953735122,0.2602452083017276
d_happy,Happiness,gemma4_e4b,Gemma-4-E4B-it,base,Gemma-4-E4B-it (base),ntp,Age_<25,-0.0004480404889909,0.0033288874686355,-0.0069848635248963,0.0060887825469144,0.8929769195901113,0.2602452083017276
d_happy,Happiness,gemma4_e4b,Gemma-4-E4B-it,base,Gemma-4-E4B-it (base),ntp,Age_25-34,-0.0050809456074417,0.0027834824556736,-0.0105467753802168,0.0003848841653333,0.0684063967405754,0.2602452083017276
d_happy,Happiness,gemma4_e4b,Gemma-4-E4B-it,base,Gemma-4-E4B-it (base),ntp,Age_45-54,0.0013939422180008,0.0025962449789113,-0.0037042156935844,0.006492100129586,0.5915178387897043,0.2602452083017276
d_happy,Happiness,gemma4_e4b,Gemma-4-E4B-it,base,Gemma-4-E4B-it (base),ntp,Age_55-64,-0.0007530855207951,0.0026876758534489,-0.0060307831292016,0.0045246120876113,0.7794146851458679,0.2602452083017276
d_happy,Happiness,gemma4_e4b,Gemma-4-E4B-it,base,Gemma-4-E4B-it (base),ntp,Age_65-74,0.0020171850737567,0.0032286757352171,-0.0043228555915671,0.0083572257390805,0.5323429151992393,0.2602452083017276
d_happy,Happiness,gemma4_e4b,Gemma-4-E4B-it,base,Gemma-4-E4B-it (base),ntp,Age_75+,0.0034958481182249,0.0030676913151565,-0.0025280729199293,0.0095197691563792,0.2548906004391892,0.2602452083017276
d_happy,Happiness,gemma4_e4b,Gemma-4-E4B-it,base,Gemma-4-E4B-it (base),ntp,Education_Low,0.0043054016354925,0.0023391757507418,-0.0002879581811274,0.0088987614521125,0.066146871051117,0.2602452083017276
d_happy,Happiness,gemma4_e4b,Gemma-4-E4B-it,base,Gemma-4-E4B-it (base),ntp,Education_Middle,-0.0029273324603296,0.0021087536585481,-0.0070682202560645,0.0012135553354051,0.1655633426289794,0.2602452083017276
d_happy,Happiness,gemma4_e4b,Gemma-4-E4B-it,base,Gemma-4-E4B-it (base),ntp,Employment_Homemaker,-0.0013212949476755,0.0023051432581782,-0.0058478263168173,0.0032052364214662,0.5667138616663581,0.2602452083017276
d_happy,Happiness,gemma4_e4b,Gemma-4-E4B-it,base,Gemma-4-E4B-it (base),ntp,Employment_Retired,-0.0094501287932664,0.0038124252266604,-0.0169364584692033,-0.0019637991173295,0.0134393850929137,0.2602452083017276
d_happy,Happiness,gemma4_e4b,Gemma-4-E4B-it,base,Gemma-4-E4B-it (base),ntp,Employment_Student,-0.0028283528053546,0.002423729442828,-0.0075877478296552,0.0019310422189459,0.2436668639049746,0.2602452083017276
d_happy,Happiness,gemma4_e4b,Gemma-4-E4B-it,base,Gemma-4-E4B-it (base),ntp,Employment_Unemployed,-0.0019739633994612,0.0021366847534852,-0.0061696985357935,0.002221771736871,0.3559146296385786,0.2602452083017276
d_happy,Happiness,gemma4_e4b,Gemma-4-E4B-it,base,Gemma-4-E4B-it (base),ntp,Marstat_Cohabiting,-0.0011394161678239,0.0022952544908533,-0.0056465293010971,0.0033676969654491,0.6197662155633646,0.2602452083017276
d_happy,Happiness,gemma4_e4b,Gemma-4-E4B-it,base,Gemma-4-E4B-it (base),ntp,Marstat_Divorced or separated,-0.0040463694293759,0.0020707119995037,-0.008112556113851,1.9817255099057428e-05,0.0511236865515219,0.2602452083017276
d_happy,Happiness,gemma4_e4b,Gemma-4-E4B-it,base,Gemma-4-E4B-it (base),ntp,Marstat_Single,-0.0007571189824477,0.0029959136219417,-0.0066400926071219,0.0051258546422265,0.8005676275544934,0.2602452083017276
d_happy,Happiness,gemma4_e4b,Gemma-4-E4B-it,base,Gemma-4-E4B-it (base),ntp,Marstat_Widowed,0.0048924374304333,0.002461966846221,5.795691835721543e-05,0.0097269179425093,0.0473239902397718,0.2602452083017276
d_happy,Happiness,gemma4_e4b,Gemma-4-E4B-it,base,Gemma-4-E4B-it (base),fa,const,0.1382240080732514,0.0019357436790178,0.1344228540865716,0.1420251620599311,1.2922052894182975e-307,0.2844009201867693
d_happy,Happiness,gemma4_e4b,Gemma-4-E4B-it,base,Gemma-4-E4B-it (base),fa,nEMD_center,0.0190533894357454,0.0024661640658088,0.0142106669864013,0.0238961118850895,4.2883156489545465e-14,0.2844009201867693
d_happy,Happiness,gemma4_e4b,Gemma-4-E4B-it,base,Gemma-4-E4B-it (base),fa,countryAustralia,-0.0018631799996091,0.0024977643277954,-0.0067679548080193,0.0030415948088011,0.4559772558485024,0.2844009201867693
d_happy,Happiness,gemma4_e4b,Gemma-4-E4B-it,base,Gemma-4-E4B-it (base),fa,countryGermany,-0.0024880028707419,0.0025574972807629,-0.0075100732461065,0.0025340675046226,0.3310055868314523,0.2844009201867693
d_happy,Happiness,gemma4_e4b,Gemma-4-E4B-it,base,Gemma-4-E4B-it (base),fa,countryMexico,0.0113384011905313,0.0028891872975015,0.0056650024171283,0.0170117999639343,9.6321938596544e-05,0.2844009201867693
d_happy,Happiness,gemma4_e4b,Gemma-4-E4B-it,base,Gemma-4-E4B-it (base),fa,countryRussia,0.0025141485156988,0.0026123317179183,-0.0026155983778223,0.00764389540922,0.3362032802291982,0.2844009201867693
d_happy,Happiness,gemma4_e4b,Gemma-4-E4B-it,base,Gemma-4-E4B-it (base),fa,decade200X,0.0010078491599795,0.002293681376539,-0.0034961749022495,0.0055118732222086,0.6605178291553631,0.2844009201867693
d_happy,Happiness,gemma4_e4b,Gemma-4-E4B-it,base,Gemma-4-E4B-it (base),fa,decade199X,0.0084763167699041,0.0024237920370988,0.0037167988313641,0.0132358347084441,0.0005027400407687,0.2844009201867693
d_happy,Happiness,gemma4_e4b,Gemma-4-E4B-it,base,Gemma-4-E4B-it (base),fa,Sex_Female,-0.0018799604334275,0.0021769751629958,-0.0061548124757821,0.0023948916089271,0.3881491791571677,0.2844009201867693
d_happy,Happiness,gemma4_e4b,Gemma-4-E4B-it,base,Gemma-4-E4B-it (base),fa,Age_<25,-0.0010695340581167,0.0032652887088812,-0.0074814703738389,0.0053424022576054,0.7433613192771592,0.2844009201867693
d_happy,Happiness,gemma4_e4b,Gemma-4-E4B-it,base,Gemma-4-E4B-it (base),fa,Age_25-34,-0.005903274359149,0.0027611195999949,-0.0113251909532641,-0.0004813577650339,0.0328936667775207,0.2844009201867693
d_happy,Happiness,gemma4_e4b,Gemma-4-E4B-it,base,Gemma-4-E4B-it (base),fa,Age_45-54,9.49117242677499e-05,0.0025700429004078,-0.0049517940574502,0.0051416175059857,0.9705522869500516,0.2844009201867693
d_happy,Happiness,gemma4_e4b,Gemma-4-E4B-it,base,Gemma-4-E4B-it (base),fa,Age_55-64,0.0004122160717614,0.0026535819136096,-0.0047985324272424,0.0056229645707653,0.8765995387868036,0.2844009201867693
d_happy,Happiness,gemma4_e4b,Gemma-4-E4B-it,base,Gemma-4-E4B-it (base),fa,Age_65-74,0.0004596354818448,0.0032195552165974,-0.0058624955314482,0.006781766495138,0.8865216325937516,0.2844009201867693
d_happy,Happiness,gemma4_e4b,Gemma-4-E4B-it,base,Gemma-4-E4B-it (base),fa,Age_75+,0.0031388437161551,0.0030056944342156,-0.0027633361567279,0.0090410235890382,0.2967401206116272,0.2844009201867693
d_happy,Happiness,gemma4_e4b,Gemma-4-E4B-it,base,Gemma-4-E4B-it (base),fa,Education_Low,0.0049481285162058,0.0023224261470771,0.000387659326292,0.0095085977061196,0.0335027135574393,0.2844009201867693
d_happy,Happiness,gemma4_e4b,Gemma-4-E4B-it,base,Gemma-4-E4B-it (base),fa,Education_Middle,-0.0040505040863153,0.0020866945892164,-0.0081480752383016,4.706706567085464e-05,0.0526821990371348,0.2844009201867693
d_happy,Happiness,gemma4_e4b,Gemma-4-E4B-it,base,Gemma-4-E4B-it (base),fa,Employment_Homemaker,-0.0023123583289812,0.002287636950987,-0.0068045131584533,0.0021797965004907,0.3124898480379451,0.2844009201867693
d_happy,Happiness,gemma4_e4b,Gemma-4-E4B-it,base,Gemma-4-E4B-it (base),fa,Employment_Retired,-0.0085808426778835,0.0037949720119141,-0.0160329000699782,-0.0011287852857888,0.0240864184452948,0.2844009201867693
d_happy,Happiness,gemma4_e4b,Gemma-4-E4B-it,base,Gemma-4-E4B-it (base),fa,Employment_Student,-0.0040290908332985,0.002397615584122,-0.0087372069619457,0.0006790252953486,0.0933548016162551,0.2844009201867693
d_happy,Happiness,gemma4_e4b,Gemma-4-E4B-it,base,Gemma-4-E4B-it (base),fa,Employment_Unemployed,-0.0022612249054843,0.0021085692212835,-0.0064017505280393,0.0018793007170706,0.2839443571379647,0.2844009201867693
d_happy,Happiness,gemma4_e4b,Gemma-4-E4B-it,base,Gemma-4-E4B-it (base),fa,Marstat_Cohabiting,-0.0012877955756635,0.0022694785717093,-0.0057442934137007,0.0031687022623735,0.5706128495712874,0.2844009201867693
d_happy,Happiness,gemma4_e4b,Gemma-4-E4B-it,base,Gemma-4-E4B-it (base),fa,Marstat_Divorced or separated,-0.0040061830591467,0.0020455471521644,-0.0080229543892932,1.0588270999755366e-05,0.0506051621468074,0.2844009201867693
d_happy,Happiness,gemma4_e4b,Gemma-4-E4B-it,base,Gemma-4-E4B-it (base),fa,Marstat_Single,-0.0005955589057177,0.0029573096132874,-0.0064027271523409,0.0052116093409054,0.8404610387684365,0.2844009201867693
d_happy,Happiness,gemma4_e4b,Gemma-4-E4B-it,base,Gemma-4-E4B-it (base),fa,Marstat_Widowed,0.0044697110548726,0.0024088276282559,-0.0002604217832803,0.0091998438930256,0.0639751861253795,0.2844009201867693
d_happy,Happiness,gemma4_e4b,Gemma-4-E4B-it,german,Gemma-4-E4B-it (german),ntp,const,0.1220300877272254,0.0018413956869186,0.1184142016818492,0.1256459737726016,2.744733132577678e-289,0.3103923359794905
d_happy,Happiness,gemma4_e4b,Gemma-4-E4B-it,german,Gemma-4-E4B-it (german),ntp,nEMD_center,0.0109600310872224,0.002227401712102,0.0065861581464673,0.0153339040279775,1.098131408785215e-06,0.3103923359794905
d_happy,Happiness,gemma4_e4b,Gemma-4-E4B-it,german,Gemma-4-E4B-it (german),ntp,countryAustralia,-0.0015626461770643,0.0023878664299177,-0.0062516182233766,0.0031263258692479,0.5130813779872831,0.3103923359794905
d_happy,Happiness,gemma4_e4b,Gemma-4-E4B-it,german,Gemma-4-E4B-it (german),ntp,countryGermany,-0.0055973078114544,0.0024770482458835,-0.0104614031548088,-0.0007332124681,0.0241762167751351,0.3103923359794905
d_happy,Happiness,gemma4_e4b,Gemma-4-E4B-it,german,Gemma-4-E4B-it (german),ntp,countryMexico,0.0149584029517188,0.0026848087654976,0.0096863353463518,0.0202304705570858,3.7185464653867025e-08,0.3103923359794905
d_happy,Happiness,gemma4_e4b,Gemma-4-E4B-it,german,Gemma-4-E4B-it (german),ntp,countryRussia,-0.0012712281906292,0.0024275325478842,-0.0060380912429042,0.0034956348616457,0.6006881642473902,0.3103923359794905
d_happy,Happiness,gemma4_e4b,Gemma-4-E4B-it,german,Gemma-4-E4B-it (german),ntp,decade200X,0.0016309420052347,0.0021661335210186,-0.0026226206737238,0.0058845046841934,0.4517693369397951,0.3103923359794905
d_happy,Happiness,gemma4_e4b,Gemma-4-E4B-it,german,Gemma-4-E4B-it (german),ntp,decade199X,0.0068256272112075,0.0022478574230575,0.0024115860869829,0.0112396683354322,0.0024903745371799,0.3103923359794905
d_happy,Happiness,gemma4_e4b,Gemma-4-E4B-it,german,Gemma-4-E4B-it (german),ntp,Sex_Female,9.422116977649724e-05,0.0020644688523549,-0.0039597060591046,0.0041481483986576,0.9636118381644172,0.3103923359794905
d_happy,Happiness,gemma4_e4b,Gemma-4-E4B-it,german,Gemma-4-E4B-it (german),ntp,Age_<25,-0.0029806738119503,0.0031238542689598,-0.0091148801311917,0.0031535325072911,0.3403590200946252,0.3103923359794905
d_happy,Happiness,gemma4_e4b,Gemma-4-E4B-it,german,Gemma-4-E4B-it (german),ntp,Age_25-34,-0.0061659512531403,0.0026139531627867,-0.0112988821227697,-0.0010330203835109,0.0186297622433662,0.3103923359794905
d_happy,Happiness,gemma4_e4b,Gemma-4-E4B-it,german,Gemma-4-E4B-it (german),ntp,Age_45-54,-0.0012830467478834,0.0024366837921551,-0.0060678797871047,0.0035017862913378,0.5986848822405609,0.3103923359794905
d_happy,Happiness,gemma4_e4b,Gemma-4-E4B-it,german,Gemma-4-E4B-it (german),ntp,Age_55-64,-0.0023163161106635,0.0025230077189,-0.0072706605071213,0.0026380282857941,0.3589231717112497,0.3103923359794905
d_happy,Happiness,gemma4_e4b,Gemma-4-E4B-it,german,Gemma-4-E4B-it (german),ntp,Age_65-74,0.0010646048622155,0.0030341932308454,-0.0048935371277593,0.0070227468521904,0.7258016040427252,0.3103923359794905
d_happy,Happiness,gemma4_e4b,Gemma-4-E4B-it,german,Gemma-4-E4B-it (german),ntp,Age_75+,0.0030725507931394,0.0028806587910198,-0.0025841008423213,0.0087292024286002,0.2865471439186278,0.3103923359794905
d_happy,Happiness,gemma4_e4b,Gemma-4-E4B-it,german,Gemma-4-E4B-it (german),ntp,Education_Low,0.0058468777577649,0.002196374513188,0.0015339318716223,0.0101598236439075,0.0079609032711023,0.3103923359794905
d_happy,Happiness,gemma4_e4b,Gemma-4-E4B-it,german,Gemma-4-E4B-it (german),ntp,Education_Middle,0.0002644645558397,0.0019770131053573,-0.0036177287988919,0.0041466579105714,0.89362656661997,0.3103923359794905
d_happy,Happiness,gemma4_e4b,Gemma-4-E4B-it,german,Gemma-4-E4B-it (german),ntp,Employment_Homemaker,-0.0013133562733323,0.0021636223214669,-0.0055619877951907,0.0029352752485259,0.5440540139641432,0.3103923359794905
d_happy,Happiness,gemma4_e4b,Gemma-4-E4B-it,german,Gemma-4-E4B-it (german),ntp,Employment_Retired,0.0057885166255442,0.0035654004231308,-0.0012127388502683,0.0127897721013568,0.1049681000316934,0.3103923359794905
d_happy,Happiness,gemma4_e4b,Gemma-4-E4B-it,german,Gemma-4-E4B-it (german),ntp,Employment_Student,-0.0032333674757474,0.0022754065321482,-0.0077015058479625,0.0012347708964676,0.1558003888440523,0.3103923359794905
d_happy,Happiness,gemma4_e4b,Gemma-4-E4B-it,german,Gemma-4-E4B-it (german),ntp,Employment_Unemployed,0.0029156336735261,0.0019685280945718,-0.0009498979542817,0.0067811653013341,0.1390642095548165,0.3103923359794905
d_happy,Happiness,gemma4_e4b,Gemma-4-E4B-it,german,Gemma-4-E4B-it (german),ntp,Marstat_Cohabiting,0.0055246677212012,0.0021555785709335,0.0012918314385262,0.0097575040038762,0.0106051039052081,0.3103923359794905
d_happy,Happiness,gemma4_e4b,Gemma-4-E4B-it,german,Gemma-4-E4B-it (german),ntp,Marstat_Divorced or separated,0.016698279517026,0.0019571641834769,0.0128550628147067,0.0205414962193452,1.0355829775421732e-16,0.3103923359794905
d_happy,Happiness,gemma4_e4b,Gemma-4-E4B-it,german,Gemma-4-E4B-it (german),ntp,Marstat_Single,0.0146703330853697,0.0028469959961462,0.0090797839346147,0.0202608822361246,3.417794608249901e-07,0.3103923359794905
d_happy,Happiness,gemma4_e4b,Gemma-4-E4B-it,german,Gemma-4-E4B-it (german),ntp,Marstat_Widowed,0.0045323987441052,0.002304962140561,6.223029464704627e-06,0.0090585744587457,0.0496867790837519,0.3103923359794905
d_happy,Happiness,gemma4_e4b,Gemma-4-E4B-it,german,Gemma-4-E4B-it (german),fa,const,0.129794709893067,0.0018959289447065,0.1260717387452085,0.1335176810409254,3.150195230773189e-297,0.2965810849530785
d_happy,Happiness,gemma4_e4b,Gemma-4-E4B-it,german,Gemma-4-E4B-it (german),fa,nEMD_center,0.0142897064403595,0.0024380158853652,0.0095022576150345,0.0190771552656846,7.349109901631593e-09,0.2965810849530785
d_happy,Happiness,gemma4_e4b,Gemma-4-E4B-it,german,Gemma-4-E4B-it (german),fa,countryAustralia,-0.0028532981255327,0.0024482956331097,-0.0076609329416708,0.0019543366906054,0.2442809388126298,0.2965810849530785
d_happy,Happiness,gemma4_e4b,Gemma-4-E4B-it,german,Gemma-4-E4B-it (german),fa,countryGermany,-0.005033908785316,0.0025626499968189,-0.0100660973738462,-1.720196785738072e-06,0.0499219698005021,0.2965810849530785
d_happy,Happiness,gemma4_e4b,Gemma-4-E4B-it,german,Gemma-4-E4B-it (german),fa,countryMexico,0.0136827930719056,0.0028017129262389,0.0081811647444874,0.0191844213993238,1.3156316019599256e-06,0.2965810849530785
d_happy,Happiness,gemma4_e4b,Gemma-4-E4B-it,german,Gemma-4-E4B-it (german),fa,countryRussia,0.0013966286164176,0.0025152499934625,-0.0035424821986036,0.006335739431439,0.5789072875636613,0.2965810849530785
d_happy,Happiness,gemma4_e4b,Gemma-4-E4B-it,german,Gemma-4-E4B-it (german),fa,decade200X,0.0034714868984004,0.0022282059658483,-0.0009039653280666,0.0078469391248674,0.1197322133287209,0.2965810849530785
d_happy,Happiness,gemma4_e4b,Gemma-4-E4B-it,german,Gemma-4-E4B-it (german),fa,decade199X,0.0083945239886753,0.0023022456881389,0.0038736824792117,0.0129153654981389,0.0002876731536167,0.2965810849530785
d_happy,Happiness,gemma4_e4b,Gemma-4-E4B-it,german,Gemma-4-E4B-it (german),fa,Sex_Female,0.0001642642627553,0.0021354576193646,-0.0040290611920652,0.0043575897175758,0.9387093411396984,0.2965810849530785
d_happy,Happiness,gemma4_e4b,Gemma-4-E4B-it,german,Gemma-4-E4B-it (german),fa,Age_<25,-0.0053527964858093,0.0032002258407256,-0.011636971061506,0.0009313780898874,0.094887189468176,0.2965810849530785
d_happy,Happiness,gemma4_e4b,Gemma-4-E4B-it,german,Gemma-4-E4B-it (german),fa,Age_25-34,-0.0069459104621158,0.0027053928536516,-0.0122583983408883,-0.0016334225833432,0.0104707909147123,0.2965810849530785
d_happy,Happiness,gemma4_e4b,Gemma-4-E4B-it,german,Gemma-4-E4B-it (german),fa,Age_45-54,-0.0016813810203864,0.0025166012337444,-0.006623145219965,0.003260383179192,0.5042998016931947,0.2965810849530785
d_happy,Happiness,gemma4_e4b,Gemma-4-E4B-it,german,Gemma-4-E4B-it (german),fa,Age_55-64,0.0004165707834059,0.0025989224417698,-0.0046868447708771,0.0055199863376891,0.8727062354712316,0.2965810849530785
d_happy,Happiness,gemma4_e4b,Gemma-4-E4B-it,german,Gemma-4-E4B-it (german),fa,Age_65-74,-0.0002306308688933,0.0031544013631906,-0.0064248214775196,0.0059635597397328,0.9417381819844846,0.2965810849530785
d_happy,Happiness,gemma4_e4b,Gemma-4-E4B-it,german,Gemma-4-E4B-it (german),fa,Age_75+,0.0028993965052838,0.0029446089787118,-0.0028828319374418,0.0086816249480095,0.3251690719751287,0.2965810849530785
d_happy,Happiness,gemma4_e4b,Gemma-4-E4B-it,german,Gemma-4-E4B-it (german),fa,Education_Low,0.0069982851564781,0.0022754314387963,0.0025300978759258,0.0114664724370305,0.0021901655076956,0.2965810849530785
d_happy,Happiness,gemma4_e4b,Gemma-4-E4B-it,german,Gemma-4-E4B-it (german),fa,Education_Middle,0.0018831916506889,0.0020421237360996,-0.0021268572338343,0.0058932405352123,0.3567846919489709,0.2965810849530785
d_happy,Happiness,gemma4_e4b,Gemma-4-E4B-it,german,Gemma-4-E4B-it (german),fa,Employment_Homemaker,-0.0008049935971351,0.0022405171041044,-0.0052046207868319,0.0035946335925616,0.7194968917891899,0.2965810849530785
d_happy,Happiness,gemma4_e4b,Gemma-4-E4B-it,german,Gemma-4-E4B-it (german),fa,Employment_Retired,0.0049897932427567,0.0037087587066058,-0.0022929700156519,0.0122725565011654,0.1789685417653078,0.2965810849530785
d_happy,Happiness,gemma4_e4b,Gemma-4-E4B-it,german,Gemma-4-E4B-it (german),fa,Employment_Student,-0.003195958733949,0.0023482541992054,-0.0078071455908658,0.0014152281229678,0.1739932729413032,0.2965810849530785
d_happy,Happiness,gemma4_e4b,Gemma-4-E4B-it,german,Gemma-4-E4B-it (german),fa,Employment_Unemployed,0.0028786218291159,0.0020337639957478,-0.0011150113177709,0.0068722549760029,0.1574314974609275,0.2965810849530785
d_happy,Happiness,gemma4_e4b,Gemma-4-E4B-it,german,Gemma-4-E4B-it (german),fa,Marstat_Cohabiting,0.0047297587927328,0.0022239849231774,0.0003625952841112,0.0090969223013545,0.0338253916980177,0.2965810849530785
d_happy,Happiness,gemma4_e4b,Gemma-4-E4B-it,german,Gemma-4-E4B-it (german),fa,Marstat_Divorced or separated,0.0138426496936041,0.0020230154787513,0.0098701230437577,0.0178151763434506,1.818217217421603e-11,0.2965810849530785
d_happy,Happiness,gemma4_e4b,Gemma-4-E4B-it,german,Gemma-4-E4B-it (german),fa,Marstat_Single,0.0150943535269596,0.0029451755385982,0.0093110125498658,0.0208776945040534,3.939639224956354e-07,0.2965810849530785
d_happy,Happiness,gemma4_e4b,Gemma-4-E4B-it,german,Gemma-4-E4B-it (german),fa,Marstat_Widowed,0.0029193111738937,0.0023519050847205,-0.0016990448026648,0.0075376671504524,0.2149653320052339,0.2965810849530785
d_happy,Happiness,qwen3_vl_8b,Qwen3-VL-8B-Thinking,base,Qwen3-VL-8B-Thinking (base),ntp,const,0.097803374927888,0.0015841084990834,0.0946927149774553,0.1009140348783208,3.2044397972667887e-272,0.5327532545433953
d_happy,Happiness,qwen3_vl_8b,Qwen3-VL-8B-Thinking,base,Qwen3-VL-8B-Thinking (base),ntp,nEMD_center,0.0302646352711137,0.0022681307373942,0.0258107841294526,0.0347184864127748,5.055449351285469e-36,0.5327532545433953
d_happy,Happiness,qwen3_vl_8b,Qwen3-VL-8B-Thinking,base,Qwen3-VL-8B-Thinking (base),ntp,countryAustralia,0.0001245921199792,0.0020520347077759,-0.0039049186023417,0.0041541028423002,0.9516039817740346,0.5327532545433953
d_happy,Happiness,qwen3_vl_8b,Qwen3-VL-8B-Thinking,base,Qwen3-VL-8B-Thinking (base),ntp,countryGermany,0.0046299944409928,0.0021320909226913,0.0004432800538566,0.0088167088281291,0.0302532199671222,0.5327532545433953
d_happy,Happiness,qwen3_vl_8b,Qwen3-VL-8B-Thinking,base,Qwen3-VL-8B-Thinking (base),ntp,countryMexico,0.0097274745787481,0.0022378033261015,0.0053331763425623,0.0141217728149339,1.6052671213238614e-05,0.5327532545433953
d_happy,Happiness,qwen3_vl_8b,Qwen3-VL-8B-Thinking,base,Qwen3-VL-8B-Thinking (base),ntp,countryRussia,0.0195321244572422,0.0025393469033022,0.0145456953604169,0.0245185535540675,5.477379041433429e-14,0.5327532545433953
d_happy,Happiness,qwen3_vl_8b,Qwen3-VL-8B-Thinking,base,Qwen3-VL-8B-Thinking (base),ntp,decade200X,0.0012110437139764,0.0018594173913656,-0.0024402309391207,0.0048623183670736,0.5150841123080095,0.5327532545433953
d_happy,Happiness,qwen3_vl_8b,Qwen3-VL-8B-Thinking,base,Qwen3-VL-8B-Thinking (base),ntp,decade199X,0.001655417957053,0.0019488814073755,-0.0021715341397092,0.0054823700538153,0.3959645127390797,0.5327532545433953
d_happy,Happiness,qwen3_vl_8b,Qwen3-VL-8B-Thinking,base,Qwen3-VL-8B-Thinking (base),ntp,Sex_Female,-0.0018200872717915,0.0017706697655482,-0.0052970912322653,0.0016569166886821,0.3043797810939682,0.5327532545433953
d_happy,Happiness,qwen3_vl_8b,Qwen3-VL-8B-Thinking,base,Qwen3-VL-8B-Thinking (base),ntp,Age_<25,-0.0050468111883849,0.0027013036517255,-0.0103512692404958,0.0002576468637259,0.0621773100340242,0.5327532545433953
d_happy,Happiness,qwen3_vl_8b,Qwen3-VL-8B-Thinking,base,Qwen3-VL-8B-Thinking (base),ntp,Age_25-34,-0.0038353041198851,0.0022494724187301,-0.0082525165561517,0.0005819083163815,0.0886820424394669,0.5327532545433953
d_happy,Happiness,qwen3_vl_8b,Qwen3-VL-8B-Thinking,base,Qwen3-VL-8B-Thinking (base),ntp,Age_45-54,0.0006378595886637,0.0020981080348699,-0.0034821237581381,0.0047578429354656,0.7612137827756149,0.5327532545433953
d_happy,Happiness,qwen3_vl_8b,Qwen3-VL-8B-Thinking,base,Qwen3-VL-8B-Thinking (base),ntp,Age_55-64,0.0004515788828688,0.0021719413729206,-0.0038133884772212,0.0047165462429588,0.83536138539377,0.5327532545433953
d_happy,Happiness,qwen3_vl_8b,Qwen3-VL-8B-Thinking,base,Qwen3-VL-8B-Thinking (base),ntp,Age_65-74,0.0023363448796434,0.0026060308998829,-0.0027810293119265,0.0074537190712133,0.3703139990917971,0.5327532545433953
d_happy,Happiness,qwen3_vl_8b,Qwen3-VL-8B-Thinking,base,Qwen3-VL-8B-Thinking (base),ntp,Age_75+,0.0002757892726993,0.0024788504843257,-0.0045918450649514,0.0051434236103502,0.9114473882053412,0.5327532545433953
d_happy,Happiness,qwen3_vl_8b,Qwen3-VL-8B-Thinking,base,Qwen3-VL-8B-Thinking (base),ntp,Education_Low,-0.0065690498719567,0.0018880236846317,-0.0102764977296323,-0.0028616020142811,0.0005366884469528,0.5327532545433953
d_happy,Happiness,qwen3_vl_8b,Qwen3-VL-8B-Thinking,base,Qwen3-VL-8B-Thinking (base),ntp,Education_Middle,-0.008543258069394,0.0017071178527444,-0.011895467301447,-0.005191048837341,7.241727131616502e-07,0.5327532545433953
d_happy,Happiness,qwen3_vl_8b,Qwen3-VL-8B-Thinking,base,Qwen3-VL-8B-Thinking (base),ntp,Employment_Homemaker,0.0004416395270743,0.0018631924262726,-0.0032170480336006,0.0041003270877492,0.812706205903589,0.5327532545433953
d_happy,Happiness,qwen3_vl_8b,Qwen3-VL-8B-Thinking,base,Qwen3-VL-8B-Thinking (base),ntp,Employment_Retired,0.0028554639305892,0.0030738986784298,-0.0031806462955805,0.0088915741567591,0.3532699017046796,0.5327532545433953
d_happy,Happiness,qwen3_vl_8b,Qwen3-VL-8B-Thinking,base,Qwen3-VL-8B-Thinking (base),ntp,Employment_Student,-0.0022434806337407,0.001958367865074,-0.0060890609646493,0.0016020996971678,0.2523929537960017,0.5327532545433953
d_happy,Happiness,qwen3_vl_8b,Qwen3-VL-8B-Thinking,base,Qwen3-VL-8B-Thinking (base),ntp,Employment_Unemployed,0.0020610721313028,0.0017278234069329,-0.0013317958928738,0.0054539401554794,0.2333601821561174,0.5327532545433953
d_happy,Happiness,qwen3_vl_8b,Qwen3-VL-8B-Thinking,base,Qwen3-VL-8B-Thinking (base),ntp,Marstat_Cohabiting,0.0015299568116189,0.0018539522969331,-0.0021105862215252,0.005170499844763,0.4095415038704084,0.5327532545433953
d_happy,Happiness,qwen3_vl_8b,Qwen3-VL-8B-Thinking,base,Qwen3-VL-8B-Thinking (base),ntp,Marstat_Divorced or separated,-0.0099072269980628,0.0016948900580673,-0.0132354249258356,-0.00657902907029,8.045387737883598e-09,0.5327532545433953
d_happy,Happiness,qwen3_vl_8b,Qwen3-VL-8B-Thinking,base,Qwen3-VL-8B-Thinking (base),ntp,Marstat_Single,0.0004362479183957,0.0024330684310362,-0.0043414857592317,0.0052139815960231,0.8577591222662151,0.5327532545433953
d_happy,Happiness,qwen3_vl_8b,Qwen3-VL-8B-Thinking,base,Qwen3-VL-8B-Thinking (base),ntp,Marstat_Widowed,-0.0051076374870912,0.0020072138934357,-0.0090491351016014,-0.001166139872581,0.0111720278073237,0.5327532545433953
d_happy,Happiness,qwen3_vl_8b,Qwen3-VL-8B-Thinking,base,Qwen3-VL-8B-Thinking (base),fa,const,0.1101212037098857,0.0018562065571533,0.1064762340626623,0.1137661733571091,9.365492609623445e-263,0.4767693434060814
d_happy,Happiness,qwen3_vl_8b,Qwen3-VL-8B-Thinking,base,Qwen3-VL-8B-Thinking (base),fa,nEMD_center,0.0290720356338867,0.0027276053939877,0.0237159297455771,0.0344281415221963,1.5570273932827435e-24,0.4767693434060814
d_happy,Happiness,qwen3_vl_8b,Qwen3-VL-8B-Thinking,base,Qwen3-VL-8B-Thinking (base),fa,countryAustralia,0.0005766374565717,0.0023932459830093,-0.0041228982350736,0.005276173148217,0.8096757057622933,0.4767693434060814
d_happy,Happiness,qwen3_vl_8b,Qwen3-VL-8B-Thinking,base,Qwen3-VL-8B-Thinking (base),fa,countryGermany,0.0065755609692453,0.0024869396654612,0.0016920421818838,0.0114590797566069,0.0083925409752361,0.4767693434060814
d_happy,Happiness,qwen3_vl_8b,Qwen3-VL-8B-Thinking,base,Qwen3-VL-8B-Thinking (base),fa,countryMexico,0.0124047064911147,0.0026348380839195,0.0072307646125971,0.0175786483696323,3.0674200301390566e-06,0.4767693434060814
d_happy,Happiness,qwen3_vl_8b,Qwen3-VL-8B-Thinking,base,Qwen3-VL-8B-Thinking (base),fa,countryRussia,0.0209716718394008,0.0029995605699817,0.0150815368269705,0.026861806851831,6.835028444436305e-12,0.4767693434060814
d_happy,Happiness,qwen3_vl_8b,Qwen3-VL-8B-Thinking,base,Qwen3-VL-8B-Thinking (base),fa,decade200X,0.0023461120203696,0.0021848157379042,-0.0019441362921078,0.0066363603328472,0.2833040946076726,0.4767693434060814
d_happy,Happiness,qwen3_vl_8b,Qwen3-VL-8B-Thinking,base,Qwen3-VL-8B-Thinking (base),fa,decade199X,0.0030870822274382,0.00230247642237,-0.0014342123669828,0.0076083768218593,0.1804706226861014,0.4767693434060814
d_happy,Happiness,qwen3_vl_8b,Qwen3-VL-8B-Thinking,base,Qwen3-VL-8B-Thinking (base),fa,Sex_Female,-0.0035869237683563,0.0020827333149835,-0.0076767163009385,0.0005028687642259,0.0855114087856614,0.4767693434060814
d_happy,Happiness,qwen3_vl_8b,Qwen3-VL-8B-Thinking,base,Qwen3-VL-8B-Thinking (base),fa,Age_<25,-0.0038574355554583,0.0031468389388736,-0.0100367760888122,0.0023219049778955,0.2207185783357925,0.4767693434060814
d_happy,Happiness,qwen3_vl_8b,Qwen3-VL-8B-Thinking,base,Qwen3-VL-8B-Thinking (base),fa,Age_25-34,-0.0053332594183174,0.0026494839698199,-0.0105359609245597,-0.0001305579120751,0.0445376304927963,0.4767693434060814
d_happy,Happiness,qwen3_vl_8b,Qwen3-VL-8B-Thinking,base,Qwen3-VL-8B-Thinking (base),fa,Age_45-54,-0.0002910039850995,0.0024658819932481,-0.0051331725381554,0.0045511645679563,0.9060949591861271,0.4767693434060814
d_happy,Happiness,qwen3_vl_8b,Qwen3-VL-8B-Thinking,base,Qwen3-VL-8B-Thinking (base),fa,Age_55-64,0.0030019877635903,0.0025455435473418,-0.0019966094722557,0.0080005849994365,0.23871116439376,0.4767693434060814
d_happy,Happiness,qwen3_vl_8b,Qwen3-VL-8B-Thinking,base,Qwen3-VL-8B-Thinking (base),fa,Age_65-74,0.0015056143070445,0.0030852195540592,-0.0045527263373348,0.0075639549514239,0.6257102252401064,0.4767693434060814
d_happy,Happiness,qwen3_vl_8b,Qwen3-VL-8B-Thinking,base,Qwen3-VL-8B-Thinking (base),fa,Age_75+,0.0010340407606975,0.0028872001036667,-0.0046354558277986,0.0067035373491938,0.7203513690891905,0.4767693434060814
d_happy,Happiness,qwen3_vl_8b,Qwen3-VL-8B-Thinking,base,Qwen3-VL-8B-Thinking (base),fa,Education_Low,-0.0063951361062827,0.002228837752956,-0.0107718289515925,-0.0020184432609728,0.0042494943134382,0.4767693434060814
d_happy,Happiness,qwen3_vl_8b,Qwen3-VL-8B-Thinking,base,Qwen3-VL-8B-Thinking (base),fa,Education_Middle,-0.0121642900906933,0.0020082081518009,-0.0161077400965195,-0.0082208400848672,2.357943485409739e-09,0.4767693434060814
d_happy,Happiness,qwen3_vl_8b,Qwen3-VL-8B-Thinking,base,Qwen3-VL-8B-Thinking (base),fa,Employment_Homemaker,-0.0014938862755039,0.0021958607743445,-0.0058058233501625,0.0028180507991547,0.4965476197097663,0.4767693434060814
d_happy,Happiness,qwen3_vl_8b,Qwen3-VL-8B-Thinking,base,Qwen3-VL-8B-Thinking (base),fa,Employment_Retired,0.0016922372401698,0.0036474791245426,-0.005470193388363,0.0088546678687026,0.6428429370364601,0.4767693434060814
d_happy,Happiness,qwen3_vl_8b,Qwen3-VL-8B-Thinking,base,Qwen3-VL-8B-Thinking (base),fa,Employment_Student,-0.0033427895839747,0.0023019277339279,-0.0078630067375746,0.001177427569625,0.1469429635064511,0.4767693434060814
d_happy,Happiness,qwen3_vl_8b,Qwen3-VL-8B-Thinking,base,Qwen3-VL-8B-Thinking (base),fa,Employment_Unemployed,0.0017599609729948,0.0020430960973057,-0.0022519973041381,0.0057719192501279,0.3893291508721367,0.4767693434060814
d_happy,Happiness,qwen3_vl_8b,Qwen3-VL-8B-Thinking,base,Qwen3-VL-8B-Thinking (base),fa,Marstat_Cohabiting,0.0006034105100292,0.0021761810511123,-0.0036698821618442,0.0048767031819027,0.7816547162213298,0.4767693434060814
d_happy,Happiness,qwen3_vl_8b,Qwen3-VL-8B-Thinking,base,Qwen3-VL-8B-Thinking (base),fa,Marstat_Divorced or separated,-0.0148825192200024,0.0019982466691238,-0.0188064082012974,-0.0109586302387073,3.071793514844005e-13,0.4767693434060814
d_happy,Happiness,qwen3_vl_8b,Qwen3-VL-8B-Thinking,base,Qwen3-VL-8B-Thinking (base),fa,Marstat_Single,-0.0036649815088141,0.0028556902217884,-0.0092726032145871,0.0019426401969588,0.1998164180467659,0.4767693434060814
d_happy,Happiness,qwen3_vl_8b,Qwen3-VL-8B-Thinking,base,Qwen3-VL-8B-Thinking (base),fa,Marstat_Widowed,-0.0059662647697518,0.0023367779801658,-0.010554916165891,-0.0013776133736127,0.0109038622777127,0.4767693434060814
d_happy,Happiness,qwen3_vl_8b,Qwen3-VL-8B-Thinking,german,Qwen3-VL-8B-Thinking (german),ntp,const,0.1849673112869897,0.0009757481369604,0.1830512678763846,0.1868833546975947,0.0,0.8988228201510615
d_happy,Happiness,qwen3_vl_8b,Qwen3-VL-8B-Thinking,german,Qwen3-VL-8B-Thinking (german),ntp,nEMD_center,0.0741528436714073,0.0016423376077472,0.0709278412019017,0.077377846140913,2.059778171667106e-201,0.8988228201510615
d_happy,Happiness,qwen3_vl_8b,Qwen3-VL-8B-Thinking,german,Qwen3-VL-8B-Thinking (german),ntp,countryAustralia,-0.0034976380395116,0.0012657628548171,-0.0059831734820039,-0.0010121025970193,0.0058866449710804,0.8988228201510615
d_happy,Happiness,qwen3_vl_8b,Qwen3-VL-8B-Thinking,german,Qwen3-VL-8B-Thinking (german),ntp,countryGermany,-0.0020566852731069,0.0013492008656212,-0.0047060650979141,0.0005926945517002,0.127908011136298,0.8988228201510615
d_happy,Happiness,qwen3_vl_8b,Qwen3-VL-8B-Thinking,german,Qwen3-VL-8B-Thinking (german),ntp,countryMexico,-0.0053193795448745,0.001368742444869,-0.008007132503826,-0.002631626585923,0.0001123455186697,0.8988228201510615
d_happy,Happiness,qwen3_vl_8b,Qwen3-VL-8B-Thinking,german,Qwen3-VL-8B-Thinking (german),ntp,countryRussia,-0.0012749917401542,0.001594839716985,-0.0044067242179834,0.0018567407376749,0.4243262506590295,0.8988228201510615
d_happy,Happiness,qwen3_vl_8b,Qwen3-VL-8B-Thinking,german,Qwen3-VL-8B-Thinking (german),ntp,decade200X,0.0005539122118357,0.0011412349436136,-0.0016870920092685,0.0027949164329401,0.6275850830419862,0.8988228201510615
d_happy,Happiness,qwen3_vl_8b,Qwen3-VL-8B-Thinking,german,Qwen3-VL-8B-Thinking (german),ntp,decade199X,-0.0030041552466552,0.0011980471787789,-0.0053567197205614,-0.000651590772749,0.0124031132250429,0.8988228201510615
d_happy,Happiness,qwen3_vl_8b,Qwen3-VL-8B-Thinking,german,Qwen3-VL-8B-Thinking (german),ntp,Sex_Female,0.0103507251780327,0.0010909500964543,0.0082084636000379,0.0124929867560275,4.52457943446699e-20,0.8988228201510615
d_happy,Happiness,qwen3_vl_8b,Qwen3-VL-8B-Thinking,german,Qwen3-VL-8B-Thinking (german),ntp,Age_<25,0.0004505579802227,0.0016721985408088,-0.0028330813873305,0.003734197347776,0.78767731243981,0.8988228201510615
d_happy,Happiness,qwen3_vl_8b,Qwen3-VL-8B-Thinking,german,Qwen3-VL-8B-Thinking (german),ntp,Age_25-34,-0.0010905796494075,0.0013844454926272,-0.0038091681488471,0.0016280088500319,0.4311409927082199,0.8988228201510615
d_happy,Happiness,qwen3_vl_8b,Qwen3-VL-8B-Thinking,german,Qwen3-VL-8B-Thinking (german),ntp,Age_45-54,0.0003809230825808,0.0012921006209023,-0.0021563309348653,0.002918177100027,0.7682349834601112,0.8988228201510615
d_happy,Happiness,qwen3_vl_8b,Qwen3-VL-8B-Thinking,german,Qwen3-VL-8B-Thinking (german),ntp,Age_55-64,0.0010605814512141,0.0013388864440728,-0.0015685442950113,0.0036897071974396,0.4285734085652962,0.8988228201510615
d_happy,Happiness,qwen3_vl_8b,Qwen3-VL-8B-Thinking,german,Qwen3-VL-8B-Thinking (german),ntp,Age_65-74,0.0025866425145684,0.0016053152777452,-0.000565660465429,0.0057389454945659,0.1076061118257912,0.8988228201510615
d_happy,Happiness,qwen3_vl_8b,Qwen3-VL-8B-Thinking,german,Qwen3-VL-8B-Thinking (german),ntp,Age_75+,0.003715324319248,0.0015304812816317,0.0007099703107229,0.0067206783277731,0.0154750037920075,0.8988228201510615
d_happy,Happiness,qwen3_vl_8b,Qwen3-VL-8B-Thinking,german,Qwen3-VL-8B-Thinking (german),ntp,Education_Low,-0.0227979862370472,0.0011694805804121,-0.025094455453898,-0.0205015170201964,7.8328083819752e-67,0.8988228201510615
d_happy,Happiness,qwen3_vl_8b,Qwen3-VL-8B-Thinking,german,Qwen3-VL-8B-Thinking (german),ntp,Education_Middle,-0.019608993197698,0.0010565300578259,-0.0216836653171956,-0.0175343210782004,6.9750689710554455e-62,0.8988228201510615
d_happy,Happiness,qwen3_vl_8b,Qwen3-VL-8B-Thinking,german,Qwen3-VL-8B-Thinking (german),ntp,Employment_Homemaker,-0.0017684754446102,0.0011491245776475,-0.0040249722715728,0.0004880213823522,0.1243027952214062,0.8988228201510615
d_happy,Happiness,qwen3_vl_8b,Qwen3-VL-8B-Thinking,german,Qwen3-VL-8B-Thinking (german),ntp,Employment_Retired,-0.0012827611182403,0.0018908285516117,-0.0049957167977513,0.0024301945612705,0.4977548434576794,0.8988228201510615
d_happy,Happiness,qwen3_vl_8b,Qwen3-VL-8B-Thinking,german,Qwen3-VL-8B-Thinking (german),ntp,Employment_Student,-0.000891277529605,0.0012062041625811,-0.0032598595950111,0.001477304535801,0.4602310930858357,0.8988228201510615
d_happy,Happiness,qwen3_vl_8b,Qwen3-VL-8B-Thinking,german,Qwen3-VL-8B-Thinking (german),ntp,Employment_Unemployed,-0.011565172518658,0.0010686999602673,-0.0136637422614227,-0.0094666027758934,3.4772441508285727e-25,0.8988228201510615
d_happy,Happiness,qwen3_vl_8b,Qwen3-VL-8B-Thinking,german,Qwen3-VL-8B-Thinking (german),ntp,Marstat_Cohabiting,-0.0015073830147438,0.0011434931996674,-0.0037528216964097,0.0007380556669221,0.187897961991707,0.8988228201510615
d_happy,Happiness,qwen3_vl_8b,Qwen3-VL-8B-Thinking,german,Qwen3-VL-8B-Thinking (german),ntp,Marstat_Divorced or separated,-0.0326613867567217,0.0010805321381659,-0.0347831909445618,-0.0305395825688815,1.6806602399841083e-125,0.8988228201510615
d_happy,Happiness,qwen3_vl_8b,Qwen3-VL-8B-Thinking,german,Qwen3-VL-8B-Thinking (german),ntp,Marstat_Single,-0.0072191268183556,0.0015437032528778,-0.0102504443618561,-0.0041878092748552,3.5591914234934302e-06,0.8988228201510615
d_happy,Happiness,qwen3_vl_8b,Qwen3-VL-8B-Thinking,german,Qwen3-VL-8B-Thinking (german),ntp,Marstat_Widowed,-0.0189837820861835,0.0012606385533281,-0.0214592551122284,-0.0165083090601386,4.151270530130835e-44,0.8988228201510615
d_happy,Happiness,qwen3_vl_8b,Qwen3-VL-8B-Thinking,german,Qwen3-VL-8B-Thinking (german),fa,const,0.2080714391605443,0.0011579564251772,0.2057975995351465,0.210345278785942,0.0,0.868153456826586
d_happy,Happiness,qwen3_vl_8b,Qwen3-VL-8B-Thinking,german,Qwen3-VL-8B-Thinking (german),fa,nEMD_center,0.0785356664936264,0.0019259157901499,0.074753811197861,0.0823175217893918,2.38587888096108e-180,0.868153456826586
d_happy,Happiness,qwen3_vl_8b,Qwen3-VL-8B-Thinking,german,Qwen3-VL-8B-Thinking (german),fa,countryAustralia,-0.0018132022728054,0.0014951923361324,-0.0047492605799809,0.0011228560343699,0.2256950531471273,0.868153456826586
d_happy,Happiness,qwen3_vl_8b,Qwen3-VL-8B-Thinking,german,Qwen3-VL-8B-Thinking (german),fa,countryGermany,-0.0011103773209502,0.0015883480306876,-0.0042293622953175,0.002008607653417,0.4847571920021943,0.868153456826586
d_happy,Happiness,qwen3_vl_8b,Qwen3-VL-8B-Thinking,german,Qwen3-VL-8B-Thinking (german),fa,countryMexico,-0.0048254978166942,0.0016205282570047,-0.0080076740063466,-0.0016433216270417,0.0030133584018577,0.868153456826586
d_happy,Happiness,qwen3_vl_8b,Qwen3-VL-8B-Thinking,german,Qwen3-VL-8B-Thinking (german),fa,countryRussia,-0.0011114781451004,0.0018778812788122,-0.0047990097056271,0.0025760534154262,0.5541401083133218,0.868153456826586
d_happy,Happiness,qwen3_vl_8b,Qwen3-VL-8B-Thinking,german,Qwen3-VL-8B-Thinking (german),fa,decade200X,0.0005629340333967,0.0013561230327894,-0.0021000386155085,0.0032259066823021,0.6782034110757253,0.868153456826586
d_happy,Happiness,qwen3_vl_8b,Qwen3-VL-8B-Thinking,german,Qwen3-VL-8B-Thinking (german),fa,decade199X,-0.0033501731077511,0.0014249026260906,-0.0061482059033652,-0.0005521403121369,0.0190164235764935,0.868153456826586
d_happy,Happiness,qwen3_vl_8b,Qwen3-VL-8B-Thinking,german,Qwen3-VL-8B-Thinking (german),fa,Sex_Female,0.0099629742400907,0.0013002874324589,0.0074096440593983,0.0125163044207831,6.770573014382456e-14,0.868153456826586
d_happy,Happiness,qwen3_vl_8b,Qwen3-VL-8B-Thinking,german,Qwen3-VL-8B-Thinking (german),fa,Age_<25,0.0017054674872126,0.0019688588044403,-0.0021607135443095,0.0055716485187347,0.3866924009749238,0.868153456826586
d_happy,Happiness,qwen3_vl_8b,Qwen3-VL-8B-Thinking,german,Qwen3-VL-8B-Thinking (german),fa,Age_25-34,-0.0017846489106979,0.0016514002167682,-0.005027447317126,0.00145814949573,0.2802415748183958,0.868153456826586
d_happy,Happiness,qwen3_vl_8b,Qwen3-VL-8B-Thinking,german,Qwen3-VL-8B-Thinking (german),fa,Age_45-54,5.002964297017866e-05,0.0015380695830672,-0.0029702252548442,0.0030702845407846,0.974061451700736,0.868153456826586
d_happy,Happiness,qwen3_vl_8b,Qwen3-VL-8B-Thinking,german,Qwen3-VL-8B-Thinking (german),fa,Age_55-64,0.0009132265043642,0.0015890652052824,-0.0022071667613486,0.004033619770077,0.565699475555244,0.868153456826586
d_happy,Happiness,qwen3_vl_8b,Qwen3-VL-8B-Thinking,german,Qwen3-VL-8B-Thinking (german),fa,Age_65-74,0.0020812123260994,0.0019254241773931,-0.0016996776064256,0.0058621022586244,0.2801425360740663,0.868153456826586
d_happy,Happiness,qwen3_vl_8b,Qwen3-VL-8B-Thinking,german,Qwen3-VL-8B-Thinking (german),fa,Age_75+,0.004692773258873,0.0018065389068545,0.0011453342862884,0.0082402122314576,0.0096013672806412,0.868153456826586
d_happy,Happiness,qwen3_vl_8b,Qwen3-VL-8B-Thinking,german,Qwen3-VL-8B-Thinking (german),fa,Education_Low,-0.0198651930284739,0.0014031651554303,-0.0226205406927061,-0.0171098453642417,8.504269686660427e-40,0.868153456826586
d_happy,Happiness,qwen3_vl_8b,Qwen3-VL-8B-Thinking,german,Qwen3-VL-8B-Thinking (german),fa,Education_Middle,-0.0140558219601954,0.0012570035274719,-0.0165241570096708,-0.01158748691072,1.2054600217672484e-26,0.868153456826586
d_happy,Happiness,qwen3_vl_8b,Qwen3-VL-8B-Thinking,german,Qwen3-VL-8B-Thinking (german),fa,Employment_Homemaker,-0.0018383171083539,0.0013710775625152,-0.0045306554583601,0.0008540212416522,0.180465211799029,0.868153456826586
d_happy,Happiness,qwen3_vl_8b,Qwen3-VL-8B-Thinking,german,Qwen3-VL-8B-Thinking (german),fa,Employment_Retired,-0.002094568604417,0.002268838565579,-0.0065498096841964,0.0023606724753622,0.3562551342263012,0.868153456826586
d_happy,Happiness,qwen3_vl_8b,Qwen3-VL-8B-Thinking,german,Qwen3-VL-8B-Thinking (german),fa,Employment_Student,1.0108796964964934e-05,0.001435580132248,-0.0028088910541214,0.0028291086480513,0.9943838411417408,0.868153456826586
d_happy,Happiness,qwen3_vl_8b,Qwen3-VL-8B-Thinking,german,Qwen3-VL-8B-Thinking (german),fa,Employment_Unemployed,-0.012251168413419,0.0012704947785316,-0.014745995773476,-0.0097563410533619,1.2187123490453324e-20,0.868153456826586
d_happy,Happiness,qwen3_vl_8b,Qwen3-VL-8B-Thinking,german,Qwen3-VL-8B-Thinking (german),fa,Marstat_Cohabiting,-0.0018903161833753,0.0013608508465105,-0.0045625726791913,0.0007819403124405,0.1652932936340599,0.868153456826586
d_happy,Happiness,qwen3_vl_8b,Qwen3-VL-8B-Thinking,german,Qwen3-VL-8B-Thinking (german),fa,Marstat_Divorced or separated,-0.033882606839686,0.0012876365303001,-0.0364110948743354,-0.0313541188050367,4.36621314684229e-104,0.868153456826586
d_happy,Happiness,qwen3_vl_8b,Qwen3-VL-8B-Thinking,german,Qwen3-VL-8B-Thinking (german),fa,Marstat_Single,-0.0077897739399333,0.0018271871159407,-0.0113777590980157,-0.0042017887818509,2.317296266391108e-05,0.868153456826586
d_happy,Happiness,qwen3_vl_8b,Qwen3-VL-8B-Thinking,german,Qwen3-VL-8B-Thinking (german),fa,Marstat_Widowed,-0.0183497397953158,0.0014835709679572,-0.0212629776172955,-0.015436501973336,1.140124751536497e-31,0.868153456826586
d_happy,Happiness,muse_glimmer_30b,Muse-Glimmer-30B,base,Muse-Glimmer-30B (base),ntp,const,0.0861886562192951,0.0008058425706365,0.0846062505871787,0.0877710618514114,0.0,0.8752196771073542
d_happy,Happiness,muse_glimmer_30b,Muse-Glimmer-30B,base,Muse-Glimmer-30B (base),ntp,nEMD_center,0.0499178135307584,0.0011758200184309,0.0476088957752091,0.0522267312863078,1.5294078695976642e-188,0.8752196771073542
d_happy,Happiness,muse_glimmer_30b,Muse-Glimmer-30B,base,Muse-Glimmer-30B (base),ntp,countryAustralia,-0.0024171748891069,0.0010438770327929,-0.0044670006939457,-0.000367349084268,0.0208957817232421,0.8752196771073542
d_happy,Happiness,muse_glimmer_30b,Muse-Glimmer-30B,base,Muse-Glimmer-30B (base),ntp,countryGermany,0.005304667555082,0.0010833370645896,0.0031773554286788,0.0074319796814852,1.235235810896404e-06,0.8752196771073542
d_happy,Happiness,muse_glimmer_30b,Muse-Glimmer-30B,base,Muse-Glimmer-30B (base),ntp,countryMexico,0.0041048931574538,0.0011521883224561,0.0018423801590736,0.006367406155834,0.0003942670856469,0.8752196771073542
d_happy,Happiness,muse_glimmer_30b,Muse-Glimmer-30B,base,Muse-Glimmer-30B (base),ntp,countryRussia,0.0070537204307404,0.0013005088662883,0.0044999554279727,0.009607485433508,8.271717430993852e-08,0.8752196771073542
d_happy,Happiness,muse_glimmer_30b,Muse-Glimmer-30B,base,Muse-Glimmer-30B (base),ntp,decade200X,0.0020771178081545,0.0009477967948075,0.0002159614969156,0.0039382741193934,0.0287725379473183,0.8752196771073542
d_happy,Happiness,muse_glimmer_30b,Muse-Glimmer-30B,base,Muse-Glimmer-30B (base),ntp,decade199X,0.0040381239700174,0.0009995182676636,0.0020754039626781,0.0060008439773567,5.99063294847407e-05,0.8752196771073542
d_happy,Happiness,muse_glimmer_30b,Muse-Glimmer-30B,base,Muse-Glimmer-30B (base),ntp,Sex_Female,0.0014308009195361,0.0009007618618,-0.0003379944944143,0.0031995963334865,0.1126805264133722,0.8752196771073542
d_happy,Happiness,muse_glimmer_30b,Muse-Glimmer-30B,base,Muse-Glimmer-30B (base),ntp,Age_<25,-0.001702484509371,0.0013753570170884,-0.0044032262786874,0.0009982572599452,0.2162244956430264,0.8752196771073542
d_happy,Happiness,muse_glimmer_30b,Muse-Glimmer-30B,base,Muse-Glimmer-30B (base),ntp,Age_25-34,-0.001267701705156,0.0011442040477231,-0.0035145362549579,0.0009791328446459,0.2683055511841074,0.8752196771073542
d_happy,Happiness,muse_glimmer_30b,Muse-Glimmer-30B,base,Muse-Glimmer-30B (base),ntp,Age_45-54,0.0007128633467951,0.0010672773697343,-0.0013829129033523,0.0028086395969425,0.5044202450966168,0.8752196771073542
d_happy,Happiness,muse_glimmer_30b,Muse-Glimmer-30B,base,Muse-Glimmer-30B (base),ntp,Age_55-64,0.0018186095416265,0.0011050577127964,-0.0003513546824791,0.0039885737657321,0.1003119892887509,0.8752196771073542
d_happy,Happiness,muse_glimmer_30b,Muse-Glimmer-30B,base,Muse-Glimmer-30B (base),ntp,Age_65-74,0.0010385395635365,0.0013257190878863,-0.0015647298934471,0.0036418090205202,0.4336938877403354,0.8752196771073542
d_happy,Happiness,muse_glimmer_30b,Muse-Glimmer-30B,base,Muse-Glimmer-30B (base),ntp,Age_75+,-0.0006399708342234,0.0012610381722307,-0.0031162285783077,0.0018362869098609,0.6119816845152601,0.8752196771073542
d_happy,Happiness,muse_glimmer_30b,Muse-Glimmer-30B,base,Muse-Glimmer-30B (base),ntp,Education_Low,-0.0002984593743311,0.0009606855345836,-0.0021849248652483,0.0015880061165859,0.7561498098592975,0.8752196771073542
d_happy,Happiness,muse_glimmer_30b,Muse-Glimmer-30B,base,Muse-Glimmer-30B (base),ntp,Education_Middle,0.0009258420288263,0.0008691377947964,-0.0007808542809562,0.0026325383386088,0.2871669179168477,0.8752196771073542
d_happy,Happiness,muse_glimmer_30b,Muse-Glimmer-30B,base,Muse-Glimmer-30B (base),ntp,Employment_Homemaker,-0.0013517271503263,0.0009474298617183,-0.0032121629275452,0.0005087086268926,0.1541436997252168,0.8752196771073542
d_happy,Happiness,muse_glimmer_30b,Muse-Glimmer-30B,base,Muse-Glimmer-30B (base),ntp,Employment_Retired,0.0004465642265228,0.0015654681882263,-0.0026274923798333,0.0035206208328789,0.775537559554639,0.8752196771073542
d_happy,Happiness,muse_glimmer_30b,Muse-Glimmer-30B,base,Muse-Glimmer-30B (base),ntp,Employment_Student,0.0001723015409253,0.000996065021246,-0.0017836374439419,0.0021282405257927,0.8627199229171394,0.8752196771073542
d_happy,Happiness,muse_glimmer_30b,Muse-Glimmer-30B,base,Muse-Glimmer-30B (base),ntp,Employment_Unemployed,-0.0029037574184953,0.0008840485128531,-0.004639733397895,-0.0011677814390955,0.0010767439454555,0.8752196771073542
d_happy,Happiness,muse_glimmer_30b,Muse-Glimmer-30B,base,Muse-Glimmer-30B (base),ntp,Marstat_Cohabiting,0.001887855939053,0.0009430274718434,3.606498501253111e-05,0.0037396468930935,0.0457146727115683,0.8752196771073542
d_happy,Happiness,muse_glimmer_30b,Muse-Glimmer-30B,base,Muse-Glimmer-30B (base),ntp,Marstat_Divorced or separated,-0.0030150266745031,0.0008654106942123,-0.0047144042037066,-0.0013156491452995,0.0005277182946399,0.8752196771073542
d_happy,Happiness,muse_glimmer_30b,Muse-Glimmer-30B,base,Muse-Glimmer-30B (base),ntp,Marstat_Single,0.0022001258189425,0.0012406892060749,-0.0002361733528026,0.0046364249906878,0.0766514815391403,0.8752196771073542
d_happy,Happiness,muse_glimmer_30b,Muse-Glimmer-30B,base,Muse-Glimmer-30B (base),ntp,Marstat_Widowed,-0.0014269440905795,0.0010201215512472,-0.0034301220647361,0.0005762338835769,0.1623564346877214,0.8752196771073542
d_happy,Happiness,muse_glimmer_30b,Muse-Glimmer-30B,base,Muse-Glimmer-30B (base),fa,const,0.0958274599203181,0.0011955799173278,0.0934797403237593,0.0981751795168769,0.0,0.7610856772015424
d_happy,Happiness,muse_glimmer_30b,Muse-Glimmer-30B,base,Muse-Glimmer-30B (base),fa,nEMD_center,0.0513570316418095,0.0018757437760804,0.0476736974226554,0.0550403658609636,6.002948088148284e-110,0.7610856772015424
d_happy,Happiness,muse_glimmer_30b,Muse-Glimmer-30B,base,Muse-Glimmer-30B (base),fa,countryAustralia,-0.004007592914299,0.0015422113783902,-0.0070359809146387,-0.0009792049139594,0.0095753444964352,0.7610856772015424
d_happy,Happiness,muse_glimmer_30b,Muse-Glimmer-30B,base,Muse-Glimmer-30B (base),fa,countryGermany,-0.0011651092720468,0.0016122598306095,-0.004331049034172,0.0020008304900783,0.4701544050265813,0.7610856772015424
d_happy,Happiness,muse_glimmer_30b,Muse-Glimmer-30B,base,Muse-Glimmer-30B (base),fa,countryMexico,0.0037429826266684,0.0017029970517863,0.0003988652712208,0.0070870999821161,0.028313976210817,0.7610856772015424
d_happy,Happiness,muse_glimmer_30b,Muse-Glimmer-30B,base,Muse-Glimmer-30B (base),fa,countryRussia,0.0031174617659426,0.001990019436659,-0.0007902716789443,0.0070251952108295,0.1177130270487816,0.7610856772015424
d_happy,Happiness,muse_glimmer_30b,Muse-Glimmer-30B,base,Muse-Glimmer-30B (base),fa,decade200X,0.004324341527105,0.0014098956486741,0.0015557774223372,0.0070929056318728,0.002252106240054,0.7610856772015424
d_happy,Happiness,muse_glimmer_30b,Muse-Glimmer-30B,base,Muse-Glimmer-30B (base),fa,decade199X,0.006387620015982,0.0014934828952522,0.0034549184796885,0.0093203215522755,2.182611275669844e-05,0.7610856772015424
d_happy,Happiness,muse_glimmer_30b,Muse-Glimmer-30B,base,Muse-Glimmer-30B (base),fa,Sex_Female,0.0019724613574027,0.0013414694431225,-0.0006617365361538,0.0046066592509594,0.1419504881651164,0.7610856772015424
d_happy,Happiness,muse_glimmer_30b,Muse-Glimmer-30B,base,Muse-Glimmer-30B (base),fa,Age_<25,0.0014311628867495,0.0020322462546485,-0.0025594899235913,0.0054218156970903,0.4815467154991594,0.7610856772015424
d_happy,Happiness,muse_glimmer_30b,Muse-Glimmer-30B,base,Muse-Glimmer-30B (base),fa,Age_25-34,-0.002950843973266,0.001705811243579,-0.0063004874613665,0.0003987995148344,0.0841328276433045,0.7610856772015424
d_happy,Happiness,muse_glimmer_30b,Muse-Glimmer-30B,base,Muse-Glimmer-30B (base),fa,Age_45-54,-0.0008544266266092,0.0015888487000208,-0.0039743947483076,0.0022655414950892,0.5909259148642759,0.7610856772015424
d_happy,Happiness,muse_glimmer_30b,Muse-Glimmer-30B,base,Muse-Glimmer-30B (base),fa,Age_55-64,6.140151491543913e-05,0.0016398600058833,-0.0031587357721259,0.0032815388019568,0.9701433121154052,0.7610856772015424
d_happy,Happiness,muse_glimmer_30b,Muse-Glimmer-30B,base,Muse-Glimmer-30B (base),fa,Age_65-74,0.0023854524095738,0.0019876550537809,-0.0015176381771184,0.006288542996266,0.2305299706697325,0.7610856772015424
d_happy,Happiness,muse_glimmer_30b,Muse-Glimmer-30B,base,Muse-Glimmer-30B (base),fa,Age_75+,-0.0010115058781398,0.0018618485235835,-0.0046675544628388,0.0026445427065591,0.5871253094374316,0.7610856772015424
d_happy,Happiness,muse_glimmer_30b,Muse-Glimmer-30B,base,Muse-Glimmer-30B (base),fa,Education_Low,0.0001308527864472,0.0014410821468374,-0.0026989511834478,0.0029606567563423,0.9276784387808374,0.7610856772015424
d_happy,Happiness,muse_glimmer_30b,Muse-Glimmer-30B,base,Muse-Glimmer-30B (base),fa,Education_Middle,-0.0001318734008553,0.0012970061762672,-0.0026787602904294,0.0024150134887187,0.9190462106514112,0.7610856772015424
d_happy,Happiness,muse_glimmer_30b,Muse-Glimmer-30B,base,Muse-Glimmer-30B (base),fa,Employment_Homemaker,-0.0010462908381155,0.0014137931034827,-0.0038225082422558,0.0017299265660247,0.4595345091220784,0.7610856772015424
d_happy,Happiness,muse_glimmer_30b,Muse-Glimmer-30B,base,Muse-Glimmer-30B (base),fa,Employment_Retired,-7.316058569785744e-05,0.0023542415264812,-0.00469610455343,0.0045497833820342,0.9752185282156132,0.7610856772015424
d_happy,Happiness,muse_glimmer_30b,Muse-Glimmer-30B,base,Muse-Glimmer-30B (base),fa,Employment_Student,-0.0001265418213623,0.0014822422114991,-0.0030371704095046,0.0027840867667799,0.9319923550330388,0.7610856772015424
d_happy,Happiness,muse_glimmer_30b,Muse-Glimmer-30B,base,Muse-Glimmer-30B (base),fa,Employment_Unemployed,-0.0027888216904409,0.0013258787552577,-0.0053924046808082,-0.0001852387000736,0.0358214143459678,0.7610856772015424
d_happy,Happiness,muse_glimmer_30b,Muse-Glimmer-30B,base,Muse-Glimmer-30B (base),fa,Marstat_Cohabiting,0.000781959268932,0.0014024612102273,-0.0019720060820611,0.0035359246199251,0.5773377671484871,0.7610856772015424
d_happy,Happiness,muse_glimmer_30b,Muse-Glimmer-30B,base,Muse-Glimmer-30B (base),fa,Marstat_Divorced or separated,-0.0054418470025315,0.0013058710956359,-0.0080061416325855,-0.0028775523724775,3.506007621772321e-05,0.7610856772015424
d_happy,Happiness,muse_glimmer_30b,Muse-Glimmer-30B,base,Muse-Glimmer-30B (base),fa,Marstat_Single,-0.0040705151360064,0.0018572108510245,-0.0077174568809272,-0.0004235733910855,0.0287570490582581,0.7610856772015424
d_happy,Happiness,muse_glimmer_30b,Muse-Glimmer-30B,base,Muse-Glimmer-30B (base),fa,Marstat_Widowed,-0.0006406427994178,0.0015116312339242,-0.0036089816107505,0.0023276960119149,0.671847129012673,0.7610856772015424
d_happy,Happiness,muse_glimmer_30b,Muse-Glimmer-30B,german,Muse-Glimmer-30B (german),ntp,const,0.1035385672742143,0.0007745030024277,0.1020177020856644,0.1050594324627642,0.0,0.9006179773330751
d_happy,Happiness,muse_glimmer_30b,Muse-Glimmer-30B,german,Muse-Glimmer-30B (german),ntp,nEMD_center,0.0672455658471185,0.0012616714554552,0.0647680645463176,0.0697230671479195,6.358094303848697e-238,0.9006179773330751
d_happy,Happiness,muse_glimmer_30b,Muse-Glimmer-30B,german,Muse-Glimmer-30B (german),ntp,countryAustralia,0.0026295377086411,0.0010044137255256,0.0006572046572969,0.0046018707599854,0.0090536962367388,0.9006179773330751
d_happy,Happiness,muse_glimmer_30b,Muse-Glimmer-30B,german,Muse-Glimmer-30B (german),ntp,countryGermany,0.0030980030831269,0.0010628172908887,0.0010109849380264,0.0051850212282274,0.0036820300495508,0.9006179773330751
d_happy,Happiness,muse_glimmer_30b,Muse-Glimmer-30B,german,Muse-Glimmer-30B (german),ntp,countryMexico,-0.0004648137575725,0.0010897984372865,-0.0026048138616519,0.0016751863465067,0.669876681138136,0.9006179773330751
d_happy,Happiness,muse_glimmer_30b,Muse-Glimmer-30B,german,Muse-Glimmer-30B (german),ntp,countryRussia,-0.0060837405580254,0.0013125735516528,-0.0086611965728667,-0.0035062845431842,4.325433740752079e-06,0.9006179773330751
d_happy,Happiness,muse_glimmer_30b,Muse-Glimmer-30B,german,Muse-Glimmer-30B (german),ntp,decade200X,-0.002285999028928,0.0009103729733607,-0.004073667455572,-0.0004983306022841,0.0122815320336523,0.9006179773330751
d_happy,Happiness,muse_glimmer_30b,Muse-Glimmer-30B,german,Muse-Glimmer-30B (german),ntp,decade199X,-0.0049523481065593,0.0009613626554933,-0.0068401432367635,-0.0030645529763552,3.444730174769081e-07,0.9006179773330751
d_happy,Happiness,muse_glimmer_30b,Muse-Glimmer-30B,german,Muse-Glimmer-30B (german),ntp,Sex_Female,0.0011205643224939,0.0008657188853922,-0.0005794183912412,0.0028205470362291,0.1960015237333268,0.9006179773330751
d_happy,Happiness,muse_glimmer_30b,Muse-Glimmer-30B,german,Muse-Glimmer-30B (german),ntp,Age_<25,0.0012622325125699,0.0013272812589872,-0.001344104526642,0.0038685695517819,0.3419668243147125,0.9006179773330751
d_happy,Happiness,muse_glimmer_30b,Muse-Glimmer-30B,german,Muse-Glimmer-30B (german),ntp,Age_25-34,-0.001379146312609,0.0010990103531848,-0.0035372355424446,0.0007789429172265,0.2099722711346448,0.9006179773330751
d_happy,Happiness,muse_glimmer_30b,Muse-Glimmer-30B,german,Muse-Glimmer-30B (german),ntp,Age_45-54,0.0008862072491544,0.0010263721250721,-0.0011292447641071,0.0029016592624161,0.3882199174748101,0.9006179773330751
d_happy,Happiness,muse_glimmer_30b,Muse-Glimmer-30B,german,Muse-Glimmer-30B (german),ntp,Age_55-64,0.0009245212419938,0.0010617230573046,-0.0011603481938556,0.0030093906778433,0.3842028360346013,0.9006179773330751
d_happy,Happiness,muse_glimmer_30b,Muse-Glimmer-30B,german,Muse-Glimmer-30B (german),ntp,Age_65-74,0.0010399538942456,0.0012746328498638,-0.0014629992556626,0.003542907044154,0.4148684805327235,0.9006179773330751
d_happy,Happiness,muse_glimmer_30b,Muse-Glimmer-30B,german,Muse-Glimmer-30B (german),ntp,Age_75+,-0.0007903769175779,0.0012148817461053,-0.0031759988584413,0.0015952450232855,0.5155508495874002,0.9006179773330751
d_happy,Happiness,muse_glimmer_30b,Muse-Glimmer-30B,german,Muse-Glimmer-30B (german),ntp,Education_Low,-0.002154296923552,0.0009258712556151,-0.0039723987996326,-0.0003361950474714,0.0202872952639011,0.9006179773330751
d_happy,Happiness,muse_glimmer_30b,Muse-Glimmer-30B,german,Muse-Glimmer-30B (german),ntp,Education_Middle,-0.0013007234067135,0.0008384736884843,-0.0029472056544692,0.0003457588410421,0.1213228391534404,0.9006179773330751
d_happy,Happiness,muse_glimmer_30b,Muse-Glimmer-30B,german,Muse-Glimmer-30B (german),ntp,Employment_Homemaker,-0.0022280317419393,0.0009102320044214,-0.0040154233526744,-0.0004406401312042,0.0146413786309854,0.9006179773330751
d_happy,Happiness,muse_glimmer_30b,Muse-Glimmer-30B,german,Muse-Glimmer-30B (german),ntp,Employment_Retired,-0.0004465494219968,0.001509382579314,-0.003410472626796,0.0025173737828024,0.7674410184233578,0.9006179773330751
d_happy,Happiness,muse_glimmer_30b,Muse-Glimmer-30B,german,Muse-Glimmer-30B (german),ntp,Employment_Student,-0.0007465169839935,0.0009574058472074,-0.0026265422644218,0.0011335082964348,0.4358378272294575,0.9006179773330751
d_happy,Happiness,muse_glimmer_30b,Muse-Glimmer-30B,german,Muse-Glimmer-30B (german),ntp,Employment_Unemployed,-0.0051035411481353,0.0008576378544413,-0.0067876554164001,-0.0034194268798705,4.391515639617361e-09,0.9006179773330751
d_happy,Happiness,muse_glimmer_30b,Muse-Glimmer-30B,german,Muse-Glimmer-30B (german),ntp,Marstat_Cohabiting,0.0012121138645278,0.0009067880646853,-0.0005685149989491,0.0029927427280049,0.181790383615928,0.9006179773330751
d_happy,Happiness,muse_glimmer_30b,Muse-Glimmer-30B,german,Muse-Glimmer-30B (german),ntp,Marstat_Divorced or separated,-0.0054867445079034,0.000853552718251,-0.0071628369332536,-0.0038106520825531,2.5208828737274227e-10,0.9006179773330751
d_happy,Happiness,muse_glimmer_30b,Muse-Glimmer-30B,german,Muse-Glimmer-30B (german),ntp,Marstat_Single,-0.0039053824473164,0.001214573282785,-0.0062903986692552,-0.0015203662253776,0.0013678211032114,0.9006179773330751
d_happy,Happiness,muse_glimmer_30b,Muse-Glimmer-30B,german,Muse-Glimmer-30B (german),ntp,Marstat_Widowed,-0.0021683158077903,0.0009932762165744,-0.0041187785118306,-0.00021785310375,0.0293977608725154,0.9006179773330751
d_happy,Happiness,muse_glimmer_30b,Muse-Glimmer-30B,german,Muse-Glimmer-30B (german),fa,const,0.1091062904141118,0.0011419369080775,0.1068639077692783,0.1113486730589452,0.0,0.7946255255309477
d_happy,Happiness,muse_glimmer_30b,Muse-Glimmer-30B,german,Muse-Glimmer-30B (german),fa,nEMD_center,0.0658260186942603,0.0018793869941613,0.062135530411744,0.0695165069767766,4.3495838441790365e-151,0.7946255255309477
d_happy,Happiness,muse_glimmer_30b,Muse-Glimmer-30B,german,Muse-Glimmer-30B (german),fa,countryAustralia,0.0033297822305936,0.0014743671391093,0.0004346176541046,0.0062249468070826,0.0242525316635357,0.7946255255309477
d_happy,Happiness,muse_glimmer_30b,Muse-Glimmer-30B,german,Muse-Glimmer-30B (german),fa,countryGermany,0.0003736596060411,0.0015630872542512,-0.0026957216412941,0.0034430408533764,0.8111413185715989,0.7946255255309477
d_happy,Happiness,muse_glimmer_30b,Muse-Glimmer-30B,german,Muse-Glimmer-30B (german),fa,countryMexico,0.0031529417526417,0.0015941066591607,2.264875551516617e-05,0.0062832347497683,0.048370126063049,0.7946255255309477
d_happy,Happiness,muse_glimmer_30b,Muse-Glimmer-30B,german,Muse-Glimmer-30B (german),fa,countryRussia,-0.0063661102110062,0.001932540686481,-0.0101609745902434,-0.0025712458317691,0.0010413991711008,0.7946255255309477
d_happy,Happiness,muse_glimmer_30b,Muse-Glimmer-30B,german,Muse-Glimmer-30B (german),fa,decade200X,-0.0023641472360692,0.0013425894898518,-0.0050005445272715,0.000272250055133,0.0787337195981909,0.7946255255309477
d_happy,Happiness,muse_glimmer_30b,Muse-Glimmer-30B,german,Muse-Glimmer-30B (german),fa,decade199X,-0.0047061684142669,0.0014145116747515,-0.0074837968523537,-0.00192853997618,0.0009277554136639,0.7946255255309477
d_happy,Happiness,muse_glimmer_30b,Muse-Glimmer-30B,german,Muse-Glimmer-30B (german),fa,Sex_Female,0.0016443314881074,0.0012820709137857,-0.0008732275347975,0.0041618905110125,0.2001095248394822,0.7946255255309477
d_happy,Happiness,muse_glimmer_30b,Muse-Glimmer-30B,german,Muse-Glimmer-30B (german),fa,Age_<25,0.0050770578285877,0.0019425751173099,0.0012624891790164,0.0088916264781591,0.0091701512458136,0.7946255255309477
d_happy,Happiness,muse_glimmer_30b,Muse-Glimmer-30B,german,Muse-Glimmer-30B (german),fa,Age_25-34,-0.0012008442492061,0.0016287045291467,-0.0043990759062149,0.0019973874078026,0.4612091535566556,0.7946255255309477
d_happy,Happiness,muse_glimmer_30b,Muse-Glimmer-30B,german,Muse-Glimmer-30B (german),fa,Age_45-54,1.832135026258436e-05,0.0015179918629585,-0.0029625076118445,0.0029991503123697,0.9903739432592072,0.7946255255309477
d_happy,Happiness,muse_glimmer_30b,Muse-Glimmer-30B,german,Muse-Glimmer-30B (german),fa,Age_55-64,0.0001300361412638,0.0015658641649839,-0.0029447980311755,0.0032048703137032,0.9338421762036448,0.7946255255309477
d_happy,Happiness,muse_glimmer_30b,Muse-Glimmer-30B,german,Muse-Glimmer-30B (german),fa,Age_65-74,0.0039111491316527,0.0019006617077008,0.0001788844181643,0.0076434138451411,0.0400141903413578,0.7946255255309477
d_happy,Happiness,muse_glimmer_30b,Muse-Glimmer-30B,german,Muse-Glimmer-30B (german),fa,Age_75+,-0.0002603156238488,0.0017832161314227,-0.0037619564560215,0.0032413252083238,0.8839822329935934,0.7946255255309477
d_happy,Happiness,muse_glimmer_30b,Muse-Glimmer-30B,german,Muse-Glimmer-30B (german),fa,Education_Low,-0.0017560354274279,0.0013789071884097,-0.0044637485473512,0.0009516776924952,0.2033022987027599,0.7946255255309477
d_happy,Happiness,muse_glimmer_30b,Muse-Glimmer-30B,german,Muse-Glimmer-30B (german),fa,Education_Middle,-0.0026412727093853,0.0012407989497907,-0.0050777873811306,-0.00020475803764,0.0336602415720583,0.7946255255309477
d_happy,Happiness,muse_glimmer_30b,Muse-Glimmer-30B,german,Muse-Glimmer-30B (german),fa,Employment_Homemaker,-0.0018188153579179,0.001349821501143,-0.0044694139035782,0.0008317831877423,0.1783110714537433,0.7946255255309477
d_happy,Happiness,muse_glimmer_30b,Muse-Glimmer-30B,german,Muse-Glimmer-30B (german),fa,Employment_Retired,-0.0021957149401536,0.0022529538498645,-0.0066197637442613,0.002228333863954,0.3301288390322255,0.7946255255309477
d_happy,Happiness,muse_glimmer_30b,Muse-Glimmer-30B,german,Muse-Glimmer-30B (german),fa,Employment_Student,-0.0016025779248126,0.0014163392541298,-0.0043837951183298,0.0011786392687046,0.258270125777038,0.7946255255309477
d_happy,Happiness,muse_glimmer_30b,Muse-Glimmer-30B,german,Muse-Glimmer-30B (german),fa,Employment_Unemployed,-0.0010849327321819,0.001267530801256,-0.0035739398309308,0.0014040743665669,0.3923492551370863,0.7946255255309477
d_happy,Happiness,muse_glimmer_30b,Muse-Glimmer-30B,german,Muse-Glimmer-30B (german),fa,Marstat_Cohabiting,0.0007844668556439,0.0013410288330012,-0.0018488658268119,0.0034177995380997,0.5587708025880272,0.7946255255309477
d_happy,Happiness,muse_glimmer_30b,Muse-Glimmer-30B,german,Muse-Glimmer-30B (german),fa,Marstat_Divorced or separated,-0.0071091159912615,0.0012672871849405,-0.0095976447089422,-0.0046205872735808,3.014595842416149e-08,0.7946255255309477
d_happy,Happiness,muse_glimmer_30b,Muse-Glimmer-30B,german,Muse-Glimmer-30B (german),fa,Marstat_Single,-0.0094994994412914,0.0017955521302276,-0.0130253640545077,-0.0059736348280752,1.6750410312115074e-07,0.7946255255309477
d_happy,Happiness,muse_glimmer_30b,Muse-Glimmer-30B,german,Muse-Glimmer-30B (german),fa,Marstat_Widowed,-0.0010328513632461,0.0014579307303545,-0.0038957403232151,0.0018300375967228,0.4789313646148491,0.7946255255309477
d_happy,Happiness,,Mixtral archived,,Mixtral archived,ntp,const,0.0839898208992709,0.0007378719722089,0.0825408868181615,0.0854387549803803,0.0,0.8566478042088467
d_happy,Happiness,,Mixtral archived,,Mixtral archived,ntp,nEMD_center,0.0421692431279594,0.0009144828328261,0.0403735043101469,0.0439649819457718,6.599023666519619e-206,0.8566478042088467
d_happy,Happiness,,Mixtral archived,,Mixtral archived,ntp,countryAustralia,-0.0030700110844484,0.0009559442598822,-0.004947166295586,-0.0011928558733108,0.0013864118362923,0.8566478042088467
d_happy,Happiness,,Mixtral archived,,Mixtral archived,ntp,countryGermany,-0.0019956468551129,0.0009738160979949,-0.0039078963865511,-8.339732367461058e-05,0.0408381031984925,0.8566478042088467
d_happy,Happiness,,Mixtral archived,,Mixtral archived,ntp,countryMexico,0.0033764463098345,0.0010820479490919,0.0012516655756639,0.0055012270440051,0.0018869111644854,0.8566478042088467
d_happy,Happiness,,Mixtral archived,,Mixtral archived,ntp,countryRussia,0.0050521795484259,0.0010290736648995,0.003031422613342,0.0070729364835098,1.159761544687718e-06,0.8566478042088467
d_happy,Happiness,,Mixtral archived,,Mixtral archived,ntp,decade200X,0.0019628941894998,0.0008717397446487,0.0002510885193399,0.0036746998596597,0.0246786292664941,0.8566478042088467
d_happy,Happiness,,Mixtral archived,,Mixtral archived,ntp,decade199X,0.0034205597989851,0.0009149597880671,0.0016238844003973,0.0052172351975728,0.0002016615860338,0.8566478042088467
d_happy,Happiness,,Mixtral archived,,Mixtral archived,ntp,Sex_Female,0.0007052467945652,0.0008263700949673,-0.0009174680385016,0.0023279616276322,0.393740688305958,0.8566478042088467
d_happy,Happiness,,Mixtral archived,,Mixtral archived,ntp,Age_<25,-0.0019928450729137,0.0012525755077811,-0.0044524849708136,0.000466794824986,0.1121022927575484,0.8566478042088467
d_happy,Happiness,,Mixtral archived,,Mixtral archived,ntp,Age_25-34,-0.0002823888693084,0.0010472714466876,-0.0023388801691959,0.0017741024305791,0.7875219603340375,0.8566478042088467
d_happy,Happiness,,Mixtral archived,,Mixtral archived,ntp,Age_45-54,0.0007118583671002,0.0009766847251899,-0.0012060241899376,0.0026297409241381,0.4663581435040336,0.8566478042088467
d_happy,Happiness,,Mixtral archived,,Mixtral archived,ntp,Age_55-64,0.0010540185604179,0.0010112034951404,-0.0009316473304545,0.0030396844512904,0.2976460943703993,0.8566478042088467
d_happy,Happiness,,Mixtral archived,,Mixtral archived,ntp,Age_65-74,0.0013249970989298,0.0012163070522686,-0.0010634236671415,0.0037134178650012,0.2764035887239914,0.8566478042088467
d_happy,Happiness,,Mixtral archived,,Mixtral archived,ntp,Age_75+,0.0014412011955174,0.0011541544429009,-0.0008251726066705,0.0037075749977055,0.2122272573788585,0.8566478042088467
d_happy,Happiness,,Mixtral archived,,Mixtral archived,ntp,Education_Low,-0.002238987465687,0.0008795435530907,-0.0039661172089109,-0.0005118577224631,0.0111409102408016,0.8566478042088467
d_happy,Happiness,,Mixtral archived,,Mixtral archived,ntp,Education_Middle,0.0015314716608967,0.0007924464836022,-2.4628530996124304e-05,0.0030875718527895,0.0537266452887285,0.8566478042088467
d_happy,Happiness,,Mixtral archived,,Mixtral archived,ntp,Employment_Homemaker,0.0041917396750225,0.0008669994714712,0.0024892423179838,0.0058942370320611,1.6699306100683828e-06,0.8566478042088467
d_happy,Happiness,,Mixtral archived,,Mixtral archived,ntp,Employment_Retired,0.0001556946185838,0.0014294596060363,-0.0026512865634698,0.0029626758006376,0.9133011541247767,0.8566478042088467
d_happy,Happiness,,Mixtral archived,,Mixtral archived,ntp,Employment_Student,-0.0001807880248418,0.000911813644167,-0.0019712854477201,0.0016097093980364,0.8428942437093784,0.8566478042088467
d_happy,Happiness,,Mixtral archived,,Mixtral archived,ntp,Employment_Unemployed,0.0013462523421895,0.0007979921513585,-0.0002207376887502,0.0029132423731294,0.0920795852546798,0.8566478042088467
d_happy,Happiness,,Mixtral archived,,Mixtral archived,ntp,Marstat_Cohabiting,0.0015582962378536,0.000863593637276,-0.0001375131984807,0.003254105674188,0.0716320820270642,0.8566478042088467
d_happy,Happiness,,Mixtral archived,,Mixtral archived,ntp,Marstat_Divorced or separated,0.0004070784883487,0.0007789071629689,-0.0011224350003767,0.0019365919770741,0.6014136339098646,0.8566478042088467
d_happy,Happiness,,Mixtral archived,,Mixtral archived,ntp,Marstat_Single,0.0054389589002843,0.0011269471744533,0.0032260110852491,0.0076519067153194,1.7400650895308656e-06,0.8566478042088467
d_happy,Happiness,,Mixtral archived,,Mixtral archived,ntp,Marstat_Widowed,-0.0024592312505416,0.0009250392946163,-0.0042756994331216,-0.0006427630679616,0.0080441596236135,0.8566478042088467
d_happy,Happiness,,Mixtral archived,,Mixtral archived,fa,const,0.0925180389060831,0.0012449518039658,0.0900733694159211,0.0949627083962451,0.0,0.6781664757165122
d_happy,Happiness,,Mixtral archived,,Mixtral archived,fa,nEMD_center,0.0430402468960128,0.0017256681212102,0.0396516111330627,0.046428882658963,1.5928318562809533e-96,0.6781664757165122
d_happy,Happiness,,Mixtral archived,,Mixtral archived,fa,countryAustralia,-0.0061658380923773,0.0016054219976309,-0.0093183506345824,-0.0030133255501721,0.0001348873696145,0.6781664757165122
d_happy,Happiness,,Mixtral archived,,Mixtral archived,fa,countryGermany,-0.0024821302797487,0.0016541334379733,-0.0057302958196423,0.0007660352601448,0.1339604234470988,0.6781664757165122
d_happy,Happiness,,Mixtral archived,,Mixtral archived,fa,countryMexico,0.0041615931855103,0.0017738635532911,0.0006783176927344,0.0076448686782862,0.0192762179957382,0.6781664757165122
d_happy,Happiness,,Mixtral archived,,Mixtral archived,fa,countryRussia,0.0022947110596747,0.001951700825023,-0.0015377774315734,0.006127199550923,0.2401308563182612,0.6781664757165122
d_happy,Happiness,,Mixtral archived,,Mixtral archived,fa,decade200X,0.0012087484299433,0.0014645873080675,-0.0016672118251488,0.0040847086850355,0.4094983480174554,0.6781664757165122
d_happy,Happiness,,Mixtral archived,,Mixtral archived,fa,decade199X,0.0054684561207205,0.0015378674083327,0.0024485982265519,0.008488314014889,0.0004044386821166,0.6781664757165122
d_happy,Happiness,,Mixtral archived,,Mixtral archived,fa,Sex_Female,0.0008187059676252,0.0013971845495518,-0.0019248977843708,0.0035623097196214,0.5581027022735308,0.6781664757165122
d_happy,Happiness,,Mixtral archived,,Mixtral archived,fa,Age_<25,-0.0028608007347296,0.0021061189481873,-0.0069965148393914,0.001274913369932,0.1748366826318053,0.6781664757165122
d_happy,Happiness,,Mixtral archived,,Mixtral archived,fa,Age_25-34,-0.0027848141702581,0.0017775017010801,-0.0062752337700364,0.0007056054295202,0.1176772727971233,0.6781664757165122
d_happy,Happiness,,Mixtral archived,,Mixtral archived,fa,Age_45-54,-0.0004468322150388,0.0016539802918619,-0.0036946970271252,0.0028010325970474,0.7871272857972448,0.6781664757165122
d_happy,Happiness,,Mixtral archived,,Mixtral archived,fa,Age_55-64,0.0009609778134861,0.0017074967967247,-0.0023919755379648,0.0043139311649371,0.5737681076974855,0.6781664757165122
d_happy,Happiness,,Mixtral archived,,Mixtral archived,fa,Age_65-74,-0.0005078788157014,0.0020693756144285,-0.0045714412862831,0.0035556836548802,0.8062049441440446,0.6781664757165122
d_happy,Happiness,,Mixtral archived,,Mixtral archived,fa,Age_75+,0.0019699138818637,0.00193417464997,-0.0018281590558707,0.0057679868195983,0.3088346090986345,0.6781664757165122
d_happy,Happiness,,Mixtral archived,,Mixtral archived,fa,Education_Low,-0.0021064608012778,0.0014936895698144,-0.0050395681773757,0.0008266465748201,0.1589531228045665,0.6781664757165122
d_happy,Happiness,,Mixtral archived,,Mixtral archived,fa,Education_Middle,-0.0006736795482182,0.0013449907976316,-0.0033147922057882,0.0019674331093517,0.6166269641254488,0.6781664757165122
d_happy,Happiness,,Mixtral archived,,Mixtral archived,fa,Employment_Homemaker,0.0009116725018036,0.0014732362222203,-0.001981271331677,0.0038046163352842,0.5362524535756594,0.6781664757165122
d_happy,Happiness,,Mixtral archived,,Mixtral archived,fa,Employment_Retired,0.0035693945011104,0.0024405461068216,-0.001223022833982,0.0083618118362029,0.1440828408921744,0.6781664757165122
d_happy,Happiness,,Mixtral archived,,Mixtral archived,fa,Employment_Student,-0.0009155962594125,0.0015437162463667,-0.003946939317785,0.00211574679896,0.5533152351915737,0.6781664757165122
d_happy,Happiness,,Mixtral archived,,Mixtral archived,fa,Employment_Unemployed,0.0011938022840064,0.0013600694561939,-0.0014769198222364,0.0038645243902492,0.3804072338467748,0.6781664757165122
d_happy,Happiness,,Mixtral archived,,Mixtral archived,fa,Marstat_Cohabiting,0.0042148333461554,0.0014597138939606,0.0013484428484962,0.0070812238438145,0.0040146334848815,0.6781664757165122
d_happy,Happiness,,Mixtral archived,,Mixtral archived,fa,Marstat_Divorced or separated,-0.0007556357078458,0.0013283156954279,-0.0033640040346932,0.0018527326190015,0.5696449672601794,0.6781664757165122
d_happy,Happiness,,Mixtral archived,,Mixtral archived,fa,Marstat_Single,0.0045395637853399,0.0019047830073404,0.0007992062160022,0.0082799213546776,0.0174506186868527,0.6781664757165122
d_happy,Happiness,,Mixtral archived,,Mixtral archived,fa,Marstat_Widowed,-0.0043077671462931,0.0015594197482035,-0.0073699466368125,-0.0012455876557737,0.0059017778878408,0.6781664757165122
d_happy,Happiness,,Mixtral fresh,,Mixtral fresh,ntp,const,0.0838298294350938,0.0007391471276502,0.0823783913746394,0.0852812674955482,0.0,0.8555584403258786
d_happy,Happiness,,Mixtral fresh,,Mixtral fresh,ntp,nEMD_center,0.0419787691365194,0.000916690954305,0.040178694305704,0.0437788439673347,2.0127421876659445e-204,0.8555584403258786
d_happy,Happiness,,Mixtral fresh,,Mixtral fresh,ntp,countryAustralia,-0.0026553283171252,0.0009575865505239,-0.0045357084385067,-0.0007749481957437,0.0057165208428338,0.8555584403258786
d_happy,Happiness,,Mixtral fresh,,Mixtral fresh,ntp,countryGermany,-0.0016759099855352,0.000975108473381,-0.0035906973105378,0.0002388773394674,0.0861527713572085,0.8555584403258786
d_happy,Happiness,,Mixtral fresh,,Mixtral fresh,ntp,countryMexico,0.0038049620923753,0.001082998760366,0.0016783142824632,0.0059316099022874,0.0004735568090175,0.8555584403258786
d_happy,Happiness,,Mixtral fresh,,Mixtral fresh,ntp,countryRussia,0.0053374107625195,0.0010344631880478,0.0033060706042415,0.0073687509207974,3.302798908302512e-07,0.8555584403258786
d_happy,Happiness,,Mixtral fresh,,Mixtral fresh,ntp,decade200X,0.0020735569355062,0.0008731468120486,0.0003589882549775,0.0037881256160349,0.0178509015590836,0.8555584403258786
d_happy,Happiness,,Mixtral fresh,,Mixtral fresh,ntp,decade199X,0.00341989424509,0.00091612253958,0.0016209355909262,0.0052188528992538,0.0002059988245728,0.8555584403258786
d_happy,Happiness,,Mixtral fresh,,Mixtral fresh,ntp,Sex_Female,0.0008035095362432,0.0008277448129697,-0.0008219047837817,0.0024289238562682,0.3320526443544939,0.8555584403258786
d_happy,Happiness,,Mixtral fresh,,Mixtral fresh,ntp,Age_<25,-0.0021089140434106,0.0012548476837969,-0.0045730157360277,0.0003551876492064,0.0933244271680891,0.8555584403258786
d_happy,Happiness,,Mixtral fresh,,Mixtral fresh,ntp,Age_25-34,-0.0002994067881253,0.0010491060919773,-0.0023595007185329,0.0017606871422822,0.7754356636271498,0.8555584403258786
d_happy,Happiness,,Mixtral fresh,,Mixtral fresh,ntp,Age_45-54,0.0007354723067957,0.0009784100704146,-0.0011857982519442,0.0026567428655358,0.452506071165198,0.8555584403258786
d_happy,Happiness,,Mixtral fresh,,Mixtral fresh,ntp,Age_55-64,0.0012379357987806,0.0010129753393748,-0.0007512094023167,0.0032270809998781,0.222126288534623,0.8555584403258786
d_happy,Happiness,,Mixtral fresh,,Mixtral fresh,ntp,Age_65-74,0.0013396478066951,0.0012184677837973,-0.0010530159143466,0.0037323115277369,0.2719827236465463,0.8555584403258786
d_happy,Happiness,,Mixtral fresh,,Mixtral fresh,ntp,Age_75+,0.0016771358175713,0.0011561556546795,-0.0005931676960825,0.0039474393312253,0.1473757092031911,0.8555584403258786
d_happy,Happiness,,Mixtral fresh,,Mixtral fresh,ntp,Education_Low,-0.0023448005051958,0.0008810726580126,-0.0040749328997174,-0.0006146681106741,0.0079786151945344,0.8555584403258786
d_happy,Happiness,,Mixtral fresh,,Mixtral fresh,ntp,Education_Middle,0.0013896470032963,0.0007938297569597,-0.0001691694754141,0.0029484634820068,0.0804992872443306,0.8555584403258786
d_happy,Happiness,,Mixtral fresh,,Mixtral fresh,ntp,Employment_Homemaker,0.0042043862362319,0.0008685053995283,0.0024989317395161,0.0059098407329477,1.6206109979820138e-06,0.8555584403258786
d_happy,Happiness,,Mixtral fresh,,Mixtral fresh,ntp,Employment_Retired,0.0001956734838551,0.0014318658603364,-0.0026160327778798,0.0030073797455901,0.8913453185855286,0.8555584403258786
d_happy,Happiness,,Mixtral fresh,,Mixtral fresh,ntp,Employment_Student,-0.0002064589544823,0.00091339074974,-0.0020000532859035,0.0015871353769387,0.8212455643544435,0.8555584403258786
d_happy,Happiness,,Mixtral fresh,,Mixtral fresh,ntp,Employment_Unemployed,0.0014348429909185,0.0007994338976132,-0.0001349781480771,0.0030046641299143,0.0731520628320831,0.8555584403258786
d_happy,Happiness,,Mixtral fresh,,Mixtral fresh,ntp,Marstat_Cohabiting,0.0016650051000782,0.0008650899129293,-3.374252183633783e-05,0.0033637527219929,0.0547133333599873,0.8555584403258786
d_happy,Happiness,,Mixtral fresh,,Mixtral fresh,ntp,Marstat_Divorced or separated,0.0002902582513175,0.000780233181923,-0.0012418590957019,0.0018223755983371,0.7100046265656308,0.8555584403258786
d_happy,Happiness,,Mixtral fresh,,Mixtral fresh,ntp,Marstat_Single,0.0054562186139863,0.0011287482187267,0.0032397341496033,0.0076727030783693,1.677228792289546e-06,0.8555584403258786
d_happy,Happiness,,Mixtral fresh,,Mixtral fresh,ntp,Marstat_Widowed,-0.002612057397579,0.0009266858041956,-0.0044317587749872,-0.0007923560201708,0.0049702896582337,0.8555584403258786
d_happy,Happiness,,Mixtral fresh,,Mixtral fresh,fa,const,0.0887726348200428,0.0011579881885897,0.0864987328219129,0.0910465368181727,0.0,0.6977190593735103
d_happy,Happiness,,Mixtral fresh,,Mixtral fresh,fa,nEMD_center,0.0394808421106949,0.0014584668795999,0.0366169003326985,0.0423447838886912,3.0122451017451752e-108,0.6977190593735103
d_happy,Happiness,,Mixtral fresh,,Mixtral fresh,fa,countryAustralia,-0.0006817070300966,0.0014937813058886,-0.0036149945452015,0.0022515804850083,0.6482830665290746,0.6977190593735103
d_happy,Happiness,,Mixtral fresh,,Mixtral fresh,fa,countryGermany,0.001329960151574,0.0015194307459497,-0.0016536942960958,0.0043136145992439,0.3817371760522134,0.6977190593735103
d_happy,Happiness,,Mixtral fresh,,Mixtral fresh,fa,countryMexico,0.0065156962861048,0.0016992832824632,0.0031788715330927,0.0098525210391168,0.0001382866180916,0.6977190593735103
d_happy,Happiness,,Mixtral fresh,,Mixtral fresh,fa,countryRussia,0.0078827364990593,0.0016342502773279,0.004673614845076,0.0110918581530427,1.7639783524041018e-06,0.6977190593735103
d_happy,Happiness,,Mixtral fresh,,Mixtral fresh,fa,decade200X,0.0021265380028173,0.0013694158989682,-0.0005625373950301,0.0048156134006648,0.1209447023754683,0.6977190593735103
d_happy,Happiness,,Mixtral fresh,,Mixtral fresh,fa,decade199X,0.0048578389843255,0.0014371649951068,0.0020357269919781,0.007679950976673,0.0007683542770489,0.6977190593735103
d_happy,Happiness,,Mixtral fresh,,Mixtral fresh,fa,Sex_Female,0.0007388281344964,0.0013013796377667,-0.0018166467725897,0.0032943030415827,0.5704189518533935,0.6977190593735103
d_happy,Happiness,,Mixtral fresh,,Mixtral fresh,fa,Age_<25,-0.0018112527793154,0.0019545086429553,-0.0056492548870838,0.0020267493284529,0.3544279965578176,0.6977190593735103
d_happy,Happiness,,Mixtral fresh,,Mixtral fresh,fa,Age_25-34,-0.0013074432426743,0.0016519846856395,-0.0045513893507348,0.0019365028653861,0.4289808156874019,0.6977190593735103
d_happy,Happiness,,Mixtral fresh,,Mixtral fresh,fa,Age_45-54,0.0004688419425358,0.0015377705238487,-0.0025508257028685,0.0034885095879402,0.7605531577406741,0.6977190593735103
d_happy,Happiness,,Mixtral fresh,,Mixtral fresh,fa,Age_55-64,0.0015971556223761,0.0015875708424782,-0.0015203032139531,0.0047146144587054,0.3147766074762575,0.6977190593735103
d_happy,Happiness,,Mixtral fresh,,Mixtral fresh,fa,Age_65-74,0.0005213995801001,0.0019276975528182,-0.0032639545023813,0.0043067536625816,0.7868795481452374,0.6977190593735103
d_happy,Happiness,,Mixtral fresh,,Mixtral fresh,fa,Age_75+,0.0013011307327464,0.0017979378042638,-0.0022294185473872,0.0048316800128801,0.4695261176739862,0.6977190593735103
d_happy,Happiness,,Mixtral fresh,,Mixtral fresh,fa,Education_Low,-0.002657885987658,0.0013891584111892,-0.0053857290848913,6.995710957526102e-05,0.0561532954631053,0.6977190593735103
d_happy,Happiness,,Mixtral fresh,,Mixtral fresh,fa,Education_Middle,0.0023590968945722,0.0012479223526826,-9.14057610133137e-05,0.0048095995501578,0.0591519697415032,0.6977190593735103
d_happy,Happiness,,Mixtral fresh,,Mixtral fresh,fa,Employment_Homemaker,0.0030282056113562,0.0013684625297754,0.0003410023121483,0.0057154089105641,0.0272588534038265,0.6977190593735103
d_happy,Happiness,,Mixtral fresh,,Mixtral fresh,fa,Employment_Retired,0.0004816380079651,0.0022664877903393,-0.0039689869344758,0.0049322629504061,0.8317812118071797,0.6977190593735103
d_happy,Happiness,,Mixtral fresh,,Mixtral fresh,fa,Employment_Student,-0.0028441569984257,0.0014347233893398,-0.0056614744926193,-2.6839504232133767e-05,0.0478634003577932,0.6977190593735103
d_happy,Happiness,,Mixtral fresh,,Mixtral fresh,fa,Employment_Unemployed,0.0042147029069439,0.0012593979003148,0.0017416661090003,0.0066877397048876,0.0008658219185308,0.6977190593735103
d_happy,Happiness,,Mixtral fresh,,Mixtral fresh,fa,Marstat_Cohabiting,0.0029509012813575,0.001357835496985,0.0002845659247887,0.0056172366379263,0.0301271992845237,0.6977190593735103
d_happy,Happiness,,Mixtral fresh,,Mixtral fresh,fa,Marstat_Divorced or separated,0.0026180297319457,0.0012236716214829,0.0002151474119337,0.0050209120519577,0.0327726733512687,0.6977190593735103
d_happy,Happiness,,Mixtral fresh,,Mixtral fresh,fa,Marstat_Single,0.007395546494183,0.0017664592697238,0.0039268105410711,0.0108642824472948,3.226328665400996e-05,0.6977190593735103
d_happy,Happiness,,Mixtral fresh,,Mixtral fresh,fa,Marstat_Widowed,-0.0013489848143131,0.0014408578879216,-0.0041783484146071,0.0014803787859808,0.3495030902488708,0.6977190593735103
d_polpos,Politics,gemma4_31b,Gemma-4-31B-it,base,Gemma-4-31B-it (base),ntp,const,0.1162769779116268,0.0011593550902549,0.1140000442584257,0.1185539115648279,0.0,0.7140250357171254
d_polpos,Politics,gemma4_31b,Gemma-4-31B-it,base,Gemma-4-31B-it (base),ntp,nEMD_center,0.0352338319279752,0.0014330494581595,0.032419371918775,0.0380482919371755,1.3233800364811035e-92,0.7140250357171254
d_polpos,Politics,gemma4_31b,Gemma-4-31B-it,base,Gemma-4-31B-it (base),ntp,countryAustralia,0.0202633626818851,0.0015030798179516,0.0173113654467766,0.0232153599169936,2.488424821833916e-36,0.7140250357171254
d_polpos,Politics,gemma4_31b,Gemma-4-31B-it,base,Gemma-4-31B-it (base),ntp,countryGermany,0.0042505794479279,0.001576641022743,0.001154110528374,0.0073470483674819,0.0072172765360288,0.7140250357171254
d_polpos,Politics,gemma4_31b,Gemma-4-31B-it,base,Gemma-4-31B-it (base),ntp,countryMexico,0.0050780476236915,0.0016348098601686,0.0018673371015301,0.008288758145853,0.0019854724845621,0.7140250357171254
d_polpos,Politics,gemma4_31b,Gemma-4-31B-it,base,Gemma-4-31B-it (base),ntp,countryRussia,0.0046578732631807,0.0014663150318747,0.0017780808075871,0.0075376657187744,0.0015675030989934,0.7140250357171254
d_polpos,Politics,gemma4_31b,Gemma-4-31B-it,base,Gemma-4-31B-it (base),ntp,decade200X,0.0005526313737778,0.001373434751078,-0.0021447473943767,0.0032500101419323,0.6875551952906,0.7140250357171254
d_polpos,Politics,gemma4_31b,Gemma-4-31B-it,base,Gemma-4-31B-it (base),ntp,decade199X,0.0009710026824855,0.0013549486904801,-0.0016900700963787,0.0036320754613497,0.4738814497085006,0.7140250357171254
d_polpos,Politics,gemma4_31b,Gemma-4-31B-it,base,Gemma-4-31B-it (base),ntp,Sex_Female,0.0003983448770519,0.0012961885670003,-0.0021473250336642,0.0029440147877681,0.7587074065704966,0.7140250357171254
d_polpos,Politics,gemma4_31b,Gemma-4-31B-it,base,Gemma-4-31B-it (base),ntp,Age_<25,0.0031572887845354,0.0019626339765651,-0.0006972570640314,0.0070118346331023,0.1082133353251089,0.7140250357171254
d_polpos,Politics,gemma4_31b,Gemma-4-31B-it,base,Gemma-4-31B-it (base),ntp,Age_25-34,-0.0003297874099604,0.0016714692999382,-0.0036124958151005,0.0029529209951796,0.8436572227305694,0.7140250357171254
d_polpos,Politics,gemma4_31b,Gemma-4-31B-it,base,Gemma-4-31B-it (base),ntp,Age_45-54,0.0046473312408478,0.0015454400339069,0.0016121399937613,0.0076825224879343,0.002748819422455,0.7140250357171254
d_polpos,Politics,gemma4_31b,Gemma-4-31B-it,base,Gemma-4-31B-it (base),ntp,Age_55-64,0.0026992229713295,0.0016132016284949,-0.0004690497245805,0.0058674956672396,0.0948127290507185,0.7140250357171254
d_polpos,Politics,gemma4_31b,Gemma-4-31B-it,base,Gemma-4-31B-it (base),ntp,Age_65-74,0.0010737171755002,0.0019292952422897,-0.0027153525418409,0.0048627868928414,0.578055890756056,0.7140250357171254
d_polpos,Politics,gemma4_31b,Gemma-4-31B-it,base,Gemma-4-31B-it (base),ntp,Age_75+,0.0017903331657818,0.0018680885537416,-0.0018785287134884,0.0054591950450521,0.33826258214227,0.7140250357171254
d_polpos,Politics,gemma4_31b,Gemma-4-31B-it,base,Gemma-4-31B-it (base),ntp,Education_Low,0.0156667442303248,0.0014058132647756,0.0129057751712418,0.0184277132894078,2.5304657081594263e-26,0.7140250357171254
d_polpos,Politics,gemma4_31b,Gemma-4-31B-it,base,Gemma-4-31B-it (base),ntp,Education_Middle,-0.0042726655205173,0.0012578604553313,-0.0067430603338484,-0.0018022707071861,0.000727424919038,0.7140250357171254
d_polpos,Politics,gemma4_31b,Gemma-4-31B-it,base,Gemma-4-31B-it (base),ntp,Employment_Homemaker,-0.0015328208016275,0.0013767363484351,-0.0042366837938087,0.0011710421905536,0.2659986868462882,0.7140250357171254
d_polpos,Politics,gemma4_31b,Gemma-4-31B-it,base,Gemma-4-31B-it (base),ntp,Employment_Retired,0.0009951697019572,0.0022250248013303,-0.0033747027313816,0.0053650421352962,0.6548487309437027,0.7140250357171254
d_polpos,Politics,gemma4_31b,Gemma-4-31B-it,base,Gemma-4-31B-it (base),ntp,Employment_Student,-0.0018327544627833,0.0014224119691554,-0.004626322808245,0.0009608138826783,0.1980793150621552,0.7140250357171254
d_polpos,Politics,gemma4_31b,Gemma-4-31B-it,base,Gemma-4-31B-it (base),ntp,Employment_Unemployed,0.0007981404975681,0.0012343637364734,-0.0016261075654213,0.0032223885605576,0.5181401389400957,0.7140250357171254
d_polpos,Politics,gemma4_31b,Gemma-4-31B-it,base,Gemma-4-31B-it (base),ntp,Marstat_Cohabiting,-0.0001567918988194,0.0013707985669988,-0.0028489932918138,0.002535409494175,0.9089752420019978,0.7140250357171254
d_polpos,Politics,gemma4_31b,Gemma-4-31B-it,base,Gemma-4-31B-it (base),ntp,Marstat_Divorced or separated,-0.0017802067917014,0.0012297113764551,-0.0041953177791033,0.0006349041957004,0.1482390884231474,0.7140250357171254
d_polpos,Politics,gemma4_31b,Gemma-4-31B-it,base,Gemma-4-31B-it (base),ntp,Marstat_Single,-0.0017067819229541,0.0017608775511765,-0.005165085068506,0.0017515212225976,0.3328004184421261,0.7140250357171254
d_polpos,Politics,gemma4_31b,Gemma-4-31B-it,base,Gemma-4-31B-it (base),ntp,Marstat_Widowed,-0.0034120647079253,0.0014621607840494,-0.0062836983632026,-0.0005404310526479,0.0199505778994872,0.7140250357171254
d_polpos,Politics,gemma4_31b,Gemma-4-31B-it,base,Gemma-4-31B-it (base),fa,const,0.1305255688355372,0.001619888513934,0.127344163325859,0.1337069743452153,0.0,0.4174110248974223
d_polpos,Politics,gemma4_31b,Gemma-4-31B-it,base,Gemma-4-31B-it (base),fa,nEMD_center,0.0382825586805333,0.002357223687821,0.0336530521660602,0.0429120651950064,2.3715964632465578e-49,0.4174110248974223
d_polpos,Politics,gemma4_31b,Gemma-4-31B-it,base,Gemma-4-31B-it (base),fa,countryAustralia,0.0039616840170704,0.0021365313088573,-0.0002343902307127,0.0081577582648537,0.0641974516808695,0.4174110248974223
d_polpos,Politics,gemma4_31b,Gemma-4-31B-it,base,Gemma-4-31B-it (base),fa,countryGermany,0.012905698239255,0.0021748232979008,0.0086344198376847,0.0171769766408252,5.021583481432281e-09,0.4174110248974223
d_polpos,Politics,gemma4_31b,Gemma-4-31B-it,base,Gemma-4-31B-it (base),fa,countryMexico,0.0002247317533987,0.0024396335149275,-0.0045666248364052,0.0050160883432028,0.9266361287546308,0.4174110248974223
d_polpos,Politics,gemma4_31b,Gemma-4-31B-it,base,Gemma-4-31B-it (base),fa,countryRussia,0.0066672931845761,0.0020617432909086,0.0026181000402226,0.0107164863289296,0.0012892513407386,0.4174110248974223
d_polpos,Politics,gemma4_31b,Gemma-4-31B-it,base,Gemma-4-31B-it (base),fa,decade200X,-0.000554602913464,0.0019033758693269,-0.004292767870853,0.0031835620439248,0.7708635330607403,0.4174110248974223
d_polpos,Politics,gemma4_31b,Gemma-4-31B-it,base,Gemma-4-31B-it (base),fa,decade199X,0.0021172322933954,0.0019596307415604,-0.0017314153045768,0.0059658798913676,0.2803918352508464,0.4174110248974223
d_polpos,Politics,gemma4_31b,Gemma-4-31B-it,base,Gemma-4-31B-it (base),fa,Sex_Female,-0.0015080238028306,0.0018225635667681,-0.0050874761683351,0.0020714285626739,0.4083318670696466,0.4174110248974223
d_polpos,Politics,gemma4_31b,Gemma-4-31B-it,base,Gemma-4-31B-it (base),fa,Age_<25,0.002986846254426,0.0027454909217761,-0.0024052037972761,0.0083788963061282,0.2770761834920627,0.4174110248974223
d_polpos,Politics,gemma4_31b,Gemma-4-31B-it,base,Gemma-4-31B-it (base),fa,Age_25-34,-0.0007853028098953,0.00233898266884,-0.0053789845884132,0.0038083789686226,0.7371813755541773,0.4174110248974223
d_polpos,Politics,gemma4_31b,Gemma-4-31B-it,base,Gemma-4-31B-it (base),fa,Age_45-54,0.0017819252895681,0.0021796177762452,-0.0024987693031099,0.0060626198822463,0.4139475460859123,0.4174110248974223
d_polpos,Politics,gemma4_31b,Gemma-4-31B-it,base,Gemma-4-31B-it (base),fa,Age_55-64,0.0007051873866744,0.002272683256485,-0.0037582846188004,0.0051686593921492,0.7564504429247976,0.4174110248974223
d_polpos,Politics,gemma4_31b,Gemma-4-31B-it,base,Gemma-4-31B-it (base),fa,Age_65-74,-0.0015770445827408,0.0026803714055547,-0.006841202136958,0.0036871129714763,0.5565089972667422,0.4174110248974223
d_polpos,Politics,gemma4_31b,Gemma-4-31B-it,base,Gemma-4-31B-it (base),fa,Age_75+,-0.0017479841135369,0.0025954680045688,-0.0068453942988066,0.0033494260717326,0.5009067839477073,0.4174110248974223
d_polpos,Politics,gemma4_31b,Gemma-4-31B-it,base,Gemma-4-31B-it (base),fa,Education_Low,-0.0025552848346451,0.001940719771292,-0.0063667919353006,0.0012562222660103,0.188457494780262,0.4174110248974223
d_polpos,Politics,gemma4_31b,Gemma-4-31B-it,base,Gemma-4-31B-it (base),fa,Education_Middle,0.0004826310769218,0.0018095114405436,-0.0030711873601199,0.0040364495139635,0.7897780914490229,0.4174110248974223
d_polpos,Politics,gemma4_31b,Gemma-4-31B-it,base,Gemma-4-31B-it (base),fa,Employment_Homemaker,0.001468141692041,0.0019167128807926,-0.002296216698658,0.0052325000827402,0.4439993089885771,0.4174110248974223
d_polpos,Politics,gemma4_31b,Gemma-4-31B-it,base,Gemma-4-31B-it (base),fa,Employment_Retired,0.0023527069826445,0.0031284573913586,-0.0037914760867754,0.0084968900520645,0.4523283682342986,0.4174110248974223
d_polpos,Politics,gemma4_31b,Gemma-4-31B-it,base,Gemma-4-31B-it (base),fa,Employment_Student,-0.0037848933003061,0.0019888241695875,-0.0076908757901384,0.000121089189526,0.05751316126585,0.4174110248974223
d_polpos,Politics,gemma4_31b,Gemma-4-31B-it,base,Gemma-4-31B-it (base),fa,Employment_Unemployed,-4.918830740407434e-05,0.0017299375162281,-0.0034467262849782,0.0033483496701701,0.9773258964898308,0.4174110248974223
d_polpos,Politics,gemma4_31b,Gemma-4-31B-it,base,Gemma-4-31B-it (base),fa,Marstat_Cohabiting,-0.0036096039201022,0.0019137574058146,-0.0073681578592616,0.0001489500190571,0.0597644261168037,0.4174110248974223
d_polpos,Politics,gemma4_31b,Gemma-4-31B-it,base,Gemma-4-31B-it (base),fa,Marstat_Divorced or separated,-0.0047857411737111,0.0017113696557251,-0.0081468125097855,-0.0014246698376367,0.0053341669876964,0.4174110248974223
d_polpos,Politics,gemma4_31b,Gemma-4-31B-it,base,Gemma-4-31B-it (base),fa,Marstat_Single,0.0006065721525829,0.0024590345354375,-0.0042228873764129,0.0054360316815788,0.8052481863680118,0.4174110248974223
d_polpos,Politics,gemma4_31b,Gemma-4-31B-it,base,Gemma-4-31B-it (base),fa,Marstat_Widowed,-0.0004903333836974,0.0020588624821687,-0.0045338687184432,0.0035532019510482,0.811841129037111,0.4174110248974223
d_polpos,Politics,gemma4_31b,Gemma-4-31B-it,german,Gemma-4-31B-it (german),ntp,const,0.1396092519340614,0.0004178559116241,0.1387885597568448,0.140429944111278,0.0,0.957719057317243
d_polpos,Politics,gemma4_31b,Gemma-4-31B-it,german,Gemma-4-31B-it (german),ntp,nEMD_center,0.0502534567615162,0.0006305121068163,0.0490150960268476,0.0514918174961847,0.0,0.957719057317243
d_polpos,Politics,gemma4_31b,Gemma-4-31B-it,german,Gemma-4-31B-it (german),ntp,countryAustralia,0.0037930768159162,0.0005565979528554,0.0026998875775787,0.0048862660542537,2.3681387872391748e-11,0.957719057317243
d_polpos,Politics,gemma4_31b,Gemma-4-31B-it,german,Gemma-4-31B-it (german),ntp,countryGermany,0.0006280927429431,0.0005742659931376,-0.0004997975060607,0.0017559829919471,0.2745260524267765,0.957719057317243
d_polpos,Politics,gemma4_31b,Gemma-4-31B-it,german,Gemma-4-31B-it (german),ntp,countryMexico,0.0028810161905272,0.0006359412446505,0.0016319923281497,0.0041300400529047,7.1514229645006826e-06,0.957719057317243
d_polpos,Politics,gemma4_31b,Gemma-4-31B-it,german,Gemma-4-31B-it (german),ntp,countryRussia,0.0028273021501702,0.0005359823375036,0.0017746031233555,0.0038800011769849,1.8763667266047045e-07,0.957719057317243
d_polpos,Politics,gemma4_31b,Gemma-4-31B-it,german,Gemma-4-31B-it (german),ntp,decade200X,0.0014088030292019,0.000490233192002,0.0004459578605786,0.0023716481978252,0.0042047760979378,0.957719057317243
d_polpos,Politics,gemma4_31b,Gemma-4-31B-it,german,Gemma-4-31B-it (german),ntp,decade199X,0.0044350651911726,0.0005050169832593,0.0034431838368764,0.0054269465454688,1.797237004284652e-17,0.957719057317243
d_polpos,Politics,gemma4_31b,Gemma-4-31B-it,german,Gemma-4-31B-it (german),ntp,Sex_Female,0.0024159542558422,0.0004749673541673,0.0014830920390956,0.0033488164725888,4.92762005833493e-07,0.957719057317243
d_polpos,Politics,gemma4_31b,Gemma-4-31B-it,german,Gemma-4-31B-it (german),ntp,Age_<25,0.0008708658187288,0.0007032227182874,-0.0005103025880939,0.0022520342255516,0.2160706477676457,0.957719057317243
d_polpos,Politics,gemma4_31b,Gemma-4-31B-it,german,Gemma-4-31B-it (german),ntp,Age_25-34,-0.0004639898817291,0.0006044976788692,-0.0016512568376164,0.000723277074158,0.4430588344730276,0.957719057317243
d_polpos,Politics,gemma4_31b,Gemma-4-31B-it,german,Gemma-4-31B-it (german),ntp,Age_45-54,-0.0006064092196352,0.0005578882955633,-0.0017021327625902,0.0004893143233198,0.2774997114260802,0.957719057317243
d_polpos,Politics,gemma4_31b,Gemma-4-31B-it,german,Gemma-4-31B-it (german),ntp,Age_55-64,-0.0019896723303483,0.0005800993220793,-0.0031290195608054,-0.0008503250998912,0.0006466760018965,0.957719057317243
d_polpos,Politics,gemma4_31b,Gemma-4-31B-it,german,Gemma-4-31B-it (german),ntp,Age_65-74,-0.0020608565243618,0.0006956224733529,-0.0034270976287601,-0.0006946154199634,0.0031752577936373,0.957719057317243
d_polpos,Politics,gemma4_31b,Gemma-4-31B-it,german,Gemma-4-31B-it (german),ntp,Age_75+,-0.0021240190911961,0.0006727129058946,-0.0034452645349531,-0.0008027736474391,0.0016744143613636,0.957719057317243
d_polpos,Politics,gemma4_31b,Gemma-4-31B-it,german,Gemma-4-31B-it (german),ntp,Education_Low,0.0006954389609505,0.0004983558230106,-0.0002833595053089,0.0016742374272099,0.1634082530391317,0.957719057317243
d_polpos,Politics,gemma4_31b,Gemma-4-31B-it,german,Gemma-4-31B-it (german),ntp,Education_Middle,0.0052469673308256,0.0004651470210923,0.0043333927926977,0.0061605418689535,8.020291133872816e-27,0.957719057317243
d_polpos,Politics,gemma4_31b,Gemma-4-31B-it,german,Gemma-4-31B-it (german),ntp,Employment_Homemaker,-0.0009278032073099,0.0004990556718368,-0.0019079762154651,5.236980084524746e-05,0.0635158175405058,0.957719057317243
d_polpos,Politics,gemma4_31b,Gemma-4-31B-it,german,Gemma-4-31B-it (german),ntp,Employment_Retired,0.0007730615751888,0.0008285727660348,-0.0008543012750731,0.0024004244254508,0.3512055453214479,0.957719057317243
d_polpos,Politics,gemma4_31b,Gemma-4-31B-it,german,Gemma-4-31B-it (german),ntp,Employment_Student,0.0003432420420162,0.0005238882332999,-0.0006857034936203,0.0013721875776528,0.512610019074057,0.957719057317243
d_polpos,Politics,gemma4_31b,Gemma-4-31B-it,german,Gemma-4-31B-it (german),ntp,Employment_Unemployed,-0.0010358843751889,0.0004455672543019,-0.0019110031657981,-0.0001607655845796,0.0204227347018942,0.957719057317243
d_polpos,Politics,gemma4_31b,Gemma-4-31B-it,german,Gemma-4-31B-it (german),ntp,Marstat_Cohabiting,-0.0035871255956309,0.000494148172409,-0.0045576600028281,-0.0026165911884338,1.2548063482128118e-12,0.957719057317243
d_polpos,Politics,gemma4_31b,Gemma-4-31B-it,german,Gemma-4-31B-it (german),ntp,Marstat_Divorced or separated,-0.0026234563468782,0.0004414806779365,-0.0034905488749377,-0.0017563638188187,4.843514345660695e-09,0.957719057317243
d_polpos,Politics,gemma4_31b,Gemma-4-31B-it,german,Gemma-4-31B-it (german),ntp,Marstat_Single,-0.0027971640143519,0.0006295886919378,-0.0040337111110031,-0.0015606169177007,1.0632338741014613e-05,0.957719057317243
d_polpos,Politics,gemma4_31b,Gemma-4-31B-it,german,Gemma-4-31B-it (german),ntp,Marstat_Widowed,-0.0018498697091594,0.0005273173634742,-0.0028855502465764,-0.0008141891717424,0.0004862636278897,0.957719057317243
d_polpos,Politics,gemma4_31b,Gemma-4-31B-it,german,Gemma-4-31B-it (german),fa,const,0.1328882330046145,0.0006477923788963,0.1316159328575271,0.1341605331517018,0.0,0.8986994479959609
d_polpos,Politics,gemma4_31b,Gemma-4-31B-it,german,Gemma-4-31B-it (german),fa,nEMD_center,0.050829294312687,0.0009371147897568,0.0489887489100431,0.0526698397153308,1.4918291153214383e-229,0.8986994479959609
d_polpos,Politics,gemma4_31b,Gemma-4-31B-it,german,Gemma-4-31B-it (german),fa,countryAustralia,0.0041212291627592,0.0008532960891154,0.0024453083352553,0.0057971499902631,1.75056261788695e-06,0.8986994479959609
d_polpos,Politics,gemma4_31b,Gemma-4-31B-it,german,Gemma-4-31B-it (german),fa,countryGermany,0.0050142643268759,0.0008715534350466,0.0033024850597386,0.0067260435940132,1.4170632531592124e-08,0.8986994479959609
d_polpos,Politics,gemma4_31b,Gemma-4-31B-it,german,Gemma-4-31B-it (german),fa,countryMexico,0.0001324462385692,0.0009807196684696,-0.0017937415634101,0.0020586340405487,0.8926190767070473,0.8986994479959609
d_polpos,Politics,gemma4_31b,Gemma-4-31B-it,german,Gemma-4-31B-it (german),fa,countryRussia,0.0006766503794114,0.0008308559969699,-0.000955196862994,0.0023084976218169,0.4157486434949882,0.8986994479959609
d_polpos,Politics,gemma4_31b,Gemma-4-31B-it,german,Gemma-4-31B-it (german),fa,decade200X,0.0025391476493319,0.0007621444845815,0.0010422536267642,0.0040360416718996,0.0009183682783523,0.8986994479959609
d_polpos,Politics,gemma4_31b,Gemma-4-31B-it,german,Gemma-4-31B-it (german),fa,decade199X,0.0057124198125148,0.0007819586539558,0.0041766096627578,0.0072482299622718,9.176268806750184e-13,0.8986994479959609
d_polpos,Politics,gemma4_31b,Gemma-4-31B-it,german,Gemma-4-31B-it (german),fa,Sex_Female,0.0004642598580569,0.0007344729865506,-0.0009782858082136,0.0019068055243275,0.5275706426130133,0.8986994479959609
d_polpos,Politics,gemma4_31b,Gemma-4-31B-it,german,Gemma-4-31B-it (german),fa,Age_<25,-0.0020602802340253,0.0010727379220187,-0.0041671969876554,4.663651960481368e-05,0.0552736694009355,0.8986994479959609
d_polpos,Politics,gemma4_31b,Gemma-4-31B-it,german,Gemma-4-31B-it (german),fa,Age_25-34,-0.0018285364116787,0.0009157779098797,-0.0036271749992836,-2.9897824073806025e-05,0.0463235467482242,0.8986994479959609
d_polpos,Politics,gemma4_31b,Gemma-4-31B-it,german,Gemma-4-31B-it (german),fa,Age_45-54,-0.0022536614030686,0.0008502703311118,-0.0039236394740991,-0.0005836833320382,0.0082557492097287,0.8986994479959609
d_polpos,Politics,gemma4_31b,Gemma-4-31B-it,german,Gemma-4-31B-it (german),fa,Age_55-64,-0.0025703089936737,0.0008891435475074,-0.0043166362169159,-0.0008239817704315,0.0039866337024584,0.8986994479959609
d_polpos,Politics,gemma4_31b,Gemma-4-31B-it,german,Gemma-4-31B-it (german),fa,Age_65-74,-0.0028222522078999,0.0010741081488139,-0.004931860162924,-0.0007126442528758,0.0088278709988195,0.8986994479959609
d_polpos,Politics,gemma4_31b,Gemma-4-31B-it,german,Gemma-4-31B-it (german),fa,Age_75+,-0.0023681183909203,0.0010263384651027,-0.0043839040386866,-0.000352332743154,0.0213861375358229,0.8986994479959609
d_polpos,Politics,gemma4_31b,Gemma-4-31B-it,german,Gemma-4-31B-it (german),fa,Education_Low,0.0014525959676902,0.0007657428975716,-5.1365537493377545e-05,0.0029565574728739,0.0583267317446102,0.8986994479959609
d_polpos,Politics,gemma4_31b,Gemma-4-31B-it,german,Gemma-4-31B-it (german),fa,Education_Middle,0.003891822404208,0.0007174863259389,0.0024826394811539,0.0053010053272621,8.550896078468011e-08,0.8986994479959609
d_polpos,Politics,gemma4_31b,Gemma-4-31B-it,german,Gemma-4-31B-it (german),fa,Employment_Homemaker,-8.890704917315803e-05,0.0007769701929116,-0.0016149195848689,0.0014371054865225,0.9089381488776612,0.8986994479959609
d_polpos,Politics,gemma4_31b,Gemma-4-31B-it,german,Gemma-4-31B-it (german),fa,Employment_Retired,-0.0008904832530536,0.0012634811037297,-0.0033720301907564,0.0015910636846492,0.4812261098753996,0.8986994479959609
d_polpos,Politics,gemma4_31b,Gemma-4-31B-it,german,Gemma-4-31B-it (german),fa,Employment_Student,0.0008996747944477,0.0007938270753095,-0.0006594455928574,0.0024587951817528,0.2575395712536102,0.8986994479959609
d_polpos,Politics,gemma4_31b,Gemma-4-31B-it,german,Gemma-4-31B-it (german),fa,Employment_Unemployed,0.0001565349435751,0.0006915474268436,-0.0012017025435501,0.0015147724307003,0.8210052433590317,0.8986994479959609
d_polpos,Politics,gemma4_31b,Gemma-4-31B-it,german,Gemma-4-31B-it (german),fa,Marstat_Cohabiting,-0.0020000168980013,0.0007630479853179,-0.0034986854461074,-0.0005013483498953,0.0089943980894865,0.8986994479959609
d_polpos,Politics,gemma4_31b,Gemma-4-31B-it,german,Gemma-4-31B-it (german),fa,Marstat_Divorced or separated,-0.0028271767487312,0.0006861195276213,-0.0041747535408499,-0.0014795999566125,4.3297794255795216e-05,0.8986994479959609
d_polpos,Politics,gemma4_31b,Gemma-4-31B-it,german,Gemma-4-31B-it (german),fa,Marstat_Single,-0.0010036153245729,0.0009753651076455,-0.002919286472226,0.0009120558230802,0.3039248825923453,0.8986994479959609
d_polpos,Politics,gemma4_31b,Gemma-4-31B-it,german,Gemma-4-31B-it (german),fa,Marstat_Widowed,-0.0018744804135842,0.000829075152238,-0.0035028299782024,-0.0002461308489659,0.0241326944144628,0.8986994479959609
d_polpos,Politics,gemma4_e4b,Gemma-4-E4B-it,base,Gemma-4-E4B-it (base),ntp,const,0.1357483125783507,0.0002959177918198,0.1351671401796273,0.1363294849770741,0.0,0.9708319071360616
d_polpos,Politics,gemma4_e4b,Gemma-4-E4B-it,base,Gemma-4-E4B-it (base),ntp,nEMD_center,0.0420249755002953,0.0003832458713056,0.0412722937471713,0.0427776572534193,0.0,0.9708319071360616
d_polpos,Politics,gemma4_e4b,Gemma-4-E4B-it,base,Gemma-4-E4B-it (base),ntp,countryAustralia,-0.0041184768864934,0.0003826882069761,-0.0048700634059916,-0.0033668903669952,8.48120441867402e-25,0.9708319071360616
d_polpos,Politics,gemma4_e4b,Gemma-4-E4B-it,base,Gemma-4-E4B-it (base),ntp,countryGermany,-0.0033273125356904,0.0003877612010025,-0.0040888622415481,-0.0025657628298326,8.226562281297158e-17,0.9708319071360616
d_polpos,Politics,gemma4_e4b,Gemma-4-E4B-it,base,Gemma-4-E4B-it (base),ntp,countryMexico,-0.0034808487130293,0.0004441732184925,-0.0043531896873669,-0.0026085077386917,2.1461672182266583e-14,0.9708319071360616
d_polpos,Politics,gemma4_e4b,Gemma-4-E4B-it,base,Gemma-4-E4B-it (base),ntp,countryRussia,-0.0021439726322786,0.0003770031146964,-0.0028843938254312,-0.001403551439126,2.031134138260812e-08,0.9708319071360616
d_polpos,Politics,gemma4_e4b,Gemma-4-E4B-it,base,Gemma-4-E4B-it (base),ntp,decade200X,0.0007908365802379,0.0003486532717019,0.0001060935068605,0.0014755796536153,0.0236714429397183,0.9708319071360616
d_polpos,Politics,gemma4_e4b,Gemma-4-E4B-it,base,Gemma-4-E4B-it (base),ntp,decade199X,-0.0007114974917994,0.0003534115826821,-0.0014055857248214,-1.7409258777496524e-05,0.0445414325371452,0.9708319071360616
d_polpos,Politics,gemma4_e4b,Gemma-4-E4B-it,base,Gemma-4-E4B-it (base),ntp,Sex_Female,-0.0038240313258995,0.0003313717632287,-0.004474834109066,-0.0031732285427331,6.147272477635646e-28,0.9708319071360616
d_polpos,Politics,gemma4_e4b,Gemma-4-E4B-it,base,Gemma-4-E4B-it (base),ntp,Age_<25,0.0020955424059425,0.0004997906723785,0.0011139706588047,0.0030771141530803,3.174709839557087e-05,0.9708319071360616
d_polpos,Politics,gemma4_e4b,Gemma-4-E4B-it,base,Gemma-4-E4B-it (base),ntp,Age_25-34,0.0009453572698807,0.0004266063982252,0.0001075169283367,0.0017831976114247,0.027070156346219,0.9708319071360616
d_polpos,Politics,gemma4_e4b,Gemma-4-E4B-it,base,Gemma-4-E4B-it (base),ntp,Age_45-54,0.0022690728250109,0.0003942067808319,0.0014948642213302,0.0030432814286916,1.3808935787369391e-08,0.9708319071360616
d_polpos,Politics,gemma4_e4b,Gemma-4-E4B-it,base,Gemma-4-E4B-it (base),ntp,Age_55-64,0.0021128641178303,0.000412098329876,0.0013035171251704,0.0029222111104902,3.987414732785391e-07,0.9708319071360616
d_polpos,Politics,gemma4_e4b,Gemma-4-E4B-it,base,Gemma-4-E4B-it (base),ntp,Age_65-74,0.0003322951310484,0.0004847362743462,-0.0006197102944364,0.0012843005565334,0.4932849511281156,0.9708319071360616
d_polpos,Politics,gemma4_e4b,Gemma-4-E4B-it,base,Gemma-4-E4B-it (base),ntp,Age_75+,0.0025297313337231,0.0004706417165834,0.0016054071365061,0.00345405553094,1.1013727702382557e-07,0.9708319071360616
d_polpos,Politics,gemma4_e4b,Gemma-4-E4B-it,base,Gemma-4-E4B-it (base),ntp,Education_Low,-0.0037633693995315,0.0003543271929322,-0.0044592558596966,-0.0030674829393665,3.0296987395501502e-24,0.9708319071360616
d_polpos,Politics,gemma4_e4b,Gemma-4-E4B-it,base,Gemma-4-E4B-it (base),ntp,Education_Middle,-0.0005066273333356,0.0003269390850565,-0.0011487244885294,0.0001354698218581,0.1217682974679436,0.9708319071360616
d_polpos,Politics,gemma4_e4b,Gemma-4-E4B-it,base,Gemma-4-E4B-it (base),ntp,Employment_Homemaker,-0.0011831888714579,0.0003513652836309,-0.0018732582432929,-0.0004931194996229,0.0008078554187393,0.9708319071360616
d_polpos,Politics,gemma4_e4b,Gemma-4-E4B-it,base,Gemma-4-E4B-it (base),ntp,Employment_Retired,-0.003512829719459,0.0005661862573016,-0.004624800119267,-0.0024008593196509,1.030082755086168e-09,0.9708319071360616
d_polpos,Politics,gemma4_e4b,Gemma-4-E4B-it,base,Gemma-4-E4B-it (base),ntp,Employment_Student,-0.002138433583981,0.000363010538904,-0.0028513738379592,-0.0014254933300029,6.4372966141171965e-09,0.9708319071360616
d_polpos,Politics,gemma4_e4b,Gemma-4-E4B-it,base,Gemma-4-E4B-it (base),ntp,Employment_Unemployed,-0.0017604867540307,0.0003157920042688,-0.0023806914246924,-0.001140282083369,3.7635966408418796e-08,0.9708319071360616
d_polpos,Politics,gemma4_e4b,Gemma-4-E4B-it,base,Gemma-4-E4B-it (base),ntp,Marstat_Cohabiting,0.0013485663057686,0.0003519014782736,0.0006574438660367,0.0020396887455006,0.0001405191847173,0.9708319071360616
d_polpos,Politics,gemma4_e4b,Gemma-4-E4B-it,base,Gemma-4-E4B-it (base),ntp,Marstat_Divorced or separated,-0.0007370673094777,0.0003138717816541,-0.0013535007287517,-0.0001206338902036,0.0191859115390131,0.9708319071360616
d_polpos,Politics,gemma4_e4b,Gemma-4-E4B-it,base,Gemma-4-E4B-it (base),ntp,Marstat_Single,-0.0004427026666804,0.0004521576620956,-0.0013307248145384,0.0004453194811775,0.327934513899862,0.9708319071360616
d_polpos,Politics,gemma4_e4b,Gemma-4-E4B-it,base,Gemma-4-E4B-it (base),ntp,Marstat_Widowed,-0.0014692085235831,0.0003727199145985,-0.0022012176585765,-0.0007371993885897,9.048184107268016e-05,0.9708319071360616
d_polpos,Politics,gemma4_e4b,Gemma-4-E4B-it,base,Gemma-4-E4B-it (base),fa,const,0.1574119232790829,0.0002390570332847,0.1569424234608687,0.1578814230972971,0.0,0.9865324640958228
d_polpos,Politics,gemma4_e4b,Gemma-4-E4B-it,base,Gemma-4-E4B-it (base),fa,nEMD_center,0.0523307320067413,0.0003572552482716,0.0516290949462669,0.0530323690672156,0.0,0.9865324640958228
d_polpos,Politics,gemma4_e4b,Gemma-4-E4B-it,base,Gemma-4-E4B-it (base),fa,countryAustralia,1.631242471088223e-05,0.0003144622208198,-0.0006012805968436,0.0006339054462654,0.9586465018360796,0.9865324640958228
d_polpos,Politics,gemma4_e4b,Gemma-4-E4B-it,base,Gemma-4-E4B-it (base),fa,countryGermany,-0.0016890594442195,0.0003248648051415,-0.002327082784769,-0.0010510361036701,2.756540506180952e-07,0.9865324640958228
d_polpos,Politics,gemma4_e4b,Gemma-4-E4B-it,base,Gemma-4-E4B-it (base),fa,countryMexico,-0.0027331728081375,0.0003632075791749,-0.0034465000424531,-0.002019845573822,1.9615892664530162e-13,0.9865324640958228
d_polpos,Politics,gemma4_e4b,Gemma-4-E4B-it,base,Gemma-4-E4B-it (base),fa,countryRussia,-0.0020205989426804,0.0003067912678216,-0.0026231264755156,-0.0014180714098451,9.942870700246652e-11,0.9865324640958228
d_polpos,Politics,gemma4_e4b,Gemma-4-E4B-it,base,Gemma-4-E4B-it (base),fa,decade200X,0.0016148778505214,0.0002811769500872,0.0010626559596274,0.0021670997414154,1.4832801105101712e-08,0.9865324640958228
d_polpos,Politics,gemma4_e4b,Gemma-4-E4B-it,base,Gemma-4-E4B-it (base),fa,decade199X,0.0025059074121808,0.0002903616410964,0.0019356471030068,0.0030761677213548,5.606274656810951e-17,0.9865324640958228
d_polpos,Politics,gemma4_e4b,Gemma-4-E4B-it,base,Gemma-4-E4B-it (base),fa,Sex_Female,0.0011455361799395,0.0002706606155403,0.0006139680095833,0.0016771043502956,2.6784747345424007e-05,0.9865324640958228
d_polpos,Politics,gemma4_e4b,Gemma-4-E4B-it,base,Gemma-4-E4B-it (base),fa,Age_<25,0.0002877098157223,0.0004054795216833,-0.0005086380645476,0.0010840576959923,0.4782588730380038,0.9865324640958228
d_polpos,Politics,gemma4_e4b,Gemma-4-E4B-it,base,Gemma-4-E4B-it (base),fa,Age_25-34,2.823474171439761e-05,0.0003450345268922,-0.0006494012409114,0.0007058707243402,0.9348081597466976,0.9865324640958228
d_polpos,Politics,gemma4_e4b,Gemma-4-E4B-it,base,Gemma-4-E4B-it (base),fa,Age_45-54,-1.201395759677757e-05,0.0003217398981167,-0.000643900087875,0.0006198721726815,0.9702259873965524,0.9865324640958228
d_polpos,Politics,gemma4_e4b,Gemma-4-E4B-it,base,Gemma-4-E4B-it (base),fa,Age_55-64,-0.0006296216648285,0.0003345265330733,-0.0012866203078205,2.7376978163390635e-05,0.0603072935679094,0.9865324640958228
d_polpos,Politics,gemma4_e4b,Gemma-4-E4B-it,base,Gemma-4-E4B-it (base),fa,Age_65-74,-0.0016162668369935,0.0003950296489056,-0.002392091525362,-0.000840442148625,4.8777946623395824e-05,0.9865324640958228
d_polpos,Politics,gemma4_e4b,Gemma-4-E4B-it,base,Gemma-4-E4B-it (base),fa,Age_75+,4.101566687800349e-05,0.0003816871677811,-0.000708604845958,0.000790636179714,0.9144612480204688,0.9865324640958228
d_polpos,Politics,gemma4_e4b,Gemma-4-E4B-it,base,Gemma-4-E4B-it (base),fa,Education_Low,-0.0003395505543444,0.0002862942632015,-0.0009018226727673,0.0002227215640783,0.2360888219965659,0.9865324640958228
d_polpos,Politics,gemma4_e4b,Gemma-4-E4B-it,base,Gemma-4-E4B-it (base),fa,Education_Middle,-9.284668288692328e-05,0.0002665643126674,-0.0006163698548268,0.0004306764890529,0.727731729977958,0.9865324640958228
d_polpos,Politics,gemma4_e4b,Gemma-4-E4B-it,base,Gemma-4-E4B-it (base),fa,Employment_Homemaker,0.0002488940972267,0.0002827975917936,-0.000306510678421,0.0008042988728745,0.3791535286340171,0.9865324640958228
d_polpos,Politics,gemma4_e4b,Gemma-4-E4B-it,base,Gemma-4-E4B-it (base),fa,Employment_Retired,-0.0007284872222422,0.0004618185856557,-0.0016354830927844,0.0001785086482999,0.1152286327438916,0.9865324640958228
d_polpos,Politics,gemma4_e4b,Gemma-4-E4B-it,base,Gemma-4-E4B-it (base),fa,Employment_Student,-1.1456378029802306e-05,0.0002935167411999,-0.0005879131956464,0.0005650004395868,0.9688784448247478,0.9865324640958228
d_polpos,Politics,gemma4_e4b,Gemma-4-E4B-it,base,Gemma-4-E4B-it (base),fa,Employment_Unemployed,0.0007848611870023,0.0002552397410746,0.0002835790854509,0.0012861432885536,0.0022017512259504,0.9865324640958228
d_polpos,Politics,gemma4_e4b,Gemma-4-E4B-it,base,Gemma-4-E4B-it (base),fa,Marstat_Cohabiting,7.041450873771434e-05,0.0002822492888562,-0.0004839134187375,0.0006247424362129,0.8030786150469352,0.9865324640958228
d_polpos,Politics,gemma4_e4b,Gemma-4-E4B-it,base,Gemma-4-E4B-it (base),fa,Marstat_Divorced or separated,-0.0002138030480271,0.000252524258179,-0.0007097520342613,0.0002821459382071,0.3975237300191556,0.9865324640958228
d_polpos,Politics,gemma4_e4b,Gemma-4-E4B-it,base,Gemma-4-E4B-it (base),fa,Marstat_Single,0.000421571288224,0.0003628311955589,-0.0002910167415724,0.0011341593180205,0.24574527877417,0.9865324640958228
d_polpos,Politics,gemma4_e4b,Gemma-4-E4B-it,base,Gemma-4-E4B-it (base),fa,Marstat_Widowed,-0.0005462187265657,0.0003037915915312,-0.0011428549979992,5.041754486769217e-05,0.0726839225087402,0.9865324640958228
d_polpos,Politics,gemma4_e4b,Gemma-4-E4B-it,german,Gemma-4-E4B-it (german),ntp,const,0.1077994848511091,0.0007820716223352,0.1062635229951801,0.1093354467070381,0.0,0.8115577427388768
d_polpos,Politics,gemma4_e4b,Gemma-4-E4B-it,german,Gemma-4-E4B-it (german),ntp,nEMD_center,0.0386016154089299,0.0009753041236522,0.0366861515446523,0.0405170792732075,1.087079540876779e-168,0.8115577427388768
d_polpos,Politics,gemma4_e4b,Gemma-4-E4B-it,german,Gemma-4-E4B-it (german),ntp,countryAustralia,-0.0035854041895441,0.001011890153533,-0.0055727217622953,-0.0015980866167929,0.0004262372502497,0.8115577427388768
d_polpos,Politics,gemma4_e4b,Gemma-4-E4B-it,german,Gemma-4-E4B-it (german),ntp,countryGermany,-0.0119830949207383,0.0010252257404873,-0.0139966031291082,-0.0099695867123683,1.4958118947238963e-28,0.8115577427388768
d_polpos,Politics,gemma4_e4b,Gemma-4-E4B-it,german,Gemma-4-E4B-it (german),ntp,countryMexico,-0.0049013954114424,0.0011555232341264,-0.0071708034305678,-0.002631987392317,2.572535030765937e-05,0.8115577427388768
d_polpos,Politics,gemma4_e4b,Gemma-4-E4B-it,german,Gemma-4-E4B-it (german),ntp,countryRussia,-0.0019931769264708,0.0009894234673479,-0.003936370697739,-4.998315520266276e-05,0.0444090286814098,0.8115577427388768
d_polpos,Politics,gemma4_e4b,Gemma-4-E4B-it,german,Gemma-4-E4B-it (german),ntp,decade200X,0.0006312632329308,0.0009190478345556,-0.0011737152080929,0.0024362416739546,0.4924348723876597,0.8115577427388768
d_polpos,Politics,gemma4_e4b,Gemma-4-E4B-it,german,Gemma-4-E4B-it (german),ntp,decade199X,-0.0001728265473183,0.0009279366243088,-0.0019952622666993,0.0016496091720626,0.8523136960972547,0.8115577427388768
d_polpos,Politics,gemma4_e4b,Gemma-4-E4B-it,german,Gemma-4-E4B-it (german),ntp,Sex_Female,-0.0053266890165734,0.0008744664673656,-0.0070441111807379,-0.0036092668524089,2.012298810960918e-09,0.8115577427388768
d_polpos,Politics,gemma4_e4b,Gemma-4-E4B-it,german,Gemma-4-E4B-it (german),ntp,Age_<25,0.000528310041406,0.0013215218310741,-0.0020671135314969,0.003123733614309,0.6894667084371808,0.8115577427388768
d_polpos,Politics,gemma4_e4b,Gemma-4-E4B-it,german,Gemma-4-E4B-it (german),ntp,Age_25-34,-0.0005552338947355,0.0011274641943608,-0.0027695349216581,0.001659067132187,0.6225743566285763,0.8115577427388768
d_polpos,Politics,gemma4_e4b,Gemma-4-E4B-it,german,Gemma-4-E4B-it (german),ntp,Age_45-54,0.0001349293878492,0.001041143251091,-0.0019098402656752,0.0021796990413738,0.8969288855968659,0.8115577427388768
d_polpos,Politics,gemma4_e4b,Gemma-4-E4B-it,german,Gemma-4-E4B-it (german),ntp,Age_55-64,-0.0013358548848041,0.0010880474838404,-0.0034727428435161,0.0008010330739078,0.2200255487269665,0.8115577427388768
d_polpos,Politics,gemma4_e4b,Gemma-4-E4B-it,german,Gemma-4-E4B-it (german),ntp,Age_65-74,0.0013848737410042,0.0012810090270678,-0.001130984073657,0.0039007315556656,0.2801000664412466,0.8115577427388768
d_polpos,Politics,gemma4_e4b,Gemma-4-E4B-it,german,Gemma-4-E4B-it (german),ntp,Age_75+,0.0027669008528985,0.0012444045952825,0.0003229328874205,0.0052108688183765,0.0265592701756892,0.8115577427388768
d_polpos,Politics,gemma4_e4b,Gemma-4-E4B-it,german,Gemma-4-E4B-it (german),ntp,Education_Low,0.0025131592923914,0.0009377092020834,0.0006715305652767,0.0043547880195061,0.0075640906971654,0.8115577427388768
d_polpos,Politics,gemma4_e4b,Gemma-4-E4B-it,german,Gemma-4-E4B-it (german),ntp,Education_Middle,-0.0006176514499406,0.0008611697364184,-0.0023089592903524,0.0010736563904711,0.4735179367011186,0.8115577427388768
d_polpos,Politics,gemma4_e4b,Gemma-4-E4B-it,german,Gemma-4-E4B-it (german),ntp,Employment_Homemaker,0.0011410408389253,0.0009273052567668,-0.000680154896247,0.0029622365740977,0.2190003203121956,0.8115577427388768
d_polpos,Politics,gemma4_e4b,Gemma-4-E4B-it,german,Gemma-4-E4B-it (german),ntp,Employment_Retired,-0.0041101114712202,0.0014956017825978,-0.0070474221012497,-0.0011728008411906,0.0061756715877879,0.8115577427388768
d_polpos,Politics,gemma4_e4b,Gemma-4-E4B-it,german,Gemma-4-E4B-it (german),ntp,Employment_Student,-0.0006976855131461,0.0009594464422747,-0.0025820054348183,0.001186634408526,0.4674052208876398,0.8115577427388768
d_polpos,Politics,gemma4_e4b,Gemma-4-E4B-it,german,Gemma-4-E4B-it (german),ntp,Employment_Unemployed,-0.003250784990508,0.0008357936032727,-0.0048922549753454,-0.0016093150056706,0.0001118160374085,0.8115577427388768
d_polpos,Politics,gemma4_e4b,Gemma-4-E4B-it,german,Gemma-4-E4B-it (german),ntp,Marstat_Cohabiting,-0.0003568636670322,0.0009336889031297,-0.0021905966648225,0.0014768693307579,0.7024435563261129,0.8115577427388768
d_polpos,Politics,gemma4_e4b,Gemma-4-E4B-it,german,Gemma-4-E4B-it (german),ntp,Marstat_Divorced or separated,-0.0017605551241868,0.000829522649338,-0.0033897091704723,-0.0001314010779014,0.0342196929051086,0.8115577427388768
d_polpos,Politics,gemma4_e4b,Gemma-4-E4B-it,german,Gemma-4-E4B-it (german),ntp,Marstat_Single,-0.0020418286965855,0.0011994947474734,-0.004397595260529,0.0003139378673579,0.0892334803650591,0.8115577427388768
d_polpos,Politics,gemma4_e4b,Gemma-4-E4B-it,german,Gemma-4-E4B-it (german),ntp,Marstat_Widowed,0.0004219129712429,0.0009852057065219,-0.0015129972623529,0.0023568232048387,0.6686253662995456,0.8115577427388768
d_polpos,Politics,gemma4_e4b,Gemma-4-E4B-it,german,Gemma-4-E4B-it (german),fa,const,0.1213810066165157,0.0008988962446991,0.1196156052071498,0.1231464080258816,0.0,0.7637631507356007
d_polpos,Politics,gemma4_e4b,Gemma-4-E4B-it,german,Gemma-4-E4B-it (german),fa,nEMD_center,0.0387238452206349,0.0011216723279389,0.0365209192208128,0.0409267712204569,4.152089013421718e-144,0.7637631507356007
d_polpos,Politics,gemma4_e4b,Gemma-4-E4B-it,german,Gemma-4-E4B-it (german),fa,countryAustralia,-0.0039329187316157,0.0011538215771049,-0.0061989847546856,-0.0016668527085459,0.0006971857342301,0.7637631507356007
d_polpos,Politics,gemma4_e4b,Gemma-4-E4B-it,german,Gemma-4-E4B-it (german),fa,countryGermany,-0.0080657031929333,0.0011709951559967,-0.0103654975362163,-0.0057659088496503,1.4462638867439971e-11,0.7637631507356007
d_polpos,Politics,gemma4_e4b,Gemma-4-E4B-it,german,Gemma-4-E4B-it (german),fa,countryMexico,-0.0047034368111117,0.0013205502304135,-0.0072969521936249,-0.0021099214285986,0.0003979538225823,0.7637631507356007
d_polpos,Politics,gemma4_e4b,Gemma-4-E4B-it,german,Gemma-4-E4B-it (german),fa,countryRussia,0.0008689415484868,0.0011351091946173,-0.00136037399686,0.0030982570938337,0.4442698153023087,0.7637631507356007
d_polpos,Politics,gemma4_e4b,Gemma-4-E4B-it,german,Gemma-4-E4B-it (german),fa,decade200X,-0.0002437203470933,0.0010573773786725,-0.0023203732706629,0.0018329325764762,0.8177863999949715,0.7637631507356007
d_polpos,Politics,gemma4_e4b,Gemma-4-E4B-it,german,Gemma-4-E4B-it (german),fa,decade199X,-0.0004799421352833,0.0010729738317615,-0.0025872259580549,0.0016273416874882,0.6548208946104528,0.7637631507356007
d_polpos,Politics,gemma4_e4b,Gemma-4-E4B-it,german,Gemma-4-E4B-it (german),fa,Sex_Female,-0.0088353364438314,0.0010042064199109,-0.0108075634271563,-0.0068631094605066,1.5053042311128703e-17,0.7637631507356007
d_polpos,Politics,gemma4_e4b,Gemma-4-E4B-it,german,Gemma-4-E4B-it (german),fa,Age_<25,-0.0003592813931589,0.0015201566754593,-0.0033448169909978,0.0026262542046799,0.8132464637464542,0.7637631507356007
d_polpos,Politics,gemma4_e4b,Gemma-4-E4B-it,german,Gemma-4-E4B-it (german),fa,Age_25-34,-3.7290925109578505e-05,0.0012960749401365,-0.0025827376765605,0.0025081558263414,0.9770559382377556,0.7637631507356007
d_polpos,Politics,gemma4_e4b,Gemma-4-E4B-it,german,Gemma-4-E4B-it (german),fa,Age_45-54,0.0007831207880412,0.0012025750632871,-0.0015786954105635,0.003144936986646,0.515167132971119,0.7637631507356007
d_polpos,Politics,gemma4_e4b,Gemma-4-E4B-it,german,Gemma-4-E4B-it (german),fa,Age_55-64,0.0008522594401903,0.0012556428292404,-0.0016137800315211,0.0033182989119018,0.4975647358570703,0.7637631507356007
d_polpos,Politics,gemma4_e4b,Gemma-4-E4B-it,german,Gemma-4-E4B-it (german),fa,Age_65-74,5.853450791996499e-05,0.0014777434810121,-0.0028437030299988,0.0029607720458387,0.968416776812558,0.7637631507356007
d_polpos,Politics,gemma4_e4b,Gemma-4-E4B-it,german,Gemma-4-E4B-it (german),fa,Age_75+,-0.0010960163788847,0.0014311117045443,-0.0039066707064131,0.0017146379486436,0.4440699855038731,0.7637631507356007
d_polpos,Politics,gemma4_e4b,Gemma-4-E4B-it,german,Gemma-4-E4B-it (german),fa,Education_Low,-0.0014489958953944,0.0010767772675088,-0.0035637495355874,0.0006657577447985,0.1789196706529688,0.7637631507356007
d_polpos,Politics,gemma4_e4b,Gemma-4-E4B-it,german,Gemma-4-E4B-it (german),fa,Education_Middle,-0.0013681753351077,0.000995173903327,-0.0033226627655071,0.0005863120952916,0.1697086305519377,0.7637631507356007
d_polpos,Politics,gemma4_e4b,Gemma-4-E4B-it,german,Gemma-4-E4B-it (german),fa,Employment_Homemaker,0.0042965270563509,0.001062162078046,0.0022104771472369,0.006382576965465,5.920904657986749e-05,0.7637631507356007
d_polpos,Politics,gemma4_e4b,Gemma-4-E4B-it,german,Gemma-4-E4B-it (german),fa,Employment_Retired,-0.0007918298979331,0.0017363746974611,-0.0042020102787748,0.0026183504829084,0.6485388294208798,0.7637631507356007
d_polpos,Politics,gemma4_e4b,Gemma-4-E4B-it,german,Gemma-4-E4B-it (german),fa,Employment_Student,-0.0044640430744006,0.0011036441638795,-0.0066315623780367,-0.0022965237707645,5.927196208226632e-05,0.7637631507356007
d_polpos,Politics,gemma4_e4b,Gemma-4-E4B-it,german,Gemma-4-E4B-it (german),fa,Employment_Unemployed,-0.0013975104748574,0.0009617536754611,-0.003286361723413,0.0004913407736982,0.1467280394647954,0.7637631507356007
d_polpos,Politics,gemma4_e4b,Gemma-4-E4B-it,german,Gemma-4-E4B-it (german),fa,Marstat_Cohabiting,-0.0013100544056135,0.0010710630168399,-0.0034135854533839,0.0007934766421569,0.2217638234619299,0.7637631507356007
d_polpos,Politics,gemma4_e4b,Gemma-4-E4B-it,german,Gemma-4-E4B-it (german),fa,Marstat_Divorced or separated,-0.0007866896232254,0.0009495186736901,-0.0026515117477331,0.0010781325012822,0.4077121772416175,0.7637631507356007
d_polpos,Politics,gemma4_e4b,Gemma-4-E4B-it,german,Gemma-4-E4B-it (german),fa,Marstat_Single,0.0001194680731758,0.0013772224121211,-0.0025853495314218,0.0028242856777734,0.9309029110931716,0.7637631507356007
d_polpos,Politics,gemma4_e4b,Gemma-4-E4B-it,german,Gemma-4-E4B-it (german),fa,Marstat_Widowed,0.000325453752101,0.0011427184040966,-0.0019188060198104,0.0025697135240124,0.7758915765184133,0.7637631507356007
d_polpos,Politics,qwen3_vl_8b,Qwen3-VL-8B-Thinking,base,Qwen3-VL-8B-Thinking (base),ntp,const,0.089189985744109,0.0004139063317646,0.0883770878977203,0.0900028835904977,0.0,0.9217659393552584
d_polpos,Politics,qwen3_vl_8b,Qwen3-VL-8B-Thinking,base,Qwen3-VL-8B-Thinking (base),ntp,nEMD_center,0.0353112957915961,0.0004662983538007,0.0343955018099889,0.0362270897732033,2.308654413708003e-307,0.9217659393552584
d_polpos,Politics,qwen3_vl_8b,Qwen3-VL-8B-Thinking,base,Qwen3-VL-8B-Thinking (base),ntp,countryAustralia,-0.0018283795722481,0.000532198255946,-0.0028735987025424,-0.0007831604419538,0.0006326820049458,0.9217659393552584
d_polpos,Politics,qwen3_vl_8b,Qwen3-VL-8B-Thinking,base,Qwen3-VL-8B-Thinking (base),ntp,countryGermany,-0.0025378204364883,0.000546590378812,-0.0036113052027125,-0.0014643356702641,4.229896664990363e-06,0.9217659393552584
d_polpos,Politics,qwen3_vl_8b,Qwen3-VL-8B-Thinking,base,Qwen3-VL-8B-Thinking (base),ntp,countryMexico,0.0005964838672906,0.0005812985027626,-0.000545166464537,0.0017381341991183,0.3052512030600296,0.9217659393552584
d_polpos,Politics,qwen3_vl_8b,Qwen3-VL-8B-Thinking,base,Qwen3-VL-8B-Thinking (base),ntp,countryRussia,0.0013695651065644,0.0005257157477034,0.0003370774002307,0.0024020528128982,0.0094136116714781,0.9217659393552584
d_polpos,Politics,qwen3_vl_8b,Qwen3-VL-8B-Thinking,base,Qwen3-VL-8B-Thinking (base),ntp,decade200X,0.0012092308466588,0.0004870042117482,0.0002527712698639,0.0021656904234537,0.0133030919721901,0.9217659393552584
d_polpos,Politics,qwen3_vl_8b,Qwen3-VL-8B-Thinking,base,Qwen3-VL-8B-Thinking (base),ntp,decade199X,0.0016034037225189,0.0004835538155559,0.000653720605562,0.0025530868394758,0.0009692789599004,0.9217659393552584
d_polpos,Politics,qwen3_vl_8b,Qwen3-VL-8B-Thinking,base,Qwen3-VL-8B-Thinking (base),ntp,Sex_Female,-0.0015209208380057,0.0004665528650696,-0.0024372146710201,-0.0006046270049913,0.0011781965009464,0.9217659393552584
d_polpos,Politics,qwen3_vl_8b,Qwen3-VL-8B-Thinking,base,Qwen3-VL-8B-Thinking (base),ntp,Age_<25,0.0006062270810662,0.0007002348738094,-0.0007690102062183,0.0019814643683508,0.3869777912449419,0.9217659393552584
d_polpos,Politics,qwen3_vl_8b,Qwen3-VL-8B-Thinking,base,Qwen3-VL-8B-Thinking (base),ntp,Age_25-34,0.000791771464492,0.000596817565615,-0.000380357774766,0.0019639007037502,0.1851323702140243,0.9217659393552584
d_polpos,Politics,qwen3_vl_8b,Qwen3-VL-8B-Thinking,base,Qwen3-VL-8B-Thinking (base),ntp,Age_45-54,0.0013858764534558,0.0005510194287676,0.0003036931849519,0.0024680597219597,0.0121622584016186,0.9217659393552584
d_polpos,Politics,qwen3_vl_8b,Qwen3-VL-8B-Thinking,base,Qwen3-VL-8B-Thinking (base),ntp,Age_55-64,0.0009273691921123,0.0005744789339753,-0.0002008877404,0.0020556261246247,0.1069980032315081,0.9217659393552584
d_polpos,Politics,qwen3_vl_8b,Qwen3-VL-8B-Thinking,base,Qwen3-VL-8B-Thinking (base),ntp,Age_65-74,0.0001794825221033,0.0006780218190559,-0.001152129087135,0.0015110941313417,0.791320875792379,0.9217659393552584
d_polpos,Politics,qwen3_vl_8b,Qwen3-VL-8B-Thinking,base,Qwen3-VL-8B-Thinking (base),ntp,Age_75+,0.0011790004369559,0.0006592939723701,-0.0001158303234042,0.0024738311973161,0.0742408419387274,0.9217659393552584
d_polpos,Politics,qwen3_vl_8b,Qwen3-VL-8B-Thinking,base,Qwen3-VL-8B-Thinking (base),ntp,Education_Low,-0.0006456690754594,0.0005014048820042,-0.0016304110749651,0.0003390729240461,0.1983449203575939,0.9217659393552584
d_polpos,Politics,qwen3_vl_8b,Qwen3-VL-8B-Thinking,base,Qwen3-VL-8B-Thinking (base),ntp,Education_Middle,0.0001908997759852,0.0004497423567685,-0.0006923787950099,0.0010741783469803,0.6713806009589566,0.9217659393552584
d_polpos,Politics,qwen3_vl_8b,Qwen3-VL-8B-Thinking,base,Qwen3-VL-8B-Thinking (base),ntp,Employment_Homemaker,0.0008091013451695,0.0004902317880695,-0.0001536970808753,0.0017718997712145,0.0993802515379913,0.9217659393552584
d_polpos,Politics,qwen3_vl_8b,Qwen3-VL-8B-Thinking,base,Qwen3-VL-8B-Thinking (base),ntp,Employment_Retired,0.0023256371685302,0.0007918165796111,0.0007705365505799,0.0038807377864806,0.0034414614646096,0.9217659393552584
d_polpos,Politics,qwen3_vl_8b,Qwen3-VL-8B-Thinking,base,Qwen3-VL-8B-Thinking (base),ntp,Employment_Student,-0.0003489841867374,0.0005080701254572,-0.0013468164958925,0.0006488481224176,0.492425200658349,0.9217659393552584
d_polpos,Politics,qwen3_vl_8b,Qwen3-VL-8B-Thinking,base,Qwen3-VL-8B-Thinking (base),ntp,Employment_Unemployed,2.712541933454004e-05,0.000442648884246,-0.000842221814799,0.0008964726534681,0.9511570187154682,0.9217659393552584
d_polpos,Politics,qwen3_vl_8b,Qwen3-VL-8B-Thinking,base,Qwen3-VL-8B-Thinking (base),ntp,Marstat_Cohabiting,-0.0010622048854383,0.000495823357604,-0.0020359849623634,-8.842480851328609e-05,0.0325748120311628,0.9217659393552584
d_polpos,Politics,qwen3_vl_8b,Qwen3-VL-8B-Thinking,base,Qwen3-VL-8B-Thinking (base),ntp,Marstat_Divorced or separated,0.0012539459846584,0.0004393566682232,0.0003910645499326,0.0021168274193841,0.0044671132774891,0.9217659393552584
d_polpos,Politics,qwen3_vl_8b,Qwen3-VL-8B-Thinking,base,Qwen3-VL-8B-Thinking (base),ntp,Marstat_Single,0.0007263062990994,0.0006376265368726,-0.0005259703607289,0.0019785829589277,0.2551298171312528,0.9217659393552584
d_polpos,Politics,qwen3_vl_8b,Qwen3-VL-8B-Thinking,base,Qwen3-VL-8B-Thinking (base),ntp,Marstat_Widowed,0.0008095125401194,0.0005221612140199,-0.0002159941839137,0.0018350192641525,0.1215993697509673,0.9217659393552584
d_polpos,Politics,qwen3_vl_8b,Qwen3-VL-8B-Thinking,base,Qwen3-VL-8B-Thinking (base),fa,const,0.0970207304697503,0.0010159689988862,0.0950254021845529,0.0990160587549476,0.0,0.6382869456375355
d_polpos,Politics,qwen3_vl_8b,Qwen3-VL-8B-Thinking,base,Qwen3-VL-8B-Thinking (base),fa,nEMD_center,0.0314900089835428,0.0012295340838316,0.0290752461927756,0.0339047717743101,4.927909251807293e-98,0.6382869456375355
d_polpos,Politics,qwen3_vl_8b,Qwen3-VL-8B-Thinking,base,Qwen3-VL-8B-Thinking (base),fa,countryAustralia,0.0005821552560712,0.0013099389364163,-0.0019905199087992,0.0031548304209416,0.6569051325557689,0.6382869456375355
d_polpos,Politics,qwen3_vl_8b,Qwen3-VL-8B-Thinking,base,Qwen3-VL-8B-Thinking (base),fa,countryGermany,-0.0003591326829847,0.0013307877965611,-0.002972754294456,0.0022544889284866,0.7873580515137121,0.6382869456375355
d_polpos,Politics,qwen3_vl_8b,Qwen3-VL-8B-Thinking,base,Qwen3-VL-8B-Thinking (base),fa,countryMexico,0.0047262101160631,0.0014454728120197,0.0018873510657687,0.0075650691663575,0.0011390202871315,0.6382869456375355
d_polpos,Politics,qwen3_vl_8b,Qwen3-VL-8B-Thinking,base,Qwen3-VL-8B-Thinking (base),fa,countryRussia,0.0026803700550076,0.0012858152619384,0.0001550729598239,0.0052056671501914,0.0375350618502913,0.6382869456375355
d_polpos,Politics,qwen3_vl_8b,Qwen3-VL-8B-Thinking,base,Qwen3-VL-8B-Thinking (base),fa,decade200X,0.0029558752874381,0.0011972517793165,0.0006045138360631,0.0053072367388131,0.0138338284891633,0.6382869456375355
d_polpos,Politics,qwen3_vl_8b,Qwen3-VL-8B-Thinking,base,Qwen3-VL-8B-Thinking (base),fa,decade199X,0.0019009215796649,0.001198258544878,-0.0004524171247597,0.0042542602840896,0.1131799648998386,0.6382869456375355
d_polpos,Politics,qwen3_vl_8b,Qwen3-VL-8B-Thinking,base,Qwen3-VL-8B-Thinking (base),fa,Sex_Female,-0.0021692876353367,0.0011385395680903,-0.0044053403165872,6.676504591386244e-05,0.0572204415875295,0.6382869456375355
d_polpos,Politics,qwen3_vl_8b,Qwen3-VL-8B-Thinking,base,Qwen3-VL-8B-Thinking (base),fa,Age_<25,0.0016240909687424,0.0017174079392736,-0.0017488393492217,0.0049970212867067,0.3447044686549648,0.6382869456375355
d_polpos,Politics,qwen3_vl_8b,Qwen3-VL-8B-Thinking,base,Qwen3-VL-8B-Thinking (base),fa,Age_25-34,0.0001621300794193,0.0014646870758572,-0.0027144651263641,0.0030387252852029,0.9118974718106804,0.6382869456375355
d_polpos,Politics,qwen3_vl_8b,Qwen3-VL-8B-Thinking,base,Qwen3-VL-8B-Thinking (base),fa,Age_45-54,0.0013089387510056,0.0013578208438863,-0.0013577748386874,0.0039756523406987,0.3354384069371942,0.6382869456375355
d_polpos,Politics,qwen3_vl_8b,Qwen3-VL-8B-Thinking,base,Qwen3-VL-8B-Thinking (base),fa,Age_55-64,0.0016966990278675,0.0014158607702389,-0.001084002987505,0.0044774010432401,0.2312580596967422,0.6382869456375355
d_polpos,Politics,qwen3_vl_8b,Qwen3-VL-8B-Thinking,base,Qwen3-VL-8B-Thinking (base),fa,Age_65-74,-0.0036536610860438,0.0016755688614288,-0.0069444208894137,-0.0003629012826738,0.0296084147258491,0.6382869456375355
d_polpos,Politics,qwen3_vl_8b,Qwen3-VL-8B-Thinking,base,Qwen3-VL-8B-Thinking (base),fa,Age_75+,-1.323431576100609e-05,0.0016241208396434,-0.0032029519680432,0.0031764833365212,0.9935011634118168,0.6382869456375355
d_polpos,Politics,qwen3_vl_8b,Qwen3-VL-8B-Thinking,base,Qwen3-VL-8B-Thinking (base),fa,Education_Low,0.0004561179206054,0.0012283964309774,-0.0019564105589562,0.0028686464001671,0.7105378117539671,0.6382869456375355
d_polpos,Politics,qwen3_vl_8b,Qwen3-VL-8B-Thinking,base,Qwen3-VL-8B-Thinking (base),fa,Education_Middle,0.0013876015302754,0.0011089942575739,-0.000790425173969,0.0035656282345198,0.2113448961083953,0.6382869456375355
d_polpos,Politics,qwen3_vl_8b,Qwen3-VL-8B-Thinking,base,Qwen3-VL-8B-Thinking (base),fa,Employment_Homemaker,-0.0001224629344735,0.0011999204363308,-0.0024790655367399,0.0022341396677929,0.9187441181187406,0.6382869456375355
d_polpos,Politics,qwen3_vl_8b,Qwen3-VL-8B-Thinking,base,Qwen3-VL-8B-Thinking (base),fa,Employment_Retired,0.0041113631457919,0.001962771729151,0.0002565467558685,0.0079661795357153,0.036623180985833,0.6382869456375355
d_polpos,Politics,qwen3_vl_8b,Qwen3-VL-8B-Thinking,base,Qwen3-VL-8B-Thinking (base),fa,Employment_Student,-0.0007213599792851,0.0012475542065916,-0.0031715136734019,0.0017287937148316,0.563335181973584,0.6382869456375355
d_polpos,Politics,qwen3_vl_8b,Qwen3-VL-8B-Thinking,base,Qwen3-VL-8B-Thinking (base),fa,Employment_Unemployed,0.0007755644582137,0.0010851670234984,-0.001355666375132,0.0029067952915595,0.4750777284153513,0.6382869456375355
d_polpos,Politics,qwen3_vl_8b,Qwen3-VL-8B-Thinking,base,Qwen3-VL-8B-Thinking (base),fa,Marstat_Cohabiting,-0.0009198294864394,0.0012058792258458,-0.0032881349470388,0.0014484759741599,0.4458930008529296,0.6382869456375355
d_polpos,Politics,qwen3_vl_8b,Qwen3-VL-8B-Thinking,base,Qwen3-VL-8B-Thinking (base),fa,Marstat_Divorced or separated,-0.0006274181653833,0.001073287383713,-0.0027353177934387,0.0014804814626719,0.5590547322568092,0.6382869456375355
d_polpos,Politics,qwen3_vl_8b,Qwen3-VL-8B-Thinking,base,Qwen3-VL-8B-Thinking (base),fa,Marstat_Single,-0.0014335169719832,0.0015486524661389,-0.0044750173258476,0.001607983381881,0.3550015214712077,0.6382869456375355
d_polpos,Politics,qwen3_vl_8b,Qwen3-VL-8B-Thinking,base,Qwen3-VL-8B-Thinking (base),fa,Marstat_Widowed,0.0018805874209011,0.0012930512561384,-0.0006589209188329,0.0044200957606352,0.1463692643037435,0.6382869456375355
d_polpos,Politics,qwen3_vl_8b,Qwen3-VL-8B-Thinking,german,Qwen3-VL-8B-Thinking (german),ntp,const,0.1126429727484466,0.000130626242538,0.1123864272861235,0.1128995182107697,0.0,0.9956863882848404
d_polpos,Politics,qwen3_vl_8b,Qwen3-VL-8B-Thinking,german,Qwen3-VL-8B-Thinking (german),ntp,nEMD_center,0.0495707493234395,0.0001854130247775,0.0492066044989535,0.0499348941479255,0.0,0.9956863882848404
d_polpos,Politics,qwen3_vl_8b,Qwen3-VL-8B-Thinking,german,Qwen3-VL-8B-Thinking (german),ntp,countryAustralia,-0.0009412790127585,0.0001727582413536,-0.0012805702764208,-0.0006019877490962,7.449204356251634e-08,0.9956863882848404
d_polpos,Politics,qwen3_vl_8b,Qwen3-VL-8B-Thinking,german,Qwen3-VL-8B-Thinking (german),ntp,countryGermany,-0.0019868799332407,0.0001754142965794,-0.0023313875983139,-0.0016423722681675,4.602064442623751e-27,0.9956863882848404
d_polpos,Politics,qwen3_vl_8b,Qwen3-VL-8B-Thinking,german,Qwen3-VL-8B-Thinking (german),ntp,countryMexico,-0.002093156602189,0.0001971246024596,-0.0024803025637559,-0.0017060106406222,3.1049687034005404e-24,0.9956863882848404
d_polpos,Politics,qwen3_vl_8b,Qwen3-VL-8B-Thinking,german,Qwen3-VL-8B-Thinking (german),ntp,countryRussia,-0.0018430410930597,0.0001660680783326,-0.0021691931058954,-0.001516889080224,3.882883219529401e-26,0.9956863882848404
d_polpos,Politics,qwen3_vl_8b,Qwen3-VL-8B-Thinking,german,Qwen3-VL-8B-Thinking (german),ntp,decade200X,-0.0004864141530467,0.0001533115010708,-0.0007875126854508,-0.0001853156206426,0.0015881693920684,0.9956863882848404
d_polpos,Politics,qwen3_vl_8b,Qwen3-VL-8B-Thinking,german,Qwen3-VL-8B-Thinking (german),ntp,decade199X,-0.0007056817482106,0.0001564981693127,-0.0010130387877991,-0.0003983247086221,7.842593714009434e-06,0.9956863882848404
d_polpos,Politics,qwen3_vl_8b,Qwen3-VL-8B-Thinking,german,Qwen3-VL-8B-Thinking (german),ntp,Sex_Female,0.0010464944414143,0.0001465693676417,0.0007586372279365,0.001334351654892,2.7381712897462107e-12,0.9956863882848404
d_polpos,Politics,qwen3_vl_8b,Qwen3-VL-8B-Thinking,german,Qwen3-VL-8B-Thinking (german),ntp,Age_<25,0.0009517745405002,0.0002207687819355,0.0005181922209928,0.0013853568600075,1.900911032662564e-05,0.9956863882848404
d_polpos,Politics,qwen3_vl_8b,Qwen3-VL-8B-Thinking,german,Qwen3-VL-8B-Thinking (german),ntp,Age_25-34,0.0003352919099025,0.0001883825265027,-3.468491417368331e-05,0.0007052687339787,0.0756122902678655,0.9956863882848404
d_polpos,Politics,qwen3_vl_8b,Qwen3-VL-8B-Thinking,german,Qwen3-VL-8B-Thinking (german),ntp,Age_45-54,1.562680804599332e-05,0.0001744431130479,-0.0003269734858646,0.0003582271019566,0.9286502903052192,0.9956863882848404
d_polpos,Politics,qwen3_vl_8b,Qwen3-VL-8B-Thinking,german,Qwen3-VL-8B-Thinking (german),ntp,Age_55-64,-6.251885947350816e-05,0.0001824507837127,-0.0004208459440572,0.0002958082251102,0.7319743492756525,0.9956863882848404
d_polpos,Politics,qwen3_vl_8b,Qwen3-VL-8B-Thinking,german,Qwen3-VL-8B-Thinking (german),ntp,Age_65-74,-0.0002443186516319,0.0002151246334697,-0.0006668160570403,0.0001781787537765,0.2565370371088229,0.9956863882848404
d_polpos,Politics,qwen3_vl_8b,Qwen3-VL-8B-Thinking,german,Qwen3-VL-8B-Thinking (german),ntp,Age_75+,-0.0003584570578825,0.0002087072429542,-0.0007683509283143,5.143681254917164e-05,0.0864069886792918,0.9956863882848404
d_polpos,Politics,qwen3_vl_8b,Qwen3-VL-8B-Thinking,german,Qwen3-VL-8B-Thinking (german),ntp,Education_Low,-0.000861031337921,0.0001566623750173,-0.0011687108718842,-0.0005533518039578,5.7693017523330335e-08,0.9956863882848404
d_polpos,Politics,qwen3_vl_8b,Qwen3-VL-8B-Thinking,german,Qwen3-VL-8B-Thinking (german),ntp,Education_Middle,-0.0016094537519116,0.0001447317064965,-0.0018937018618972,-0.001325205641926,3.162015204857525e-26,0.9956863882848404
d_polpos,Politics,qwen3_vl_8b,Qwen3-VL-8B-Thinking,german,Qwen3-VL-8B-Thinking (german),ntp,Employment_Homemaker,-0.0004709886466602,0.0001551815486758,-0.000775759888453,-0.0001662174048674,0.0025099296716213,0.9956863882848404
d_polpos,Politics,qwen3_vl_8b,Qwen3-VL-8B-Thinking,german,Qwen3-VL-8B-Thinking (german),ntp,Employment_Retired,-0.0003940135230543,0.0002497800301647,-0.0008845729395439,9.654589343521728e-05,0.1152262253725489,0.9956863882848404
d_polpos,Politics,qwen3_vl_8b,Qwen3-VL-8B-Thinking,german,Qwen3-VL-8B-Thinking (german),ntp,Employment_Student,-2.119835155036786e-06,0.0001602831111538,-0.000316910370767,0.000312670700457,0.989452271991834,0.9956863882848404
d_polpos,Politics,qwen3_vl_8b,Qwen3-VL-8B-Thinking,german,Qwen3-VL-8B-Thinking (german),ntp,Employment_Unemployed,-0.0009512029971856,0.0001390532798763,-0.0012242988719523,-0.0006781071224188,1.9663484161387934e-11,0.9956863882848404
d_polpos,Politics,qwen3_vl_8b,Qwen3-VL-8B-Thinking,german,Qwen3-VL-8B-Thinking (german),ntp,Marstat_Cohabiting,-0.0005586840342464,0.00015480876496,-0.000862723141601,-0.0002546449268918,0.0003334699859335,0.9956863882848404
d_polpos,Politics,qwen3_vl_8b,Qwen3-VL-8B-Thinking,german,Qwen3-VL-8B-Thinking (german),ntp,Marstat_Divorced or separated,-0.0010548959786403,0.0001385362050717,-0.0013269763362168,-0.0007828156210637,1.0465936889017157e-13,0.9956863882848404
d_polpos,Politics,qwen3_vl_8b,Qwen3-VL-8B-Thinking,german,Qwen3-VL-8B-Thinking (german),ntp,Marstat_Single,-0.0013504171702746,0.0001987021511216,-0.0017406613833334,-0.0009601729572157,2.6184360151399427e-11,0.9956863882848404
d_polpos,Politics,qwen3_vl_8b,Qwen3-VL-8B-Thinking,german,Qwen3-VL-8B-Thinking (german),ntp,Marstat_Widowed,-0.0007436326025326,0.0001645645565095,-0.0010668317500503,-0.0004204334550149,7.507029227130709e-06,0.9956863882848404
d_polpos,Politics,qwen3_vl_8b,Qwen3-VL-8B-Thinking,german,Qwen3-VL-8B-Thinking (german),fa,const,0.1508023069285458,0.0004474571479085,0.1499235164294121,0.1516810974276795,0.0,0.9616528301182884
d_polpos,Politics,qwen3_vl_8b,Qwen3-VL-8B-Thinking,german,Qwen3-VL-8B-Thinking (german),fa,nEMD_center,0.0555406916078001,0.0007426605984282,0.0540821316517681,0.0569992515638321,1.9164378213569e-304,0.9616528301182884
d_polpos,Politics,qwen3_vl_8b,Qwen3-VL-8B-Thinking,german,Qwen3-VL-8B-Thinking (german),fa,countryAustralia,0.0021706205914491,0.0005890065055985,0.001013832006291,0.0033274091766071,0.0002493981713477,0.9616528301182884
d_polpos,Politics,qwen3_vl_8b,Qwen3-VL-8B-Thinking,german,Qwen3-VL-8B-Thinking (german),fa,countryGermany,0.0008546222478687,0.0006719413721221,-0.0004650475720365,0.0021742920677739,0.203916939984472,0.9616528301182884
d_polpos,Politics,qwen3_vl_8b,Qwen3-VL-8B-Thinking,german,Qwen3-VL-8B-Thinking (german),fa,countryMexico,0.0012313398426829,0.0006805199102024,-0.0001051779319296,0.0025678576172954,0.0708926250179596,0.9616528301182884
d_polpos,Politics,qwen3_vl_8b,Qwen3-VL-8B-Thinking,german,Qwen3-VL-8B-Thinking (german),fa,countryRussia,-0.0006503066643128,0.0005659950714127,-0.0017619015815889,0.0004612882529633,0.2510342085537966,0.9616528301182884
d_polpos,Politics,qwen3_vl_8b,Qwen3-VL-8B-Thinking,german,Qwen3-VL-8B-Thinking (german),fa,decade200X,-0.0014772917871111,0.0005259318949487,-0.002510203999225,-0.0004443795749973,0.0051346054794189,0.9616528301182884
d_polpos,Politics,qwen3_vl_8b,Qwen3-VL-8B-Thinking,german,Qwen3-VL-8B-Thinking (german),fa,decade199X,-0.0012375675527593,0.0005385163695636,-0.0022951952416062,-0.0001799398639125,0.021902303994493,0.9616528301182884
d_polpos,Politics,qwen3_vl_8b,Qwen3-VL-8B-Thinking,german,Qwen3-VL-8B-Thinking (german),fa,Sex_Female,-0.0004537149788397,0.0005069934668404,-0.0014494327673804,0.0005420028097009,0.3711961438740371,0.9616528301182884
d_polpos,Politics,qwen3_vl_8b,Qwen3-VL-8B-Thinking,german,Qwen3-VL-8B-Thinking (german),fa,Age_<25,0.0020169029364664,0.0007648757664804,0.0005147131519419,0.0035190927209908,0.0085855912655198,0.9616528301182884
d_polpos,Politics,qwen3_vl_8b,Qwen3-VL-8B-Thinking,german,Qwen3-VL-8B-Thinking (german),fa,Age_25-34,0.0006706934301626,0.0006457494664441,-0.0005975363848804,0.0019389232452057,0.299400403816622,0.9616528301182884
d_polpos,Politics,qwen3_vl_8b,Qwen3-VL-8B-Thinking,german,Qwen3-VL-8B-Thinking (german),fa,Age_45-54,0.0001507533940767,0.0006022504922384,-0.0010320459268225,0.001333552714976,0.8024289452120138,0.9616528301182884
d_polpos,Politics,qwen3_vl_8b,Qwen3-VL-8B-Thinking,german,Qwen3-VL-8B-Thinking (german),fa,Age_55-64,-0.0001721721185642,0.000622892433968,-0.0013955115053903,0.0010511672682617,0.7823312696152973,0.9616528301182884
d_polpos,Politics,qwen3_vl_8b,Qwen3-VL-8B-Thinking,german,Qwen3-VL-8B-Thinking (german),fa,Age_65-74,-0.0002764105630391,0.0007444060506578,-0.001738398527414,0.0011855774013356,0.7105338970709782,0.9616528301182884
d_polpos,Politics,qwen3_vl_8b,Qwen3-VL-8B-Thinking,german,Qwen3-VL-8B-Thinking (german),fa,Age_75+,0.0011768106265291,0.0007176550572238,-0.0002326393037969,0.0025862605568551,0.1015762382665607,0.9616528301182884
d_polpos,Politics,qwen3_vl_8b,Qwen3-VL-8B-Thinking,german,Qwen3-VL-8B-Thinking (german),fa,Education_Low,-0.0008439781590561,0.0005413417667676,-0.0019071548311537,0.0002191985130414,0.1195174642334296,0.9616528301182884
d_polpos,Politics,qwen3_vl_8b,Qwen3-VL-8B-Thinking,german,Qwen3-VL-8B-Thinking (german),fa,Education_Middle,-0.001064970162505,0.0004870788359642,-0.0020215762987019,-0.0001083640263081,0.0291726588430179,0.9616528301182884
d_polpos,Politics,qwen3_vl_8b,Qwen3-VL-8B-Thinking,german,Qwen3-VL-8B-Thinking (german),fa,Employment_Homemaker,0.0001994207448835,0.0005293465729287,-0.0008401977777238,0.0012390392674908,0.7065087877635499,0.9616528301182884
d_polpos,Politics,qwen3_vl_8b,Qwen3-VL-8B-Thinking,german,Qwen3-VL-8B-Thinking (german),fa,Employment_Retired,0.001015856053417,0.0008641578376738,-0.0006813203154247,0.0027130324222588,0.2402478766457101,0.9616528301182884
d_polpos,Politics,qwen3_vl_8b,Qwen3-VL-8B-Thinking,german,Qwen3-VL-8B-Thinking (german),fa,Employment_Student,-0.0010464751618025,0.0005494718516031,-0.0021256190418081,3.2668718203040245e-05,0.0573264619517598,0.9616528301182884
d_polpos,Politics,qwen3_vl_8b,Qwen3-VL-8B-Thinking,german,Qwen3-VL-8B-Thinking (german),fa,Employment_Unemployed,-0.0006440588249228,0.00047813718995,-0.001583103874878,0.0002949862250322,0.1784884779910605,0.9616528301182884
d_polpos,Politics,qwen3_vl_8b,Qwen3-VL-8B-Thinking,german,Qwen3-VL-8B-Thinking (german),fa,Marstat_Cohabiting,-0.0010128849311276,0.0005307041203311,-0.0020551696302949,2.9399768039579032e-05,0.0567995389372305,0.9616528301182884
d_polpos,Politics,qwen3_vl_8b,Qwen3-VL-8B-Thinking,german,Qwen3-VL-8B-Thinking (german),fa,Marstat_Divorced or separated,0.0004303830527836,0.0004726498516832,-0.0004978850529279,0.0013586511584953,0.3628887953757134,0.9616528301182884
d_polpos,Politics,qwen3_vl_8b,Qwen3-VL-8B-Thinking,german,Qwen3-VL-8B-Thinking (german),fa,Marstat_Single,-0.0009273702116748,0.0006830774285196,-0.0022689108645877,0.0004141704412379,0.1750948833834703,0.9616528301182884
d_polpos,Politics,qwen3_vl_8b,Qwen3-VL-8B-Thinking,german,Qwen3-VL-8B-Thinking (german),fa,Marstat_Widowed,-0.0014233116072215,0.0005686105957388,-0.0025400433246108,-0.0003065798898321,0.012577043230285,0.9616528301182884
d_polpos,Politics,muse_glimmer_30b,Muse-Glimmer-30B,base,Muse-Glimmer-30B (base),ntp,const,0.1018770652038067,0.00055941641359,0.1007783905449702,0.1029757398626433,0.0,0.8644208856123063
d_polpos,Politics,muse_glimmer_30b,Muse-Glimmer-30B,base,Muse-Glimmer-30B (base),ntp,nEMD_center,0.033606143639709,0.0006565404552276,0.0323167206926229,0.0348955665867951,5.995874181290994e-220,0.8644208856123063
d_polpos,Politics,muse_glimmer_30b,Muse-Glimmer-30B,base,Muse-Glimmer-30B (base),ntp,countryAustralia,0.0007885308009767,0.0007230181572652,-0.0006314520739771,0.0022085136759306,0.2758867485225606,0.8644208856123063
d_polpos,Politics,muse_glimmer_30b,Muse-Glimmer-30B,base,Muse-Glimmer-30B (base),ntp,countryGermany,0.0033900882571457,0.0007570419388823,0.0019032838414711,0.0048768926728204,9.034008869632392e-06,0.8644208856123063
d_polpos,Politics,muse_glimmer_30b,Muse-Glimmer-30B,base,Muse-Glimmer-30B (base),ntp,countryMexico,0.0039077422242662,0.0007831952624805,0.0023695735776114,0.005445910870921,7.962197576328477e-07,0.8644208856123063
d_polpos,Politics,muse_glimmer_30b,Muse-Glimmer-30B,base,Muse-Glimmer-30B (base),ntp,countryRussia,0.006097838726044,0.0007246058884697,0.0046747376014338,0.0075209398506543,2.930487711792105e-16,0.8644208856123063
d_polpos,Politics,muse_glimmer_30b,Muse-Glimmer-30B,base,Muse-Glimmer-30B (base),ntp,decade200X,0.0015539710907547,0.00067223832894,0.000233718057839,0.0028742241236704,0.0211389443399085,0.8644208856123063
d_polpos,Politics,muse_glimmer_30b,Muse-Glimmer-30B,base,Muse-Glimmer-30B (base),ntp,decade199X,0.0019545953165259,0.0006670393340895,0.0006445529312689,0.003264637701783,0.0035169664562212,0.8644208856123063
d_polpos,Politics,muse_glimmer_30b,Muse-Glimmer-30B,base,Muse-Glimmer-30B (base),ntp,Sex_Female,-0.0026813237991188,0.0006372836949925,-0.0039329271292476,-0.0014297204689899,2.9822022918308737e-05,0.8644208856123063
d_polpos,Politics,muse_glimmer_30b,Muse-Glimmer-30B,base,Muse-Glimmer-30B (base),ntp,Age_<25,0.0005717072933314,0.0009458753317672,-0.0012859594325377,0.0024293740192007,0.5457942996556008,0.8644208856123063
d_polpos,Politics,muse_glimmer_30b,Muse-Glimmer-30B,base,Muse-Glimmer-30B (base),ntp,Age_25-34,-0.0009955930364171,0.000807469496266,-0.0025814354460771,0.0005902493732428,0.2180712804824636,0.8644208856123063
d_polpos,Politics,muse_glimmer_30b,Muse-Glimmer-30B,base,Muse-Glimmer-30B (base),ntp,Age_45-54,0.0004615243293605,0.0007456640979988,-0.0010029343968646,0.0019259830555857,0.5361905332713017,0.8644208856123063
d_polpos,Politics,muse_glimmer_30b,Muse-Glimmer-30B,base,Muse-Glimmer-30B (base),ntp,Age_55-64,0.0006728972985704,0.0007744903378523,-0.0008481751745295,0.0021939697716705,0.3852932447707096,0.8644208856123063
d_polpos,Politics,muse_glimmer_30b,Muse-Glimmer-30B,base,Muse-Glimmer-30B (base),ntp,Age_65-74,-0.0004123607356046,0.0009165002774339,-0.0022123358617746,0.0013876143905654,0.6529252466435367,0.8644208856123063
d_polpos,Politics,muse_glimmer_30b,Muse-Glimmer-30B,base,Muse-Glimmer-30B (base),ntp,Age_75+,-0.0009794208143817,0.0008914899106437,-0.0027302764375607,0.0007714348087972,0.2723729959312281,0.8644208856123063
d_polpos,Politics,muse_glimmer_30b,Muse-Glimmer-30B,base,Muse-Glimmer-30B (base),ntp,Education_Low,0.0008993928197293,0.000682977539233,-0.0004419516540489,0.0022407372935075,0.1883899237193967,0.8644208856123063
d_polpos,Politics,muse_glimmer_30b,Muse-Glimmer-30B,base,Muse-Glimmer-30B (base),ntp,Education_Middle,-0.0011308531575606,0.0006064397726615,-0.0023218800815974,6.0173766476118206e-05,0.0627106401465169,0.8644208856123063
d_polpos,Politics,muse_glimmer_30b,Muse-Glimmer-30B,base,Muse-Glimmer-30B (base),ntp,Employment_Homemaker,0.0030854485395928,0.0006620165986569,0.0017852706345402,0.0043856264446453,3.894050587575685e-06,0.8644208856123063
d_polpos,Politics,muse_glimmer_30b,Muse-Glimmer-30B,base,Muse-Glimmer-30B (base),ntp,Employment_Retired,0.0021072124939089,0.0010788614733112,-1.1634455030983327e-05,0.0042260594428489,0.0512671986119805,0.8644208856123063
d_polpos,Politics,muse_glimmer_30b,Muse-Glimmer-30B,base,Muse-Glimmer-30B (base),ntp,Employment_Student,-0.0009561781069772,0.0006867961433649,-0.0023050221883643,0.0003926659744099,0.1643737856119869,0.8644208856123063
d_polpos,Politics,muse_glimmer_30b,Muse-Glimmer-30B,base,Muse-Glimmer-30B (base),ntp,Employment_Unemployed,0.0017242211085645,0.0005961692297746,0.0005533651786712,0.0028950770384577,0.0039660300254366,0.8644208856123063
d_polpos,Politics,muse_glimmer_30b,Muse-Glimmer-30B,base,Muse-Glimmer-30B (base),ntp,Marstat_Cohabiting,-0.0010659494438756,0.0006666127475844,-0.0023751540278605,0.0002432551401091,0.1103404570218782,0.8644208856123063
d_polpos,Politics,muse_glimmer_30b,Muse-Glimmer-30B,base,Muse-Glimmer-30B (base),ntp,Marstat_Divorced or separated,0.0008131185083157,0.0005937253670669,-0.000352937758998,0.0019791747756294,0.1713544428715569,0.8644208856123063
d_polpos,Politics,muse_glimmer_30b,Muse-Glimmer-30B,base,Muse-Glimmer-30B (base),ntp,Marstat_Single,0.0007030433162402,0.0008549241876167,-0.0009759984804299,0.0023820851129103,0.4112100934122168,0.8644208856123063
d_polpos,Politics,muse_glimmer_30b,Muse-Glimmer-30B,base,Muse-Glimmer-30B (base),ntp,Marstat_Widowed,0.0001046150961571,0.0007059864504168,-0.0012819180904135,0.0014911482827277,0.8822487407454271,0.8644208856123063
d_polpos,Politics,muse_glimmer_30b,Muse-Glimmer-30B,base,Muse-Glimmer-30B (base),fa,const,0.1157951035437016,0.0013217309571679,0.1131992692543193,0.1183909378330838,0.0,0.6319644965610487
d_polpos,Politics,muse_glimmer_30b,Muse-Glimmer-30B,base,Muse-Glimmer-30B (base),fa,nEMD_center,0.0370409264397511,0.0016687240623607,0.033763609587103,0.0403182432923992,5.9446876142311755e-80,0.6319644965610487
d_polpos,Politics,muse_glimmer_30b,Muse-Glimmer-30B,base,Muse-Glimmer-30B (base),fa,countryAustralia,0.00428339367534,0.001687627674846,0.000968950775809,0.007597836574871,0.0113994365572792,0.6319644965610487
d_polpos,Politics,muse_glimmer_30b,Muse-Glimmer-30B,base,Muse-Glimmer-30B (base),fa,countryGermany,-0.0014955495158874,0.0017959929812278,-0.0050228181622619,0.0020317191304869,0.4053404008114883,0.6319644965610487
d_polpos,Politics,muse_glimmer_30b,Muse-Glimmer-30B,base,Muse-Glimmer-30B (base),fa,countryMexico,0.0046510517895302,0.001844287088985,0.0010289351710997,0.0082731684079607,0.0119336278998727,0.6319644965610487
d_polpos,Politics,muse_glimmer_30b,Muse-Glimmer-30B,base,Muse-Glimmer-30B (base),fa,countryRussia,0.0069132124214626,0.0016862357814576,0.0036015031528306,0.0102249216900945,4.711124496804423e-05,0.6319644965610487
d_polpos,Politics,muse_glimmer_30b,Muse-Glimmer-30B,base,Muse-Glimmer-30B (base),fa,decade200X,0.0031911668997394,0.0015831139028567,8.198546554017295e-05,0.0063003483339386,0.0442755790059762,0.6319644965610487
d_polpos,Politics,muse_glimmer_30b,Muse-Glimmer-30B,base,Muse-Glimmer-30B (base),fa,decade199X,0.0022920327753424,0.001551611994918,-0.0007552799915879,0.0053393455422728,0.1401534685855834,0.6319644965610487
d_polpos,Politics,muse_glimmer_30b,Muse-Glimmer-30B,base,Muse-Glimmer-30B (base),fa,Sex_Female,0.0072989493478413,0.0014765429929319,0.0043990695273578,0.0101988291683248,1.000803734423269e-06,0.6319644965610487
d_polpos,Politics,muse_glimmer_30b,Muse-Glimmer-30B,base,Muse-Glimmer-30B (base),fa,Age_<25,-0.0001138228332617,0.0022455039237368,-0.0045239155609586,0.0042962698944352,0.9595902102157242,0.6319644965610487
d_polpos,Politics,muse_glimmer_30b,Muse-Glimmer-30B,base,Muse-Glimmer-30B (base),fa,Age_25-34,-0.0028491771489975,0.0019055068215555,-0.0065915272235119,0.0008931729255168,0.1353846420574025,0.6319644965610487
d_polpos,Politics,muse_glimmer_30b,Muse-Glimmer-30B,base,Muse-Glimmer-30B (base),fa,Age_45-54,-0.0022318528771621,0.0017667496752153,-0.005701688673023,0.0012379829186987,0.2069936634244976,0.6319644965610487
d_polpos,Politics,muse_glimmer_30b,Muse-Glimmer-30B,base,Muse-Glimmer-30B (base),fa,Age_55-64,-0.000867324162992,0.0018347272517314,-0.004470665588779,0.0027360172627949,0.6365819734708851,0.6319644965610487
d_polpos,Politics,muse_glimmer_30b,Muse-Glimmer-30B,base,Muse-Glimmer-30B (base),fa,Age_65-74,-0.0004528799034956,0.0021960206943296,-0.0047657892649802,0.0038600294579889,0.8366838554868563,0.6319644965610487
d_polpos,Politics,muse_glimmer_30b,Muse-Glimmer-30B,base,Muse-Glimmer-30B (base),fa,Age_75+,-0.0009161729799599,0.0021242881732999,-0.0050882021292176,0.0032558561692978,0.6664178521620059,0.6319644965610487
d_polpos,Politics,muse_glimmer_30b,Muse-Glimmer-30B,base,Muse-Glimmer-30B (base),fa,Education_Low,0.003172494584463,0.0016215881269238,-1.2248906862300823e-05,0.0063572380757884,0.0508848103247352,0.6319644965610487
d_polpos,Politics,muse_glimmer_30b,Muse-Glimmer-30B,base,Muse-Glimmer-30B (base),fa,Education_Middle,-0.0010446557412312,0.0014516384785225,-0.0038956239491708,0.0018063124667082,0.4720302999786274,0.6319644965610487
d_polpos,Politics,muse_glimmer_30b,Muse-Glimmer-30B,base,Muse-Glimmer-30B (base),fa,Employment_Homemaker,0.0016460095665758,0.0015603317129,-0.0014184284275488,0.0047104475607004,0.2918953576011837,0.6319644965610487
d_polpos,Politics,muse_glimmer_30b,Muse-Glimmer-30B,base,Muse-Glimmer-30B (base),fa,Employment_Retired,-0.0042136713349221,0.0025655439862251,-0.0092523117739953,0.000824969104151,0.1010346128709099,0.6319644965610487
d_polpos,Politics,muse_glimmer_30b,Muse-Glimmer-30B,base,Muse-Glimmer-30B (base),fa,Employment_Student,-0.000475360783539,0.001622830636384,-0.0036625445208494,0.0027118229537713,0.7696850177405237,0.6319644965610487
d_polpos,Politics,muse_glimmer_30b,Muse-Glimmer-30B,base,Muse-Glimmer-30B (base),fa,Employment_Unemployed,0.005440478155127,0.0014146746859283,0.0026621055686801,0.0082188507415739,0.0001331710469206,0.6319644965610487
d_polpos,Politics,muse_glimmer_30b,Muse-Glimmer-30B,base,Muse-Glimmer-30B (base),fa,Marstat_Cohabiting,-0.0008080140534302,0.0015671786290734,-0.0038858991561992,0.0022698710493386,0.6063360090605773,0.6319644965610487
d_polpos,Politics,muse_glimmer_30b,Muse-Glimmer-30B,base,Muse-Glimmer-30B (base),fa,Marstat_Divorced or separated,0.003350666418062,0.0013962241301847,0.0006085300905887,0.0060928027455353,0.0167106684702879,0.6319644965610487
d_polpos,Politics,muse_glimmer_30b,Muse-Glimmer-30B,base,Muse-Glimmer-30B (base),fa,Marstat_Single,0.0054968734045871,0.0020200157700606,0.0015296316807105,0.0094641151284636,0.0066951486193712,0.6319644965610487
d_polpos,Politics,muse_glimmer_30b,Muse-Glimmer-30B,base,Muse-Glimmer-30B (base),fa,Marstat_Widowed,0.0007360533176082,0.0016807671717554,-0.0025649157890389,0.0040370224242555,0.6615984044001136,0.6319644965610487
d_polpos,Politics,,Mixtral archived,,Mixtral archived,ntp,const,0.0851441063416417,0.000323617929104,0.0845085318228855,0.0857796808603979,0.0,0.9476569970621718
d_polpos,Politics,,Mixtral archived,,Mixtral archived,ntp,nEMD_center,0.0335271084362965,0.0003576206756839,0.0328247536889116,0.0342294631836814,0.0,0.9476569970621718
d_polpos,Politics,,Mixtral archived,,Mixtral archived,ntp,countryAustralia,-0.0008768344047713,0.0004156018188634,-0.0016930621296988,-6.0606679843899975e-05,0.0352937181291931,0.9476569970621718
d_polpos,Politics,,Mixtral archived,,Mixtral archived,ntp,countryGermany,0.0006732169000486,0.0004297335113745,-0.0001707649845194,0.0015171987846166,0.1177427339917841,0.9476569970621718
d_polpos,Politics,,Mixtral archived,,Mixtral archived,ntp,countryMexico,0.0019520877976546,0.0004493387033086,0.0010696019882169,0.0028345736070922,1.642757620759083e-05,0.9476569970621718
d_polpos,Politics,,Mixtral archived,,Mixtral archived,ntp,countryRussia,0.0031871504861398,0.0004137170983971,0.0023746242875977,0.0039996766846819,5.5664320181431866e-14,0.9476569970621718
d_polpos,Politics,,Mixtral archived,,Mixtral archived,ntp,decade200X,0.0007811544068314,0.0003831826665435,2.859678569362787e-05,0.0015337120279693,0.0419327170135811,0.9476569970621718
d_polpos,Politics,,Mixtral archived,,Mixtral archived,ntp,decade199X,0.0006713190383745,0.0003785411348146,-7.212277356487729e-05,0.0014147608503139,0.0766685551554294,0.9476569970621718
d_polpos,Politics,,Mixtral archived,,Mixtral archived,ntp,Sex_Female,-0.000867979949809,0.0003654464280301,-0.0015857042065257,-0.0001502556930923,0.0178596223707832,0.9476569970621718
d_polpos,Politics,,Mixtral archived,,Mixtral archived,ntp,Age_<25,1.3979823127722134e-05,0.0005472104919567,-0.0010607228240543,0.0010886824703098,0.9796268951945916,0.9476569970621718
d_polpos,Politics,,Mixtral archived,,Mixtral archived,ntp,Age_25-34,0.0001423527881442,0.0004667020458531,-0.0007742340308148,0.0010589396071032,0.7604588579333734,0.9476569970621718
d_polpos,Politics,,Mixtral archived,,Mixtral archived,ntp,Age_45-54,0.0005511972921603,0.0004308989641446,-0.000295073501695,0.0013974680860158,0.2013331820295518,0.9476569970621718
d_polpos,Politics,,Mixtral archived,,Mixtral archived,ntp,Age_55-64,0.0002638607459861,0.0004489814016416,-0.0006179233352261,0.0011456448271984,0.5569654226909608,0.9476569970621718
d_polpos,Politics,,Mixtral archived,,Mixtral archived,ntp,Age_65-74,-0.0002382076551228,0.0005305905622553,-0.0012802693301222,0.0008038540198765,0.6536327965546707,0.9476569970621718
d_polpos,Politics,,Mixtral archived,,Mixtral archived,ntp,Age_75+,-2.543871983351194e-05,0.0005164744510167,-0.0010397768362771,0.0009888993966101,0.9607329911928116,0.9476569970621718
d_polpos,Politics,,Mixtral archived,,Mixtral archived,ntp,Education_Low,-0.0010060498385614,0.0003935071117977,-0.0017788843162444,-0.0002332153608783,0.0108168428410395,0.9476569970621718
d_polpos,Politics,,Mixtral archived,,Mixtral archived,ntp,Education_Middle,-0.0009403784894259,0.0003512240991293,-0.0016301705797397,-0.0002505863991121,0.007623984442602,0.9476569970621718
d_polpos,Politics,,Mixtral archived,,Mixtral archived,ntp,Employment_Homemaker,0.001475257981194,0.0003833244968064,0.000722421810282,0.0022280941521061,0.0001316726949322,0.9476569970621718
d_polpos,Politics,,Mixtral archived,,Mixtral archived,ntp,Employment_Retired,0.0022540273178884,0.0006208133998665,0.0010347710827659,0.0034732835530109,0.000306974111282,0.9476569970621718
d_polpos,Politics,,Mixtral archived,,Mixtral archived,ntp,Employment_Student,-0.0004595502849659,0.0003973144812156,-0.0012398623056646,0.0003207617357327,0.2478839429693929,0.9476569970621718
d_polpos,Politics,,Mixtral archived,,Mixtral archived,ntp,Employment_Unemployed,0.0008628018362422,0.0003450112203364,0.0001852116268929,0.0015403920455916,0.0126597601075298,0.9476569970621718
d_polpos,Politics,,Mixtral archived,,Mixtral archived,ntp,Marstat_Cohabiting,-0.0002643311072019,0.0003866946400653,-0.0010237861239419,0.000495123909538,0.494516140075757,0.9476569970621718
d_polpos,Politics,,Mixtral archived,,Mixtral archived,ntp,Marstat_Divorced or separated,0.0014889332195505,0.000343337335946,0.0008146304617611,0.0021632359773398,1.699575413323666e-05,0.9476569970621718
d_polpos,Politics,,Mixtral archived,,Mixtral archived,ntp,Marstat_Single,0.0010972615494583,0.0004961539753545,0.0001228321506052,0.0020716909483114,0.0273788090202297,0.9476569970621718
d_polpos,Politics,,Mixtral archived,,Mixtral archived,ntp,Marstat_Widowed,0.0004016444620397,0.0004086282540304,-0.0004008874206176,0.0012041763446972,0.3260523107101614,0.9476569970621718
d_polpos,Politics,,Mixtral archived,,Mixtral archived,fa,const,0.1019317397248173,0.0011913388738361,0.0995919910171045,0.10427148843253,0.0,0.5561570306762522
d_polpos,Politics,,Mixtral archived,,Mixtral archived,fa,nEMD_center,0.0285793922825213,0.0013518971973849,0.0259243125314873,0.0312344720335552,2.1904808174633657e-74,0.5561570306762522
d_polpos,Politics,,Mixtral archived,,Mixtral archived,fa,countryAustralia,-0.0057539155489397,0.0015187696387984,-0.0087367270543258,-0.0027711040435536,0.0001669730340593,0.5561570306762522
d_polpos,Politics,,Mixtral archived,,Mixtral archived,fa,countryGermany,-0.0089658075919997,0.0015543358159076,-0.0120184698499778,-0.0059131453340217,1.2894401212379535e-08,0.5561570306762522
d_polpos,Politics,,Mixtral archived,,Mixtral archived,fa,countryMexico,-0.000201017605576,0.0016440989672716,-0.0034299716156463,0.0030279364044942,0.9027296139066414,0.5561570306762522
d_polpos,Politics,,Mixtral archived,,Mixtral archived,fa,countryRussia,0.0005640578994703,0.0015338100092627,-0.0024482923779059,0.0035764081768467,0.713191007951954,0.5561570306762522
d_polpos,Politics,,Mixtral archived,,Mixtral archived,fa,decade200X,0.001198081914312,0.0014327963955703,-0.0016158810886381,0.0040120449172622,0.4033874461100294,0.5561570306762522
d_polpos,Politics,,Mixtral archived,,Mixtral archived,fa,decade199X,0.0003138416331109,0.0014022452245872,-0.0024401199173587,0.0030678031835806,0.8229792567390392,0.5561570306762522
d_polpos,Politics,,Mixtral archived,,Mixtral archived,fa,Sex_Female,0.0010193680110633,0.0013366510933159,-0.0016057689142336,0.0036445049363603,0.4459878100242591,0.5561570306762522
d_polpos,Politics,,Mixtral archived,,Mixtral archived,fa,Age_<25,0.0062567422274932,0.0020146735263078,0.0022999924872086,0.0102134919677777,0.0019895364192336,0.5561570306762522
d_polpos,Politics,,Mixtral archived,,Mixtral archived,fa,Age_25-34,0.0024949473560073,0.0017179303570599,-0.0008790089725799,0.0058689036845947,0.1469466736314259,0.5561570306762522
d_polpos,Politics,,Mixtral archived,,Mixtral archived,fa,Age_45-54,0.0039005950520729,0.0015918148675612,0.0007743252214732,0.0070268648826726,0.0145568211625896,0.5561570306762522
d_polpos,Politics,,Mixtral archived,,Mixtral archived,fa,Age_55-64,0.0024720521530622,0.0016541708603674,-0.0007766827097718,0.0057207870158962,0.1355927704008346,0.5561570306762522
d_polpos,Politics,,Mixtral archived,,Mixtral archived,fa,Age_65-74,0.0023906060882454,0.0019697557187862,-0.0014779266179019,0.0062591387943929,0.2253614140064468,0.5561570306762522
d_polpos,Politics,,Mixtral archived,,Mixtral archived,fa,Age_75+,0.002980785852107,0.0019102376613072,-0.0007708554295009,0.0067324271337149,0.1191916746043835,0.5561570306762522
d_polpos,Politics,,Mixtral archived,,Mixtral archived,fa,Education_Low,-0.0002515632174179,0.0014607821002546,-0.0031204891849852,0.0026173627501492,0.8633300530330383,0.5561570306762522
d_polpos,Politics,,Mixtral archived,,Mixtral archived,fa,Education_Middle,0.0010966232247438,0.0013001068378093,-0.0014567420355181,0.0036499884850059,0.3992956665010857,0.5561570306762522
d_polpos,Politics,,Mixtral archived,,Mixtral archived,fa,Employment_Homemaker,0.0045264475429855,0.0014067432530225,0.0017636520188666,0.0072892430671043,0.0013626768589238,0.5561570306762522
d_polpos,Politics,,Mixtral archived,,Mixtral archived,fa,Employment_Retired,0.0036507000692215,0.0023161366385157,-0.0008981128889284,0.0081995130273714,0.1155115750843609,0.5561570306762522
d_polpos,Politics,,Mixtral archived,,Mixtral archived,fa,Employment_Student,-0.0009830344399949,0.0014631074894917,-0.0038565273923067,0.0018904585123168,0.5019205475479058,0.5561570306762522
d_polpos,Politics,,Mixtral archived,,Mixtral archived,fa,Employment_Unemployed,0.0005490078749106,0.0012722552496464,-0.0019496578209848,0.0030476735708061,0.6662444359357268,0.5561570306762522
d_polpos,Politics,,Mixtral archived,,Mixtral archived,fa,Marstat_Cohabiting,-0.0006447604924562,0.0014068076095424,-0.0034076824105738,0.0021181614256614,0.6468940487711725,0.5561570306762522
d_polpos,Politics,,Mixtral archived,,Mixtral archived,fa,Marstat_Divorced or separated,0.0022458892712195,0.0012584259391688,-0.000225616132983,0.0047173946754221,0.0748232635329173,0.5561570306762522
d_polpos,Politics,,Mixtral archived,,Mixtral archived,fa,Marstat_Single,-0.00035761079642,0.0018081037425032,-0.0039086645627681,0.0031934429699281,0.8432831111953881,0.5561570306762522
d_polpos,Politics,,Mixtral archived,,Mixtral archived,fa,Marstat_Widowed,-0.0002776683804681,0.0015162511196697,-0.0032555336006232,0.0027001968396869,0.8547598959528859,0.5561570306762522
d_polpos,Politics,,Mixtral fresh,,Mixtral fresh,ntp,const,0.0851740005063396,0.0003301634391143,0.0845255708303109,0.0858224301823682,0.0,0.9460659255328157
d_polpos,Politics,,Mixtral fresh,,Mixtral fresh,ntp,nEMD_center,0.0336096441542349,0.0003648276908277,0.0328931350761726,0.0343261532322973,0.0,0.9460659255328157
d_polpos,Politics,,Mixtral fresh,,Mixtral fresh,ntp,countryAustralia,-0.0009828017413844,0.0004240077916016,-0.0018155385086029,-0.0001500649741658,0.0207943336471674,0.9460659255328157
d_polpos,Politics,,Mixtral fresh,,Mixtral fresh,ntp,countryGermany,0.0008037291585999,0.0004383701909725,-5.721486862301801e-05,0.0016646731858228,0.0672361204041386,0.9460659255328157
d_polpos,Politics,,Mixtral fresh,,Mixtral fresh,ntp,countryMexico,0.0020265096137946,0.0004584330587611,0.0011261628020135,0.0029268564255757,1.170820220179347e-05,0.9460659255328157
d_polpos,Politics,,Mixtral fresh,,Mixtral fresh,ntp,countryRussia,0.003119869521926,0.0004221109969165,0.0022908579944446,0.0039488810494074,4.969447696730674e-13,0.9460659255328157
d_polpos,Politics,,Mixtral fresh,,Mixtral fresh,ntp,decade200X,0.000821349419883,0.0003909549785017,5.352724450335511e-05,0.0015891715952627,0.0360723484236357,0.9460659255328157
d_polpos,Politics,,Mixtral fresh,,Mixtral fresh,ntp,decade199X,0.0006155261763461,0.0003862044738214,-0.0001429661706944,0.0013740185233867,0.1115165501669174,0.9460659255328157
d_polpos,Politics,,Mixtral fresh,,Mixtral fresh,ntp,Sex_Female,-0.0008223895556875,0.0003728364651857,-0.0015546275920386,-9.015151933641492e-05,0.0277826179044578,0.9460659255328157
d_polpos,Politics,,Mixtral fresh,,Mixtral fresh,ntp,Age_<25,0.0001114125301833,0.0005582711176413,-0.0009850128066721,0.0012078378670387,0.8418874823463175,0.9460659255328157
d_polpos,Politics,,Mixtral fresh,,Mixtral fresh,ntp,Age_25-34,8.61887409212611e-05,0.0004761416610775,-0.0008489371587374,0.00102131464058,0.8564176161311314,0.9460659255328157
d_polpos,Politics,,Mixtral fresh,,Mixtral fresh,ntp,Age_45-54,0.0005599392702458,0.0004396133961702,-0.0003034463693668,0.0014233249098585,0.2032649461244934,0.9460659255328157
d_polpos,Politics,,Mixtral fresh,,Mixtral fresh,ntp,Age_55-64,0.0003646093194699,0.0004580608803838,-0.0005350065467367,0.0012642251856766,0.4263590813993463,0.9460659255328157
d_polpos,Politics,,Mixtral fresh,,Mixtral fresh,ntp,Age_65-74,-0.0002094031538477,0.0005413295792513,-0.0012725558900811,0.0008537495823855,0.6990197421013575,0.9460659255328157
d_polpos,Politics,,Mixtral fresh,,Mixtral fresh,ntp,Age_75+,0.0001621153045862,0.0005269319038192,-0.0008727608906677,0.0011969914998402,0.7584497174627738,0.9460659255328157
d_polpos,Politics,,Mixtral fresh,,Mixtral fresh,ntp,Education_Low,-0.0009323130731875,0.0004014956115587,-0.0017208366905458,-0.0001437894558291,0.0205647101013137,0.9460659255328157
d_polpos,Politics,,Mixtral fresh,,Mixtral fresh,ntp,Education_Middle,-0.000926791625297,0.0003583132034135,-0.001630506473402,-0.0002230767771919,0.0099311525889308,0.9460659255328157
d_polpos,Politics,,Mixtral fresh,,Mixtral fresh,ntp,Employment_Homemaker,0.0014318466984078,0.0003910786155332,0.0006637817041365,0.002199911692679,0.0002733385606756,0.9460659255328157
d_polpos,Politics,,Mixtral fresh,,Mixtral fresh,ntp,Employment_Retired,0.0021683948308419,0.0006333794494748,0.0009244593050676,0.0034123303566162,0.0006606938029213,0.9460659255328157
d_polpos,Politics,,Mixtral fresh,,Mixtral fresh,ntp,Employment_Student,-0.0005185116665485,0.0004053492027307,-0.0013146036048631,0.0002775802717659,0.2013356856452586,0.9460659255328157
d_polpos,Politics,,Mixtral fresh,,Mixtral fresh,ntp,Employment_Unemployed,0.0008565668196846,0.0003519862795329,0.0001652778331866,0.0015478558061827,0.0152465176369547,0.9460659255328157
d_polpos,Politics,,Mixtral fresh,,Mixtral fresh,ntp,Marstat_Cohabiting,-0.0003046835711754,0.0003945006362678,-0.0010794692968585,0.0004701021545076,0.4402278349725952,0.9460659255328157
d_polpos,Politics,,Mixtral fresh,,Mixtral fresh,ntp,Marstat_Divorced or separated,0.0014472616409167,0.000350281569042,0.0007593206473833,0.0021352026344501,4.118041127963906e-05,0.9460659255328157
d_polpos,Politics,,Mixtral fresh,,Mixtral fresh,ntp,Marstat_Single,0.0010145988124239,0.0005061651688226,2.0507772795219648e-05,0.0020086898520527,0.0454718938508555,0.9460659255328157
d_polpos,Politics,,Mixtral fresh,,Mixtral fresh,ntp,Marstat_Widowed,0.0003391350816291,0.0004168941561536,-0.0004796307494332,0.0011579009126916,0.416268827749902,0.9460659255328157
d_polpos,Politics,,Mixtral fresh,,Mixtral fresh,fa,const,0.1001091646720873,0.0011576564005154,0.0978355671873013,0.1023827621568732,0.0,0.6417084223538903
d_polpos,Politics,,Mixtral fresh,,Mixtral fresh,fa,nEMD_center,0.0354927770564956,0.0014323934344495,0.0326796054553727,0.0383059486576185,1.2699289541947502e-93,0.6417084223538903
d_polpos,Politics,,Mixtral fresh,,Mixtral fresh,fa,countryAustralia,-0.0009347847029712,0.0014818193262737,-0.0038450270612591,0.0019754576553167,0.5283905209466868,0.6417084223538903
d_polpos,Politics,,Mixtral fresh,,Mixtral fresh,fa,countryGermany,0.0015815023531969,0.0015561974703604,-0.0014748161303067,0.0046378208367005,0.3099190019144266,0.6417084223538903
d_polpos,Politics,,Mixtral fresh,,Mixtral fresh,fa,countryMexico,0.0028689058851799,0.0016207786722768,-0.0003142478649678,0.0060520596353277,0.0772269369050085,0.6417084223538903
d_polpos,Politics,,Mixtral fresh,,Mixtral fresh,fa,countryRussia,0.0031998372816774,0.0014749891557607,0.0003030091441309,0.006096665419224,0.0304483900487254,0.6417084223538903
d_polpos,Politics,,Mixtral fresh,,Mixtral fresh,fa,decade200X,0.0006568064412493,0.0013837446220247,-0.00206082056001,0.0033744334425087,0.6352047055018654,0.6417084223538903
d_polpos,Politics,,Mixtral fresh,,Mixtral fresh,fa,decade199X,0.0006380525337971,0.0013583147154997,-0.0020296310028142,0.0033057360704086,0.6387143464376724,0.6417084223538903
d_polpos,Politics,,Mixtral fresh,,Mixtral fresh,fa,Sex_Female,0.0044809491328036,0.0012937014960259,0.0019401637442213,0.0070217345213859,0.0005712335792887,0.6417084223538903
d_polpos,Politics,,Mixtral fresh,,Mixtral fresh,fa,Age_<25,0.0018212494200474,0.0019612475858673,-0.002030573604716,0.005673072444811,0.3534643843812973,0.6417084223538903
d_polpos,Politics,,Mixtral fresh,,Mixtral fresh,fa,Age_25-34,0.0013660596751013,0.0016690285181749,-0.0019118551183286,0.0046439744685313,0.4134136994831783,0.6417084223538903
d_polpos,Politics,,Mixtral fresh,,Mixtral fresh,fa,Age_45-54,0.0021752665915709,0.0015471271034715,-0.0008632380023057,0.0052137711854476,0.1602458669712488,0.6417084223538903
d_polpos,Politics,,Mixtral fresh,,Mixtral fresh,fa,Age_55-64,0.0026189568530258,0.0016077193611475,-0.0005385488577525,0.0057764625638042,0.1038455762222839,0.6417084223538903
d_polpos,Politics,,Mixtral fresh,,Mixtral fresh,fa,Age_65-74,-0.000700169492506,0.001921588174227,-0.0044741027923794,0.0030737638073673,0.715711247054045,0.6417084223538903
d_polpos,Politics,,Mixtral fresh,,Mixtral fresh,fa,Age_75+,-0.0001989663869286,0.0018616684288661,-0.0038552193610329,0.0034572865871756,0.9149239875983236,0.6417084223538903
d_polpos,Politics,,Mixtral fresh,,Mixtral fresh,fa,Education_Low,0.0035099086549148,0.0014135502789924,0.0007337443651441,0.0062860729446856,0.0133013906272489,0.6417084223538903
d_polpos,Politics,,Mixtral fresh,,Mixtral fresh,fa,Education_Middle,-0.0001671162094985,0.0012622929858431,-0.0026462163608024,0.0023119839418053,0.8947198794201406,0.6417084223538903
d_polpos,Politics,,Mixtral fresh,,Mixtral fresh,fa,Employment_Homemaker,0.0026832398588384,0.001367517315114,-2.5172679394809896e-06,0.0053689969856164,0.0502144200559644,0.6417084223538903
d_polpos,Politics,,Mixtral fresh,,Mixtral fresh,fa,Employment_Retired,0.0011329137158286,0.0022451686790582,-0.0032765206028119,0.0055423480344692,0.6140264419987304,0.6417084223538903
d_polpos,Politics,,Mixtral fresh,,Mixtral fresh,fa,Employment_Student,0.0002108575136012,0.0014214203916378,-0.0025807634076084,0.0030024784348109,0.8821225646376395,0.6417084223538903
d_polpos,Politics,,Mixtral fresh,,Mixtral fresh,fa,Employment_Unemployed,0.0028482349639457,0.0012369851713312,0.0004188384927614,0.0052776314351299,0.0216482983128186,0.6417084223538903
d_polpos,Politics,,Mixtral fresh,,Mixtral fresh,fa,Marstat_Cohabiting,0.0024649550516864,0.0013673955799025,-0.0002205629913092,0.0051504730946822,0.0719477073708065,0.6417084223538903
d_polpos,Politics,,Mixtral fresh,,Mixtral fresh,fa,Marstat_Divorced or separated,0.0028110433667615,0.0012228573109749,0.0004093935289973,0.0052126932045257,0.0218654143362464,0.6417084223538903
d_polpos,Politics,,Mixtral fresh,,Mixtral fresh,fa,Marstat_Single,0.0039067518579447,0.0017602062178277,0.0004497671880756,0.0073637365278138,0.0268306433356088,0.6417084223538903
d_polpos,Politics,,Mixtral fresh,,Mixtral fresh,fa,Marstat_Widowed,-0.0009204050477276,0.001472620666883,-0.0038125815543131,0.0019717714588578,0.532203440082909,0.6417084223538903
d_religiousp,Religion,gemma4_31b,Gemma-4-31B-it,base,Gemma-4-31B-it (base),ntp,const,0.2659669244345893,0.0034198835589015,0.2592514154729407,0.2726824333962379,0.0,0.5769147326158223
d_religiousp,Religion,gemma4_31b,Gemma-4-31B-it,base,Gemma-4-31B-it (base),ntp,nEMD_center,0.0188520701073327,0.0040804010701664,0.0108395253870601,0.0268646148276053,4.6354448169800015e-06,0.5769147326158223
d_religiousp,Religion,gemma4_31b,Gemma-4-31B-it,base,Gemma-4-31B-it (base),ntp,countryAustralia,0.0821896716952807,0.0047516279955396,0.0728590615043548,0.0915202818862066,2.591202269365757e-55,0.5769147326158223
d_religiousp,Religion,gemma4_31b,Gemma-4-31B-it,base,Gemma-4-31B-it (base),ntp,countryGermany,-0.0039293339579007,0.0046963763509135,-0.0131514483745579,0.0052927804587564,0.4030873955617106,0.5769147326158223
d_religiousp,Religion,gemma4_31b,Gemma-4-31B-it,base,Gemma-4-31B-it (base),ntp,countryMexico,0.0009280682234541,0.0047524496901829,-0.0084041555012795,0.0102602919481878,0.8452339176646979,0.5769147326158223
d_religiousp,Religion,gemma4_31b,Gemma-4-31B-it,base,Gemma-4-31B-it (base),ntp,countryRussia,0.0066618490841416,0.0050514297131549,-0.0032574715370336,0.0165811697053169,0.1877046510636886,0.5769147326158223
d_religiousp,Religion,gemma4_31b,Gemma-4-31B-it,base,Gemma-4-31B-it (base),ntp,decade200X,-0.005577889746662,0.0039964990269531,-0.0134256788799693,0.0022698993866452,0.1632891608852011,0.5769147326158223
d_religiousp,Religion,gemma4_31b,Gemma-4-31B-it,base,Gemma-4-31B-it (base),ntp,decade199X,-0.0012236523966379,0.0040731497454968,-0.0092219579374284,0.0067746531441525,0.7639546733219292,0.5769147326158223
d_religiousp,Religion,gemma4_31b,Gemma-4-31B-it,base,Gemma-4-31B-it (base),ntp,Sex_Female,-0.0085700270798842,0.0038800591771237,-0.016189167242677,-0.0009508869170914,0.0275454781080925,0.5769147326158223
d_religiousp,Religion,gemma4_31b,Gemma-4-31B-it,base,Gemma-4-31B-it (base),ntp,Age_<25,0.0127510697694144,0.0058072465505462,0.0013475773460575,0.0241545621927713,0.0284692610203163,0.5769147326158223
d_religiousp,Religion,gemma4_31b,Gemma-4-31B-it,base,Gemma-4-31B-it (base),ntp,Age_25-34,0.0056333993071917,0.0048524255057271,-0.0038951435242226,0.015161942138606,0.2460957368797587,0.5769147326158223
d_religiousp,Religion,gemma4_31b,Gemma-4-31B-it,base,Gemma-4-31B-it (base),ntp,Age_45-54,0.000202729526015,0.0045249038769758,-0.0086826702289959,0.009088129281026,0.9642782201210994,0.5769147326158223
d_religiousp,Religion,gemma4_31b,Gemma-4-31B-it,base,Gemma-4-31B-it (base),ntp,Age_55-64,0.0040400693861074,0.0046886644061341,-0.0051669013470335,0.0132470401192484,0.3891922726793039,0.5769147326158223
d_religiousp,Religion,gemma4_31b,Gemma-4-31B-it,base,Gemma-4-31B-it (base),ntp,Age_65-74,0.0002954528090416,0.0056513651478016,-0.0108019406085871,0.0113928462266703,0.9583219307694822,0.5769147326158223
d_religiousp,Religion,gemma4_31b,Gemma-4-31B-it,base,Gemma-4-31B-it (base),ntp,Age_75+,0.0020923887891813,0.0053485997663761,-0.0084104745524313,0.012595252130794,0.6957769165064099,0.5769147326158223
d_religiousp,Religion,gemma4_31b,Gemma-4-31B-it,base,Gemma-4-31B-it (base),ntp,Education_Low,0.0051040331468337,0.0040971795621873,-0.0029414589272268,0.0131495252208944,0.2133131562268325,0.5769147326158223
d_religiousp,Religion,gemma4_31b,Gemma-4-31B-it,base,Gemma-4-31B-it (base),ntp,Education_Middle,0.0117355343421783,0.0036757702916919,0.0045175493114986,0.018953519372858,0.0014784929035419,0.5769147326158223
d_religiousp,Religion,gemma4_31b,Gemma-4-31B-it,base,Gemma-4-31B-it (base),ntp,Employment_Homemaker,-0.0213661819609913,0.0040544159518191,-0.0293277005886717,-0.0134046633333109,1.8667561043849555e-07,0.5769147326158223
d_religiousp,Religion,gemma4_31b,Gemma-4-31B-it,base,Gemma-4-31B-it (base),ntp,Employment_Retired,-0.0068215324285755,0.0066740489336986,-0.0199271351933465,0.0062840703361954,0.3071194774010158,0.5769147326158223
d_religiousp,Religion,gemma4_31b,Gemma-4-31B-it,base,Gemma-4-31B-it (base),ntp,Employment_Student,-0.0099058712869271,0.004232865503332,-0.0182178052260493,-0.001593937347805,0.0195773141907459,0.5769147326158223
d_religiousp,Religion,gemma4_31b,Gemma-4-31B-it,base,Gemma-4-31B-it (base),ntp,Employment_Unemployed,-0.0109148092801398,0.003640564339975,-0.0180636615815361,-0.0037659569787434,0.0028216131310166,0.5769147326158223
d_religiousp,Religion,gemma4_31b,Gemma-4-31B-it,base,Gemma-4-31B-it (base),ntp,Marstat_Cohabiting,-0.0110539223901172,0.0040183161537671,-0.0189445530728846,-0.0031632917073497,0.0061110523098355,0.5769147326158223
d_religiousp,Religion,gemma4_31b,Gemma-4-31B-it,base,Gemma-4-31B-it (base),ntp,Marstat_Divorced or separated,-0.0319202058175586,0.0036184776211808,-0.0390256871808977,-0.0248147244542195,1.06157785951392e-17,0.5769147326158223
d_religiousp,Religion,gemma4_31b,Gemma-4-31B-it,base,Gemma-4-31B-it (base),ntp,Marstat_Single,-0.0362774903888707,0.0052532974280195,-0.0465932117719116,-0.0259617690058298,1.204155503022879e-11,0.5769147326158223
d_religiousp,Religion,gemma4_31b,Gemma-4-31B-it,base,Gemma-4-31B-it (base),ntp,Marstat_Widowed,-0.0271896561001741,0.004295856712364,-0.0356252837328018,-0.0187540284675464,4.6249502407874447e-10,0.5769147326158223
d_religiousp,Religion,gemma4_31b,Gemma-4-31B-it,base,Gemma-4-31B-it (base),fa,const,0.2757142430824232,0.0034349947101096,0.2689690608673989,0.2824594252974475,0.0,0.5619534720458101
d_religiousp,Religion,gemma4_31b,Gemma-4-31B-it,base,Gemma-4-31B-it (base),fa,nEMD_center,0.0219382964442793,0.004567088006818,0.0129700611490766,0.030906531739482,1.941941565669463e-06,0.5619534720458101
d_religiousp,Religion,gemma4_31b,Gemma-4-31B-it,base,Gemma-4-31B-it (base),fa,countryAustralia,0.0758580308603527,0.0049891628756145,0.0660609815090363,0.0856550802116691,8.116535114704649e-45,0.5619534720458101
d_religiousp,Religion,gemma4_31b,Gemma-4-31B-it,base,Gemma-4-31B-it (base),fa,countryGermany,-0.0056496196332145,0.0048202550098621,-0.0151149903567013,0.0038157510902722,0.2416084247788609,0.5619534720458101
d_religiousp,Religion,gemma4_31b,Gemma-4-31B-it,base,Gemma-4-31B-it (base),fa,countryMexico,0.0039911632738032,0.004752138539721,-0.0053404494553573,0.0133227760029637,0.40129573679861,0.5619534720458101
d_religiousp,Religion,gemma4_31b,Gemma-4-31B-it,base,Gemma-4-31B-it (base),fa,countryRussia,0.0028763355945744,0.0052516086916048,-0.0074360696742386,0.0131887408633876,0.5840844142915012,0.5619534720458101
d_religiousp,Religion,gemma4_31b,Gemma-4-31B-it,base,Gemma-4-31B-it (base),fa,decade200X,-0.0055937641347458,0.0040439887919812,-0.0135348073035018,0.0023472790340102,0.1670753687687154,0.5619534720458101
d_religiousp,Religion,gemma4_31b,Gemma-4-31B-it,base,Gemma-4-31B-it (base),fa,decade199X,-0.0014143306479903,0.0040746237856598,-0.0094155307112857,0.0065868694153049,0.7286246479223086,0.5619534720458101
d_religiousp,Religion,gemma4_31b,Gemma-4-31B-it,base,Gemma-4-31B-it (base),fa,Sex_Female,-0.0056689781406521,0.003952705646096,-0.0134307717023146,0.0020928154210103,0.1520015287881809,0.5619534720458101
d_religiousp,Religion,gemma4_31b,Gemma-4-31B-it,base,Gemma-4-31B-it (base),fa,Age_<25,0.0135983305643243,0.0057975973784704,0.0022137858917993,0.0249828752368494,0.0193044449456597,0.5619534720458101
d_religiousp,Religion,gemma4_31b,Gemma-4-31B-it,base,Gemma-4-31B-it (base),fa,Age_25-34,0.0081536267777439,0.0048987826315147,-0.0014659459639877,0.0177731995194756,0.0965166746196635,0.5619534720458101
d_religiousp,Religion,gemma4_31b,Gemma-4-31B-it,base,Gemma-4-31B-it (base),fa,Age_45-54,0.0005428941262795,0.0045599546090314,-0.0084113335584483,0.0094971218110073,0.9052675084453176,0.5619534720458101
d_religiousp,Religion,gemma4_31b,Gemma-4-31B-it,base,Gemma-4-31B-it (base),fa,Age_55-64,0.0049823938562775,0.0047089331196417,-0.0042643778598083,0.0142291655723633,0.2904202170733362,0.5619534720458101
d_religiousp,Religion,gemma4_31b,Gemma-4-31B-it,base,Gemma-4-31B-it (base),fa,Age_65-74,0.0029152216361759,0.0057146701892014,-0.0083064817368988,0.0141369250092507,0.6101360970917513,0.5619534720458101
d_religiousp,Religion,gemma4_31b,Gemma-4-31B-it,base,Gemma-4-31B-it (base),fa,Age_75+,0.0030496919598303,0.0053364038953887,-0.0074292227649651,0.0135286066846257,0.5678687574142892,0.5619534720458101
d_religiousp,Religion,gemma4_31b,Gemma-4-31B-it,base,Gemma-4-31B-it (base),fa,Education_Low,0.0051431564494723,0.0041483616962534,-0.0030028402394611,0.0132891531384058,0.2155007843977772,0.5619534720458101
d_religiousp,Religion,gemma4_31b,Gemma-4-31B-it,base,Gemma-4-31B-it (base),fa,Education_Middle,0.0142786620595536,0.0037122767507853,0.0069889905375132,0.021568333581594,0.000131857591081,0.5619534720458101
d_religiousp,Religion,gemma4_31b,Gemma-4-31B-it,base,Gemma-4-31B-it (base),fa,Employment_Homemaker,-0.0209568043044667,0.0040898909508842,-0.0289879839805521,-0.0129256246283813,3.96102724528023e-07,0.5619534720458101
d_religiousp,Religion,gemma4_31b,Gemma-4-31B-it,base,Gemma-4-31B-it (base),fa,Employment_Retired,-0.0060986079031857,0.0067363954945668,-0.019326638487801,0.0071294226814295,0.3656343768316208,0.5619534720458101
d_religiousp,Religion,gemma4_31b,Gemma-4-31B-it,base,Gemma-4-31B-it (base),fa,Employment_Student,-0.0095498010886977,0.0042623049279084,-0.0179195442239996,-0.0011800579533957,0.0253980742702365,0.5619534720458101
d_religiousp,Religion,gemma4_31b,Gemma-4-31B-it,base,Gemma-4-31B-it (base),fa,Employment_Unemployed,-0.0117214235955879,0.0036688008579494,-0.0189257229864061,-0.0045171242047697,0.0014673518815843,0.5619534720458101
d_religiousp,Religion,gemma4_31b,Gemma-4-31B-it,base,Gemma-4-31B-it (base),fa,Marstat_Cohabiting,-0.0125227978559055,0.0040548527814041,-0.020485174270976,-0.004560421440835,0.0020995783155038,0.5619534720458101
d_religiousp,Religion,gemma4_31b,Gemma-4-31B-it,base,Gemma-4-31B-it (base),fa,Marstat_Divorced or separated,-0.0308251650808064,0.0036519310810544,-0.0379963378648357,-0.023653992296777,2.0946443799971412e-16,0.5619534720458101
d_religiousp,Religion,gemma4_31b,Gemma-4-31B-it,base,Gemma-4-31B-it (base),fa,Marstat_Single,-0.0382986324758085,0.0052960780540514,-0.0486983607183095,-0.0278989042333076,1.3639353130358388e-12,0.5619534720458101
d_religiousp,Religion,gemma4_31b,Gemma-4-31B-it,base,Gemma-4-31B-it (base),fa,Marstat_Widowed,-0.0264415198677796,0.0042886619398056,-0.0348630193703817,-0.0180200203651775,1.2426286752866523e-09,0.5619534720458101
d_religiousp,Religion,gemma4_31b,Gemma-4-31B-it,german,Gemma-4-31B-it (german),ntp,const,0.3249439407145018,0.003027022483345,0.3189997020332753,0.3308881793957282,0.0,0.6822252466872568
d_religiousp,Religion,gemma4_31b,Gemma-4-31B-it,german,Gemma-4-31B-it (german),ntp,nEMD_center,0.0716800599910265,0.0061540457212806,0.0595952086812841,0.0837649113007689,1.5365046923584302e-28,0.6822252466872568
d_religiousp,Religion,gemma4_31b,Gemma-4-31B-it,german,Gemma-4-31B-it (german),ntp,countryAustralia,0.0208710804646608,0.0050711894374585,0.0109126607370821,0.0308295001922395,4.373215412491983e-05,0.6822252466872568
d_religiousp,Religion,gemma4_31b,Gemma-4-31B-it,german,Gemma-4-31B-it (german),ntp,countryGermany,-0.0086355852214989,0.0047058254563107,-0.0178765306913161,0.0006053602483181,0.066963027733702,0.6822252466872568
d_religiousp,Religion,gemma4_31b,Gemma-4-31B-it,german,Gemma-4-31B-it (german),ntp,countryMexico,0.0196753665536891,0.0046111656405949,0.0106203068978134,0.0287304262095648,2.2858673456142886e-05,0.6822252466872568
d_religiousp,Religion,gemma4_31b,Gemma-4-31B-it,german,Gemma-4-31B-it (german),ntp,countryRussia,-0.0040069604754293,0.0052124313537652,-0.0142427404363529,0.0062288194854942,0.4423398511090686,0.6822252466872568
d_religiousp,Religion,gemma4_31b,Gemma-4-31B-it,german,Gemma-4-31B-it (german),ntp,decade200X,-0.0247464277278498,0.0036503069450154,-0.0319146254734219,-0.0175782299822776,2.7750773006966607e-11,0.6822252466872568
d_religiousp,Religion,gemma4_31b,Gemma-4-31B-it,german,Gemma-4-31B-it (german),ntp,decade199X,3.185231461045178e-05,0.0036091109246369,-0.007055447790064,0.0071191524192849,0.992961122815423,0.6822252466872568
d_religiousp,Religion,gemma4_31b,Gemma-4-31B-it,german,Gemma-4-31B-it (german),ntp,Sex_Female,0.0011160445069032,0.003623631305382,-0.0059997696274377,0.0082318586412443,0.7581909353502808,0.6822252466872568
d_religiousp,Religion,gemma4_31b,Gemma-4-31B-it,german,Gemma-4-31B-it (german),ntp,Age_<25,0.0145856777848819,0.005266589272546,0.0042435465835949,0.024927808986169,0.0057795264699336,0.6822252466872568
d_religiousp,Religion,gemma4_31b,Gemma-4-31B-it,german,Gemma-4-31B-it (german),ntp,Age_25-34,0.0027601540045749,0.0043545786018091,-0.005791039357131,0.0113113473662808,0.5264073962406998,0.6822252466872568
d_religiousp,Religion,gemma4_31b,Gemma-4-31B-it,german,Gemma-4-31B-it (german),ntp,Age_45-54,0.0017764033152105,0.0040288145061175,-0.0061350790601319,0.0096878856905531,0.6594183906868489,0.6822252466872568
d_religiousp,Religion,gemma4_31b,Gemma-4-31B-it,german,Gemma-4-31B-it (german),ntp,Age_55-64,0.0052035950787325,0.0042114047810361,-0.0030664443211973,0.0134736344786623,0.2170678385113882,0.6822252466872568
d_religiousp,Religion,gemma4_31b,Gemma-4-31B-it,german,Gemma-4-31B-it (german),ntp,Age_65-74,0.0040381748863019,0.0049294629988576,-0.0056419331395569,0.0137182829121607,0.4129858812316041,0.6822252466872568
d_religiousp,Religion,gemma4_31b,Gemma-4-31B-it,german,Gemma-4-31B-it (german),ntp,Age_75+,0.0017383824549369,0.0047225238053854,-0.0075353539746528,0.0110121188845267,0.7129185397743163,0.6822252466872568
d_religiousp,Religion,gemma4_31b,Gemma-4-31B-it,german,Gemma-4-31B-it (german),ntp,Education_Low,-0.0080524657734485,0.003602452467543,-0.0151266905017647,-0.0009782410451324,0.0257479403918179,0.6822252466872568
d_religiousp,Religion,gemma4_31b,Gemma-4-31B-it,german,Gemma-4-31B-it (german),ntp,Education_Middle,-0.0020731990137444,0.0032875638882295,-0.0085290692753427,0.0043826712478539,0.5285178802217818,0.6822252466872568
d_religiousp,Religion,gemma4_31b,Gemma-4-31B-it,german,Gemma-4-31B-it (german),ntp,Employment_Homemaker,-0.0248776649364018,0.0035810581354251,-0.0319098770872648,-0.0178454527855388,9.300604556808165e-12,0.6822252466872568
d_religiousp,Religion,gemma4_31b,Gemma-4-31B-it,german,Gemma-4-31B-it (german),ntp,Employment_Retired,-0.0153964005785695,0.0057507827467782,-0.0266893544429072,-0.0041034467142318,0.0076152040508254,0.6822252466872568
d_religiousp,Religion,gemma4_31b,Gemma-4-31B-it,german,Gemma-4-31B-it (german),ntp,Employment_Student,-0.0062390756003154,0.0037867460315426,-0.0136752021439815,0.0011970509433505,0.0999300456945897,0.6822252466872568
d_religiousp,Religion,gemma4_31b,Gemma-4-31B-it,german,Gemma-4-31B-it (german),ntp,Employment_Unemployed,-0.0346446831237748,0.0032356427416546,-0.0409985945497379,-0.0282907716978117,1.0647877359221682e-24,0.6822252466872568
d_religiousp,Religion,gemma4_31b,Gemma-4-31B-it,german,Gemma-4-31B-it (german),ntp,Marstat_Cohabiting,-0.0171482951977462,0.0036386276207951,-0.0242935579663953,-0.0100030324290971,3.0066117858594937e-06,0.6822252466872568
d_religiousp,Religion,gemma4_31b,Gemma-4-31B-it,german,Gemma-4-31B-it (german),ntp,Marstat_Divorced or separated,-0.0397001283398012,0.0032548273477593,-0.0460917130497649,-0.0333085436298374,7.032046411346718e-31,0.6822252466872568
d_religiousp,Religion,gemma4_31b,Gemma-4-31B-it,german,Gemma-4-31B-it (german),ntp,Marstat_Single,-0.0828179114726447,0.0047865085544269,-0.0922172963314594,-0.0734185266138299,3.389499553658835e-55,0.6822252466872568
d_religiousp,Religion,gemma4_31b,Gemma-4-31B-it,german,Gemma-4-31B-it (german),ntp,Marstat_Widowed,-0.0297874172160727,0.0037893162543529,-0.0372285909696398,-0.0223462434625056,1.6505162471640656e-14,0.6822252466872568
d_religiousp,Religion,gemma4_31b,Gemma-4-31B-it,german,Gemma-4-31B-it (german),fa,const,0.3303383622873654,0.0029840034585718,0.3244786011257124,0.3361981234490185,0.0,0.6824012220115674
d_religiousp,Religion,gemma4_31b,Gemma-4-31B-it,german,Gemma-4-31B-it (german),fa,nEMD_center,0.0808470680911944,0.0064429278509566,0.0681949318210715,0.0934992043613173,2.0872768353690286e-32,0.6824012220115674
d_religiousp,Religion,gemma4_31b,Gemma-4-31B-it,german,Gemma-4-31B-it (german),fa,countryAustralia,0.0185219047100319,0.00492326731373,0.0088539633038116,0.0281898461162523,0.0001841460505755,0.6824012220115674
d_religiousp,Religion,gemma4_31b,Gemma-4-31B-it,german,Gemma-4-31B-it (german),fa,countryGermany,-0.009198514669427,0.0045891934262974,-0.0182104269463658,-0.0001866023924882,0.0454548903417291,0.6824012220115674
d_religiousp,Religion,gemma4_31b,Gemma-4-31B-it,german,Gemma-4-31B-it (german),fa,countryMexico,0.0275211845933337,0.0047001489663577,0.01829138618679,0.0367509829998775,7.652033594532719e-09,0.6824012220115674
d_religiousp,Religion,gemma4_31b,Gemma-4-31B-it,german,Gemma-4-31B-it (german),fa,countryRussia,-0.0048821210206019,0.005042687492244,-0.0147845707756528,0.0050203287344488,0.3333355363132133,0.6824012220115674
d_religiousp,Religion,gemma4_31b,Gemma-4-31B-it,german,Gemma-4-31B-it (german),fa,decade200X,-0.0193484203144381,0.003650726719212,-0.0265174423809495,-0.0121793982479268,1.6031107579367648e-07,0.6824012220115674
d_religiousp,Religion,gemma4_31b,Gemma-4-31B-it,german,Gemma-4-31B-it (german),fa,decade199X,0.0046085841787617,0.0035872644779611,-0.0024358155199554,0.0116529838774788,0.1993653190660349,0.6824012220115674
d_religiousp,Religion,gemma4_31b,Gemma-4-31B-it,german,Gemma-4-31B-it (german),fa,Sex_Female,0.0015873806511107,0.0036071365876756,-0.0054960423993959,0.0086708037016174,0.6600392634708838,0.6824012220115674
d_religiousp,Religion,gemma4_31b,Gemma-4-31B-it,german,Gemma-4-31B-it (german),fa,Age_<25,0.0108241573122324,0.0051331821545179,0.000744000957745,0.0209043136667197,0.0353664691965525,0.6824012220115674
d_religiousp,Religion,gemma4_31b,Gemma-4-31B-it,german,Gemma-4-31B-it (german),fa,Age_25-34,0.0019136967090933,0.0042413243680672,-0.0064150965215512,0.0102424899397378,0.6519982895420235,0.6824012220115674
d_religiousp,Religion,gemma4_31b,Gemma-4-31B-it,german,Gemma-4-31B-it (german),fa,Age_45-54,0.0018375732603672,0.0039295330147376,-0.0058789476025855,0.00955409412332,0.640209364000947,0.6824012220115674
d_religiousp,Religion,gemma4_31b,Gemma-4-31B-it,german,Gemma-4-31B-it (german),fa,Age_55-64,0.0056028609913328,0.004079256753749,-0.0024076760693279,0.0136133980519937,0.1700838380640049,0.6824012220115674
d_religiousp,Religion,gemma4_31b,Gemma-4-31B-it,german,Gemma-4-31B-it (german),fa,Age_65-74,0.0087552867798033,0.0049867627125212,-0.0010373421064906,0.0185479156660972,0.0796231052553515,0.6824012220115674
d_religiousp,Religion,gemma4_31b,Gemma-4-31B-it,german,Gemma-4-31B-it (german),fa,Age_75+,0.0048320952692753,0.0046710762613603,-0.0043406123496827,0.0140048028882333,0.3013114585269473,0.6824012220115674
d_religiousp,Religion,gemma4_31b,Gemma-4-31B-it,german,Gemma-4-31B-it (german),fa,Education_Low,-0.0058890987817543,0.0035739855600026,-0.0129074223418871,0.0011292247783785,0.0998973366042786,0.6824012220115674
d_religiousp,Religion,gemma4_31b,Gemma-4-31B-it,german,Gemma-4-31B-it (german),fa,Education_Middle,-0.0036592978564831,0.0032307742975786,-0.0100036489987834,0.0026850532858171,0.2577958057382842,0.6824012220115674
d_religiousp,Religion,gemma4_31b,Gemma-4-31B-it,german,Gemma-4-31B-it (german),fa,Employment_Homemaker,-0.0190528988071243,0.0035371514059773,-0.0259988902308584,-0.0121069073833903,1.0146535255102289e-07,0.6824012220115674
d_religiousp,Religion,gemma4_31b,Gemma-4-31B-it,german,Gemma-4-31B-it (german),fa,Employment_Retired,-0.0182305858873174,0.0058052207537357,-0.0296304410080766,-0.0068307307665582,0.0017660372203204,0.6824012220115674
d_religiousp,Religion,gemma4_31b,Gemma-4-31B-it,german,Gemma-4-31B-it (german),fa,Employment_Student,-0.0066132939586067,0.0037337373461312,-0.013945326039811,0.0007187381225975,0.0770049493767694,0.6824012220115674
d_religiousp,Religion,gemma4_31b,Gemma-4-31B-it,german,Gemma-4-31B-it (german),fa,Employment_Unemployed,-0.0341855900021357,0.0031959766987085,-0.0404616082416065,-0.0279095717626648,1.1747703924647702e-24,0.6824012220115674
d_religiousp,Religion,gemma4_31b,Gemma-4-31B-it,german,Gemma-4-31B-it (german),fa,Marstat_Cohabiting,-0.0169524618264804,0.0035589766146209,-0.0239413119505245,-0.0099636117024363,2.3642990149030447e-06,0.6824012220115674
d_religiousp,Religion,gemma4_31b,Gemma-4-31B-it,german,Gemma-4-31B-it (german),fa,Marstat_Divorced or separated,-0.0405354215883179,0.0032120314772208,-0.0468429669921808,-0.0342278761844549,1.010105488669357e-32,0.6824012220115674
d_religiousp,Religion,gemma4_31b,Gemma-4-31B-it,german,Gemma-4-31B-it (german),fa,Marstat_Single,-0.0794703753460059,0.0046697325512759,-0.0886404442883423,-0.0703003064036695,9.543142352835683e-54,0.6824012220115674
d_religiousp,Religion,gemma4_31b,Gemma-4-31B-it,german,Gemma-4-31B-it (german),fa,Marstat_Widowed,-0.0312096068758071,0.0037304603119991,-0.0385352037642917,-0.0238840099873225,3.8159101975374624e-16,0.6824012220115674
d_religiousp,Religion,gemma4_e4b,Gemma-4-E4B-it,base,Gemma-4-E4B-it (base),ntp,const,0.3089294354742727,0.0034033095567331,0.302246472316648,0.3156123986318975,0.0,0.6071786154503042
d_religiousp,Religion,gemma4_e4b,Gemma-4-E4B-it,base,Gemma-4-E4B-it (base),ntp,nEMD_center,0.0502906009772495,0.0058569637890209,0.0387894805046404,0.0617917214498586,6.770774494477851e-17,0.6071786154503042
d_religiousp,Religion,gemma4_e4b,Gemma-4-E4B-it,base,Gemma-4-E4B-it (base),ntp,countryAustralia,0.0142218533579502,0.0055199095277211,0.0033825948678723,0.025061111848028,0.010203889163755,0.6071786154503042
d_religiousp,Religion,gemma4_e4b,Gemma-4-E4B-it,base,Gemma-4-E4B-it (base),ntp,countryGermany,0.004334632947214,0.0052132329146287,-0.0059024151143274,0.0145716810087555,0.4060188038651632,0.6071786154503042
d_religiousp,Religion,gemma4_e4b,Gemma-4-E4B-it,base,Gemma-4-E4B-it (base),ntp,countryMexico,-0.0137607987590216,0.0048323699452589,-0.0232499591688605,-0.0042716383491827,0.0045454905014124,0.6071786154503042
d_religiousp,Religion,gemma4_e4b,Gemma-4-E4B-it,base,Gemma-4-E4B-it (base),ntp,countryRussia,-0.0078550713022649,0.0057532055131518,-0.0191524451795753,0.0034423025750454,0.1726249833588349,0.6071786154503042
d_religiousp,Religion,gemma4_e4b,Gemma-4-E4B-it,base,Gemma-4-E4B-it (base),ntp,decade200X,-0.0019261285100802,0.0040555956452677,-0.0098899636616392,0.0060377066414787,0.6349976025890814,0.6071786154503042
d_religiousp,Religion,gemma4_e4b,Gemma-4-E4B-it,base,Gemma-4-E4B-it (base),ntp,decade199X,-0.0011350127765241,0.0040336819496027,-0.0090558167496565,0.0067857911966083,0.7785067059501122,0.6071786154503042
d_religiousp,Religion,gemma4_e4b,Gemma-4-E4B-it,base,Gemma-4-E4B-it (base),ntp,Sex_Female,-0.0070031478192767,0.0039835105386038,-0.0148254319000272,0.0008191362614737,0.0792181808308611,0.6071786154503042
d_religiousp,Religion,gemma4_e4b,Gemma-4-E4B-it,base,Gemma-4-E4B-it (base),ntp,Age_<25,0.0098741936410795,0.0057760202771127,-0.0014679808118053,0.0212163680939645,0.0878388167392759,0.6071786154503042
d_religiousp,Religion,gemma4_e4b,Gemma-4-E4B-it,base,Gemma-4-E4B-it (base),ntp,Age_25-34,-0.0005755433916208,0.0048287391355331,-0.0100575741039623,0.0089064873207206,0.9051611348292335,0.6071786154503042
d_religiousp,Religion,gemma4_e4b,Gemma-4-E4B-it,base,Gemma-4-E4B-it (base),ntp,Age_45-54,0.0003067145500603,0.0045029021065028,-0.0085354810770209,0.0091489101771416,0.9457154088910836,0.6071786154503042
d_religiousp,Religion,gemma4_e4b,Gemma-4-E4B-it,base,Gemma-4-E4B-it (base),ntp,Age_55-64,0.0030857659842878,0.0046642853793582,-0.0060733324836225,0.0122448644521981,0.5084821853236043,0.6071786154503042
d_religiousp,Religion,gemma4_e4b,Gemma-4-E4B-it,base,Gemma-4-E4B-it (base),ntp,Age_65-74,0.0035695740510098,0.0056002193674527,-0.0074273861383032,0.014566534240323,0.5240922400344785,0.6071786154503042
d_religiousp,Religion,gemma4_e4b,Gemma-4-E4B-it,base,Gemma-4-E4B-it (base),ntp,Age_75+,0.0045797211417251,0.0053480316065052,-0.0059220265236842,0.0150814688071345,0.3921305146423992,0.6071786154503042
d_religiousp,Religion,gemma4_e4b,Gemma-4-E4B-it,base,Gemma-4-E4B-it (base),ntp,Education_Low,-0.0068580146502523,0.0040632503782432,-0.0148368811404549,0.0011208518399502,0.091932451359847,0.6071786154503042
d_religiousp,Religion,gemma4_e4b,Gemma-4-E4B-it,base,Gemma-4-E4B-it (base),ntp,Education_Middle,-0.0120157675181341,0.0036752047664508,-0.0192326420461434,-0.0047988929901248,0.0011352768286673,0.6071786154503042
d_religiousp,Religion,gemma4_e4b,Gemma-4-E4B-it,base,Gemma-4-E4B-it (base),ntp,Employment_Homemaker,-0.033838825018776,0.0040043076689575,-0.0417019477166493,-0.0259757023209027,1.9420018305769244e-16,0.6071786154503042
d_religiousp,Religion,gemma4_e4b,Gemma-4-E4B-it,base,Gemma-4-E4B-it (base),ntp,Employment_Retired,-0.0548939672159754,0.0065908020062556,-0.0678361008223247,-0.041951833609626,4.937133914577332e-16,0.6071786154503042
d_religiousp,Religion,gemma4_e4b,Gemma-4-E4B-it,base,Gemma-4-E4B-it (base),ntp,Employment_Student,-0.0378215226597719,0.0042151629074502,-0.0460986946138027,-0.0295443507057412,3.156189565348889e-18,0.6071786154503042
d_religiousp,Religion,gemma4_e4b,Gemma-4-E4B-it,base,Gemma-4-E4B-it (base),ntp,Employment_Unemployed,-0.031720559567985,0.0036282853719761,-0.0388453000777907,-0.0245958190581794,1.985583366421112e-17,0.6071786154503042
d_religiousp,Religion,gemma4_e4b,Gemma-4-E4B-it,base,Gemma-4-E4B-it (base),ntp,Marstat_Cohabiting,-0.0065920026128372,0.0040269283890345,-0.0144995448489141,0.0013155396232395,0.1021246289873097,0.6071786154503042
d_religiousp,Religion,gemma4_e4b,Gemma-4-E4B-it,base,Gemma-4-E4B-it (base),ntp,Marstat_Divorced or separated,-0.0563953301849168,0.0036287271176417,-0.0635209381356529,-0.0492697222341806,1.815433710479958e-46,0.6071786154503042
d_religiousp,Religion,gemma4_e4b,Gemma-4-E4B-it,base,Gemma-4-E4B-it (base),ntp,Marstat_Single,-0.0381999934505018,0.0053013705315054,-0.0486101143508696,-0.0277898725501341,1.6257800744692744e-12,0.6071786154503042
d_religiousp,Religion,gemma4_e4b,Gemma-4-E4B-it,base,Gemma-4-E4B-it (base),ntp,Marstat_Widowed,-0.0066099948985305,0.0042722928268325,-0.0149993509310488,0.0017793611339878,0.1223132535144029,0.6071786154503042
d_religiousp,Religion,gemma4_e4b,Gemma-4-E4B-it,base,Gemma-4-E4B-it (base),fa,const,0.327942565138639,0.0035977189492702,0.3208778468728868,0.3350072834043912,0.0,0.5668178150982278
d_religiousp,Religion,gemma4_e4b,Gemma-4-E4B-it,base,Gemma-4-E4B-it (base),fa,nEMD_center,0.041394840949967,0.0055794896966161,0.0304385869098187,0.0523510949901152,3.750850542190296e-13,0.5668178150982278
d_religiousp,Religion,gemma4_e4b,Gemma-4-E4B-it,base,Gemma-4-E4B-it (base),fa,countryAustralia,0.0153848355443665,0.0055580720991723,0.0044706385114507,0.0262990325772823,0.0058025141206356,0.5668178150982278
d_religiousp,Religion,gemma4_e4b,Gemma-4-E4B-it,base,Gemma-4-E4B-it (base),fa,countryGermany,0.0073518308807374,0.0053336435452143,-0.0031216634383588,0.0178253251998337,0.1685636334880514,0.5668178150982278
d_religiousp,Religion,gemma4_e4b,Gemma-4-E4B-it,base,Gemma-4-E4B-it (base),fa,countryMexico,-0.0191977225061134,0.0050231708803083,-0.0290615522189116,-0.0093338927933152,0.0001453500052917,0.5668178150982278
d_religiousp,Religion,gemma4_e4b,Gemma-4-E4B-it,base,Gemma-4-E4B-it (base),fa,countryRussia,-0.0049293299481206,0.0058978944911122,-0.0165108246475028,0.0066521647512614,0.4035907949262005,0.5668178150982278
d_religiousp,Religion,gemma4_e4b,Gemma-4-E4B-it,base,Gemma-4-E4B-it (base),fa,decade200X,-0.0037090567546028,0.0042546075505973,-0.0120636848120304,0.0046455713028246,0.3836575099332563,0.5668178150982278
d_religiousp,Religion,gemma4_e4b,Gemma-4-E4B-it,base,Gemma-4-E4B-it (base),fa,decade199X,-0.005181811073652,0.0042587649544148,-0.0135446028834743,0.0031809807361701,0.2241501406695598,0.5668178150982278
d_religiousp,Religion,gemma4_e4b,Gemma-4-E4B-it,base,Gemma-4-E4B-it (base),fa,Sex_Female,-0.0060443542053128,0.0041920791391362,-0.0142761973490753,0.0021874889384495,0.1498319804313638,0.5668178150982278
d_religiousp,Religion,gemma4_e4b,Gemma-4-E4B-it,base,Gemma-4-E4B-it (base),fa,Age_<25,0.0116119181765681,0.0060723653305819,-0.000312178972817,0.0235360153259533,0.0562880916758655,0.5668178150982278
d_religiousp,Religion,gemma4_e4b,Gemma-4-E4B-it,base,Gemma-4-E4B-it (base),fa,Age_25-34,-2.8619385929869783e-05,0.0051315277073053,-0.0101052257123819,0.0100479869405222,0.9955518203209972,0.5668178150982278
d_religiousp,Religion,gemma4_e4b,Gemma-4-E4B-it,base,Gemma-4-E4B-it (base),fa,Age_45-54,0.0020562206407665,0.0047757945807563,-0.00732184465113,0.0114342859326631,0.6669397572049989,0.5668178150982278
d_religiousp,Religion,gemma4_e4b,Gemma-4-E4B-it,base,Gemma-4-E4B-it (base),fa,Age_55-64,0.0024838913549434,0.0049319191141254,-0.0072007503700145,0.0121685330799014,0.6146900479559371,0.5668178150982278
d_religiousp,Religion,gemma4_e4b,Gemma-4-E4B-it,base,Gemma-4-E4B-it (base),fa,Age_65-74,0.0067081013294116,0.005979502284314,-0.0050336438162643,0.0184498464750875,0.2623458683450974,0.5668178150982278
d_religiousp,Religion,gemma4_e4b,Gemma-4-E4B-it,base,Gemma-4-E4B-it (base),fa,Age_75+,0.0068447152872278,0.0056030766188554,-0.004157855589429,0.0178472861638846,0.2223075155500121,0.5668178150982278
d_religiousp,Religion,gemma4_e4b,Gemma-4-E4B-it,base,Gemma-4-E4B-it (base),fa,Education_Low,-0.0078127871145407,0.0043343575728613,-0.0163240175766939,0.0006984433476125,0.0719317451039173,0.5668178150982278
d_religiousp,Religion,gemma4_e4b,Gemma-4-E4B-it,base,Gemma-4-E4B-it (base),fa,Education_Middle,-0.0110346000933706,0.0038950961452672,-0.0186832678387798,-0.0033859323479615,0.004756852433224,0.5668178150982278
d_religiousp,Religion,gemma4_e4b,Gemma-4-E4B-it,base,Gemma-4-E4B-it (base),fa,Employment_Homemaker,-0.0328343178263652,0.0042698637981145,-0.0412189040578529,-0.0244497315948775,5.5567219995745476e-14,0.5668178150982278
d_religiousp,Religion,gemma4_e4b,Gemma-4-E4B-it,base,Gemma-4-E4B-it (base),fa,Employment_Retired,-0.0531891531665223,0.0070398359483157,-0.0670130394437017,-0.0393652668893429,1.4433508741629586e-13,0.5668178150982278
d_religiousp,Religion,gemma4_e4b,Gemma-4-E4B-it,base,Gemma-4-E4B-it (base),fa,Employment_Student,-0.0388377330672523,0.0044649685791757,-0.0476054399176472,-0.0300700262168574,2.816143716407252e-17,0.5668178150982278
d_religiousp,Religion,gemma4_e4b,Gemma-4-E4B-it,base,Gemma-4-E4B-it (base),fa,Employment_Unemployed,-0.0332528048900336,0.0038450026763703,-0.0408031057953139,-0.0257025039847532,4.172839122099428e-17,0.5668178150982278
d_religiousp,Religion,gemma4_e4b,Gemma-4-E4B-it,base,Gemma-4-E4B-it (base),fa,Marstat_Cohabiting,-0.0058964244470506,0.0042646420526474,-0.0142707569146673,0.002477908020566,0.1672589157055047,0.5668178150982278
d_religiousp,Religion,gemma4_e4b,Gemma-4-E4B-it,base,Gemma-4-E4B-it (base),fa,Marstat_Divorced or separated,-0.0565368707850297,0.0038352607580642,-0.0640680418168623,-0.0490056997531971,1.4180529474280305e-42,0.5668178150982278
d_religiousp,Religion,gemma4_e4b,Gemma-4-E4B-it,base,Gemma-4-E4B-it (base),fa,Marstat_Single,-0.0308349208577501,0.0055773776464632,-0.041787027536889,-0.0198828141786113,4.7002551647567375e-08,0.5668178150982278
d_religiousp,Religion,gemma4_e4b,Gemma-4-E4B-it,base,Gemma-4-E4B-it (base),fa,Marstat_Widowed,-0.0086017359224789,0.0044835693717794,-0.0174059685163012,0.0002024966713432,0.0554905833509357,0.5668178150982278
d_religiousp,Religion,gemma4_e4b,Gemma-4-E4B-it,german,Gemma-4-E4B-it (german),ntp,const,0.2859804287341118,0.002890091564422,0.2803052542825304,0.2916556031856933,0.0,0.7277403782001677
d_religiousp,Religion,gemma4_e4b,Gemma-4-E4B-it,german,Gemma-4-E4B-it (german),ntp,nEMD_center,0.0783027841384334,0.0054190487255566,0.0676615825731453,0.0889439857037215,3.522751694711005e-41,0.7277403782001677
d_religiousp,Religion,gemma4_e4b,Gemma-4-E4B-it,german,Gemma-4-E4B-it (german),ntp,countryAustralia,0.0108844746131211,0.0047439841259313,0.0015688744288145,0.0202000747974278,0.0220909261344747,0.7277403782001677
d_religiousp,Religion,gemma4_e4b,Gemma-4-E4B-it,german,Gemma-4-E4B-it (german),ntp,countryGermany,-0.0035741306262329,0.0044219366200844,-0.0122573370829924,0.0051090758305265,0.4192330159085207,0.7277403782001677
d_religiousp,Religion,gemma4_e4b,Gemma-4-E4B-it,german,Gemma-4-E4B-it (german),ntp,countryMexico,-0.0109661482378285,0.0042848095231842,-0.0193800828810136,-0.0025522135946433,0.0107160909670868,0.7277403782001677
d_religiousp,Religion,gemma4_e4b,Gemma-4-E4B-it,german,Gemma-4-E4B-it (german),ntp,countryRussia,-0.0250167653500858,0.0048715391713679,-0.0345828410362567,-0.0154506896639148,3.740247108753811e-07,0.7277403782001677
d_religiousp,Religion,gemma4_e4b,Gemma-4-E4B-it,german,Gemma-4-E4B-it (german),ntp,decade200X,-0.0045708304823855,0.003470156673104,-0.0113850590475359,0.0022433980827649,0.1882472968676277,0.7277403782001677
d_religiousp,Religion,gemma4_e4b,Gemma-4-E4B-it,german,Gemma-4-E4B-it (german),ntp,decade199X,0.0024762312461019,0.0034361755609611,-0.0042712697655537,0.0092237322577576,0.4713959066473284,0.7277403782001677
d_religiousp,Religion,gemma4_e4b,Gemma-4-E4B-it,german,Gemma-4-E4B-it (german),ntp,Sex_Female,-0.0086040139323949,0.003408501230554,-0.0152971718032226,-0.0019108560615672,0.0118334944941222,0.7277403782001677
d_religiousp,Religion,gemma4_e4b,Gemma-4-E4B-it,german,Gemma-4-E4B-it (german),ntp,Age_<25,0.0082643939359546,0.0049042538594811,-0.0013659224699419,0.0178947103418512,0.092445975249154,0.7277403782001677
d_religiousp,Religion,gemma4_e4b,Gemma-4-E4B-it,german,Gemma-4-E4B-it (german),ntp,Age_25-34,0.0008488874563994,0.0041006170117016,-0.0072033546202916,0.0089011295330904,0.8360641230712529,0.7277403782001677
d_religiousp,Religion,gemma4_e4b,Gemma-4-E4B-it,german,Gemma-4-E4B-it (german),ntp,Age_45-54,-0.0003041403670569,0.0038238767502466,-0.0078129570101502,0.0072046762760363,0.936630146581342,0.7277403782001677
d_religiousp,Religion,gemma4_e4b,Gemma-4-E4B-it,german,Gemma-4-E4B-it (german),ntp,Age_55-64,-0.0007762958229024,0.0039610269837591,-0.0085544297121482,0.0070018380663433,0.8446851184392041,0.7277403782001677
d_religiousp,Religion,gemma4_e4b,Gemma-4-E4B-it,german,Gemma-4-E4B-it (german),ntp,Age_65-74,0.0031141923159165,0.0047598349389002,-0.0062325335703938,0.012460918202227,0.5131755377355769,0.7277403782001677
d_religiousp,Religion,gemma4_e4b,Gemma-4-E4B-it,german,Gemma-4-E4B-it (german),ntp,Age_75+,0.0036489024263491,0.0045460508837327,-0.0052780229861709,0.0125758278388693,0.4224722230282837,0.7277403782001677
d_religiousp,Religion,gemma4_e4b,Gemma-4-E4B-it,german,Gemma-4-E4B-it (german),ntp,Education_Low,-0.0108031945395121,0.003447424955112,-0.0175727856036306,-0.0040336034753936,0.0018048253497118,0.7277403782001677
d_religiousp,Religion,gemma4_e4b,Gemma-4-E4B-it,german,Gemma-4-E4B-it (german),ntp,Education_Middle,-0.012925911490696,0.0031284081171073,-0.0190690600465716,-0.0067827629348204,4.07629431572247e-05,0.7277403782001677
d_religiousp,Religion,gemma4_e4b,Gemma-4-E4B-it,german,Gemma-4-E4B-it (german),ntp,Employment_Homemaker,-0.0269611756798834,0.0033992725837831,-0.0336362115711095,-0.0202861397886573,9.645487009314379e-15,0.7277403782001677
d_religiousp,Religion,gemma4_e4b,Gemma-4-E4B-it,german,Gemma-4-E4B-it (german),ntp,Employment_Retired,-0.0696282986325349,0.005593146586328,-0.0806113702422493,-0.0586452270228206,5.081552540206667e-32,0.7277403782001677
d_religiousp,Religion,gemma4_e4b,Gemma-4-E4B-it,german,Gemma-4-E4B-it (german),ntp,Employment_Student,-0.0275001314974063,0.003576994082644,-0.0345241530478581,-0.0204761099469545,5.625731431517756e-14,0.7277403782001677
d_religiousp,Religion,gemma4_e4b,Gemma-4-E4B-it,german,Gemma-4-E4B-it (german),ntp,Employment_Unemployed,-0.0287189421592044,0.003081809373602,-0.0347705863482729,-0.022667297970136,1.8565373803161892e-19,0.7277403782001677
d_religiousp,Religion,gemma4_e4b,Gemma-4-E4B-it,german,Gemma-4-E4B-it (german),ntp,Marstat_Cohabiting,-0.0083453763481009,0.0034279898614154,-0.0150768033801284,-0.0016139493160734,0.0151846249005498,0.7277403782001677
d_religiousp,Religion,gemma4_e4b,Gemma-4-E4B-it,german,Gemma-4-E4B-it (german),ntp,Marstat_Divorced or separated,-0.0383438276818066,0.0030926373297027,-0.0444167343597808,-0.0322709210038323,8.448546645548064e-32,0.7277403782001677
d_religiousp,Religion,gemma4_e4b,Gemma-4-E4B-it,german,Gemma-4-E4B-it (german),ntp,Marstat_Single,-0.0570800342296441,0.0045289641426683,-0.0659734069902194,-0.0481866614690687,1.0628592412226031e-32,0.7277403782001677
d_religiousp,Religion,gemma4_e4b,Gemma-4-E4B-it,german,Gemma-4-E4B-it (german),ntp,Marstat_Widowed,-0.0080045792751318,0.0036268105151574,-0.015126423658794,-0.0008827348914697,0.0276631164223615,0.7277403782001677
d_religiousp,Religion,gemma4_e4b,Gemma-4-E4B-it,german,Gemma-4-E4B-it (german),fa,const,0.3105698949985417,0.0031697429276006,0.3043455786819764,0.3167942113151071,0.0,0.6774270851994285
d_religiousp,Religion,gemma4_e4b,Gemma-4-E4B-it,german,Gemma-4-E4B-it (german),fa,nEMD_center,0.0635384890026167,0.0054650182360872,0.0528070186739003,0.0742699593313332,1.7266306184092826e-28,0.6774270851994285
d_religiousp,Religion,gemma4_e4b,Gemma-4-E4B-it,german,Gemma-4-E4B-it (german),fa,countryAustralia,0.0147478017057849,0.0050378120788507,0.0048552215696675,0.0246403818419023,0.0035388286184657,0.6774270851994285
d_religiousp,Religion,gemma4_e4b,Gemma-4-E4B-it,german,Gemma-4-E4B-it (german),fa,countryGermany,-0.0014642619869688,0.004745446080235,-0.0107827329611896,0.0078542089872518,0.7577552033279171,0.6774270851994285
d_religiousp,Religion,gemma4_e4b,Gemma-4-E4B-it,german,Gemma-4-E4B-it (german),fa,countryMexico,-0.0155984163518451,0.0045776352964187,-0.0245873630006991,-0.006609469702991,0.0006965072723996,0.6774270851994285
d_religiousp,Religion,gemma4_e4b,Gemma-4-E4B-it,german,Gemma-4-E4B-it (german),fa,countryRussia,-0.0195146259756927,0.0052381284774488,-0.0298005606067165,-0.0092286913446688,0.0002120983198369,0.6774270851994285
d_religiousp,Religion,gemma4_e4b,Gemma-4-E4B-it,german,Gemma-4-E4B-it (german),fa,decade200X,-0.0062414612940908,0.0037790305535279,-0.0136622149868606,0.0011792923986788,0.0991043423905601,0.6774270851994285
d_religiousp,Religion,gemma4_e4b,Gemma-4-E4B-it,german,Gemma-4-E4B-it (german),fa,decade199X,-0.0019941660933101,0.0037543951133965,-0.0093665440106688,0.0053782118240485,0.5954950149830346,0.6774270851994285
d_religiousp,Religion,gemma4_e4b,Gemma-4-E4B-it,german,Gemma-4-E4B-it (german),fa,Sex_Female,-0.0074151049581188,0.0037256669959356,-0.0147310704488739,-9.913946736381674e-05,0.0469841883564865,0.6774270851994285
d_religiousp,Religion,gemma4_e4b,Gemma-4-E4B-it,german,Gemma-4-E4B-it (german),fa,Age_<25,0.008231768952836,0.0053471650710254,-0.0022682771263409,0.018731815032013,0.1241837317007777,0.6774270851994285
d_religiousp,Religion,gemma4_e4b,Gemma-4-E4B-it,german,Gemma-4-E4B-it (german),fa,Age_25-34,0.0033639311705298,0.0045218183720088,-0.0055154096833811,0.0122432720244408,0.4571890236743559,0.6774270851994285
d_religiousp,Religion,gemma4_e4b,Gemma-4-E4B-it,german,Gemma-4-E4B-it (german),fa,Age_45-54,-0.0006457665607059,0.0042080667736209,-0.0089090040782265,0.0076174709568145,0.8780843850157073,0.6774270851994285
d_religiousp,Religion,gemma4_e4b,Gemma-4-E4B-it,german,Gemma-4-E4B-it (german),fa,Age_55-64,-0.0015667099631152,0.0043452708600078,-0.0100993704758451,0.0069659505496145,0.7185505883372197,0.6774270851994285
d_religiousp,Religion,gemma4_e4b,Gemma-4-E4B-it,german,Gemma-4-E4B-it (german),fa,Age_65-74,0.0020833871891122,0.0052690756564075,-0.008263317364061,0.0124300917422855,0.6926798021453547,0.6774270851994285
d_religiousp,Religion,gemma4_e4b,Gemma-4-E4B-it,german,Gemma-4-E4B-it (german),fa,Age_75+,0.0031795152396634,0.0049379357045138,-0.0065169410590879,0.0128759715384147,0.5198730690193464,0.6774270851994285
d_religiousp,Religion,gemma4_e4b,Gemma-4-E4B-it,german,Gemma-4-E4B-it (german),fa,Education_Low,-0.011996895679578,0.0038141768565732,-0.0194866649715645,-0.0045071263875916,0.0017355620735297,0.6774270851994285
d_religiousp,Religion,gemma4_e4b,Gemma-4-E4B-it,german,Gemma-4-E4B-it (german),fa,Education_Middle,-0.0109129764236242,0.0034420872638408,-0.0176720860450419,-0.0041538668022065,0.0015944540712222,0.6774270851994285
d_religiousp,Religion,gemma4_e4b,Gemma-4-E4B-it,german,Gemma-4-E4B-it (german),fa,Employment_Homemaker,-0.0278108885427522,0.0037564641307368,-0.0351873293190509,-0.0204344477664535,4.181163275331156e-13,0.6774270851994285
d_religiousp,Religion,gemma4_e4b,Gemma-4-E4B-it,german,Gemma-4-E4B-it (german),fa,Employment_Retired,-0.0677231416382651,0.0061971080305289,-0.0798921917823844,-0.0555540914941459,1.2975083132644404e-25,0.6774270851994285
d_religiousp,Religion,gemma4_e4b,Gemma-4-E4B-it,german,Gemma-4-E4B-it (german),fa,Employment_Student,-0.0323577839041497,0.0039332534953826,-0.0400813799394374,-0.024634187868862,1.0715061987385468e-15,0.6774270851994285
d_religiousp,Religion,gemma4_e4b,Gemma-4-E4B-it,german,Gemma-4-E4B-it (german),fa,Employment_Unemployed,-0.0297202676659838,0.0033886652826607,-0.0363744743609758,-0.0230660609709917,1.5916319946447658e-17,0.6774270851994285
d_religiousp,Religion,gemma4_e4b,Gemma-4-E4B-it,german,Gemma-4-E4B-it (german),fa,Marstat_Cohabiting,-0.008109757259978,0.0037650069231082,-0.0155029732269343,-0.0007165412930217,0.031613085415438,0.6774270851994285
d_religiousp,Religion,gemma4_e4b,Gemma-4-E4B-it,german,Gemma-4-E4B-it (german),fa,Marstat_Divorced or separated,-0.0397009322350971,0.0033933318835088,-0.0463643025753643,-0.03303756189483,8.485188190677833e-29,0.6774270851994285
d_religiousp,Religion,gemma4_e4b,Gemma-4-E4B-it,german,Gemma-4-E4B-it (german),fa,Marstat_Single,-0.0517575699264489,0.0049431187334049,-0.0614642039626487,-0.042050935890249,8.567130953675691e-24,0.6774270851994285
d_religiousp,Religion,gemma4_e4b,Gemma-4-E4B-it,german,Gemma-4-E4B-it (german),fa,Marstat_Widowed,-0.0093502799861648,0.0039492597744697,-0.017105307006982,-0.0015952529653477,0.0181991961129036,0.6774270851994285
d_religiousp,Religion,qwen3_vl_8b,Qwen3-VL-8B-Thinking,base,Qwen3-VL-8B-Thinking (base),ntp,const,0.1573536652512775,0.0028939349573356,0.1516709436598271,0.1630363868427278,1.7567687087933303e-242,0.2426619150132322
d_religiousp,Religion,qwen3_vl_8b,Qwen3-VL-8B-Thinking,base,Qwen3-VL-8B-Thinking (base),ntp,nEMD_center,0.0326415454862077,0.0033821210200886,0.026000189536919,0.0392829014354965,1.1348561486732076e-20,0.2426619150132322
d_religiousp,Religion,qwen3_vl_8b,Qwen3-VL-8B-Thinking,base,Qwen3-VL-8B-Thinking (base),ntp,countryAustralia,0.0220912579669825,0.0037547891459206,0.0147181063013654,0.0294644096325995,6.468705338199173e-09,0.2426619150132322
d_religiousp,Religion,qwen3_vl_8b,Qwen3-VL-8B-Thinking,base,Qwen3-VL-8B-Thinking (base),ntp,countryGermany,0.0173164122797815,0.0038141279036789,0.0098267391149277,0.0248060854446353,6.715833601150044e-06,0.2426619150132322
d_religiousp,Religion,qwen3_vl_8b,Qwen3-VL-8B-Thinking,base,Qwen3-VL-8B-Thinking (base),ntp,countryMexico,0.0070722274856965,0.0042003760672452,-0.0011759080534386,0.0153203630248318,0.0927232774238915,0.2426619150132322
d_religiousp,Religion,qwen3_vl_8b,Qwen3-VL-8B-Thinking,base,Qwen3-VL-8B-Thinking (base),ntp,countryRussia,0.0099110777011292,0.0038687724611168,0.0023141008784579,0.0175080545238005,0.0106398639288996,0.2426619150132322
d_religiousp,Religion,qwen3_vl_8b,Qwen3-VL-8B-Thinking,base,Qwen3-VL-8B-Thinking (base),ntp,decade200X,-0.0014087884674876,0.0033770352691835,-0.0080401577007984,0.0052225807658231,0.6766955476326493,0.2426619150132322
d_religiousp,Religion,qwen3_vl_8b,Qwen3-VL-8B-Thinking,base,Qwen3-VL-8B-Thinking (base),ntp,decade199X,0.0079352085132588,0.0034888348553696,0.0010843022372357,0.0147861147892818,0.023267537885554,0.2426619150132322
d_religiousp,Religion,qwen3_vl_8b,Qwen3-VL-8B-Thinking,base,Qwen3-VL-8B-Thinking (base),ntp,Sex_Female,0.000832895145128,0.0032427689002368,-0.0055348197887366,0.0072006100789927,0.7973792525083958,0.2426619150132322
d_religiousp,Religion,qwen3_vl_8b,Qwen3-VL-8B-Thinking,base,Qwen3-VL-8B-Thinking (base),ntp,Age_<25,0.0033488778007003,0.0049152138149057,-0.0063029602966824,0.013000715898083,0.4959090104371516,0.2426619150132322
d_religiousp,Religion,qwen3_vl_8b,Qwen3-VL-8B-Thinking,base,Qwen3-VL-8B-Thinking (base),ntp,Age_25-34,-0.0018687756611511,0.0041059201810103,-0.0099314313909402,0.0061938800686378,0.6491611458504755,0.2426619150132322
d_religiousp,Religion,qwen3_vl_8b,Qwen3-VL-8B-Thinking,base,Qwen3-VL-8B-Thinking (base),ntp,Age_45-54,0.002683502896132,0.0038298518672163,-0.0048370468808138,0.0102040526730779,0.4837562254083126,0.2426619150132322
d_religiousp,Religion,qwen3_vl_8b,Qwen3-VL-8B-Thinking,base,Qwen3-VL-8B-Thinking (base),ntp,Age_55-64,0.0044853984420534,0.0039792660764231,-0.0033285509327571,0.012299347816864,0.2600822587200533,0.2426619150132322
d_religiousp,Religion,qwen3_vl_8b,Qwen3-VL-8B-Thinking,base,Qwen3-VL-8B-Thinking (base),ntp,Age_65-74,0.0040037283651394,0.0048159381920671,-0.0054531655701502,0.0134606223004291,0.4060852414232931,0.2426619150132322
d_religiousp,Religion,qwen3_vl_8b,Qwen3-VL-8B-Thinking,base,Qwen3-VL-8B-Thinking (base),ntp,Age_75+,0.0040748965015907,0.0045342553089278,-0.0048288663421032,0.0129786593452847,0.3691539556996565,0.2426619150132322
d_religiousp,Religion,qwen3_vl_8b,Qwen3-VL-8B-Thinking,base,Qwen3-VL-8B-Thinking (base),ntp,Education_Low,0.002638894457698,0.0034713034965802,-0.0041775860856846,0.0094553750010807,0.4474124823053827,0.2426619150132322
d_religiousp,Religion,qwen3_vl_8b,Qwen3-VL-8B-Thinking,base,Qwen3-VL-8B-Thinking (base),ntp,Education_Middle,0.0012926190014372,0.0031086860124805,-0.0048118019287508,0.0073970399316253,0.6776888681621489,0.2426619150132322
d_religiousp,Religion,qwen3_vl_8b,Qwen3-VL-8B-Thinking,base,Qwen3-VL-8B-Thinking (base),ntp,Employment_Homemaker,-0.0027244677444022,0.0034368955774085,-0.0094733826278524,0.0040244471390479,0.4282385787077861,0.2426619150132322
d_religiousp,Religion,qwen3_vl_8b,Qwen3-VL-8B-Thinking,base,Qwen3-VL-8B-Thinking (base),ntp,Employment_Retired,-0.0081925247035499,0.0056664268708031,-0.0193194943140672,0.0029344449069673,0.1487210453208232,0.2426619150132322
d_religiousp,Religion,qwen3_vl_8b,Qwen3-VL-8B-Thinking,base,Qwen3-VL-8B-Thinking (base),ntp,Employment_Student,-0.0044331135111245,0.0035784973359943,-0.0114600869490227,0.0025938599267737,0.2158649577688089,0.2426619150132322
d_religiousp,Religion,qwen3_vl_8b,Qwen3-VL-8B-Thinking,base,Qwen3-VL-8B-Thinking (base),ntp,Employment_Unemployed,0.0022026612160814,0.0030806117670566,-0.0038466312737699,0.0082519537059328,0.47486419159957,0.2426619150132322
d_religiousp,Religion,qwen3_vl_8b,Qwen3-VL-8B-Thinking,base,Qwen3-VL-8B-Thinking (base),ntp,Marstat_Cohabiting,0.0012441116222519,0.0033885705776596,-0.0054099091037523,0.0078981323482563,0.7136285752517272,0.2426619150132322
d_religiousp,Religion,qwen3_vl_8b,Qwen3-VL-8B-Thinking,base,Qwen3-VL-8B-Thinking (base),ntp,Marstat_Divorced or separated,-0.0140986921998168,0.0030549501342934,-0.0200975938147087,-0.0080997905849248,4.74740994736647e-06,0.2426619150132322
d_religiousp,Religion,qwen3_vl_8b,Qwen3-VL-8B-Thinking,base,Qwen3-VL-8B-Thinking (base),ntp,Marstat_Single,-0.0127488890325572,0.0044197440963128,-0.0214277901050007,-0.0040699879601137,0.0040513991394759,0.2426619150132322
d_religiousp,Religion,qwen3_vl_8b,Qwen3-VL-8B-Thinking,base,Qwen3-VL-8B-Thinking (base),ntp,Marstat_Widowed,-0.0029912999450516,0.0036320994107271,-0.010123529952956,0.0041409300628528,0.4104879052037181,0.2426619150132322
d_religiousp,Religion,qwen3_vl_8b,Qwen3-VL-8B-Thinking,base,Qwen3-VL-8B-Thinking (base),fa,const,0.1830612464414743,0.0036601250052641,0.175873983527324,0.1902485093556246,1.2483447122861416e-223,0.0706420151179021
d_religiousp,Religion,qwen3_vl_8b,Qwen3-VL-8B-Thinking,base,Qwen3-VL-8B-Thinking (base),fa,nEMD_center,0.0065108926863374,0.0057242414908156,-0.0047296055259935,0.0177513908986684,0.2557851833306725,0.0706420151179021
d_religiousp,Religion,qwen3_vl_8b,Qwen3-VL-8B-Thinking,base,Qwen3-VL-8B-Thinking (base),fa,countryAustralia,0.0189920773704123,0.0050371032452265,0.0091008891467603,0.0288832655940644,0.0001779995701853,0.0706420151179021
d_religiousp,Religion,qwen3_vl_8b,Qwen3-VL-8B-Thinking,base,Qwen3-VL-8B-Thinking (base),fa,countryGermany,0.0118583418598495,0.0049712624374481,0.0020964429897858,0.0216202407299131,0.0173506253808321,0.0706420151179021
d_religiousp,Religion,qwen3_vl_8b,Qwen3-VL-8B-Thinking,base,Qwen3-VL-8B-Thinking (base),fa,countryMexico,0.0153283336416052,0.0056787318538541,0.0041772011546249,0.0264794661285856,0.0071324864516961,0.0706420151179021
d_religiousp,Religion,qwen3_vl_8b,Qwen3-VL-8B-Thinking,base,Qwen3-VL-8B-Thinking (base),fa,countryRussia,0.0058012857292128,0.0048938955933829,-0.0038086905020516,0.0154112619604773,0.2362929133368102,0.0706420151179021
d_religiousp,Religion,qwen3_vl_8b,Qwen3-VL-8B-Thinking,base,Qwen3-VL-8B-Thinking (base),fa,decade200X,0.0030298237201597,0.0043573584827611,-0.0055265728460136,0.011586220286333,0.4870970033894966,0.0706420151179021
d_religiousp,Religion,qwen3_vl_8b,Qwen3-VL-8B-Thinking,base,Qwen3-VL-8B-Thinking (base),fa,decade199X,0.0119749454063463,0.0044430903743956,0.003250200042135,0.0206996907705577,0.0072191753818578,0.0706420151179021
d_religiousp,Religion,qwen3_vl_8b,Qwen3-VL-8B-Thinking,base,Qwen3-VL-8B-Thinking (base),fa,Sex_Female,0.0029374450801363,0.0041251436772852,-0.0051629591750877,0.0110378493353604,0.4766720054934706,0.0706420151179021
d_religiousp,Religion,qwen3_vl_8b,Qwen3-VL-8B-Thinking,base,Qwen3-VL-8B-Thinking (base),fa,Age_<25,0.0041334889418803,0.0061810224187547,-0.0080039744338115,0.0162709523175723,0.5039025516406223,0.0706420151179021
d_religiousp,Religion,qwen3_vl_8b,Qwen3-VL-8B-Thinking,base,Qwen3-VL-8B-Thinking (base),fa,Age_25-34,0.00086205509528,0.0052199784922383,-0.0093882390274528,0.0111123492180129,0.8688815771843803,0.0706420151179021
d_religiousp,Religion,qwen3_vl_8b,Qwen3-VL-8B-Thinking,base,Qwen3-VL-8B-Thinking (base),fa,Age_45-54,0.00809699047584,0.0048595556492387,-0.0014455535757402,0.0176395345274202,0.0961614204794725,0.0706420151179021
d_religiousp,Religion,qwen3_vl_8b,Qwen3-VL-8B-Thinking,base,Qwen3-VL-8B-Thinking (base),fa,Age_55-64,0.0100270753859915,0.0050402224388852,0.000129762107902,0.019924388664081,0.0470797038194814,0.0706420151179021
d_religiousp,Religion,qwen3_vl_8b,Qwen3-VL-8B-Thinking,base,Qwen3-VL-8B-Thinking (base),fa,Age_65-74,0.0100980908958575,0.0061503717428858,-0.0019791847907119,0.022175366582427,0.1011073403605822,0.0706420151179021
d_religiousp,Religion,qwen3_vl_8b,Qwen3-VL-8B-Thinking,base,Qwen3-VL-8B-Thinking (base),fa,Age_75+,0.0095865481759208,0.0057113007953577,-0.0016285388331278,0.0208016351849694,0.0937317333294728,0.0706420151179021
d_religiousp,Religion,qwen3_vl_8b,Qwen3-VL-8B-Thinking,base,Qwen3-VL-8B-Thinking (base),fa,Education_Low,0.0047029884192935,0.0044162396790078,-0.0039690311481479,0.0133750079867349,0.2873077217071494,0.0706420151179021
d_religiousp,Religion,qwen3_vl_8b,Qwen3-VL-8B-Thinking,base,Qwen3-VL-8B-Thinking (base),fa,Education_Middle,-0.0005564910436596,0.0039424861275934,-0.0082982168846217,0.0071852347973023,0.8877938940039031,0.0706420151179021
d_religiousp,Religion,qwen3_vl_8b,Qwen3-VL-8B-Thinking,base,Qwen3-VL-8B-Thinking (base),fa,Employment_Homemaker,-0.0024290527891088,0.004364600465236,-0.0109996701898143,0.0061415646115966,0.578039128311744,0.0706420151179021
d_religiousp,Religion,qwen3_vl_8b,Qwen3-VL-8B-Thinking,base,Qwen3-VL-8B-Thinking (base),fa,Employment_Retired,-0.0125688823217472,0.0072145079307661,-0.0267357660265558,0.0015980013830614,0.0819579947132381,0.0706420151179021
d_religiousp,Religion,qwen3_vl_8b,Qwen3-VL-8B-Thinking,base,Qwen3-VL-8B-Thinking (base),fa,Employment_Student,0.0007211962177943,0.0045329850133748,-0.008180072189752,0.0096224646253406,0.8736404199003696,0.0706420151179021
d_religiousp,Religion,qwen3_vl_8b,Qwen3-VL-8B-Thinking,base,Qwen3-VL-8B-Thinking (base),fa,Employment_Unemployed,0.0045077514568398,0.0039121092163092,-0.0031743242771981,0.0121898271908777,0.2496447551334829,0.0706420151179021
d_religiousp,Religion,qwen3_vl_8b,Qwen3-VL-8B-Thinking,base,Qwen3-VL-8B-Thinking (base),fa,Marstat_Cohabiting,0.0061225907210561,0.0042956386910557,-0.002312608790548,0.0145577902326602,0.154555344310423,0.0706420151179021
d_religiousp,Religion,qwen3_vl_8b,Qwen3-VL-8B-Thinking,base,Qwen3-VL-8B-Thinking (base),fa,Marstat_Divorced or separated,-0.0131402599353705,0.003872157941034,-0.020743884709743,-0.0055366351609979,0.0007324417111042,0.0706420151179021
d_religiousp,Religion,qwen3_vl_8b,Qwen3-VL-8B-Thinking,base,Qwen3-VL-8B-Thinking (base),fa,Marstat_Single,-0.0071163787737721,0.0055896973023616,-0.018092677141945,0.0038599195944008,0.2034347841203303,0.0706420151179021
d_religiousp,Religion,qwen3_vl_8b,Qwen3-VL-8B-Thinking,base,Qwen3-VL-8B-Thinking (base),fa,Marstat_Widowed,-0.0022372464612932,0.0045429787957039,-0.0111581393190982,0.0066836463965116,0.6225608280886339,0.0706420151179021
d_religiousp,Religion,qwen3_vl_8b,Qwen3-VL-8B-Thinking,german,Qwen3-VL-8B-Thinking (german),ntp,const,0.2192226033930771,0.0022578595198275,0.2147889214918092,0.223656285294345,0.0,0.7052777134871886
d_religiousp,Religion,qwen3_vl_8b,Qwen3-VL-8B-Thinking,german,Qwen3-VL-8B-Thinking (german),ntp,nEMD_center,0.0623821068578298,0.0033922936866146,0.0557207751894727,0.069043438526187,5.4829985476380775e-61,0.7052777134871886
d_religiousp,Religion,qwen3_vl_8b,Qwen3-VL-8B-Thinking,german,Qwen3-VL-8B-Thinking (german),ntp,countryAustralia,0.0200755130269145,0.0034681810112387,0.0132651640017347,0.0268858620520944,1.1112862043864924e-08,0.7052777134871886
d_religiousp,Religion,qwen3_vl_8b,Qwen3-VL-8B-Thinking,german,Qwen3-VL-8B-Thinking (german),ntp,countryGermany,0.0119383274080302,0.003256629520021,0.0055433948467897,0.0183332599692707,0.0002669064645007,0.7052777134871886
d_religiousp,Religion,qwen3_vl_8b,Qwen3-VL-8B-Thinking,german,Qwen3-VL-8B-Thinking (german),ntp,countryMexico,-0.0131567695411258,0.0031775990794108,-0.019396512715646,-0.0069170263666055,3.928776693662263e-05,0.7052777134871886
d_religiousp,Religion,qwen3_vl_8b,Qwen3-VL-8B-Thinking,german,Qwen3-VL-8B-Thinking (german),ntp,countryRussia,-0.0011324532305561,0.0035414523276179,-0.0080866826461939,0.0058217761850817,0.7492460772039836,0.7052777134871886
d_religiousp,Religion,qwen3_vl_8b,Qwen3-VL-8B-Thinking,german,Qwen3-VL-8B-Thinking (german),ntp,decade200X,-0.0045047620432574,0.0026736528186652,-0.0097549230954805,0.0007453990089657,0.0924993192766515,0.7052777134871886
d_religiousp,Religion,qwen3_vl_8b,Qwen3-VL-8B-Thinking,german,Qwen3-VL-8B-Thinking (german),ntp,decade199X,0.0013910513870028,0.0026727471504165,-0.0038573312353015,0.0066394340093072,0.602924154545274,0.7052777134871886
d_religiousp,Religion,qwen3_vl_8b,Qwen3-VL-8B-Thinking,german,Qwen3-VL-8B-Thinking (german),ntp,Sex_Female,-0.0054134287731735,0.0026174569318585,-0.0105532398748916,-0.0002736176714554,0.0390209736951649,0.7052777134871886
d_religiousp,Religion,qwen3_vl_8b,Qwen3-VL-8B-Thinking,german,Qwen3-VL-8B-Thinking (german),ntp,Age_<25,0.0099268879423072,0.0038342387219102,0.002397723848089,0.0174560520365254,0.0098432690602842,0.7052777134871886
d_religiousp,Religion,qwen3_vl_8b,Qwen3-VL-8B-Thinking,german,Qwen3-VL-8B-Thinking (german),ntp,Age_25-34,-0.0011775822572492,0.0032034585757188,-0.007468104844638,0.0051129403301395,0.7132947872216026,0.7052777134871886
d_religiousp,Religion,qwen3_vl_8b,Qwen3-VL-8B-Thinking,german,Qwen3-VL-8B-Thinking (german),ntp,Age_45-54,-0.0001999799274162,0.0029878595807707,-0.0060671381055321,0.0056671782506997,0.9466576056734712,0.7052777134871886
d_religiousp,Religion,qwen3_vl_8b,Qwen3-VL-8B-Thinking,german,Qwen3-VL-8B-Thinking (german),ntp,Age_55-64,-0.000960817996735,0.0030935845836846,-0.0070355847651174,0.0051139487716474,0.7562176666567962,0.7052777134871886
d_religiousp,Religion,qwen3_vl_8b,Qwen3-VL-8B-Thinking,german,Qwen3-VL-8B-Thinking (german),ntp,Age_65-74,-0.0026665669383482,0.0037162213557685,-0.0099639843469542,0.0046308504702577,0.4732970724005814,0.7052777134871886
d_religiousp,Religion,qwen3_vl_8b,Qwen3-VL-8B-Thinking,german,Qwen3-VL-8B-Thinking (german),ntp,Age_75+,-0.0045674363776221,0.0035359727982895,-0.0115109058279931,0.0023760330727489,0.1969238894501139,0.7052777134871886
d_religiousp,Religion,qwen3_vl_8b,Qwen3-VL-8B-Thinking,german,Qwen3-VL-8B-Thinking (german),ntp,Education_Low,-0.0062352739566095,0.0027030332918728,-0.0115431284442158,-0.0009274194690031,0.0213851299554497,0.7052777134871886
d_religiousp,Religion,qwen3_vl_8b,Qwen3-VL-8B-Thinking,german,Qwen3-VL-8B-Thinking (german),ntp,Education_Middle,-0.0012174655811066,0.0024416896335863,-0.0060121284207913,0.003577197258578,0.6182206980206431,0.7052777134871886
d_religiousp,Religion,qwen3_vl_8b,Qwen3-VL-8B-Thinking,german,Qwen3-VL-8B-Thinking (german),ntp,Employment_Homemaker,-0.0089584928569155,0.0026706487864967,-0.0142027549934004,-0.0037142307204306,0.0008421168524833,0.7052777134871886
d_religiousp,Religion,qwen3_vl_8b,Qwen3-VL-8B-Thinking,german,Qwen3-VL-8B-Thinking (german),ntp,Employment_Retired,-0.0080600769269746,0.0043808284559316,-0.01666256068075,0.0005424068268007,0.0662514152873252,0.7052777134871886
d_religiousp,Religion,qwen3_vl_8b,Qwen3-VL-8B-Thinking,german,Qwen3-VL-8B-Thinking (german),ntp,Employment_Student,-0.0053219850325198,0.002795025015495,-0.0108104805372082,0.0001665104721684,0.0573449741984397,0.7052777134871886
d_religiousp,Religion,qwen3_vl_8b,Qwen3-VL-8B-Thinking,german,Qwen3-VL-8B-Thinking (german),ntp,Employment_Unemployed,-0.005577372557698,0.0024071149441967,-0.0103041422564488,-0.0008506028589472,0.0208154912633378,0.7052777134871886
d_religiousp,Religion,qwen3_vl_8b,Qwen3-VL-8B-Thinking,german,Qwen3-VL-8B-Thinking (german),ntp,Marstat_Cohabiting,-0.0077380529667102,0.0026607190628702,-0.0129628164428308,-0.0025132894905896,0.0037600815841207,0.7052777134871886
d_religiousp,Religion,qwen3_vl_8b,Qwen3-VL-8B-Thinking,german,Qwen3-VL-8B-Thinking (german),ntp,Marstat_Divorced or separated,-0.0318231972324509,0.0024060171710419,-0.0365478112714162,-0.0270985831934856,1.7212453441420637e-35,0.7052777134871886
d_religiousp,Religion,qwen3_vl_8b,Qwen3-VL-8B-Thinking,german,Qwen3-VL-8B-Thinking (german),ntp,Marstat_Single,-0.0423711282505491,0.0035125476663995,-0.0492685985666146,-0.0354736579344836,2.4106659053841837e-30,0.7052777134871886
d_religiousp,Religion,qwen3_vl_8b,Qwen3-VL-8B-Thinking,german,Qwen3-VL-8B-Thinking (german),ntp,Marstat_Widowed,-0.0080950142595841,0.002837426439371,-0.0136667719973638,-0.0025232565218045,0.0044711335831099,0.7052777134871886
d_religiousp,Religion,qwen3_vl_8b,Qwen3-VL-8B-Thinking,german,Qwen3-VL-8B-Thinking (german),fa,const,0.2497937134484035,0.0026184830003254,0.2446518874909554,0.2549355394058517,0.0,0.6563789693844211
d_religiousp,Religion,qwen3_vl_8b,Qwen3-VL-8B-Thinking,german,Qwen3-VL-8B-Thinking (german),fa,nEMD_center,0.0558079107753429,0.0040319725358024,0.0478904635199168,0.0637253580307691,2.566101836324501e-38,0.6563789693844211
d_religiousp,Religion,qwen3_vl_8b,Qwen3-VL-8B-Thinking,german,Qwen3-VL-8B-Thinking (german),fa,countryAustralia,0.0197378960253595,0.0040245545458602,0.0118350152243391,0.0276407768263799,1.1890413075702893e-06,0.6563789693844211
d_religiousp,Religion,qwen3_vl_8b,Qwen3-VL-8B-Thinking,german,Qwen3-VL-8B-Thinking (german),fa,countryGermany,0.0092778766411877,0.0037664636884191,0.0018818000737659,0.0166739532086096,0.0140282552743428,0.6563789693844211
d_religiousp,Religion,qwen3_vl_8b,Qwen3-VL-8B-Thinking,german,Qwen3-VL-8B-Thinking (german),fa,countryMexico,-0.0230980900644963,0.0037026218595316,-0.03036880260515,-0.0158273775238427,8.028134096529731e-10,0.6563789693844211
d_religiousp,Religion,qwen3_vl_8b,Qwen3-VL-8B-Thinking,german,Qwen3-VL-8B-Thinking (german),fa,countryRussia,-0.006840726767589,0.0041075430086492,-0.0149065691887856,0.0012251156536075,0.0963196411209021,0.6563789693844211
d_religiousp,Religion,qwen3_vl_8b,Qwen3-VL-8B-Thinking,german,Qwen3-VL-8B-Thinking (german),fa,decade200X,-0.0035226159356472,0.0031067730066403,-0.009623280361369,0.0025780484900745,0.2572804993221141,0.6563789693844211
d_religiousp,Religion,qwen3_vl_8b,Qwen3-VL-8B-Thinking,german,Qwen3-VL-8B-Thinking (german),fa,decade199X,0.0013764588583911,0.0030993213386731,-0.004709572980533,0.0074624906973154,0.6571082201293793,0.6563789693844211
d_religiousp,Religion,qwen3_vl_8b,Qwen3-VL-8B-Thinking,german,Qwen3-VL-8B-Thinking (german),fa,Sex_Female,-0.0084572633174418,0.003062232607871,-0.0144704652778665,-0.0024440613570171,0.0059128652632014,0.6563789693844211
d_religiousp,Religion,qwen3_vl_8b,Qwen3-VL-8B-Thinking,german,Qwen3-VL-8B-Thinking (german),fa,Age_<25,0.0136994928535034,0.0044212659318844,0.0050176034043379,0.0223813823026688,0.0020296894177832,0.6563789693844211
d_religiousp,Religion,qwen3_vl_8b,Qwen3-VL-8B-Thinking,german,Qwen3-VL-8B-Thinking (german),fa,Age_25-34,0.0015575850588517,0.0037346439112188,-0.0057760080949491,0.0088911782126527,0.6767711080358653,0.6563789693844211
d_religiousp,Religion,qwen3_vl_8b,Qwen3-VL-8B-Thinking,german,Qwen3-VL-8B-Thinking (german),fa,Age_45-54,1.6250598474195117e-05,0.0034767373417081,-0.0068109002016655,0.0068434013986139,0.9962720778231277,0.6563789693844211
d_religiousp,Religion,qwen3_vl_8b,Qwen3-VL-8B-Thinking,german,Qwen3-VL-8B-Thinking (german),fa,Age_55-64,0.0016526938006194,0.0035893840464064,-0.0053956575000263,0.0087010451012652,0.6453567805236418,0.6563789693844211
d_religiousp,Religion,qwen3_vl_8b,Qwen3-VL-8B-Thinking,german,Qwen3-VL-8B-Thinking (german),fa,Age_65-74,-0.0005320580338895,0.0043524388695261,-0.0090787941229741,0.0080146780551949,0.90274430881765,0.6563789693844211
d_religiousp,Religion,qwen3_vl_8b,Qwen3-VL-8B-Thinking,german,Qwen3-VL-8B-Thinking (german),fa,Age_75+,-8.761971412539428e-05,0.0040737541701124,-0.0080871121429641,0.0079118727147134,0.9828468288174652,0.6563789693844211
d_religiousp,Religion,qwen3_vl_8b,Qwen3-VL-8B-Thinking,german,Qwen3-VL-8B-Thinking (german),fa,Education_Low,-0.0054546624766566,0.0031567680775238,-0.0116535005216768,0.0007441755683634,0.0844823183862366,0.6563789693844211
d_religiousp,Religion,qwen3_vl_8b,Qwen3-VL-8B-Thinking,german,Qwen3-VL-8B-Thinking (german),fa,Education_Middle,-0.0006238803536741,0.0028475378719017,-0.0062154935674095,0.0049677328600611,0.8266459422389009,0.6563789693844211
d_religiousp,Religion,qwen3_vl_8b,Qwen3-VL-8B-Thinking,german,Qwen3-VL-8B-Thinking (german),fa,Employment_Homemaker,-0.0099923251257017,0.00311616548309,-0.0161114332377899,-0.0038732170136136,0.001409794230726,0.6563789693844211
d_religiousp,Religion,qwen3_vl_8b,Qwen3-VL-8B-Thinking,german,Qwen3-VL-8B-Thinking (german),fa,Employment_Retired,-0.0121243046841221,0.0051228340524457,-0.0221838395763825,-0.0020647697918616,0.0182423790381174,0.6563789693844211
d_religiousp,Religion,qwen3_vl_8b,Qwen3-VL-8B-Thinking,german,Qwen3-VL-8B-Thinking (german),fa,Employment_Student,-0.0060197807068395,0.003248677285342,-0.0123990977354656,0.0003595363217864,0.064341834113827,0.6563789693844211
d_religiousp,Religion,qwen3_vl_8b,Qwen3-VL-8B-Thinking,german,Qwen3-VL-8B-Thinking (german),fa,Employment_Unemployed,-0.0065651196308236,0.0028007408765911,-0.0120648391774285,-0.0010654000842187,0.0193787974002586,0.6563789693844211
d_religiousp,Religion,qwen3_vl_8b,Qwen3-VL-8B-Thinking,german,Qwen3-VL-8B-Thinking (german),fa,Marstat_Cohabiting,-0.0080586730964932,0.0030997471728105,-0.0141455411314214,-0.001971805061565,0.0095427659085648,0.6563789693844211
d_religiousp,Religion,qwen3_vl_8b,Qwen3-VL-8B-Thinking,german,Qwen3-VL-8B-Thinking (german),fa,Marstat_Divorced or separated,-0.037297593625259,0.0028040711404469,-0.0428038526976644,-0.0317913345528536,7.872064426914424e-36,0.6563789693844211
d_religiousp,Religion,qwen3_vl_8b,Qwen3-VL-8B-Thinking,german,Qwen3-VL-8B-Thinking (german),fa,Marstat_Single,-0.0465807032136691,0.0040775588542851,-0.0545876667713398,-0.0385737396559984,1.2138368333491946e-27,0.6563789693844211
d_religiousp,Religion,qwen3_vl_8b,Qwen3-VL-8B-Thinking,german,Qwen3-VL-8B-Thinking (german),fa,Marstat_Widowed,-0.0136808927726012,0.0032671977057972,-0.0200965777206017,-0.0072652078246007,3.216692439491431e-05,0.6563789693844211
d_religiousp,Religion,muse_glimmer_30b,Muse-Glimmer-30B,base,Muse-Glimmer-30B (base),ntp,const,0.1418242846448308,0.0017859556248326,0.1383172643626774,0.1453313049269841,0.0,0.5751813710075077
d_religiousp,Religion,muse_glimmer_30b,Muse-Glimmer-30B,base,Muse-Glimmer-30B (base),ntp,nEMD_center,0.0570186203564049,0.0034802414772185,0.0501845886046135,0.0638526521081963,1.1581611555278005e-50,0.5751813710075077
d_religiousp,Religion,muse_glimmer_30b,Muse-Glimmer-30B,base,Muse-Glimmer-30B (base),ntp,countryAustralia,-0.0068182312628829,0.0028839709604186,-0.0124813868926747,-0.0011550756330912,0.0183666529793335,0.5751813710075077
d_religiousp,Religion,muse_glimmer_30b,Muse-Glimmer-30B,base,Muse-Glimmer-30B (base),ntp,countryGermany,-0.0035905525045915,0.0025776937693192,-0.0086522820372219,0.0014711770280387,0.1641224527020902,0.5751813710075077
d_religiousp,Religion,muse_glimmer_30b,Muse-Glimmer-30B,base,Muse-Glimmer-30B (base),ntp,countryMexico,-0.0169600445727325,0.0028278511476214,-0.0225129996359628,-0.0114070895095022,3.3458854917434944e-09,0.5751813710075077
d_religiousp,Religion,muse_glimmer_30b,Muse-Glimmer-30B,base,Muse-Glimmer-30B (base),ntp,countryRussia,-0.0040307588322487,0.0025905925914603,-0.0091178173429544,0.001056299678457,0.1202195482809955,0.5751813710075077
d_religiousp,Religion,muse_glimmer_30b,Muse-Glimmer-30B,base,Muse-Glimmer-30B (base),ntp,decade200X,-0.0066400915392103,0.0021948939463689,-0.0109501300866757,-0.0023300529917449,0.0025836087616893,0.5751813710075077
d_religiousp,Religion,muse_glimmer_30b,Muse-Glimmer-30B,base,Muse-Glimmer-30B (base),ntp,decade199X,-0.0067297325550488,0.0021618154389679,-0.0109748159632344,-0.0024846491468632,0.0019342773957183,0.5751813710075077
d_religiousp,Religion,muse_glimmer_30b,Muse-Glimmer-30B,base,Muse-Glimmer-30B (base),ntp,Sex_Female,0.0041265255192735,0.0021014180883129,4.233317092445371e-08,0.0082530087053762,0.049997656750006,0.5751813710075077
d_religiousp,Religion,muse_glimmer_30b,Muse-Glimmer-30B,base,Muse-Glimmer-30B (base),ntp,Age_<25,-0.0017590378784831,0.0030302705028772,-0.0077094769410422,0.0041914011840759,0.5617887764161362,0.5751813710075077
d_religiousp,Religion,muse_glimmer_30b,Muse-Glimmer-30B,base,Muse-Glimmer-30B (base),ntp,Age_25-34,-0.0019768003537023,0.002534080436412,-0.0069528878687198,0.002999287161315,0.43562782937951,0.5751813710075077
d_religiousp,Religion,muse_glimmer_30b,Muse-Glimmer-30B,base,Muse-Glimmer-30B (base),ntp,Age_45-54,-0.0032484328447736,0.0023634508446245,-0.0078894608371389,0.0013925951475916,0.169783192570438,0.5751813710075077
d_religiousp,Religion,muse_glimmer_30b,Muse-Glimmer-30B,base,Muse-Glimmer-30B (base),ntp,Age_55-64,-0.0064456086942923,0.0024586997034415,-0.0112736736292774,-0.0016175437593072,0.0089604524678868,0.5751813710075077
d_religiousp,Religion,muse_glimmer_30b,Muse-Glimmer-30B,base,Muse-Glimmer-30B (base),ntp,Age_65-74,-0.0101471373150168,0.002967324841571,-0.0159739721245895,-0.0043203025054441,0.0006667925425887,0.5751813710075077
d_religiousp,Religion,muse_glimmer_30b,Muse-Glimmer-30B,base,Muse-Glimmer-30B (base),ntp,Age_75+,-0.0114718326307101,0.0028343292410861,-0.0170375085056193,-0.0059061567558009,5.809252300756361e-05,0.5751813710075077
d_religiousp,Religion,muse_glimmer_30b,Muse-Glimmer-30B,base,Muse-Glimmer-30B (base),ntp,Education_Low,-0.0081882012003586,0.0021341493205338,-0.0123789575932881,-0.003997444807429,0.0001369877338492,0.5751813710075077
d_religiousp,Religion,muse_glimmer_30b,Muse-Glimmer-30B,base,Muse-Glimmer-30B (base),ntp,Education_Middle,-0.0122793697888445,0.0019243492221518,-0.0160581488683443,-0.0085005907093447,3.3689127497967747e-10,0.5751813710075077
d_religiousp,Religion,muse_glimmer_30b,Muse-Glimmer-30B,base,Muse-Glimmer-30B (base),ntp,Employment_Homemaker,-0.0185939372412436,0.0021059182696348,-0.0227292572802612,-0.0144586172022259,9.965974038652289e-18,0.5751813710075077
d_religiousp,Religion,muse_glimmer_30b,Muse-Glimmer-30B,base,Muse-Glimmer-30B (base),ntp,Employment_Retired,0.0003730924244289,0.0034856327835945,-0.0064715260522198,0.0072177109010778,0.9147928953722418,0.5751813710075077
d_religiousp,Religion,muse_glimmer_30b,Muse-Glimmer-30B,base,Muse-Glimmer-30B (base),ntp,Employment_Student,-0.0038324050497018,0.0022075445728405,-0.0081672852018526,0.0005024751024489,0.0830349662303021,0.5751813710075077
d_religiousp,Religion,muse_glimmer_30b,Muse-Glimmer-30B,base,Muse-Glimmer-30B (base),ntp,Employment_Unemployed,0.0034127536786193,0.0019076156835089,-0.0003331663205108,0.0071586736777496,0.0740836755270042,0.5751813710075077
d_religiousp,Religion,muse_glimmer_30b,Muse-Glimmer-30B,base,Muse-Glimmer-30B (base),ntp,Marstat_Cohabiting,-0.0013869168417208,0.0021086897736583,-0.0055276791888716,0.0027538455054299,0.5109570449827978,0.5751813710075077
d_religiousp,Religion,muse_glimmer_30b,Muse-Glimmer-30B,base,Muse-Glimmer-30B (base),ntp,Marstat_Divorced or separated,0.006570438385631,0.0019050428045599,0.0028295706613346,0.0103113061099274,0.0005995473520788,0.5751813710075077
d_religiousp,Religion,muse_glimmer_30b,Muse-Glimmer-30B,base,Muse-Glimmer-30B (base),ntp,Marstat_Single,0.0188487075164135,0.0027597189971546,0.0134295412384316,0.0242678737943954,1.9740505955177282e-11,0.5751813710075077
d_religiousp,Religion,muse_glimmer_30b,Muse-Glimmer-30B,base,Muse-Glimmer-30B (base),ntp,Marstat_Widowed,0.0011767933699038,0.0022357471163841,-0.0032134671572352,0.005567053897043,0.598824388730403,0.5751813710075077
d_religiousp,Religion,muse_glimmer_30b,Muse-Glimmer-30B,base,Muse-Glimmer-30B (base),fa,const,0.1864353169654427,0.0022073680127306,0.1821007835183711,0.1907698504125143,0.0,0.5978782027054564
d_religiousp,Religion,muse_glimmer_30b,Muse-Glimmer-30B,base,Muse-Glimmer-30B (base),fa,nEMD_center,0.0797240324222463,0.0045269239637463,0.0708346658915902,0.0886133989529024,6.229748208511718e-57,0.5978782027054564
d_religiousp,Religion,muse_glimmer_30b,Muse-Glimmer-30B,base,Muse-Glimmer-30B (base),fa,countryAustralia,0.003867626570457,0.0036574389788483,-0.0033143618850295,0.0110496150259435,0.2906955473929638,0.5978782027054564
d_religiousp,Religion,muse_glimmer_30b,Muse-Glimmer-30B,base,Muse-Glimmer-30B (base),fa,countryGermany,0.0016079847976761,0.0032573410063496,-0.004788344885055,0.0080043144804072,0.6217225595134073,0.5978782027054564
d_religiousp,Religion,muse_glimmer_30b,Muse-Glimmer-30B,base,Muse-Glimmer-30B (base),fa,countryMexico,-0.0295721910150437,0.0034881610218588,-0.0364217741071332,-0.0227226079229543,1.5734444184788616e-16,0.5978782027054564
d_religiousp,Religion,muse_glimmer_30b,Muse-Glimmer-30B,base,Muse-Glimmer-30B (base),fa,countryRussia,-0.0063629022950939,0.003404399250591,-0.0130480052474638,0.000322200657276,0.0620746421435644,0.5978782027054564
d_religiousp,Religion,muse_glimmer_30b,Muse-Glimmer-30B,base,Muse-Glimmer-30B (base),fa,decade200X,-0.0105473658118022,0.0027167773751791,-0.0158822090880686,-0.0052125225355358,0.0001141752660897,0.5978782027054564
d_religiousp,Religion,muse_glimmer_30b,Muse-Glimmer-30B,base,Muse-Glimmer-30B (base),fa,decade199X,-0.016208334616218,0.0026461615154855,-0.0214045119319511,-0.0110121573004848,1.5786207657753814e-09,0.5978782027054564
d_religiousp,Religion,muse_glimmer_30b,Muse-Glimmer-30B,base,Muse-Glimmer-30B (base),fa,Sex_Female,0.000101610214583,0.002670042062244,-0.0051414605181346,0.0053446809473006,0.9696551336128244,0.5978782027054564
d_religiousp,Religion,muse_glimmer_30b,Muse-Glimmer-30B,base,Muse-Glimmer-30B (base),fa,Age_<25,0.0010338184296245,0.0037225439547061,-0.0062760144513492,0.0083436513105982,0.7813180508791401,0.5978782027054564
d_religiousp,Religion,muse_glimmer_30b,Muse-Glimmer-30B,base,Muse-Glimmer-30B (base),fa,Age_25-34,-0.0027696136462523,0.003148972162057,-0.0089531431173752,0.0034139158248705,0.3794433784755853,0.5978782027054564
d_religiousp,Religion,muse_glimmer_30b,Muse-Glimmer-30B,base,Muse-Glimmer-30B (base),fa,Age_45-54,-0.0048540762330332,0.0029304668896438,-0.0106085343367292,0.0009003818706628,0.0981259468230671,0.5978782027054564
d_religiousp,Religion,muse_glimmer_30b,Muse-Glimmer-30B,base,Muse-Glimmer-30B (base),fa,Age_55-64,-0.0083330852067199,0.0030335213982332,-0.0142899079418576,-0.0023762624715823,0.006183018819022,0.5978782027054564
d_religiousp,Religion,muse_glimmer_30b,Muse-Glimmer-30B,base,Muse-Glimmer-30B (base),fa,Age_65-74,-0.0191617448561009,0.0036959670833436,-0.0264193896392247,-0.0119041000729771,2.906034906198928e-07,0.5978782027054564
d_religiousp,Religion,muse_glimmer_30b,Muse-Glimmer-30B,base,Muse-Glimmer-30B (base),fa,Age_75+,-0.0158697253789541,0.003480767055599,-0.022704789191125,-0.0090346615667831,6.148049503882225e-06,0.5978782027054564
d_religiousp,Religion,muse_glimmer_30b,Muse-Glimmer-30B,base,Muse-Glimmer-30B (base),fa,Education_Low,-0.0148181084422305,0.0026501247888841,-0.0200220683030613,-0.0096141485813997,3.3326434400461464e-08,0.5978782027054564
d_religiousp,Religion,muse_glimmer_30b,Muse-Glimmer-30B,base,Muse-Glimmer-30B (base),fa,Education_Middle,-0.0128492030452286,0.0024079916578478,-0.0175776943167404,-0.0081207117737168,1.318660611229032e-07,0.5978782027054564
d_religiousp,Religion,muse_glimmer_30b,Muse-Glimmer-30B,base,Muse-Glimmer-30B (base),fa,Employment_Homemaker,-0.0283182697015442,0.0026128271616381,-0.0334489894810374,-0.0231875499220509,2.9872025047993437e-25,0.5978782027054564
d_religiousp,Religion,muse_glimmer_30b,Muse-Glimmer-30B,base,Muse-Glimmer-30B (base),fa,Employment_Retired,-0.0038923759693444,0.0043364782748093,-0.0124077707817427,0.0046230188430538,0.3697410879881434,0.5978782027054564
d_religiousp,Religion,muse_glimmer_30b,Muse-Glimmer-30B,base,Muse-Glimmer-30B (base),fa,Employment_Student,-0.0037641275357999,0.0027363772836136,-0.0091374584852494,0.0016092034136496,0.169428987901564,0.5978782027054564
d_religiousp,Religion,muse_glimmer_30b,Muse-Glimmer-30B,base,Muse-Glimmer-30B (base),fa,Employment_Unemployed,0.0027521078718333,0.0023662443377706,-0.0018944056079569,0.0073986213516237,0.2452332062111319,0.5978782027054564
d_religiousp,Religion,muse_glimmer_30b,Muse-Glimmer-30B,base,Muse-Glimmer-30B (base),fa,Marstat_Cohabiting,0.0019205976020403,0.0026341554615102,-0.0032520038340826,0.0070931990381633,0.4661983010142163,0.5978782027054564
d_religiousp,Religion,muse_glimmer_30b,Muse-Glimmer-30B,base,Muse-Glimmer-30B (base),fa,Marstat_Divorced or separated,0.012282397003255,0.0023754096250356,0.0076178859607688,0.0169469080457413,3.120707338417217e-07,0.5978782027054564
d_religiousp,Religion,muse_glimmer_30b,Muse-Glimmer-30B,base,Muse-Glimmer-30B (base),fa,Marstat_Single,0.0229962696915014,0.0034279707116923,0.0162648802631336,0.0297276591198692,4.322788880067069e-11,0.5978782027054564
d_religiousp,Religion,muse_glimmer_30b,Muse-Glimmer-30B,base,Muse-Glimmer-30B (base),fa,Marstat_Widowed,0.0053816493009878,0.0027391549814992,2.863880728907857e-06,0.0107604347212467,0.04987850642462,0.5978782027054564
d_religiousp,Religion,,Mixtral archived,,Mixtral archived,ntp,const,0.1887495140895911,0.000545860710509,0.1876776259886954,0.1898214021904867,0.0,0.9841307221785832
d_religiousp,Religion,,Mixtral archived,,Mixtral archived,ntp,nEMD_center,0.1118914096971553,0.0011395731786726,0.1096536686273135,0.1141291507669971,0.0,0.9841307221785832
d_religiousp,Religion,,Mixtral archived,,Mixtral archived,ntp,countryAustralia,-0.0052034408820008,0.0009176422555344,-0.0070053837506664,-0.0034014980133352,2.154203060442188e-08,0.9841307221785832
d_religiousp,Religion,,Mixtral archived,,Mixtral archived,ntp,countryGermany,-0.0057513501346669,0.0008273437828106,-0.007375976965416,-0.0041267233039179,8.903082509829253e-12,0.9841307221785832
d_religiousp,Religion,,Mixtral archived,,Mixtral archived,ntp,countryMexico,-0.0045815732087611,0.0008585699507581,-0.0062675178028427,-0.0028956286146796,1.3171451812410053e-07,0.9841307221785832
d_religiousp,Religion,,Mixtral archived,,Mixtral archived,ntp,countryRussia,-0.0039786309537416,0.0008723742713573,-0.0056916826224054,-0.0022655792850778,6.107586544347207e-06,0.9841307221785832
d_religiousp,Religion,,Mixtral archived,,Mixtral archived,ntp,decade200X,-0.0013567741093717,0.0006712880163528,-0.0026749595423029,-3.858867644048803e-05,0.0436786989123515,0.9841307221785832
d_religiousp,Religion,,Mixtral archived,,Mixtral archived,ntp,decade199X,-0.0020339923245264,0.0006559733989684,-0.0033221049644757,-0.0007458796845771,0.0020150385877927,0.9841307221785832
d_religiousp,Religion,,Mixtral archived,,Mixtral archived,ntp,Sex_Female,-0.0010213430842186,0.0006545874565337,-0.0023067341961741,0.0002640480277368,0.1191852984834809,0.9841307221785832
d_religiousp,Religion,,Mixtral archived,,Mixtral archived,ntp,Age_<25,0.001247677745196,0.000925972592745,-0.0005706231231579,0.00306597861355,0.1783190314048643,0.9841307221785832
d_religiousp,Religion,,Mixtral archived,,Mixtral archived,ntp,Age_25-34,-0.0010405841756524,0.0007745644322255,-0.0025615699918057,0.0004804016405009,0.1796028099992153,0.9841307221785832
d_religiousp,Religion,,Mixtral archived,,Mixtral archived,ntp,Age_45-54,-0.0008325594851451,0.0007223497660474,-0.0022510131382555,0.0005858941679653,0.2495154324072632,0.9841307221785832
d_religiousp,Religion,,Mixtral archived,,Mixtral archived,ntp,Age_55-64,-0.0014258394912585,0.0007502852700463,-0.002899149142891,4.747016037406795e-05,0.0578287993123347,0.9841307221785832
d_religiousp,Religion,,Mixtral archived,,Mixtral archived,ntp,Age_65-74,-0.0020090310962423,0.0009057390131109,-0.0037875999728431,-0.0002304622196414,0.0268963312182557,0.9841307221785832
d_religiousp,Religion,,Mixtral archived,,Mixtral archived,ntp,Age_75+,-0.0017054571644358,0.0008670965684007,-0.0034081451874105,-2.7691414611801315e-06,0.0496296769348491,0.9841307221785832
d_religiousp,Religion,,Mixtral archived,,Mixtral archived,ntp,Education_Low,-0.0036206015414887,0.0006510142977854,-0.0048989761632094,-0.002342226919768,3.9280818430464666e-08,0.9841307221785832
d_religiousp,Religion,,Mixtral archived,,Mixtral archived,ntp,Education_Middle,-0.0014498977613585,0.0005909790252164,-0.0026103831614118,-0.0002894123613053,0.0144167126526128,0.9841307221785832
d_religiousp,Religion,,Mixtral archived,,Mixtral archived,ntp,Employment_Homemaker,0.0011876337620995,0.0006429736429524,-7.495169935918923e-05,0.0024502192235582,0.0651932337379921,0.9841307221785832
d_religiousp,Religion,,Mixtral archived,,Mixtral archived,ntp,Employment_Retired,0.0026441957388106,0.0010602439198288,0.0005622308348854,0.0047261606427358,0.0128834962729804,0.9841307221785832
d_religiousp,Religion,,Mixtral archived,,Mixtral archived,ntp,Employment_Student,-0.0001119361825673,0.0006750801594469,-0.0014375681178409,0.0012136957527062,0.8683573471410608,0.9841307221785832
d_religiousp,Religion,,Mixtral archived,,Mixtral archived,ntp,Employment_Unemployed,0.000815792755719,0.0005832162388555,-0.0003294491249347,0.0019610346363729,0.1623610682045972,0.9841307221785832
d_religiousp,Religion,,Mixtral archived,,Mixtral archived,ntp,Marstat_Cohabiting,0.0023224368305722,0.00065028334168,0.0010454975624803,0.0035993760986641,0.0003816021441134,0.9841307221785832
d_religiousp,Religion,,Mixtral archived,,Mixtral archived,ntp,Marstat_Divorced or separated,0.0047057365393007,0.0005850980841623,0.0035567993430595,0.0058546737355419,4.247858622831073e-15,0.9841307221785832
d_religiousp,Religion,,Mixtral archived,,Mixtral archived,ntp,Marstat_Single,0.0176015374096212,0.0008489271658854,0.015934528024038,0.0192685467952044,1.720025767854839e-73,0.9841307221785832
d_religiousp,Religion,,Mixtral archived,,Mixtral archived,ntp,Marstat_Widowed,0.0029014480747503,0.0006838218549025,0.0015586503696015,0.0042442457798992,2.5306407134500366e-05,0.9841307221785832
d_religiousp,Religion,,Mixtral archived,,Mixtral archived,fa,const,0.1666008913104221,0.0016768416961123,0.1633081343368117,0.1698936482840325,0.0,0.7456239612647544
d_religiousp,Religion,,Mixtral archived,,Mixtral archived,fa,nEMD_center,0.0666780930371902,0.0027861810508685,0.0612069641248676,0.0721492219495128,5.77563991023761e-91,0.7456239612647544
d_religiousp,Religion,,Mixtral archived,,Mixtral archived,fa,countryAustralia,-0.009284778025043,0.0024133604914232,-0.0140238118923386,-0.0045457441577475,0.0001313827136553,0.7456239612647544
d_religiousp,Religion,,Mixtral archived,,Mixtral archived,fa,countryGermany,-0.0067130651321185,0.0022536774023672,-0.0111385347516523,-0.0022875955125847,0.0030038253245184,0.7456239612647544
d_religiousp,Religion,,Mixtral archived,,Mixtral archived,fa,countryMexico,0.0028466630586245,0.002640703547352,-0.0023387966308264,0.0080321227480756,0.2814412214493892,0.7456239612647544
d_religiousp,Religion,,Mixtral archived,,Mixtral archived,fa,countryRussia,-0.0065818441253155,0.002230702800828,-0.0109621993016617,-0.0022014889489693,0.0032874640762419,0.7456239612647544
d_religiousp,Religion,,Mixtral archived,,Mixtral archived,fa,decade200X,0.0071075548284572,0.002022397612369,0.0031362414617988,0.0110788681951155,0.000471702625454,0.7456239612647544
d_religiousp,Religion,,Mixtral archived,,Mixtral archived,fa,decade199X,0.0078437076616171,0.0020230793360138,0.0038710556174373,0.0118163597057968,0.0001165823066036,0.7456239612647544
d_religiousp,Religion,,Mixtral archived,,Mixtral archived,fa,Sex_Female,0.0033657376722421,0.0019303067928034,-0.0004247400860024,0.0071562154304867,0.0817025835557055,0.7456239612647544
d_religiousp,Religion,,Mixtral archived,,Mixtral archived,fa,Age_<25,-0.0016074710517825,0.0028298313899115,-0.0071643146494077,0.0039493725458427,0.5702031471125935,0.7456239612647544
d_religiousp,Religion,,Mixtral archived,,Mixtral archived,fa,Age_25-34,-0.0009392379289307,0.0023920280367105,-0.0056363819808772,0.0037579061230158,0.6947058292564388,0.7456239612647544
d_religiousp,Religion,,Mixtral archived,,Mixtral archived,fa,Age_45-54,-0.000414160001297,0.0022261341263128,-0.0047855438269753,0.0039572238243813,0.8524686351750135,0.7456239612647544
d_religiousp,Religion,,Mixtral archived,,Mixtral archived,fa,Age_55-64,-0.0027394146361042,0.0023051847952639,-0.0072660275702076,0.001787198297999,0.2351267099163974,0.7456239612647544
d_religiousp,Religion,,Mixtral archived,,Mixtral archived,fa,Age_65-74,-0.0029491233231435,0.0028104257517473,-0.008467860729504,0.0025696140832168,0.2944114149671291,0.7456239612647544
d_religiousp,Religion,,Mixtral archived,,Mixtral archived,fa,Age_75+,0.0030651499619589,0.0026188299415305,-0.0020773572721267,0.0082076571960446,0.2422633473632311,0.7456239612647544
d_religiousp,Religion,,Mixtral archived,,Mixtral archived,fa,Education_Low,-0.0009595550935553,0.0020226160085011,-0.004931297317266,0.0030121871301553,0.6353668265978609,0.7456239612647544
d_religiousp,Religion,,Mixtral archived,,Mixtral archived,fa,Education_Middle,-0.0040690923876578,0.0018086799061822,-0.0076207355677612,-0.0005174492075543,0.0248022273107573,0.7456239612647544
d_religiousp,Religion,,Mixtral archived,,Mixtral archived,fa,Employment_Homemaker,-0.0017523380202741,0.00199131379017,-0.0056626131431022,0.0021579371025539,0.3791935149138635,0.7456239612647544
d_religiousp,Religion,,Mixtral archived,,Mixtral archived,fa,Employment_Retired,0.0054860896943796,0.0033084272982972,-0.0010105564013178,0.0119827357900771,0.0977621888195646,0.7456239612647544
d_religiousp,Religion,,Mixtral archived,,Mixtral archived,fa,Employment_Student,0.0002967058269274,0.0020768037828721,-0.003781443085237,0.0043748547390919,0.8864403895527003,0.7456239612647544
d_religiousp,Religion,,Mixtral archived,,Mixtral archived,fa,Employment_Unemployed,-5.293526508416213e-05,0.001794106197655,-0.0035759605497146,0.0034700900195462,0.9764709288739144,0.7456239612647544
d_religiousp,Religion,,Mixtral archived,,Mixtral archived,fa,Marstat_Cohabiting,-0.0006836399579165,0.0019724464958834,-0.0045568660170318,0.0031895861011987,0.7290092223916759,0.7456239612647544
d_religiousp,Religion,,Mixtral archived,,Mixtral archived,fa,Marstat_Divorced or separated,-0.0002902183019713,0.0017802532612877,-0.0037860410468902,0.0032056044429474,0.8705533621752911,0.7456239612647544
d_religiousp,Religion,,Mixtral archived,,Mixtral archived,fa,Marstat_Single,0.007308008060284,0.0025700489018708,0.0022612904936976,0.0123547256268704,0.0046036452522764,0.7456239612647544
d_religiousp,Religion,,Mixtral archived,,Mixtral archived,fa,Marstat_Widowed,-0.0033227314970065,0.0020798060760829,-0.0074067759101773,0.0007613129161641,0.1106205032842824,0.7456239612647544
d_religiousp,Religion,,Mixtral fresh,,Mixtral fresh,ntp,const,0.1892378928509321,0.0005447184405631,0.1881682477866563,0.1903075379152078,0.0,0.9843342510506536
d_religiousp,Religion,,Mixtral fresh,,Mixtral fresh,ntp,nEMD_center,0.1123774593018641,0.0011369955822827,0.1101447797703343,0.114610138833394,0.0,0.9843342510506536
d_religiousp,Religion,,Mixtral fresh,,Mixtral fresh,ntp,countryAustralia,-0.0056434185547916,0.0009158759781105,-0.0074418930445884,-0.0038449440649948,1.2701757408910724e-09,0.9843342510506536
d_religiousp,Religion,,Mixtral fresh,,Mixtral fresh,ntp,countryGermany,-0.0059856300030045,0.0008255286406186,-0.0076066925008027,-0.0043645675052062,1.196968871868698e-12,0.9843342510506536
d_religiousp,Religion,,Mixtral fresh,,Mixtral fresh,ntp,countryMexico,-0.0045725559933654,0.0008565157770985,-0.0062544668765377,-0.0028906451101931,1.3014551049959848e-07,0.9843342510506536
d_religiousp,Religion,,Mixtral fresh,,Mixtral fresh,ntp,countryRussia,-0.0037826109684224,0.0008706978492249,-0.0054923707039954,-0.0020728512328493,1.6234229301702603e-05,0.9843342510506536
d_religiousp,Religion,,Mixtral fresh,,Mixtral fresh,ntp,decade200X,-0.0018710455725835,0.0006699314229432,-0.0031865671092029,-0.0005555240359641,0.0053795718474781,0.9843342510506536
d_religiousp,Religion,,Mixtral fresh,,Mixtral fresh,ntp,decade199X,-0.002444384637378,0.0006545662767845,-0.0037297341593808,-0.0011590351153752,0.0002049220740737,0.9843342510506536
d_religiousp,Religion,,Mixtral fresh,,Mixtral fresh,ntp,Sex_Female,-0.0010574840960931,0.0006533786131461,-0.002340501443427,0.0002255332512406,0.1060490559450352,0.9843342510506536
d_religiousp,Religion,,Mixtral fresh,,Mixtral fresh,ntp,Age_<25,0.0010642012233961,0.0009240278326531,-0.0007502807857479,0.0028786832325403,0.249873807072041,0.9843342510506536
d_religiousp,Religion,,Mixtral fresh,,Mixtral fresh,ntp,Age_25-34,-0.0011420433794501,0.0007729403883625,-0.0026598401159378,0.0003757533570376,0.1400237398962697,0.9843342510506536
d_religiousp,Religion,,Mixtral fresh,,Mixtral fresh,ntp,Age_45-54,-0.0007451860218368,0.0007208407332526,-0.0021606764386025,0.0006703043949288,0.3016313309916285,0.9843342510506536
d_religiousp,Religion,,Mixtral fresh,,Mixtral fresh,ntp,Age_55-64,-0.0014299048979461,0.0007487169095019,-0.002900134813351,4.0325017458747465e-05,0.0566034129850591,0.9843342510506536
d_religiousp,Religion,,Mixtral fresh,,Mixtral fresh,ntp,Age_65-74,-0.0018836990117427,0.0009038067385145,-0.0036584735464763,-0.0001089244770091,0.0375382637668723,0.9843342510506536
d_religiousp,Religion,,Mixtral fresh,,Mixtral fresh,ntp,Age_75+,-0.0017179820480452,0.0008653001671144,-0.003417142538948,-1.882155714249341e-05,0.0475230737022992,0.9843342510506536
d_religiousp,Religion,,Mixtral fresh,,Mixtral fresh,ntp,Education_Low,-0.0037955964979415,0.0006496440918375,-0.0050712804928721,-0.0025199125030108,8.173596564994997e-09,0.9843342510506536
d_religiousp,Religion,,Mixtral fresh,,Mixtral fresh,ntp,Education_Middle,-0.0013977473973468,0.0005897880943822,-0.0025558942070498,-0.0002396005876437,0.0180868309038289,0.9843342510506536
d_religiousp,Religion,,Mixtral fresh,,Mixtral fresh,ntp,Employment_Homemaker,0.0010563329347271,0.000641615261626,-0.0002035851195484,0.0023162509890027,0.1001780234740634,0.9843342510506536
d_religiousp,Religion,,Mixtral fresh,,Mixtral fresh,ntp,Employment_Retired,0.0026379680789959,0.0010580004567846,0.0005604085871026,0.0047155275708892,0.0129050000508476,0.9843342510506536
d_religiousp,Religion,,Mixtral fresh,,Mixtral fresh,ntp,Employment_Student,-0.000125354784587,0.0006736745076378,-0.0014482264892392,0.0011975169200651,0.8524437924896426,0.9843342510506536
d_religiousp,Religion,,Mixtral fresh,,Mixtral fresh,ntp,Employment_Unemployed,0.0008625002443707,0.0005819940315379,-0.0002803416293667,0.0020053421181083,0.1388377667254747,0.9843342510506536
d_religiousp,Religion,,Mixtral fresh,,Mixtral fresh,ntp,Marstat_Cohabiting,0.0025932228762198,0.0006489622121485,0.0013188778652293,0.0038675678872103,7.190484994605497e-05,0.9843342510506536
d_religiousp,Religion,,Mixtral fresh,,Mixtral fresh,ntp,Marstat_Divorced or separated,0.0046745629405753,0.0005839242964629,0.0035279306712939,0.0058211952098566,5.5952872539805866e-15,0.9843342510506536
d_religiousp,Religion,,Mixtral fresh,,Mixtral fresh,ntp,Marstat_Single,0.0178164673592341,0.0008472181108031,0.0161528139869547,0.0194801207315135,4.324543605960185e-75,0.9843342510506536
d_religiousp,Religion,,Mixtral fresh,,Mixtral fresh,ntp,Marstat_Widowed,0.0026982611106438,0.0006823892342574,0.0013582765939018,0.0040382456273858,8.535358359310951e-05,0.9843342510506536
d_religiousp,Religion,,Mixtral fresh,,Mixtral fresh,fa,const,0.2065971169057638,0.0013302221810838,0.2039850048779142,0.2092092289336135,0.0,0.9104596714784856
d_religiousp,Religion,,Mixtral fresh,,Mixtral fresh,fa,nEMD_center,0.1061119559896646,0.0027729757873101,0.1006667578039998,0.1115571541753294,8.78961715868988e-168,0.9104596714784856
d_religiousp,Religion,,Mixtral fresh,,Mixtral fresh,fa,countryAustralia,-0.0069001726266759,0.002201669548615,-0.0112235161936897,-0.0025768290596622,0.0018026219926477,0.9104596714784856
d_religiousp,Religion,,Mixtral fresh,,Mixtral fresh,fa,countryGermany,-0.0082989376929057,0.0020077922152665,-0.012241570938314,-0.0043563044474974,4.0490979814344026e-05,0.9104596714784856
d_religiousp,Religion,,Mixtral fresh,,Mixtral fresh,fa,countryMexico,-0.0027538416105208,0.0020874860495309,-0.0068529669261921,0.0013452837051504,0.1875677579939398,0.9104596714784856
d_religiousp,Religion,,Mixtral fresh,,Mixtral fresh,fa,countryRussia,-0.0061907499906563,0.0021615696183896,-0.0104353506893378,-0.0019461492919747,0.0043198199391061,0.9104596714784856
d_religiousp,Religion,,Mixtral fresh,,Mixtral fresh,fa,decade200X,0.0002810390174458,0.001630620904422,-0.0029209557604743,0.0034830337953659,0.8632159695928953,0.9104596714784856
d_religiousp,Religion,,Mixtral fresh,,Mixtral fresh,fa,decade199X,-0.0037141760904823,0.0015918683628693,-0.0068400738213534,-0.0005882783596112,0.0199445885498394,0.9104596714784856
d_religiousp,Religion,,Mixtral fresh,,Mixtral fresh,fa,Sex_Female,-0.0009331104858199,0.0016067937600371,-0.0040883167111794,0.0022220957395395,0.5616274272908179,0.9104596714784856
d_religiousp,Religion,,Mixtral fresh,,Mixtral fresh,fa,Age_<25,0.0033255083179673,0.0022430821024932,-0.0010791556717754,0.0077301723077101,0.138681505472813,0.9104596714784856
d_religiousp,Religion,,Mixtral fresh,,Mixtral fresh,fa,Age_25-34,-7.822547984098456e-05,0.0018979163538407,-0.0038050992353821,0.0036486482757001,0.967136109806077,0.9104596714784856
d_religiousp,Religion,,Mixtral fresh,,Mixtral fresh,fa,Age_45-54,-0.0019344727556293,0.0017657644881145,-0.0054018443897393,0.0015328988784806,0.2736891714852836,0.9104596714784856
d_religiousp,Religion,,Mixtral fresh,,Mixtral fresh,fa,Age_55-64,0.0015012547535021,0.0018272157934887,-0.0020867867177054,0.0050892962247097,0.4116051513689225,0.9104596714784856
d_religiousp,Religion,,Mixtral fresh,,Mixtral fresh,fa,Age_65-74,0.0010204310563737,0.002225988066227,-0.0033506659560848,0.0053915280688322,0.6468079235904152,0.9104596714784856
d_religiousp,Religion,,Mixtral fresh,,Mixtral fresh,fa,Age_75+,-0.0007527467164807,0.0020927855232755,-0.0048622784283965,0.003356784995435,0.7191998652285777,0.9104596714784856
d_religiousp,Religion,,Mixtral fresh,,Mixtral fresh,fa,Education_Low,-0.006289822788344,0.0015964599267173,-0.0094247368168868,-0.0031549087598012,9.046913343058702e-05,0.9104596714784856
d_religiousp,Religion,,Mixtral fresh,,Mixtral fresh,fa,Education_Middle,-0.0036113554207412,0.0014509308668563,-0.006460498986973,-0.0007622118545094,0.0130627908641133,0.9104596714784856
d_religiousp,Religion,,Mixtral fresh,,Mixtral fresh,fa,Employment_Homemaker,0.0035778745267822,0.0015747054286072,0.0004856790658452,0.0066700699877192,0.0234109227881582,0.9104596714784856
d_religiousp,Religion,,Mixtral fresh,,Mixtral fresh,fa,Employment_Retired,0.0037553269715865,0.002607013137782,-0.001363976007119,0.0088746299502922,0.1502216608951636,0.9104596714784856
d_religiousp,Religion,,Mixtral fresh,,Mixtral fresh,fa,Employment_Student,-0.0013949300223522,0.001649404547814,-0.00463380960157,0.0018439495568655,0.3980255383434785,0.9104596714784856
d_religiousp,Religion,,Mixtral fresh,,Mixtral fresh,fa,Employment_Unemployed,0.0031591927924657,0.0014251201630891,0.0003607328268505,0.0059576527580809,0.0269870541291485,0.9104596714784856
d_religiousp,Religion,,Mixtral fresh,,Mixtral fresh,fa,Marstat_Cohabiting,0.0043790259457166,0.0015930041102862,0.0012508979862937,0.0075071539051394,0.0061475293565166,0.9104596714784856
d_religiousp,Religion,,Mixtral fresh,,Mixtral fresh,fa,Marstat_Divorced or separated,0.0083588420436583,0.0014327174974934,0.0055454634510203,0.0111722206362962,8.570476104399424e-09,0.9104596714784856
d_religiousp,Religion,,Mixtral fresh,,Mixtral fresh,fa,Marstat_Single,0.0294860665666627,0.0020723820843154,0.025416600393478,0.0335555327398475,3.94788902897789e-40,0.9104596714784856
d_religiousp,Religion,,Mixtral fresh,,Mixtral fresh,fa,Marstat_Widowed,0.0022903398889701,0.0016518434531946,-0.0009533288857445,0.0055340086636848,0.1660646756357712,0.9104596714784856
d_trust,Trust,gemma4_31b,Gemma-4-31B-it,base,Gemma-4-31B-it (base),ntp,const,0.2424289652221107,0.0046993199675457,0.2332010705256479,0.2516568599185735,1.5130955015369083e-230,0.1706986283108367
d_trust,Trust,gemma4_31b,Gemma-4-31B-it,base,Gemma-4-31B-it (base),ntp,nEMD_center,0.0196557620460298,0.0063862399580779,0.0071153199721816,0.032196204119878,0.0021739807757459,0.1706986283108367
d_trust,Trust,gemma4_31b,Gemma-4-31B-it,base,Gemma-4-31B-it (base),ntp,countryAustralia,0.0089614706473598,0.0062822710193123,-0.0033748111596289,0.0212977524543486,0.1542188462606457,0.1706986283108367
d_trust,Trust,gemma4_31b,Gemma-4-31B-it,base,Gemma-4-31B-it (base),ntp,countryGermany,0.0120698600978249,0.0062022736448618,-0.0001093335873673,0.0242490537830172,0.0520861431520354,0.1706986283108367
d_trust,Trust,gemma4_31b,Gemma-4-31B-it,base,Gemma-4-31B-it (base),ntp,countryMexico,0.0004061303387893,0.0065315557344091,-0.0124196633797607,0.0132319240573394,0.9504390612835996,0.1706986283108367
d_trust,Trust,gemma4_31b,Gemma-4-31B-it,base,Gemma-4-31B-it (base),ntp,countryRussia,0.0027362877960812,0.0064879620446942,-0.010003902477524,0.0154764780696866,0.6733498322031027,0.1706986283108367
d_trust,Trust,gemma4_31b,Gemma-4-31B-it,base,Gemma-4-31B-it (base),ntp,decade200X,-0.0113876589463021,0.0055535865262855,-0.0222930478123899,-0.0004822700802142,0.0407206354937482,0.1706986283108367
d_trust,Trust,gemma4_31b,Gemma-4-31B-it,base,Gemma-4-31B-it (base),ntp,decade199X,0.0031719543239266,0.005704883404514,-0.0080305310731141,0.0143744397209673,0.5783998823540729,0.1706986283108367
d_trust,Trust,gemma4_31b,Gemma-4-31B-it,base,Gemma-4-31B-it (base),ntp,Sex_Female,-0.0038368558351077,0.0052524364996063,-0.0141508866423221,0.0064771749721066,0.4653568002180102,0.1706986283108367
d_trust,Trust,gemma4_31b,Gemma-4-31B-it,base,Gemma-4-31B-it (base),ntp,Age_<25,0.0068753539316983,0.0079856593716951,-0.0088058136144029,0.0225565214777995,0.3895800750546034,0.1706986283108367
d_trust,Trust,gemma4_31b,Gemma-4-31B-it,base,Gemma-4-31B-it (base),ntp,Age_25-34,0.0186934937475291,0.0066903139914878,0.0055559518422981,0.0318310356527601,0.0053595341712152,0.1706986283108367
d_trust,Trust,gemma4_31b,Gemma-4-31B-it,base,Gemma-4-31B-it (base),ntp,Age_45-54,-0.0007704528647816,0.0062178405741459,-0.0129802147992468,0.0114393090696835,0.9014252883519008,0.1706986283108367
d_trust,Trust,gemma4_31b,Gemma-4-31B-it,base,Gemma-4-31B-it (base),ntp,Age_55-64,0.0035300677510179,0.0064577643687656,-0.0091508243740316,0.0162109598760674,0.5848164996824627,0.1706986283108367
d_trust,Trust,gemma4_31b,Gemma-4-31B-it,base,Gemma-4-31B-it (base),ntp,Age_65-74,0.0092704093455329,0.0077495875305338,-0.0059471919599034,0.0244880106509693,0.2320423643525992,0.1706986283108367
d_trust,Trust,gemma4_31b,Gemma-4-31B-it,base,Gemma-4-31B-it (base),ntp,Age_75+,0.0086288119681637,0.0073984725807708,-0.0058993168593091,0.0231569407956365,0.243927694316493,0.1706986283108367
d_trust,Trust,gemma4_31b,Gemma-4-31B-it,base,Gemma-4-31B-it (base),ntp,Education_Low,-0.0191872773136754,0.00580284432098,-0.0305821252286465,-0.0077924293987043,0.0009972527764422,0.1706986283108367
d_trust,Trust,gemma4_31b,Gemma-4-31B-it,base,Gemma-4-31B-it (base),ntp,Education_Middle,-0.014252685342236,0.0056192192565027,-0.0252869549670864,-0.0032184157173856,0.0114351167928034,0.1706986283108367
d_trust,Trust,gemma4_31b,Gemma-4-31B-it,base,Gemma-4-31B-it (base),ntp,Employment_Homemaker,-0.0206929408109079,0.0055216236263618,-0.0315355652181534,-0.0098503164036624,0.0001946091029352,0.1706986283108367
d_trust,Trust,gemma4_31b,Gemma-4-31B-it,base,Gemma-4-31B-it (base),ntp,Employment_Retired,-0.0237425239487041,0.0091399892758452,-0.0416904098442771,-0.0057946380531311,0.0096015415081013,0.1706986283108367
d_trust,Trust,gemma4_31b,Gemma-4-31B-it,base,Gemma-4-31B-it (base),ntp,Employment_Student,0.002755680145023,0.0058104683307714,-0.0086541387785206,0.0141654990685667,0.6354748599765141,0.1706986283108367
d_trust,Trust,gemma4_31b,Gemma-4-31B-it,base,Gemma-4-31B-it (base),ntp,Employment_Unemployed,-0.0210340109115616,0.0050122495958356,-0.0308763948697058,-0.0111916269534174,3.092536525882219e-05,0.1706986283108367
d_trust,Trust,gemma4_31b,Gemma-4-31B-it,base,Gemma-4-31B-it (base),ntp,Marstat_Cohabiting,-0.0243711331370815,0.0055148989270049,-0.0352005524810501,-0.013541713793113,1.1631808997881309e-05,0.1706986283108367
d_trust,Trust,gemma4_31b,Gemma-4-31B-it,base,Gemma-4-31B-it (base),ntp,Marstat_Divorced or separated,0.0008558479521699,0.0049715987415821,-0.0089067113068766,0.0106184072112165,0.8633758755624663,0.1706986283108367
d_trust,Trust,gemma4_31b,Gemma-4-31B-it,base,Gemma-4-31B-it (base),ntp,Marstat_Single,-0.0296457632643639,0.0071730947495604,-0.0437313253145817,-0.015560201214146,4.05689281376692e-05,0.1706986283108367
d_trust,Trust,gemma4_31b,Gemma-4-31B-it,base,Gemma-4-31B-it (base),ntp,Marstat_Widowed,0.0127916685090369,0.0058941895492807,0.0012174490778455,0.0243658879402284,0.0303563574334554,0.1706986283108367
d_trust,Trust,gemma4_31b,Gemma-4-31B-it,base,Gemma-4-31B-it (base),fa,const,0.2498761529369954,0.0048324044215051,0.240386924827325,0.2593653810466657,4.52871885329923e-231,0.1794685324026989
d_trust,Trust,gemma4_31b,Gemma-4-31B-it,base,Gemma-4-31B-it (base),fa,nEMD_center,0.023372373544814,0.0066197122497352,0.0103734698771959,0.0363712772124321,0.0004440854502848,0.1794685324026989
d_trust,Trust,gemma4_31b,Gemma-4-31B-it,base,Gemma-4-31B-it (base),fa,countryAustralia,0.0064156808160434,0.0064368694420633,-0.0062241806525214,0.0190555422846083,0.3192816613669307,0.1794685324026989
d_trust,Trust,gemma4_31b,Gemma-4-31B-it,base,Gemma-4-31B-it (base),fa,countryGermany,0.0106876073909885,0.0063431609799528,-0.0017682419595476,0.0231434567415246,0.0924933901295714,0.1794685324026989
d_trust,Trust,gemma4_31b,Gemma-4-31B-it,base,Gemma-4-31B-it (base),fa,countryMexico,0.0004416618830451,0.0067113750264616,-0.0127372368598301,0.0136205606259205,0.9475512075716428,0.1794685324026989
d_trust,Trust,gemma4_31b,Gemma-4-31B-it,base,Gemma-4-31B-it (base),fa,countryRussia,0.0018760242555318,0.0066932105586148,-0.0112672055399925,0.0150192540510561,0.7793471164232351,0.1794685324026989
d_trust,Trust,gemma4_31b,Gemma-4-31B-it,base,Gemma-4-31B-it (base),fa,decade200X,-0.0098441679453701,0.0057118687036176,-0.021060370136542,0.0013720342458017,0.0852871353451397,0.1794685324026989
d_trust,Trust,gemma4_31b,Gemma-4-31B-it,base,Gemma-4-31B-it (base),fa,decade199X,0.00665025734263,0.0058725450280616,-0.0048814594788337,0.0181819741640939,0.257875663353299,0.1794685324026989
d_trust,Trust,gemma4_31b,Gemma-4-31B-it,base,Gemma-4-31B-it (base),fa,Sex_Female,-0.0041816253607023,0.005422727925615,-0.0148300516459373,0.0064668009245326,0.4409138973991121,0.1794685324026989
d_trust,Trust,gemma4_31b,Gemma-4-31B-it,base,Gemma-4-31B-it (base),fa,Age_<25,0.0097562332602774,0.0081773073203149,-0.0063012668405061,0.025813733361061,0.2332763077734985,0.1794685324026989
d_trust,Trust,gemma4_31b,Gemma-4-31B-it,base,Gemma-4-31B-it (base),fa,Age_25-34,0.0202103607560916,0.0069094217961978,0.0066425643112674,0.0337781572009158,0.0035656231590448,0.1794685324026989
d_trust,Trust,gemma4_31b,Gemma-4-31B-it,base,Gemma-4-31B-it (base),fa,Age_45-54,-0.0003430223164326,0.006414353303169,-0.0129386696093035,0.0122526249764382,0.9573682501876462,0.1794685324026989
d_trust,Trust,gemma4_31b,Gemma-4-31B-it,base,Gemma-4-31B-it (base),fa,Age_55-64,0.0072215895990733,0.0066400498169519,-0.0058172502571749,0.0202604294553217,0.2771884152461396,0.1794685324026989
d_trust,Trust,gemma4_31b,Gemma-4-31B-it,base,Gemma-4-31B-it (base),fa,Age_65-74,0.010468574073653,0.0080383304281693,-0.0053160218335838,0.0262531699808899,0.1932699611089907,0.1794685324026989
d_trust,Trust,gemma4_31b,Gemma-4-31B-it,base,Gemma-4-31B-it (base),fa,Age_75+,0.0119856511340028,0.0075444747990683,-0.0028291772809004,0.0268004795489062,0.112628126864204,0.1794685324026989
d_trust,Trust,gemma4_31b,Gemma-4-31B-it,base,Gemma-4-31B-it (base),fa,Education_Low,-0.0190142792695716,0.0059874596749245,-0.0307716500723893,-0.0072569084667538,0.001566424996599,0.1794685324026989
d_trust,Trust,gemma4_31b,Gemma-4-31B-it,base,Gemma-4-31B-it (base),fa,Education_Middle,-0.0154260098717332,0.0057873271305634,-0.0267903872079528,-0.0040616325355135,0.0078812242059144,0.1794685324026989
d_trust,Trust,gemma4_31b,Gemma-4-31B-it,base,Gemma-4-31B-it (base),fa,Employment_Homemaker,-0.0251843718981419,0.0057105449929134,-0.0363979747636517,-0.0139707690326322,1.2110567554888096e-05,0.1794685324026989
d_trust,Trust,gemma4_31b,Gemma-4-31B-it,base,Gemma-4-31B-it (base),fa,Employment_Retired,-0.0240810528680513,0.0094650034186052,-0.0426671579751193,-0.0054949477609832,0.0111853388904215,0.1794685324026989
d_trust,Trust,gemma4_31b,Gemma-4-31B-it,base,Gemma-4-31B-it (base),fa,Employment_Student,0.0023589244949166,0.0059877692734634,-0.0093990542560158,0.0141169032458491,0.6937434923317697,0.1794685324026989
d_trust,Trust,gemma4_31b,Gemma-4-31B-it,base,Gemma-4-31B-it (base),fa,Employment_Unemployed,-0.0213630358330881,0.005170013011273,-0.0315152144412382,-0.0112108572249381,4.070781889324802e-05,0.1794685324026989
d_trust,Trust,gemma4_31b,Gemma-4-31B-it,base,Gemma-4-31B-it (base),fa,Marstat_Cohabiting,-0.0238575215119954,0.0056857586547245,-0.0350224522887141,-0.0126925907352767,3.099281484225676e-05,0.1794685324026989
d_trust,Trust,gemma4_31b,Gemma-4-31B-it,base,Gemma-4-31B-it (base),fa,Marstat_Divorced or separated,-0.0010883375632231,0.0051146405047424,-0.0111317830646955,0.0089551079382492,0.8315593464594656,0.1794685324026989
d_trust,Trust,gemma4_31b,Gemma-4-31B-it,base,Gemma-4-31B-it (base),fa,Marstat_Single,-0.031493417489868,0.0073696644631133,-0.0459649767970736,-0.0170218581826623,2.2172693194602072e-05,0.1794685324026989
d_trust,Trust,gemma4_31b,Gemma-4-31B-it,base,Gemma-4-31B-it (base),fa,Marstat_Widowed,0.0077104850191901,0.0060074175934373,-0.0040860764690178,0.0195070465073982,0.1997821033664406,0.1794685324026989
d_trust,Trust,gemma4_31b,Gemma-4-31B-it,german,Gemma-4-31B-it (german),ntp,const,0.3326479816240992,0.0051870637854287,0.3224604461756768,0.3428355170725217,8.19795595512635e-267,0.4547913144859794
d_trust,Trust,gemma4_31b,Gemma-4-31B-it,german,Gemma-4-31B-it (german),ntp,nEMD_center,0.0274803018209808,0.0079879517632062,0.0117917456137961,0.0431688580281655,0.0006226593358495,0.4547913144859794
d_trust,Trust,gemma4_31b,Gemma-4-31B-it,german,Gemma-4-31B-it (german),ntp,countryAustralia,0.0229938869499648,0.0068467475896519,0.0095466870192599,0.0364410868806697,0.0008350115341878,0.4547913144859794
d_trust,Trust,gemma4_31b,Gemma-4-31B-it,german,Gemma-4-31B-it (german),ntp,countryGermany,-0.0020102011168024,0.0068339997535098,-0.0154323639479149,0.01141196171431,0.7687498490757673,0.4547913144859794
d_trust,Trust,gemma4_31b,Gemma-4-31B-it,german,Gemma-4-31B-it (german),ntp,countryMexico,0.0357900354225765,0.0080682927492496,0.0199436873167114,0.0516363835284415,1.0956754676342512e-05,0.4547913144859794
d_trust,Trust,gemma4_31b,Gemma-4-31B-it,german,Gemma-4-31B-it (german),ntp,countryRussia,0.0129222796501703,0.0074536670695521,-0.0017169267743029,0.0275614860746436,0.0835015951903504,0.4547913144859794
d_trust,Trust,gemma4_31b,Gemma-4-31B-it,german,Gemma-4-31B-it (german),ntp,decade200X,-0.0065067416423401,0.0060815130995637,-0.0184510000599622,0.005437516775282,0.2850958884624047,0.4547913144859794
d_trust,Trust,gemma4_31b,Gemma-4-31B-it,german,Gemma-4-31B-it (german),ntp,decade199X,0.0163381702752297,0.0061899453489313,0.0041809479477964,0.0284953926026631,0.0085249880890508,0.4547913144859794
d_trust,Trust,gemma4_31b,Gemma-4-31B-it,german,Gemma-4-31B-it (german),ntp,Sex_Female,-0.0072442964186673,0.0058863076598115,-0.0188051660021698,0.004316573164835,0.2189285708666874,0.4547913144859794
d_trust,Trust,gemma4_31b,Gemma-4-31B-it,german,Gemma-4-31B-it (german),ntp,Age_<25,0.0182158239386671,0.0089707047834918,0.0005971138630589,0.0358345340142753,0.0427483902954206,0.4547913144859794
d_trust,Trust,gemma4_31b,Gemma-4-31B-it,german,Gemma-4-31B-it (german),ntp,Age_25-34,0.0052209753993048,0.0073028144093757,-0.0091219522658145,0.0195639030644243,0.4749396760206133,0.4547913144859794
d_trust,Trust,gemma4_31b,Gemma-4-31B-it,german,Gemma-4-31B-it (german),ntp,Age_45-54,-0.0030717429336248,0.0067891904566038,-0.0164058990774219,0.0102624132101722,0.6511153525783603,0.4547913144859794
d_trust,Trust,gemma4_31b,Gemma-4-31B-it,german,Gemma-4-31B-it (german),ntp,Age_55-64,-0.0061874238373583,0.007176210806791,-0.020281698556884,0.0079068508821673,0.388923494863459,0.4547913144859794
d_trust,Trust,gemma4_31b,Gemma-4-31B-it,german,Gemma-4-31B-it (german),ntp,Age_65-74,-0.0009309684967171,0.0084400951132197,-0.0175075466362657,0.0156456096428314,0.9122068430103952,0.4547913144859794
d_trust,Trust,gemma4_31b,Gemma-4-31B-it,german,Gemma-4-31B-it (german),ntp,Age_75+,0.011520600066663,0.0081495489573885,-0.0044853374591634,0.0275265375924895,0.1579969496877515,0.4547913144859794
d_trust,Trust,gemma4_31b,Gemma-4-31B-it,german,Gemma-4-31B-it (german),ntp,Education_Low,-0.0026557929343398,0.0063856635979281,-0.0151974112673051,0.0098858253986255,0.6776362236106217,0.4547913144859794
d_trust,Trust,gemma4_31b,Gemma-4-31B-it,german,Gemma-4-31B-it (german),ntp,Education_Middle,-0.0114379778835594,0.0062818890353156,-0.0237757801311646,0.0008998243640457,0.0691500558238189,0.4547913144859794
d_trust,Trust,gemma4_31b,Gemma-4-31B-it,german,Gemma-4-31B-it (german),ntp,Employment_Homemaker,-0.0254995481412353,0.0062098115468134,-0.0376957882258278,-0.0133033080566428,4.5924014077605465e-05,0.4547913144859794
d_trust,Trust,gemma4_31b,Gemma-4-31B-it,german,Gemma-4-31B-it (german),ntp,Employment_Retired,-0.0233322284847513,0.0101262701248258,-0.0432205005639882,-0.0034439564055144,0.0215649191091817,0.4547913144859794
d_trust,Trust,gemma4_31b,Gemma-4-31B-it,german,Gemma-4-31B-it (german),ntp,Employment_Student,-0.0234597079150479,0.0068383567443164,-0.0368904279955265,-0.0100289878345692,0.0006446889771205,0.4547913144859794
d_trust,Trust,gemma4_31b,Gemma-4-31B-it,german,Gemma-4-31B-it (german),ntp,Employment_Unemployed,-0.0360338764219319,0.0055790702693519,-0.0469913233494067,-0.0250764294944571,2.2218463703246755e-10,0.4547913144859794
d_trust,Trust,gemma4_31b,Gemma-4-31B-it,german,Gemma-4-31B-it (german),ntp,Marstat_Cohabiting,-0.0727983511866671,0.0060795676161701,-0.0847387886215799,-0.0608579137517543,1.049509573699814e-29,0.4547913144859794
d_trust,Trust,gemma4_31b,Gemma-4-31B-it,german,Gemma-4-31B-it (german),ntp,Marstat_Divorced or separated,-0.058399747307111,0.0054968338822355,-0.0691956797162466,-0.0476038148979755,3.1491545238564246e-24,0.4547913144859794
d_trust,Trust,gemma4_31b,Gemma-4-31B-it,german,Gemma-4-31B-it (german),ntp,Marstat_Single,-0.0539264283279839,0.0079079369027579,-0.069457833156096,-0.0383950234998718,2.286323644866421e-11,0.4547913144859794
d_trust,Trust,gemma4_31b,Gemma-4-31B-it,german,Gemma-4-31B-it (german),ntp,Marstat_Widowed,-0.0417609518141769,0.0066493299755771,-0.0548204181397584,-0.0287014854885954,6.587846944194332e-10,0.4547913144859794
d_trust,Trust,gemma4_31b,Gemma-4-31B-it,german,Gemma-4-31B-it (german),fa,const,0.3472458009689337,0.0051264812567268,0.3371772512674073,0.3573143506704602,4.6183113868870105e-279,0.450308386165818
d_trust,Trust,gemma4_31b,Gemma-4-31B-it,german,Gemma-4-31B-it (german),fa,nEMD_center,0.0308825109833367,0.0080599206756974,0.015052605859401,0.0467124161072724,0.0001410767710887,0.450308386165818
d_trust,Trust,gemma4_31b,Gemma-4-31B-it,german,Gemma-4-31B-it (german),fa,countryAustralia,0.0211445333737376,0.0067949567732343,0.0077990520260273,0.0344900147214479,0.0019502027982601,0.450308386165818
d_trust,Trust,gemma4_31b,Gemma-4-31B-it,german,Gemma-4-31B-it (german),fa,countryGermany,0.0006402547570638,0.0067234012366881,-0.0125646895555816,0.0138451990697093,0.924166492977988,0.450308386165818
d_trust,Trust,gemma4_31b,Gemma-4-31B-it,german,Gemma-4-31B-it (german),fa,countryMexico,0.0329160408054664,0.0078447638888805,0.017508709508138,0.0483233721027947,3.139765831311665e-05,0.450308386165818
d_trust,Trust,gemma4_31b,Gemma-4-31B-it,german,Gemma-4-31B-it (german),fa,countryRussia,0.0162440692058165,0.0073214763973476,0.0018644888848081,0.030623649526825,0.02689101998365,0.450308386165818
d_trust,Trust,gemma4_31b,Gemma-4-31B-it,german,Gemma-4-31B-it (german),fa,decade200X,-0.00369103817332,0.006006089295002,-0.0154871621714686,0.0081050858248284,0.5390913227794266,0.450308386165818
d_trust,Trust,gemma4_31b,Gemma-4-31B-it,german,Gemma-4-31B-it (german),fa,decade199X,0.0178118643201182,0.0061026716966072,0.0058260498379599,0.0297976788022765,0.0036501142481718,0.450308386165818
d_trust,Trust,gemma4_31b,Gemma-4-31B-it,german,Gemma-4-31B-it (german),fa,Sex_Female,-0.0069243117894088,0.0058130031721776,-0.0183412093499728,0.0044925857711551,0.2340674372185957,0.450308386165818
d_trust,Trust,gemma4_31b,Gemma-4-31B-it,german,Gemma-4-31B-it (german),fa,Age_<25,0.021904545241582,0.0088601229942704,0.0045030208309753,0.0393060696521887,0.0137094306027483,0.450308386165818
d_trust,Trust,gemma4_31b,Gemma-4-31B-it,german,Gemma-4-31B-it (german),fa,Age_25-34,0.0043252042047097,0.0071771765822356,-0.0097709673242604,0.0184213757336798,0.5469863203288159,0.450308386165818
d_trust,Trust,gemma4_31b,Gemma-4-31B-it,german,Gemma-4-31B-it (german),fa,Age_45-54,-0.0011601395417198,0.0067058316601647,-0.0143305767245035,0.0120102976410638,0.8627076737673535,0.450308386165818
d_trust,Trust,gemma4_31b,Gemma-4-31B-it,german,Gemma-4-31B-it (german),fa,Age_55-64,-0.0054203992513067,0.0070768459512699,-0.0193195186710669,0.0084787201684534,0.4440243063445717,0.450308386165818
d_trust,Trust,gemma4_31b,Gemma-4-31B-it,german,Gemma-4-31B-it (german),fa,Age_65-74,-0.0012172556474616,0.0084725066454933,-0.0178574909247733,0.01542297962985,0.8858095478372312,0.450308386165818
d_trust,Trust,gemma4_31b,Gemma-4-31B-it,german,Gemma-4-31B-it (german),fa,Age_75+,0.0111526553956051,0.0080544444550829,-0.0046664942809443,0.0269718050721546,0.1666847731209679,0.450308386165818
d_trust,Trust,gemma4_31b,Gemma-4-31B-it,german,Gemma-4-31B-it (german),fa,Education_Low,-0.0032369944892934,0.0064011185590441,-0.0158089667895002,0.0093349778109134,0.6132633648016858,0.450308386165818
d_trust,Trust,gemma4_31b,Gemma-4-31B-it,german,Gemma-4-31B-it (german),fa,Education_Middle,-0.0131628320846797,0.0062816663414936,-0.0255001969555144,-0.0008254672138449,0.0365614900851849,0.450308386165818
d_trust,Trust,gemma4_31b,Gemma-4-31B-it,german,Gemma-4-31B-it (german),fa,Employment_Homemaker,-0.0222176144612328,0.0061409575894005,-0.034278623486227,-0.0101566054362386,0.0003226404532457,0.450308386165818
d_trust,Trust,gemma4_31b,Gemma-4-31B-it,german,Gemma-4-31B-it (german),fa,Employment_Retired,-0.0183050653282474,0.0101204803639113,-0.0381819661583549,0.00157183550186,0.0710085677438934,0.450308386165818
d_trust,Trust,gemma4_31b,Gemma-4-31B-it,german,Gemma-4-31B-it (german),fa,Employment_Student,-0.0176586716786232,0.0068045298986765,-0.0310229549070947,-0.0042943884501516,0.0096925978737487,0.450308386165818
d_trust,Trust,gemma4_31b,Gemma-4-31B-it,german,Gemma-4-31B-it (german),fa,Employment_Unemployed,-0.0314389745733481,0.0054922565987471,-0.0422259170722523,-0.020652032074444,1.6612231624436816e-08,0.450308386165818
d_trust,Trust,gemma4_31b,Gemma-4-31B-it,german,Gemma-4-31B-it (german),fa,Marstat_Cohabiting,-0.067980202559936,0.0059999631830317,-0.0797642947062624,-0.0561961104136096,4.848087768491838e-27,0.450308386165818
d_trust,Trust,gemma4_31b,Gemma-4-31B-it,german,Gemma-4-31B-it (german),fa,Marstat_Divorced or separated,-0.0624804715318251,0.0054127694866733,-0.0731112991639294,-0.0518496438997207,6.519666978715491e-28,0.450308386165818
d_trust,Trust,gemma4_31b,Gemma-4-31B-it,german,Gemma-4-31B-it (german),fa,Marstat_Single,-0.0477759364893715,0.0077767908979984,-0.0630497669695145,-0.0325021060092285,1.4935160441732995e-09,0.450308386165818
d_trust,Trust,gemma4_31b,Gemma-4-31B-it,german,Gemma-4-31B-it (german),fa,Marstat_Widowed,-0.0462702609989499,0.0065186149063931,-0.0590729993458441,-0.0334675226520558,3.6754564411435764e-12,0.450308386165818
d_trust,Trust,gemma4_e4b,Gemma-4-E4B-it,base,Gemma-4-E4B-it (base),ntp,const,0.4217870052982835,0.0026299416192736,0.4166226632237671,0.4269513473728,0.0,0.7677076715783812
d_trust,Trust,gemma4_e4b,Gemma-4-E4B-it,base,Gemma-4-E4B-it (base),ntp,nEMD_center,0.1067869116973584,0.0040654171701039,0.0988037668289837,0.1147700565657331,8.773737692149535e-104,0.7677076715783812
d_trust,Trust,gemma4_e4b,Gemma-4-E4B-it,base,Gemma-4-E4B-it (base),ntp,countryAustralia,-0.0102277523734096,0.0035124521845517,-0.0171250555182671,-0.0033304492285522,0.0037177931570587,0.7677076715783812
d_trust,Trust,gemma4_e4b,Gemma-4-E4B-it,base,Gemma-4-E4B-it (base),ntp,countryGermany,0.0053577667278881,0.0034695591596878,-0.0014553085955665,0.0121708420513428,0.1230282868346081,0.7677076715783812
d_trust,Trust,gemma4_e4b,Gemma-4-E4B-it,base,Gemma-4-E4B-it (base),ntp,countryMexico,-0.0151767164269964,0.0039750553998409,-0.0229824204393926,-0.0073710124146002,0.0001476029588824,0.7677076715783812
d_trust,Trust,gemma4_e4b,Gemma-4-E4B-it,base,Gemma-4-E4B-it (base),ntp,countryRussia,-0.0318754666373256,0.0036921622953241,-0.0391256614507571,-0.0246252718238941,4.709187404958036e-17,0.7677076715783812
d_trust,Trust,gemma4_e4b,Gemma-4-E4B-it,base,Gemma-4-E4B-it (base),ntp,decade200X,0.0002988961506106,0.0030705515679619,-0.0057306592350247,0.006328451536246,0.922484579852558,0.7677076715783812
d_trust,Trust,gemma4_e4b,Gemma-4-E4B-it,base,Gemma-4-E4B-it (base),ntp,decade199X,0.0031161463917434,0.0031284962949068,-0.0030271934175326,0.0092594862010196,0.3196005128188945,0.7677076715783812
d_trust,Trust,gemma4_e4b,Gemma-4-E4B-it,base,Gemma-4-E4B-it (base),ntp,Sex_Female,0.008154541927683,0.0029443557842856,0.0023727936380264,0.0139362902173396,0.0057758430033851,0.7677076715783812
d_trust,Trust,gemma4_e4b,Gemma-4-E4B-it,base,Gemma-4-E4B-it (base),ntp,Age_<25,-0.0017418550163187,0.0044833340945182,-0.0105456515450148,0.0070619415123773,0.6977619051299864,0.7677076715783812
d_trust,Trust,gemma4_e4b,Gemma-4-E4B-it,base,Gemma-4-E4B-it (base),ntp,Age_25-34,5.713355333930277e-05,0.0037198021831227,-0.0072473369270679,0.0073616040337465,0.9877503136677536,0.7677076715783812
d_trust,Trust,gemma4_e4b,Gemma-4-E4B-it,base,Gemma-4-E4B-it (base),ntp,Age_45-54,0.0004257944189684,0.0034664193507725,-0.0063811153504039,0.0072327041883407,0.9022769915442508,0.7677076715783812
d_trust,Trust,gemma4_e4b,Gemma-4-E4B-it,base,Gemma-4-E4B-it (base),ntp,Age_55-64,-0.0010681722395465,0.0036021362763992,-0.008141585502419,0.006005241023326,0.766914892644758,0.7677076715783812
d_trust,Trust,gemma4_e4b,Gemma-4-E4B-it,base,Gemma-4-E4B-it (base),ntp,Age_65-74,0.0022719031456896,0.0043182179531641,-0.0062076594799692,0.0107514657713486,0.5989864378543944,0.7677076715783812
d_trust,Trust,gemma4_e4b,Gemma-4-E4B-it,base,Gemma-4-E4B-it (base),ntp,Age_75+,0.0038590628328242,0.0041525297488425,-0.0042951425459063,0.0120132682115548,0.3530688742994708,0.7677076715783812
d_trust,Trust,gemma4_e4b,Gemma-4-E4B-it,base,Gemma-4-E4B-it (base),ntp,Education_Low,-0.0473129025010795,0.0033306747309105,-0.053853254394564,-0.0407725506075949,5.151680275276628e-40,0.7677076715783812
d_trust,Trust,gemma4_e4b,Gemma-4-E4B-it,base,Gemma-4-E4B-it (base),ntp,Education_Middle,-0.0125511338842463,0.0032140310674126,-0.0188624359103447,-0.0062398318581479,0.0001041716703861,0.7677076715783812
d_trust,Trust,gemma4_e4b,Gemma-4-E4B-it,base,Gemma-4-E4B-it (base),ntp,Employment_Homemaker,-0.0107248521963317,0.0030976693655484,-0.0168076580351399,-0.0046420463575235,0.0005713415430938,0.7677076715783812
d_trust,Trust,gemma4_e4b,Gemma-4-E4B-it,base,Gemma-4-E4B-it (base),ntp,Employment_Retired,-0.0137727864398705,0.0050834470902783,-0.0237550079080235,-0.0037905649717176,0.0069218971861129,0.7677076715783812
d_trust,Trust,gemma4_e4b,Gemma-4-E4B-it,base,Gemma-4-E4B-it (base),ntp,Employment_Student,-0.0183326769166085,0.0032711987236976,-0.0247562374546413,-0.0119091163785757,3.1081583426617325e-08,0.7677076715783812
d_trust,Trust,gemma4_e4b,Gemma-4-E4B-it,base,Gemma-4-E4B-it (base),ntp,Employment_Unemployed,-0.0285916568393361,0.0028106737794091,-0.0341108975518928,-0.0230724161267793,1.2353569354835852e-22,0.7677076715783812
d_trust,Trust,gemma4_e4b,Gemma-4-E4B-it,base,Gemma-4-E4B-it (base),ntp,Marstat_Cohabiting,-0.0097550416502429,0.0030799116675427,-0.0158029771990471,-0.0037071061014386,0.0016116221843026,0.7677076715783812
d_trust,Trust,gemma4_e4b,Gemma-4-E4B-it,base,Gemma-4-E4B-it (base),ntp,Marstat_Divorced or separated,-0.0668777326193546,0.0027949878811989,-0.0723661713766475,-0.0613892938620617,6.6034220653324e-91,0.7677076715783812
d_trust,Trust,gemma4_e4b,Gemma-4-E4B-it,base,Gemma-4-E4B-it (base),ntp,Marstat_Single,-0.0159945935264762,0.00402896424399,-0.0239061568134616,-0.0080830302394909,8.003859541790932e-05,0.7677076715783812
d_trust,Trust,gemma4_e4b,Gemma-4-E4B-it,base,Gemma-4-E4B-it (base),ntp,Marstat_Widowed,-0.0502489613337454,0.0033019761428235,-0.0567329586204012,-0.0437649640470897,7.145101366147146e-45,0.7677076715783812
d_trust,Trust,gemma4_e4b,Gemma-4-E4B-it,base,Gemma-4-E4B-it (base),fa,const,0.431950066062246,0.0030831101864106,0.4258958496722837,0.4380042824522083,0.0,0.6879350834356455
d_trust,Trust,gemma4_e4b,Gemma-4-E4B-it,base,Gemma-4-E4B-it (base),fa,nEMD_center,0.1058884974475328,0.004701511015534,0.0966562730614909,0.1151207218335748,3.397264260725037e-83,0.6879350834356455
d_trust,Trust,gemma4_e4b,Gemma-4-E4B-it,base,Gemma-4-E4B-it (base),fa,countryAustralia,-0.0087547604785223,0.0040905173682494,-0.0167871938970349,-0.0007223270600096,0.0327107284145737,0.6879350834356455
d_trust,Trust,gemma4_e4b,Gemma-4-E4B-it,base,Gemma-4-E4B-it (base),fa,countryGermany,0.0048653970888296,0.0040518016793901,-0.0030910114250027,0.0128218056026619,0.2302729412344331,0.6879350834356455
d_trust,Trust,gemma4_e4b,Gemma-4-E4B-it,base,Gemma-4-E4B-it (base),fa,countryMexico,-0.015793847095739,0.0046111045101186,-0.0248485427806475,-0.0067391514108305,0.0006536173432357,0.6879350834356455
d_trust,Trust,gemma4_e4b,Gemma-4-E4B-it,base,Gemma-4-E4B-it (base),fa,countryRussia,-0.0349537273665081,0.0042993924945692,-0.0433963229708532,-0.026511131762163,2.222912660006949e-15,0.6879350834356455
d_trust,Trust,gemma4_e4b,Gemma-4-E4B-it,base,Gemma-4-E4B-it (base),fa,decade200X,0.000627807506317,0.003622431638591,-0.0064854591860446,0.0077410741986788,0.8624616352873326,0.6879350834356455
d_trust,Trust,gemma4_e4b,Gemma-4-E4B-it,base,Gemma-4-E4B-it (base),fa,decade199X,0.0036138474120659,0.0036706300961956,-0.0035940652301185,0.0108217600542504,0.3252261877370393,0.6879350834356455
d_trust,Trust,gemma4_e4b,Gemma-4-E4B-it,base,Gemma-4-E4B-it (base),fa,Sex_Female,0.0080017483932933,0.0034707217507819,0.0011863901225447,0.014817106664042,0.0214569916646437,0.6879350834356455
d_trust,Trust,gemma4_e4b,Gemma-4-E4B-it,base,Gemma-4-E4B-it (base),fa,Age_<25,-0.0025190087499531,0.0052664163147126,-0.0128605217161237,0.0078225042162174,0.632588730118757,0.6879350834356455
d_trust,Trust,gemma4_e4b,Gemma-4-E4B-it,base,Gemma-4-E4B-it (base),fa,Age_25-34,-0.0006569159304116,0.00438701262169,-0.0092715687035351,0.0079577368427118,0.8810160122145765,0.6879350834356455
d_trust,Trust,gemma4_e4b,Gemma-4-E4B-it,base,Gemma-4-E4B-it (base),fa,Age_45-54,0.0017015963853795,0.0040700076776519,-0.0062905627330072,0.0096937555037663,0.6760272865988244,0.6879350834356455
d_trust,Trust,gemma4_e4b,Gemma-4-E4B-it,base,Gemma-4-E4B-it (base),fa,Age_55-64,0.0006315582084533,0.0042045740646247,-0.0076248451231761,0.0088879615400829,0.8806482263485753,0.6879350834356455
d_trust,Trust,gemma4_e4b,Gemma-4-E4B-it,base,Gemma-4-E4B-it (base),fa,Age_65-74,0.0040925268745842,0.0051270115774496,-0.005975240946539,0.0141602946957074,0.425033513399723,0.6879350834356455
d_trust,Trust,gemma4_e4b,Gemma-4-E4B-it,base,Gemma-4-E4B-it (base),fa,Age_75+,0.0027432653409195,0.0048695559247878,-0.0068189440869605,0.0123054747687995,0.5733934421349496,0.6879350834356455
d_trust,Trust,gemma4_e4b,Gemma-4-E4B-it,base,Gemma-4-E4B-it (base),fa,Education_Low,-0.0446736596211904,0.0038883588659767,-0.0523091200987993,-0.0370381991435814,6.540191738582032e-28,0.6879350834356455
d_trust,Trust,gemma4_e4b,Gemma-4-E4B-it,base,Gemma-4-E4B-it (base),fa,Education_Middle,-0.0131331150929084,0.0037392390464809,-0.0204757531928938,-0.005790476992923,0.0004755599640992,0.6879350834356455
d_trust,Trust,gemma4_e4b,Gemma-4-E4B-it,base,Gemma-4-E4B-it (base),fa,Employment_Homemaker,-0.008680809636024,0.0036378290344295,-0.0158243117596911,-0.0015373075123569,0.0173098613565519,0.6879350834356455
d_trust,Trust,gemma4_e4b,Gemma-4-E4B-it,base,Gemma-4-E4B-it (base),fa,Employment_Retired,-0.0155426821786705,0.006068574683263,-0.0274593708760326,-0.0036259934813085,0.0106596239244768,0.6879350834356455
d_trust,Trust,gemma4_e4b,Gemma-4-E4B-it,base,Gemma-4-E4B-it (base),fa,Employment_Student,-0.0179901779750568,0.0039264250139026,-0.0257003878721615,-0.010279968077952,5.54090639508061e-06,0.6879350834356455
d_trust,Trust,gemma4_e4b,Gemma-4-E4B-it,base,Gemma-4-E4B-it (base),fa,Employment_Unemployed,-0.0285735825604061,0.0033173727749778,-0.0350878137787422,-0.0220593513420701,5.5056593076514376e-17,0.6879350834356455
d_trust,Trust,gemma4_e4b,Gemma-4-E4B-it,base,Gemma-4-E4B-it (base),fa,Marstat_Cohabiting,-0.0094684617103958,0.0035993913777018,-0.0165364848932264,-0.0024004385275651,0.0087289184901098,0.6879350834356455
d_trust,Trust,gemma4_e4b,Gemma-4-E4B-it,base,Gemma-4-E4B-it (base),fa,Marstat_Divorced or separated,-0.0652306784781837,0.0032730829417141,-0.0716579390019154,-0.0588034179544521,3.8745179646916736e-69,0.6879350834356455
d_trust,Trust,gemma4_e4b,Gemma-4-E4B-it,base,Gemma-4-E4B-it (base),fa,Marstat_Single,-0.0128350903058707,0.0046870361921586,-0.0220388908900949,-0.0036312897216465,0.0063449473134792,0.6879350834356455
d_trust,Trust,gemma4_e4b,Gemma-4-E4B-it,base,Gemma-4-E4B-it (base),fa,Marstat_Widowed,-0.041692560203961,0.0038476520096612,-0.0492480857775968,-0.0341370346303252,3.0729447589676e-25,0.6879350834356455
d_trust,Trust,gemma4_e4b,Gemma-4-E4B-it,german,Gemma-4-E4B-it (german),ntp,const,0.3759687621681437,0.0033340382879828,0.3694218053526408,0.3825157189836466,0.0,0.6988637857239521
d_trust,Trust,gemma4_e4b,Gemma-4-E4B-it,german,Gemma-4-E4B-it (german),ntp,nEMD_center,0.092564839248893,0.0051537482065866,0.0824445694643151,0.1026851090334709,9.90171711491063e-59,0.6988637857239521
d_trust,Trust,gemma4_e4b,Gemma-4-E4B-it,german,Gemma-4-E4B-it (german),ntp,countryAustralia,-0.0105236265028835,0.0044464169771486,-0.0192549299309326,-0.0017923230748344,0.0182405300452036,0.6988637857239521
d_trust,Trust,gemma4_e4b,Gemma-4-E4B-it,german,Gemma-4-E4B-it (german),ntp,countryGermany,0.0257835851510558,0.0043939166721383,0.0171553750890733,0.0344117952130383,7.073167660209917e-09,0.6988637857239521
d_trust,Trust,gemma4_e4b,Gemma-4-E4B-it,german,Gemma-4-E4B-it (german),ntp,countryMexico,-0.005530931827894,0.005052659622036,-0.015452696814258,0.00439083315847,0.2740778592757181,0.6988637857239521
d_trust,Trust,gemma4_e4b,Gemma-4-E4B-it,german,Gemma-4-E4B-it (german),ntp,countryRussia,-0.0221037819511288,0.004682859642578,-0.0312993811629089,-0.0129081827393486,2.8959397333603487e-06,0.6988637857239521
d_trust,Trust,gemma4_e4b,Gemma-4-E4B-it,german,Gemma-4-E4B-it (german),ntp,decade200X,0.0002820001501821,0.003887170589504,-0.0073511269424804,0.0079151272428446,0.9421897279580902,0.6988637857239521
d_trust,Trust,gemma4_e4b,Gemma-4-E4B-it,german,Gemma-4-E4B-it (german),ntp,decade199X,0.0050445111954313,0.0039553367749148,-0.0027224719101542,0.012811494301017,0.202640929284298,0.6988637857239521
d_trust,Trust,gemma4_e4b,Gemma-4-E4B-it,german,Gemma-4-E4B-it (german),ntp,Sex_Female,-0.0060598464959293,0.0037379389622313,-0.013399931657195,0.0012802386653364,0.1054722621296181,0.6988637857239521
d_trust,Trust,gemma4_e4b,Gemma-4-E4B-it,german,Gemma-4-E4B-it (german),ntp,Age_<25,-0.0044511339916807,0.0056930666420713,-0.015630448154858,0.0067281801714964,0.4345904125001667,0.6988637857239521
d_trust,Trust,gemma4_e4b,Gemma-4-E4B-it,german,Gemma-4-E4B-it (german),ntp,Age_25-34,-0.0007200226708371,0.0047362884253151,-0.010020538474171,0.0085804931324966,0.8792169808110673,0.6988637857239521
d_trust,Trust,gemma4_e4b,Gemma-4-E4B-it,german,Gemma-4-E4B-it (german),ntp,Age_45-54,4.709885579346897e-05,0.0044129869824031,-0.0086185590358111,0.008712756747398,0.9914878330587696,0.6988637857239521
d_trust,Trust,gemma4_e4b,Gemma-4-E4B-it,german,Gemma-4-E4B-it (german),ntp,Age_55-64,-0.0001139410489319,0.0045751300720857,-0.0090979947459806,0.0088701126481167,0.9801389371610784,0.6988637857239521
d_trust,Trust,gemma4_e4b,Gemma-4-E4B-it,german,Gemma-4-E4B-it (german),ntp,Age_65-74,0.0001687189949143,0.0054596956671544,-0.0105523311764305,0.0108897691662592,0.9753568058956084,0.6988637857239521
d_trust,Trust,gemma4_e4b,Gemma-4-E4B-it,german,Gemma-4-E4B-it (german),ntp,Age_75+,0.0073039220887999,0.0052767152270778,-0.0030578145606872,0.0176656587382872,0.1667851471556754,0.6988637857239521
d_trust,Trust,gemma4_e4b,Gemma-4-E4B-it,german,Gemma-4-E4B-it (german),ntp,Education_Low,-0.0268896848286737,0.0042240365324979,-0.0351843060587443,-0.0185950635986031,3.701213614374057e-10,0.6988637857239521
d_trust,Trust,gemma4_e4b,Gemma-4-E4B-it,german,Gemma-4-E4B-it (german),ntp,Education_Middle,-0.0129061751130406,0.0040638526820787,-0.0208862478404694,-0.0049261023856117,0.001565670493975,0.6988637857239521
d_trust,Trust,gemma4_e4b,Gemma-4-E4B-it,german,Gemma-4-E4B-it (german),ntp,Employment_Homemaker,-0.0155915103434251,0.0039183910418709,-0.0232859441565723,-0.0078970765302779,7.708950553531108e-05,0.6988637857239521
d_trust,Trust,gemma4_e4b,Gemma-4-E4B-it,german,Gemma-4-E4B-it (german),ntp,Employment_Retired,-0.0171381029456588,0.0064141179814681,-0.0297333252577635,-0.004542880633554,0.0077332134916696,0.6988637857239521
d_trust,Trust,gemma4_e4b,Gemma-4-E4B-it,german,Gemma-4-E4B-it (german),ntp,Employment_Student,-0.0219183928033532,0.0041512469414876,-0.0300700791695141,-0.0137667064371922,1.7716330364577945e-07,0.6988637857239521
d_trust,Trust,gemma4_e4b,Gemma-4-E4B-it,german,Gemma-4-E4B-it (german),ntp,Employment_Unemployed,-0.0380404579860537,0.0035715719780988,-0.0450538529996487,-0.0310270629724588,1.6788097008710178e-24,0.6988637857239521
d_trust,Trust,gemma4_e4b,Gemma-4-E4B-it,german,Gemma-4-E4B-it (german),ntp,Marstat_Cohabiting,-0.0293569194512301,0.0039078706811762,-0.0370306947292309,-0.0216831441732292,1.959832046783043e-13,0.6988637857239521
d_trust,Trust,gemma4_e4b,Gemma-4-E4B-it,german,Gemma-4-E4B-it (german),ntp,Marstat_Divorced or separated,-0.0809211149427041,0.0035411659686557,-0.0878748025343797,-0.0739674273510286,5.345822319212492e-85,0.6988637857239521
d_trust,Trust,gemma4_e4b,Gemma-4-E4B-it,german,Gemma-4-E4B-it (german),ntp,Marstat_Single,-0.0238918486271071,0.005107617112011,-0.0339215320842493,-0.0138621651699649,3.540344160756356e-06,0.6988637857239521
d_trust,Trust,gemma4_e4b,Gemma-4-E4B-it,german,Gemma-4-E4B-it (german),ntp,Marstat_Widowed,-0.0558323464380172,0.0041936575460816,-0.064067313310523,-0.0475973795655114,7.016845149616643e-36,0.6988637857239521
d_trust,Trust,gemma4_e4b,Gemma-4-E4B-it,german,Gemma-4-E4B-it (german),fa,const,0.3957890929723799,0.0036311911173174,0.3886586255390564,0.4029195604057033,0.0,0.6577179379806946
d_trust,Trust,gemma4_e4b,Gemma-4-E4B-it,german,Gemma-4-E4B-it (german),fa,nEMD_center,0.0895015396620475,0.005556853742717,0.0785897029219705,0.1004133764021245,2.9192909674986188e-49,0.6577179379806946
d_trust,Trust,gemma4_e4b,Gemma-4-E4B-it,german,Gemma-4-E4B-it (german),fa,countryAustralia,-0.0099020757813416,0.0048136101156801,-0.0193544260040779,-0.0004497255586053,0.0400806951873104,0.6577179379806946
d_trust,Trust,gemma4_e4b,Gemma-4-E4B-it,german,Gemma-4-E4B-it (german),fa,countryGermany,0.0202845160899032,0.0047496596851717,0.0109577435212629,0.0296112886585434,2.2435767840606853e-05,0.6577179379806946
d_trust,Trust,gemma4_e4b,Gemma-4-E4B-it,german,Gemma-4-E4B-it (german),fa,countryMexico,-0.0057917240726711,0.0054421701777914,-0.016478359935565,0.0048949117902228,0.2876249735616601,0.6577179379806946
d_trust,Trust,gemma4_e4b,Gemma-4-E4B-it,german,Gemma-4-E4B-it (german),fa,countryRussia,-0.0230252367874933,0.005073626743306,-0.0329881743176747,-0.0130622992573119,6.775011450701344e-06,0.6577179379806946
d_trust,Trust,gemma4_e4b,Gemma-4-E4B-it,german,Gemma-4-E4B-it (german),fa,decade200X,0.0004995321190689,0.0042590137451179,-0.0078637728754849,0.0088628371136229,0.9066684036173462,0.6577179379806946
d_trust,Trust,gemma4_e4b,Gemma-4-E4B-it,german,Gemma-4-E4B-it (german),fa,decade199X,0.0084916047363183,0.0043177291403304,1.3001978614410326e-05,0.0169702074940223,0.0496507541765522,0.6577179379806946
d_trust,Trust,gemma4_e4b,Gemma-4-E4B-it,german,Gemma-4-E4B-it (german),fa,Sex_Female,-0.0028496465717353,0.0040842648265818,-0.0108698020507796,0.005170508907309,0.4856094021772545,0.6577179379806946
d_trust,Trust,gemma4_e4b,Gemma-4-E4B-it,german,Gemma-4-E4B-it (german),fa,Age_<25,-0.0014676960081169,0.0061403011975238,-0.0135252320356025,0.0105898400193686,0.8111612713216864,0.6577179379806946
d_trust,Trust,gemma4_e4b,Gemma-4-E4B-it,german,Gemma-4-E4B-it (german),fa,Age_25-34,0.0004005517148558,0.0051635735763893,-0.009739011870884,0.0105401153005958,0.9381922632527572,0.6577179379806946
d_trust,Trust,gemma4_e4b,Gemma-4-E4B-it,german,Gemma-4-E4B-it (german),fa,Age_45-54,0.0004511932896664,0.0047942898043581,-0.0089632181834331,0.009865604762766,0.9250507424474804,0.6577179379806946
d_trust,Trust,gemma4_e4b,Gemma-4-E4B-it,german,Gemma-4-E4B-it (german),fa,Age_55-64,0.0017863164356875,0.0049529410962783,-0.0079396340982168,0.0115122669695919,0.7184741546756878,0.6577179379806946
d_trust,Trust,gemma4_e4b,Gemma-4-E4B-it,german,Gemma-4-E4B-it (german),fa,Age_65-74,0.000762992585617,0.0060210022043708,-0.0110602793786391,0.0125862645498731,0.8992002844479353,0.6577179379806946
d_trust,Trust,gemma4_e4b,Gemma-4-E4B-it,german,Gemma-4-E4B-it (german),fa,Age_75+,0.0067453515394222,0.0057383931027471,-0.0045229689143286,0.0180136719931732,0.2402401869399912,0.6577179379806946
d_trust,Trust,gemma4_e4b,Gemma-4-E4B-it,german,Gemma-4-E4B-it (german),fa,Education_Low,-0.0243615369870026,0.0045854621985855,-0.0333658795890259,-0.0153571943849792,1.491510843016935e-07,0.6577179379806946
d_trust,Trust,gemma4_e4b,Gemma-4-E4B-it,german,Gemma-4-E4B-it (german),fa,Education_Middle,-0.0099475227247362,0.0044080368754038,-0.0186034602310431,-0.0012915852184294,0.0243641381603889,0.6577179379806946
d_trust,Trust,gemma4_e4b,Gemma-4-E4B-it,german,Gemma-4-E4B-it (german),fa,Employment_Homemaker,-0.0162861894280936,0.0042851267993433,-0.0247007718896612,-0.0078716069665261,0.0001580886431059,0.6577179379806946
d_trust,Trust,gemma4_e4b,Gemma-4-E4B-it,german,Gemma-4-E4B-it (german),fa,Employment_Retired,-0.0164890888904265,0.0071215333896677,-0.0304734428585166,-0.0025047349223363,0.0209067138510678,0.6577179379806946
d_trust,Trust,gemma4_e4b,Gemma-4-E4B-it,german,Gemma-4-E4B-it (german),fa,Employment_Student,-0.0250530323226263,0.0045181856680947,-0.0339252659019646,-0.0161807987432881,4.3019665150480545e-08,0.6577179379806946
d_trust,Trust,gemma4_e4b,Gemma-4-E4B-it,german,Gemma-4-E4B-it (german),fa,Employment_Unemployed,-0.0385647198661925,0.0039165300927734,-0.0462554993861599,-0.0308739403462252,2.1322110961858715e-21,0.6577179379806946
d_trust,Trust,gemma4_e4b,Gemma-4-E4B-it,german,Gemma-4-E4B-it (german),fa,Marstat_Cohabiting,-0.0298461099764219,0.0042384067844309,-0.0381689496643226,-0.0215232702885212,4.902092794229844e-12,0.6577179379806946
d_trust,Trust,gemma4_e4b,Gemma-4-E4B-it,german,Gemma-4-E4B-it (german),fa,Marstat_Divorced or separated,-0.079276545897998,0.0038523485840996,-0.0868412940022028,-0.0717117977937932,1.250886336134578e-72,0.6577179379806946
d_trust,Trust,gemma4_e4b,Gemma-4-E4B-it,german,Gemma-4-E4B-it (german),fa,Marstat_Single,-0.0222275928698705,0.0055252019717482,-0.0330772759213069,-0.0113779098184341,6.432948421928061e-05,0.6577179379806946
d_trust,Trust,gemma4_e4b,Gemma-4-E4B-it,german,Gemma-4-E4B-it (german),fa,Marstat_Widowed,-0.0562074271263585,0.0045404503630523,-0.065123381258314,-0.047291472994403,1.035686353981268e-31,0.6577179379806946
d_trust,Trust,qwen3_vl_8b,Qwen3-VL-8B-Thinking,base,Qwen3-VL-8B-Thinking (base),ntp,const,0.1083791861369073,0.0021552413215098,0.1041470120994485,0.112611360174366,7.83830347019324e-225,0.4833664732455964
d_trust,Trust,qwen3_vl_8b,Qwen3-VL-8B-Thinking,base,Qwen3-VL-8B-Thinking (base),ntp,nEMD_center,0.0525965873379696,0.0026020003881228,0.0474871277251795,0.0577060469507597,1.0942135803507492e-70,0.4833664732455964
d_trust,Trust,qwen3_vl_8b,Qwen3-VL-8B-Thinking,base,Qwen3-VL-8B-Thinking (base),ntp,countryAustralia,-0.0044097730919305,0.0028392758260923,-0.0099851624074778,0.0011656162236168,0.1208841539941549,0.4833664732455964
d_trust,Trust,qwen3_vl_8b,Qwen3-VL-8B-Thinking,base,Qwen3-VL-8B-Thinking (base),ntp,countryGermany,-0.0006017583372057,0.0028508768742001,-0.0061999282361238,0.0049964115617123,0.8328931292444294,0.4833664732455964
d_trust,Trust,qwen3_vl_8b,Qwen3-VL-8B-Thinking,base,Qwen3-VL-8B-Thinking (base),ntp,countryMexico,0.0051036060306543,0.0030352319029587,-0.0008565755644021,0.0110637876257108,0.0931609035092472,0.4833664732455964
d_trust,Trust,qwen3_vl_8b,Qwen3-VL-8B-Thinking,base,Qwen3-VL-8B-Thinking (base),ntp,countryRussia,-0.0034931492610404,0.002865893661175,-0.0091208071135009,0.0021345085914201,0.2233415425589816,0.4833664732455964
d_trust,Trust,qwen3_vl_8b,Qwen3-VL-8B-Thinking,base,Qwen3-VL-8B-Thinking (base),ntp,decade200X,-0.0023691322140553,0.0025554171394752,-0.0073871178867629,0.0026488534586523,0.354221997664655,0.4833664732455964
d_trust,Trust,qwen3_vl_8b,Qwen3-VL-8B-Thinking,base,Qwen3-VL-8B-Thinking (base),ntp,decade199X,-0.0038512192810024,0.0026275755072605,-0.0090108998848895,0.0013084613228847,0.1432214962825129,0.4833664732455964
d_trust,Trust,qwen3_vl_8b,Qwen3-VL-8B-Thinking,base,Qwen3-VL-8B-Thinking (base),ntp,Sex_Female,0.001671849010263,0.0024091916552668,-0.0030589986553428,0.006402696675869,0.4879670600519858,0.4833664732455964
d_trust,Trust,qwen3_vl_8b,Qwen3-VL-8B-Thinking,base,Qwen3-VL-8B-Thinking (base),ntp,Age_<25,0.0061533074867074,0.0036606341022141,-0.0010349551237983,0.0133415700972132,0.0932609017013617,0.4833664732455964
d_trust,Trust,qwen3_vl_8b,Qwen3-VL-8B-Thinking,base,Qwen3-VL-8B-Thinking (base),ntp,Age_25-34,0.0064393812077209,0.0030660982801258,0.0004185883582432,0.0124601740571986,0.0361019102195438,0.4833664732455964
d_trust,Trust,qwen3_vl_8b,Qwen3-VL-8B-Thinking,base,Qwen3-VL-8B-Thinking (base),ntp,Age_45-54,0.0018157340624606,0.0028515968209265,-0.0037838495713435,0.0074153176962648,0.5245192835672072,0.4833664732455964
d_trust,Trust,qwen3_vl_8b,Qwen3-VL-8B-Thinking,base,Qwen3-VL-8B-Thinking (base),ntp,Age_55-64,-0.0009217213155208,0.0029586045018664,-0.0067314322907798,0.0048879896597381,0.7554918772831645,0.4833664732455964
d_trust,Trust,qwen3_vl_8b,Qwen3-VL-8B-Thinking,base,Qwen3-VL-8B-Thinking (base),ntp,Age_65-74,0.0004152000703709,0.0035473658509574,-0.0065506415298041,0.007381041670546,0.9068613041696169,0.4833664732455964
d_trust,Trust,qwen3_vl_8b,Qwen3-VL-8B-Thinking,base,Qwen3-VL-8B-Thinking (base),ntp,Age_75+,7.151052337258512e-05,0.0033760267999651,-0.0065578784132535,0.0067008994599987,0.9831071669770944,0.4833664732455964
d_trust,Trust,qwen3_vl_8b,Qwen3-VL-8B-Thinking,base,Qwen3-VL-8B-Thinking (base),ntp,Education_Low,-0.0029545685272571,0.002618573416848,-0.0080965720325538,0.0021874349780394,0.259609527935025,0.4833664732455964
d_trust,Trust,qwen3_vl_8b,Qwen3-VL-8B-Thinking,base,Qwen3-VL-8B-Thinking (base),ntp,Education_Middle,0.0007354878866776,0.002491506801778,-0.0041569992308437,0.005627975004199,0.7679380510189666,0.4833664732455964
d_trust,Trust,qwen3_vl_8b,Qwen3-VL-8B-Thinking,base,Qwen3-VL-8B-Thinking (base),ntp,Employment_Homemaker,0.0048378399903104,0.0025323822911159,-0.0001349129345791,0.0098105929152,0.0565281234675157,0.4833664732455964
d_trust,Trust,qwen3_vl_8b,Qwen3-VL-8B-Thinking,base,Qwen3-VL-8B-Thinking (base),ntp,Employment_Retired,0.0037742472214259,0.0041758296484956,-0.0044256873505563,0.0119741817934081,0.3664236637091612,0.4833664732455964
d_trust,Trust,qwen3_vl_8b,Qwen3-VL-8B-Thinking,base,Qwen3-VL-8B-Thinking (base),ntp,Employment_Student,0.0004038933792733,0.0026684631527542,-0.0048360769026114,0.0056438636611581,0.8797408268226496,0.4833664732455964
d_trust,Trust,qwen3_vl_8b,Qwen3-VL-8B-Thinking,base,Qwen3-VL-8B-Thinking (base),ntp,Employment_Unemployed,-0.0013593305219072,0.0022943197801437,-0.0058646081955691,0.0031459471517547,0.5537401746403412,0.4833664732455964
d_trust,Trust,qwen3_vl_8b,Qwen3-VL-8B-Thinking,base,Qwen3-VL-8B-Thinking (base),ntp,Marstat_Cohabiting,-0.0027988645920332,0.0025303161157575,-0.007767560238686,0.0021698310546195,0.2690835392108997,0.4833664732455964
d_trust,Trust,qwen3_vl_8b,Qwen3-VL-8B-Thinking,base,Qwen3-VL-8B-Thinking (base),ntp,Marstat_Divorced or separated,0.0103178125536699,0.0022763083151907,0.0058479033807832,0.0147877217265567,6.947167618687185e-06,0.4833664732455964
d_trust,Trust,qwen3_vl_8b,Qwen3-VL-8B-Thinking,base,Qwen3-VL-8B-Thinking (base),ntp,Marstat_Single,-0.0041893676855411,0.003290539256476,-0.010650887642267,0.0022721522711847,0.2034237281176004,0.4833664732455964
d_trust,Trust,qwen3_vl_8b,Qwen3-VL-8B-Thinking,base,Qwen3-VL-8B-Thinking (base),ntp,Marstat_Widowed,0.0059578463747399,0.0027016284817618,0.000652750464941,0.0112629422845388,0.0277881731866806,0.4833664732455964
d_trust,Trust,qwen3_vl_8b,Qwen3-VL-8B-Thinking,base,Qwen3-VL-8B-Thinking (base),fa,const,0.1297790622597806,0.0027708043206397,0.1243381281093187,0.1352199964102425,2.905986778478249e-209,0.4232911036041786
d_trust,Trust,qwen3_vl_8b,Qwen3-VL-8B-Thinking,base,Qwen3-VL-8B-Thinking (base),fa,nEMD_center,0.0584970501824499,0.003759218769097,0.0511152002165471,0.0658789001483527,1.4534640340987999e-46,0.4232911036041786
d_trust,Trust,qwen3_vl_8b,Qwen3-VL-8B-Thinking,base,Qwen3-VL-8B-Thinking (base),fa,countryAustralia,-0.0056011671578673,0.0036893410228926,-0.0128458005715766,0.0016434662558419,0.1294555957578476,0.4232911036041786
d_trust,Trust,qwen3_vl_8b,Qwen3-VL-8B-Thinking,base,Qwen3-VL-8B-Thinking (base),fa,countryGermany,0.0021542050646519,0.0036378416509167,-0.0049893007848972,0.0092977109142011,0.5539481173397575,0.4232911036041786
d_trust,Trust,qwen3_vl_8b,Qwen3-VL-8B-Thinking,base,Qwen3-VL-8B-Thinking (base),fa,countryMexico,0.0064189179375162,0.0038383664699578,-0.0011183516750704,0.0139561875501028,0.0949515025802788,0.4232911036041786
d_trust,Trust,qwen3_vl_8b,Qwen3-VL-8B-Thinking,base,Qwen3-VL-8B-Thinking (base),fa,countryRussia,0.0046442207509026,0.0038242594722481,-0.0028653474303604,0.0121537889321657,0.225037517171806,0.4232911036041786
d_trust,Trust,qwen3_vl_8b,Qwen3-VL-8B-Thinking,base,Qwen3-VL-8B-Thinking (base),fa,decade200X,-3.738820231957284e-05,0.0032752347131235,-0.0064688551480972,0.006394078743458,0.9908955513098116,0.4232911036041786
d_trust,Trust,qwen3_vl_8b,Qwen3-VL-8B-Thinking,base,Qwen3-VL-8B-Thinking (base),fa,decade199X,0.0045294215796061,0.0033712811946995,-0.002090648573459,0.0111494917326713,0.1795746957914477,0.4232911036041786
d_trust,Trust,qwen3_vl_8b,Qwen3-VL-8B-Thinking,base,Qwen3-VL-8B-Thinking (base),fa,Sex_Female,-0.0019630974481369,0.0031091307441971,-0.0080683916828621,0.0041421967865881,0.5280053719368621,0.4232911036041786
d_trust,Trust,qwen3_vl_8b,Qwen3-VL-8B-Thinking,base,Qwen3-VL-8B-Thinking (base),fa,Age_<25,0.0014191350003161,0.0046877911114172,-0.0077861208737085,0.0106243908743407,0.7621936934163984,0.4232911036041786
d_trust,Trust,qwen3_vl_8b,Qwen3-VL-8B-Thinking,base,Qwen3-VL-8B-Thinking (base),fa,Age_25-34,0.0048953297370444,0.003961287491781,-0.0028833157029384,0.0126739751770273,0.2169876523612158,0.4232911036041786
d_trust,Trust,qwen3_vl_8b,Qwen3-VL-8B-Thinking,base,Qwen3-VL-8B-Thinking (base),fa,Age_45-54,-0.0012743113451427,0.0036778343072477,-0.0084963494129283,0.0059477267226428,0.7290924117369234,0.4232911036041786
d_trust,Trust,qwen3_vl_8b,Qwen3-VL-8B-Thinking,base,Qwen3-VL-8B-Thinking (base),fa,Age_55-64,0.0019649596612772,0.0038079337772576,-0.0055125503083172,0.0094424696308716,0.606020002986962,0.4232911036041786
d_trust,Trust,qwen3_vl_8b,Qwen3-VL-8B-Thinking,base,Qwen3-VL-8B-Thinking (base),fa,Age_65-74,0.0050317714438232,0.0046084472088332,-0.0040176795088708,0.0140812223965173,0.2753049518917235,0.4232911036041786
d_trust,Trust,qwen3_vl_8b,Qwen3-VL-8B-Thinking,base,Qwen3-VL-8B-Thinking (base),fa,Age_75+,0.0038935507883403,0.0043248438912287,-0.0045989979809536,0.0123860995576343,0.3683112519801571,0.4232911036041786
d_trust,Trust,qwen3_vl_8b,Qwen3-VL-8B-Thinking,base,Qwen3-VL-8B-Thinking (base),fa,Education_Low,-0.011667491133793,0.0034290026529445,-0.0184009069500795,-0.0049340753175066,0.0007089840624102,0.4232911036041786
d_trust,Trust,qwen3_vl_8b,Qwen3-VL-8B-Thinking,base,Qwen3-VL-8B-Thinking (base),fa,Education_Middle,-0.0025565414091701,0.0033156778311551,-0.009067425129496,0.0039543423111557,0.4409631108240159,0.4232911036041786
d_trust,Trust,qwen3_vl_8b,Qwen3-VL-8B-Thinking,base,Qwen3-VL-8B-Thinking (base),fa,Employment_Homemaker,0.006816467817105,0.0032742759801167,0.0003868835027059,0.0132460521315041,0.0377540463064596,0.4232911036041786
d_trust,Trust,qwen3_vl_8b,Qwen3-VL-8B-Thinking,base,Qwen3-VL-8B-Thinking (base),fa,Employment_Retired,0.0117772636251724,0.0054246556026372,0.0011250520261701,0.0224294752241746,0.0302921169793366,0.4232911036041786
d_trust,Trust,qwen3_vl_8b,Qwen3-VL-8B-Thinking,base,Qwen3-VL-8B-Thinking (base),fa,Employment_Student,0.0018042636425859,0.0034336502708929,-0.0049382785429015,0.0085468058280733,0.5994412878493306,0.4232911036041786
d_trust,Trust,qwen3_vl_8b,Qwen3-VL-8B-Thinking,base,Qwen3-VL-8B-Thinking (base),fa,Employment_Unemployed,0.0046620189491466,0.0029629377545346,-0.0011562010869107,0.010480238985204,0.1161085174486623,0.4232911036041786
d_trust,Trust,qwen3_vl_8b,Qwen3-VL-8B-Thinking,base,Qwen3-VL-8B-Thinking (base),fa,Marstat_Cohabiting,0.002111202906562,0.0032605702801102,-0.0042914679911566,0.0085138738042806,0.517543100942495,0.4232911036041786
d_trust,Trust,qwen3_vl_8b,Qwen3-VL-8B-Thinking,base,Qwen3-VL-8B-Thinking (base),fa,Marstat_Divorced or separated,0.0246592440145103,0.0029316824785169,0.0189023989003121,0.0304160891287084,2.627911311447723e-16,0.4232911036041786
d_trust,Trust,qwen3_vl_8b,Qwen3-VL-8B-Thinking,base,Qwen3-VL-8B-Thinking (base),fa,Marstat_Single,0.0102763067992506,0.0042256511855513,0.001978539370442,0.0185740742280593,0.0152927752900545,0.4232911036041786
d_trust,Trust,qwen3_vl_8b,Qwen3-VL-8B-Thinking,base,Qwen3-VL-8B-Thinking (base),fa,Marstat_Widowed,0.0133844669594041,0.0034456605868201,0.0066183405252567,0.0201505933935516,0.0001132001968179,0.4232911036041786
d_trust,Trust,qwen3_vl_8b,Qwen3-VL-8B-Thinking,german,Qwen3-VL-8B-Thinking (german),ntp,const,0.4754489465273649,0.0002913211733972,0.474876889053193,0.4760210040015368,0.0,0.993651652673019
d_trust,Trust,qwen3_vl_8b,Qwen3-VL-8B-Thinking,german,Qwen3-VL-8B-Thinking (german),ntp,nEMD_center,0.1035426110279102,0.0004462505165097,0.10266632407511,0.1044188979807103,0.0,0.993651652673019
d_trust,Trust,qwen3_vl_8b,Qwen3-VL-8B-Thinking,german,Qwen3-VL-8B-Thinking (german),ntp,countryAustralia,-0.0071834769845136,0.0003892946764972,-0.0079479216925607,-0.0064190322764665,2.5548103961207204e-61,0.993651652673019
d_trust,Trust,qwen3_vl_8b,Qwen3-VL-8B-Thinking,german,Qwen3-VL-8B-Thinking (german),ntp,countryGermany,-0.00622226166521,0.0003844148147329,-0.0069771239547784,-0.0054673993756416,1.1335562003731744e-49,0.993651652673019
d_trust,Trust,qwen3_vl_8b,Qwen3-VL-8B-Thinking,german,Qwen3-VL-8B-Thinking (german),ntp,countryMexico,-0.0104549806248365,0.0004385237689409,-0.0113160948263868,-0.0095938664232861,1.8156022322892405e-90,0.993651652673019
d_trust,Trust,qwen3_vl_8b,Qwen3-VL-8B-Thinking,german,Qwen3-VL-8B-Thinking (german),ntp,countryRussia,-0.0126664892906604,0.0004071459986309,-0.0134659880324782,-0.0118669905488425,2.804632534652872e-130,0.993651652673019
d_trust,Trust,qwen3_vl_8b,Qwen3-VL-8B-Thinking,german,Qwen3-VL-8B-Thinking (german),ntp,decade200X,0.0012745613644375,0.0003406983199776,0.0006055436678924,0.0019435790609826,0.0001996733787125,0.993651652673019
d_trust,Trust,qwen3_vl_8b,Qwen3-VL-8B-Thinking,german,Qwen3-VL-8B-Thinking (german),ntp,decade199X,-0.0006550063487487,0.0003462523432811,-0.0013349302918444,2.4917594346964933e-05,0.0589804590227866,0.993651652673019
d_trust,Trust,qwen3_vl_8b,Qwen3-VL-8B-Thinking,german,Qwen3-VL-8B-Thinking (german),ntp,Sex_Female,0.0052441275213318,0.0003257109895686,0.0046045399354731,0.0058837151071905,3.0462186441606938e-49,0.993651652673019
d_trust,Trust,qwen3_vl_8b,Qwen3-VL-8B-Thinking,german,Qwen3-VL-8B-Thinking (german),ntp,Age_<25,0.0016254260028322,0.0004942651995194,0.0006548542510061,0.0025959977546583,0.00106196930535,0.993651652673019
d_trust,Trust,qwen3_vl_8b,Qwen3-VL-8B-Thinking,german,Qwen3-VL-8B-Thinking (german),ntp,Age_25-34,-0.0006417870847822,0.0004137145560753,-0.0014541842793173,0.0001706101097528,0.1213274122274105,0.993651652673019
d_trust,Trust,qwen3_vl_8b,Qwen3-VL-8B-Thinking,german,Qwen3-VL-8B-Thinking (german),ntp,Age_45-54,0.0001661034363702,0.0003854586696931,-0.0005908086356597,0.0009230155084003,0.6666681907847349,0.993651652673019
d_trust,Trust,qwen3_vl_8b,Qwen3-VL-8B-Thinking,german,Qwen3-VL-8B-Thinking (german),ntp,Age_55-64,-0.0007159482293532,0.0003999804631381,-0.0015013762529762,6.94797942697305e-05,0.0739318232806384,0.993651652673019
d_trust,Trust,qwen3_vl_8b,Qwen3-VL-8B-Thinking,german,Qwen3-VL-8B-Thinking (german),ntp,Age_65-74,-0.0001748040901195,0.0004815433940913,-0.0011203944655654,0.0007707862853263,0.7167184151779288,0.993651652673019
d_trust,Trust,qwen3_vl_8b,Qwen3-VL-8B-Thinking,german,Qwen3-VL-8B-Thinking (german),ntp,Age_75+,-0.0002867985477536,0.0004594102904919,-0.001188926900879,0.0006153298053717,0.5326684999881585,0.993651652673019
d_trust,Trust,qwen3_vl_8b,Qwen3-VL-8B-Thinking,german,Qwen3-VL-8B-Thinking (german),ntp,Education_Low,-0.0128041548889336,0.0003682822948011,-0.0135273382981219,-0.0120809714797452,9.761021943374937e-150,0.993651652673019
d_trust,Trust,qwen3_vl_8b,Qwen3-VL-8B-Thinking,german,Qwen3-VL-8B-Thinking (german),ntp,Education_Middle,-0.0074210955208717,0.0003540416651925,-0.0081163150903243,-0.0067258759514191,1.013887662052076e-74,0.993651652673019
d_trust,Trust,qwen3_vl_8b,Qwen3-VL-8B-Thinking,german,Qwen3-VL-8B-Thinking (german),ntp,Employment_Homemaker,-0.0020488221496679,0.0003426594899471,-0.002721690928941,-0.0013759533703948,3.722541761699519e-09,0.993651652673019
d_trust,Trust,qwen3_vl_8b,Qwen3-VL-8B-Thinking,german,Qwen3-VL-8B-Thinking (german),ntp,Employment_Retired,0.0022721293122055,0.0005687467207867,0.0011553007317674,0.0033889578926436,7.219501992372787e-05,0.993651652673019
d_trust,Trust,qwen3_vl_8b,Qwen3-VL-8B-Thinking,german,Qwen3-VL-8B-Thinking (german),ntp,Employment_Student,0.0007141544656192,0.0003600748081319,7.087818692086802e-06,0.0014212211125463,0.0477539375742677,0.993651652673019
d_trust,Trust,qwen3_vl_8b,Qwen3-VL-8B-Thinking,german,Qwen3-VL-8B-Thinking (german),ntp,Employment_Unemployed,-0.006700307132777,0.0003122572310669,-0.0073134760309144,-0.0060871382346396,2.044654963764395e-77,0.993651652673019
d_trust,Trust,qwen3_vl_8b,Qwen3-VL-8B-Thinking,german,Qwen3-VL-8B-Thinking (german),ntp,Marstat_Cohabiting,-0.0017488413537207,0.0003409018849788,-0.002418258783931,-0.0010794239235104,3.841780515834044e-07,0.993651652673019
d_trust,Trust,qwen3_vl_8b,Qwen3-VL-8B-Thinking,german,Qwen3-VL-8B-Thinking (german),ntp,Marstat_Divorced or separated,-0.0067157140882262,0.0003094036987174,-0.0073232796019981,-0.0061081485744543,9.168718792360358e-79,0.993651652673019
d_trust,Trust,qwen3_vl_8b,Qwen3-VL-8B-Thinking,german,Qwen3-VL-8B-Thinking (german),ntp,Marstat_Single,-0.0035479660035278,0.0004446297078752,-0.0044210702295706,-0.002674861777485,6.7701751566455425e-15,0.993651652673019
d_trust,Trust,qwen3_vl_8b,Qwen3-VL-8B-Thinking,german,Qwen3-VL-8B-Thinking (german),ntp,Marstat_Widowed,-0.0028762288665058,0.0003647299505361,-0.0035924366581518,-0.0021600210748599,1.346051457397284e-14,0.993651652673019
d_trust,Trust,qwen3_vl_8b,Qwen3-VL-8B-Thinking,german,Qwen3-VL-8B-Thinking (german),fa,const,0.4946703494273017,0.0006468514191675,0.493400149308655,0.4959405495459485,0.0,0.9708344481454656
d_trust,Trust,qwen3_vl_8b,Qwen3-VL-8B-Thinking,german,Qwen3-VL-8B-Thinking (german),fa,nEMD_center,0.1036780358503928,0.0009899842991088,0.1017340373726515,0.105622034328134,0.0,0.9708344481454656
d_trust,Trust,qwen3_vl_8b,Qwen3-VL-8B-Thinking,german,Qwen3-VL-8B-Thinking (german),fa,countryAustralia,-0.0035663127093228,0.0008612967541978,-0.0052576118345223,-0.0018750135841233,3.926162346369962e-05,0.9708344481454656
d_trust,Trust,qwen3_vl_8b,Qwen3-VL-8B-Thinking,german,Qwen3-VL-8B-Thinking (german),fa,countryGermany,-0.0024988996853865,0.0008491998869704,-0.0041664446040833,-0.0008313547666898,0.0033715488224655,0.9708344481454656
d_trust,Trust,qwen3_vl_8b,Qwen3-VL-8B-Thinking,german,Qwen3-VL-8B-Thinking (german),fa,countryMexico,-0.0065509522627693,0.0009715643992202,-0.0084587802099519,-0.0046431243155868,3.4697033084568154e-11,0.9708344481454656
d_trust,Trust,qwen3_vl_8b,Qwen3-VL-8B-Thinking,german,Qwen3-VL-8B-Thinking (german),fa,countryRussia,-0.0079045590664403,0.0009037029580171,-0.0096791298109431,-0.0061299883219375,1.919464703078305e-17,0.9708344481454656
d_trust,Trust,qwen3_vl_8b,Qwen3-VL-8B-Thinking,german,Qwen3-VL-8B-Thinking (german),fa,decade200X,0.0008583611815563,0.0007569801024227,-0.00062809488458,0.0023448172476927,0.2572478476495686,0.9708344481454656
d_trust,Trust,qwen3_vl_8b,Qwen3-VL-8B-Thinking,german,Qwen3-VL-8B-Thinking (german),fa,decade199X,0.0011900570427062,0.0007691159943883,-0.0003202298614833,0.0027003439468959,0.1222824903534275,0.9708344481454656
d_trust,Trust,qwen3_vl_8b,Qwen3-VL-8B-Thinking,german,Qwen3-VL-8B-Thinking (german),fa,Sex_Female,0.0029042457177699,0.0007263066779875,0.0014780220113412,0.0043304694241985,7.11106684081802e-05,0.9708344481454656
d_trust,Trust,qwen3_vl_8b,Qwen3-VL-8B-Thinking,german,Qwen3-VL-8B-Thinking (german),fa,Age_<25,1.2870052940366396e-05,0.0010916605425242,-0.0021307866038243,0.0021565267097051,0.9905972781768708,0.9708344481454656
d_trust,Trust,qwen3_vl_8b,Qwen3-VL-8B-Thinking,german,Qwen3-VL-8B-Thinking (german),fa,Age_25-34,-0.0010758897672936,0.0009228824502899,-0.00288812262807,0.0007363430934826,0.2441311260065579,0.9708344481454656
d_trust,Trust,qwen3_vl_8b,Qwen3-VL-8B-Thinking,german,Qwen3-VL-8B-Thinking (german),fa,Age_45-54,-0.0001338663567464,0.0008586151536466,-0.0018198997142018,0.0015521670007089,0.8761532774112002,0.9708344481454656
d_trust,Trust,qwen3_vl_8b,Qwen3-VL-8B-Thinking,german,Qwen3-VL-8B-Thinking (german),fa,Age_55-64,-0.0008427908019307,0.0008883838051881,-0.0025872798473532,0.0009016982434918,0.3431410076942072,0.9708344481454656
d_trust,Trust,qwen3_vl_8b,Qwen3-VL-8B-Thinking,german,Qwen3-VL-8B-Thinking (german),fa,Age_65-74,6.666677573798074e-05,0.0010776185404771,-0.002049416079474,0.00218274963095,0.9506896649501844,0.9708344481454656
d_trust,Trust,qwen3_vl_8b,Qwen3-VL-8B-Thinking,german,Qwen3-VL-8B-Thinking (german),fa,Age_75+,0.0006064022194409,0.001011167668262,-0.0013791933194094,0.0025919977582913,0.5489145036476263,0.9708344481454656
d_trust,Trust,qwen3_vl_8b,Qwen3-VL-8B-Thinking,german,Qwen3-VL-8B-Thinking (german),fa,Education_Low,-0.0093318805864645,0.000820187325204,-0.0109424545249547,-0.0077213066479742,1.8824198575940905e-27,0.9708344481454656
d_trust,Trust,qwen3_vl_8b,Qwen3-VL-8B-Thinking,german,Qwen3-VL-8B-Thinking (german),fa,Education_Middle,-0.0044666873110656,0.0007871528169323,-0.0060123925098689,-0.0029209821122622,2.106358502738094e-08,0.9708344481454656
d_trust,Trust,qwen3_vl_8b,Qwen3-VL-8B-Thinking,german,Qwen3-VL-8B-Thinking (german),fa,Employment_Homemaker,-0.0011267058588617,0.0007652987539653,-0.0026294969779381,0.0003760852602147,0.1414452640178179,0.9708344481454656
d_trust,Trust,qwen3_vl_8b,Qwen3-VL-8B-Thinking,german,Qwen3-VL-8B-Thinking (german),fa,Employment_Retired,0.0009320823615406,0.001270292411202,-0.001562347616678,0.0034265123397593,0.4633664405262457,0.9708344481454656
d_trust,Trust,qwen3_vl_8b,Qwen3-VL-8B-Thinking,german,Qwen3-VL-8B-Thinking (german),fa,Employment_Student,0.0005708376282476,0.0008012051734956,-0.0010024617049196,0.0021441369614149,0.4764303306346079,0.9708344481454656
d_trust,Trust,qwen3_vl_8b,Qwen3-VL-8B-Thinking,german,Qwen3-VL-8B-Thinking (german),fa,Employment_Unemployed,-0.0048529956532582,0.0006954594132372,-0.006218645635668,-0.0034873456708484,7.472272108809972e-12,0.9708344481454656
d_trust,Trust,qwen3_vl_8b,Qwen3-VL-8B-Thinking,german,Qwen3-VL-8B-Thinking (german),fa,Marstat_Cohabiting,-0.0011185488438728,0.0007583700917317,-0.0026077343847122,0.0003706366969666,0.1407194379608251,0.9708344481454656
d_trust,Trust,qwen3_vl_8b,Qwen3-VL-8B-Thinking,german,Qwen3-VL-8B-Thinking (german),fa,Marstat_Divorced or separated,-0.0025621662398362,0.0006871727593432,-0.0039115440019998,-0.0012127884776727,0.0002095890442162,0.9708344481454656
d_trust,Trust,qwen3_vl_8b,Qwen3-VL-8B-Thinking,german,Qwen3-VL-8B-Thinking (german),fa,Marstat_Single,-0.0011951792409988,0.000986477421012,-0.0031322913815648,0.0007419328995671,0.2261255677481929,0.9708344481454656
d_trust,Trust,qwen3_vl_8b,Qwen3-VL-8B-Thinking,german,Qwen3-VL-8B-Thinking (german),fa,Marstat_Widowed,-0.0040967459632641,0.0008024414100808,-0.005672472852143,-0.0025210190743851,4.35649188132033e-07,0.9708344481454656
d_trust,Trust,muse_glimmer_30b,Muse-Glimmer-30B,base,Muse-Glimmer-30B (base),ntp,const,0.2397314659377122,0.0011649738093099,0.2374438465139037,0.2420190853615207,0.0,0.9148540763262129
d_trust,Trust,muse_glimmer_30b,Muse-Glimmer-30B,base,Muse-Glimmer-30B (base),ntp,nEMD_center,0.1129785853667246,0.001756547664616,0.1095293124952585,0.1164278582381907,4.8353988648989904e-282,0.9148540763262129
d_trust,Trust,muse_glimmer_30b,Muse-Glimmer-30B,base,Muse-Glimmer-30B (base),ntp,countryAustralia,0.0004533528939642,0.001534992370753,-0.0025608593867501,0.0034675651746786,0.767825550412737,0.9148540763262129
d_trust,Trust,muse_glimmer_30b,Muse-Glimmer-30B,base,Muse-Glimmer-30B (base),ntp,countryGermany,-0.007186833124076,0.0015348352628775,-0.0102007368974019,-0.0041729293507502,3.460233830891396e-06,0.9148540763262129
d_trust,Trust,muse_glimmer_30b,Muse-Glimmer-30B,base,Muse-Glimmer-30B (base),ntp,countryMexico,-0.0141175810129123,0.001794572427673,-0.0176415218175627,-0.010593640208262,1.5471876428756822e-14,0.9148540763262129
d_trust,Trust,muse_glimmer_30b,Muse-Glimmer-30B,base,Muse-Glimmer-30B (base),ntp,countryRussia,-0.0315871246975497,0.0016490993360068,-0.0348254049427285,-0.0283488444523709,5.040279275243291e-65,0.9148540763262129
d_trust,Trust,muse_glimmer_30b,Muse-Glimmer-30B,base,Muse-Glimmer-30B (base),ntp,decade200X,0.0045681851550427,0.0013578670197936,0.0019017878982074,0.0072345824118779,0.0008132467182543,0.9148540763262129
d_trust,Trust,muse_glimmer_30b,Muse-Glimmer-30B,base,Muse-Glimmer-30B (base),ntp,decade199X,0.0007628435790269,0.0013795232012419,-0.001946079184331,0.0034717663423849,0.5804721588878649,0.9148540763262129
d_trust,Trust,muse_glimmer_30b,Muse-Glimmer-30B,base,Muse-Glimmer-30B (base),ntp,Sex_Female,0.0020156648134852,0.0013026704318282,-0.0005423447819722,0.0045736744089426,0.1222757727621556,0.9148540763262129
d_trust,Trust,muse_glimmer_30b,Muse-Glimmer-30B,base,Muse-Glimmer-30B (base),ntp,Age_<25,0.0045671048540709,0.0019761617950532,0.0006865831884122,0.0084476265197297,0.0211432840286376,0.9148540763262129
d_trust,Trust,muse_glimmer_30b,Muse-Glimmer-30B,base,Muse-Glimmer-30B (base),ntp,Age_25-34,0.0030912478587594,0.0016532237721059,-0.0001551314012274,0.0063376271187463,0.0619623083024123,0.9148540763262129
d_trust,Trust,muse_glimmer_30b,Muse-Glimmer-30B,base,Muse-Glimmer-30B (base),ntp,Age_45-54,-0.0028351062606139,0.001541849584773,-0.0058627838191396,0.0001925712979118,0.0664107748354231,0.9148540763262129
d_trust,Trust,muse_glimmer_30b,Muse-Glimmer-30B,base,Muse-Glimmer-30B (base),ntp,Age_55-64,-0.0017344993707393,0.0015987745117141,-0.0048739584710719,0.0014049597295933,0.2783762442018714,0.9148540763262129
d_trust,Trust,muse_glimmer_30b,Muse-Glimmer-30B,base,Muse-Glimmer-30B (base),ntp,Age_65-74,0.0012410070793329,0.0019228289289265,-0.0025347866520977,0.0050168008107635,0.5188941140335299,0.9148540763262129
d_trust,Trust,muse_glimmer_30b,Muse-Glimmer-30B,base,Muse-Glimmer-30B (base),ntp,Age_75+,0.0041675234821399,0.0018407564583719,0.0005528926681072,0.0077821542961725,0.0239052356410671,0.9148540763262129
d_trust,Trust,muse_glimmer_30b,Muse-Glimmer-30B,base,Muse-Glimmer-30B (base),ntp,Education_Low,-0.0065261619253475,0.0014571548973683,-0.0093875274084842,-0.0036647964422108,8.888977400800413e-06,0.9148540763262129
d_trust,Trust,muse_glimmer_30b,Muse-Glimmer-30B,base,Muse-Glimmer-30B (base),ntp,Education_Middle,-0.0039673169798559,0.0013799663682593,-0.0066771099752045,-0.0012575239845073,0.0041749184953378,0.9148540763262129
d_trust,Trust,muse_glimmer_30b,Muse-Glimmer-30B,base,Muse-Glimmer-30B (base),ntp,Employment_Homemaker,-0.0081069860044806,0.0013709000130044,-0.0107989757065547,-0.0054149963024065,5.439971426287231e-09,0.9148540763262129
d_trust,Trust,muse_glimmer_30b,Muse-Glimmer-30B,base,Muse-Glimmer-30B (base),ntp,Employment_Retired,0.0006558633480985,0.0022726897837031,-0.0038069402376492,0.0051186669338463,0.7729924066056725,0.9148540763262129
d_trust,Trust,muse_glimmer_30b,Muse-Glimmer-30B,base,Muse-Glimmer-30B (base),ntp,Employment_Student,0.0030215018730604,0.0014395543962839,0.0001946978949358,0.005848305851185,0.0362143968546212,0.9148540763262129
d_trust,Trust,muse_glimmer_30b,Muse-Glimmer-30B,base,Muse-Glimmer-30B (base),ntp,Employment_Unemployed,-0.0143883234528397,0.0012508248248832,-0.0168445255943108,-0.0119321213113686,5.670269354094446e-28,0.9148540763262129
d_trust,Trust,muse_glimmer_30b,Muse-Glimmer-30B,base,Muse-Glimmer-30B (base),ntp,Marstat_Cohabiting,-0.006296502453821,0.0013632880360051,-0.0089735447757069,-0.0036194601319352,4.668776683232089e-06,0.9148540763262129
d_trust,Trust,muse_glimmer_30b,Muse-Glimmer-30B,base,Muse-Glimmer-30B (base),ntp,Marstat_Divorced or separated,-0.020814676368421,0.0012350911964449,-0.0232399829191632,-0.0183893698176789,4.8695633260511e-53,0.9148540763262129
d_trust,Trust,muse_glimmer_30b,Muse-Glimmer-30B,base,Muse-Glimmer-30B (base),ntp,Marstat_Single,-0.0203582889592735,0.001778317704423,-0.0238503109170465,-0.0168662670015005,9.611350682234786e-28,0.9148540763262129
d_trust,Trust,muse_glimmer_30b,Muse-Glimmer-30B,base,Muse-Glimmer-30B (base),ntp,Marstat_Widowed,-0.0126701986148442,0.0014584864948027,-0.0155341789105468,-0.0098062183191417,3.0734211166924327e-17,0.9148540763262129
d_trust,Trust,muse_glimmer_30b,Muse-Glimmer-30B,base,Muse-Glimmer-30B (base),fa,const,0.267752785693692,0.0024287372441488,0.2629835570203596,0.2725220143670244,0.0,0.7028816599807758
d_trust,Trust,muse_glimmer_30b,Muse-Glimmer-30B,base,Muse-Glimmer-30B (base),fa,nEMD_center,0.1203580047148129,0.0037219177711889,0.1130494014491021,0.1276666079805237,7.188711471998058e-137,0.7028816599807758
d_trust,Trust,muse_glimmer_30b,Muse-Glimmer-30B,base,Muse-Glimmer-30B (base),fa,countryAustralia,0.0066354155985004,0.0032087483016037,0.0003345057564074,0.0129363254405933,0.0390481099949977,0.7028816599807758
d_trust,Trust,muse_glimmer_30b,Muse-Glimmer-30B,base,Muse-Glimmer-30B (base),fa,countryGermany,-0.0016210077111037,0.0031866597407507,-0.0078785429979513,0.0046365275757438,0.6111474243010064,0.7028816599807758
d_trust,Trust,muse_glimmer_30b,Muse-Glimmer-30B,base,Muse-Glimmer-30B (base),fa,countryMexico,-0.0199258449886956,0.0036882220812082,-0.0271682811746984,-0.0126834088026929,9.266446055433944e-08,0.7028816599807758
d_trust,Trust,muse_glimmer_30b,Muse-Glimmer-30B,base,Muse-Glimmer-30B (base),fa,countryRussia,-0.0396436004176252,0.0034179008282613,-0.0463552159585905,-0.0329319848766598,2.254272754948853e-28,0.7028816599807758
d_trust,Trust,muse_glimmer_30b,Muse-Glimmer-30B,base,Muse-Glimmer-30B (base),fa,decade200X,-0.0015775664976647,0.0028377156099026,-0.0071498920697764,0.0039947590744468,0.5784535382699518,0.7028816599807758
d_trust,Trust,muse_glimmer_30b,Muse-Glimmer-30B,base,Muse-Glimmer-30B (base),fa,decade199X,-0.0063526471567813,0.0028817757934889,-0.0120114922119776,-0.000693802101585,0.0278487478850946,0.7028816599807758
d_trust,Trust,muse_glimmer_30b,Muse-Glimmer-30B,base,Muse-Glimmer-30B (base),fa,Sex_Female,0.0027219397810147,0.0027272376267425,-0.002633443935271,0.0080773234973005,0.3186275325822707,0.7028816599807758
d_trust,Trust,muse_glimmer_30b,Muse-Glimmer-30B,base,Muse-Glimmer-30B (base),fa,Age_<25,0.0142138483001053,0.0040981507583804,0.0061664491211314,0.0222612474790793,0.0005586577161739,0.7028816599807758
d_trust,Trust,muse_glimmer_30b,Muse-Glimmer-30B,base,Muse-Glimmer-30B (base),fa,Age_25-34,-0.0034804766057712,0.0034647199461309,-0.0102840292551831,0.0033230760436406,0.315493134070527,0.7028816599807758
d_trust,Trust,muse_glimmer_30b,Muse-Glimmer-30B,base,Muse-Glimmer-30B (base),fa,Age_45-54,-0.0023833971257702,0.0032237870854942,-0.0087138381160002,0.0039470438644596,0.4599854076515355,0.7028816599807758
d_trust,Trust,muse_glimmer_30b,Muse-Glimmer-30B,base,Muse-Glimmer-30B (base),fa,Age_55-64,-0.0012911382552193,0.0033375824336981,-0.0078450352981175,0.0052627587876787,0.6989966726416291,0.7028816599807758
d_trust,Trust,muse_glimmer_30b,Muse-Glimmer-30B,base,Muse-Glimmer-30B (base),fa,Age_65-74,0.0074557185007842,0.0040486235998039,-0.000494425882365,0.0154058628839335,0.0660030007499855,0.7028816599807758
d_trust,Trust,muse_glimmer_30b,Muse-Glimmer-30B,base,Muse-Glimmer-30B (base),fa,Age_75+,0.0052194896693837,0.0038059717721718,-0.002254167577593,0.0126931469163605,0.1707310589156737,0.7028816599807758
d_trust,Trust,muse_glimmer_30b,Muse-Glimmer-30B,base,Muse-Glimmer-30B (base),fa,Education_Low,-0.017749493395541,0.0030782040172836,-0.0237940578691018,-0.0117049289219802,1.2604289644385709e-08,0.7028816599807758
d_trust,Trust,muse_glimmer_30b,Muse-Glimmer-30B,base,Muse-Glimmer-30B (base),fa,Education_Middle,-0.020814015098709,0.0029445485584329,-0.0265961248961893,-0.0150319053012288,4.09243341819415e-12,0.7028816599807758
d_trust,Trust,muse_glimmer_30b,Muse-Glimmer-30B,base,Muse-Glimmer-30B (base),fa,Employment_Homemaker,-0.0095995087636637,0.0028733069583723,-0.0152417238555467,-0.0039572936717806,0.0008834005174253,0.7028816599807758
d_trust,Trust,muse_glimmer_30b,Muse-Glimmer-30B,base,Muse-Glimmer-30B (base),fa,Employment_Retired,-0.005906738322161,0.0047747861406466,-0.0152828233745325,0.0034693467302104,0.2165138918452003,0.7028816599807758
d_trust,Trust,muse_glimmer_30b,Muse-Glimmer-30B,base,Muse-Glimmer-30B (base),fa,Employment_Student,-0.0030987048900558,0.003008102696886,-0.0090056137863887,0.0028082040062769,0.3033418896289663,0.7028816599807758
d_trust,Trust,muse_glimmer_30b,Muse-Glimmer-30B,base,Muse-Glimmer-30B (base),fa,Employment_Unemployed,-0.020640715503632,0.0026137823424948,-0.0257733109392676,-0.0155081200679965,1.2424555232789763e-14,0.7028816599807758
d_trust,Trust,muse_glimmer_30b,Muse-Glimmer-30B,base,Muse-Glimmer-30B (base),fa,Marstat_Cohabiting,-0.003447964784866,0.0028476056389911,-0.0090397110705286,0.0021437815007965,0.2264063240422076,0.7028816599807758
d_trust,Trust,muse_glimmer_30b,Muse-Glimmer-30B,base,Muse-Glimmer-30B (base),fa,Marstat_Divorced or separated,-0.028416070943243,0.0025787114034482,-0.0334797987693811,-0.0233523431171049,5.542803827732081e-26,0.7028816599807758
d_trust,Trust,muse_glimmer_30b,Muse-Glimmer-30B,base,Muse-Glimmer-30B (base),fa,Marstat_Single,-0.0237449060621702,0.0037039480790597,-0.0310182228549783,-0.0164715892693621,2.8070947533192757e-10,0.7028816599807758
d_trust,Trust,muse_glimmer_30b,Muse-Glimmer-30B,base,Muse-Glimmer-30B (base),fa,Marstat_Widowed,-0.0146263553284102,0.003013168892626,-0.0205432125409085,-0.0087094981159118,1.5198981707303435e-06,0.7028816599807758
d_trust,Trust,,Mixtral archived,,Mixtral archived,ntp,const,0.1411503487721488,0.0017333545329272,0.1377466194640884,0.1445540780802092,0.0,0.757293451415773
d_trust,Trust,,Mixtral archived,,Mixtral archived,ntp,nEMD_center,0.0692891754595269,0.0021790140831592,0.0650103196590345,0.0735680312600194,5.569171815804526e-134,0.757293451415773
d_trust,Trust,,Mixtral archived,,Mixtral archived,ntp,countryAustralia,0.0008395052724525,0.0022461811130034,-0.0035712441387659,0.005250254683671,0.7087153419074493,0.757293451415773
d_trust,Trust,,Mixtral archived,,Mixtral archived,ntp,countryGermany,-0.0008397391098543,0.0022907393744794,-0.005337986062759,0.0036585078430503,0.7140531520119097,0.757293451415773
d_trust,Trust,,Mixtral archived,,Mixtral archived,ntp,countryMexico,0.0171486266490234,0.0026617110736693,0.011921915195056,0.0223753381029909,2.3034914003879372e-10,0.757293451415773
d_trust,Trust,,Mixtral archived,,Mixtral archived,ntp,countryRussia,0.0066086633751345,0.0023654094616289,0.0019637893132119,0.0112535374370571,0.0053633982312146,0.757293451415773
d_trust,Trust,,Mixtral archived,,Mixtral archived,ntp,decade200X,0.002263179253364,0.0020316975222434,-0.001726396029827,0.0062527545365551,0.2657238760311283,0.757293451415773
d_trust,Trust,,Mixtral archived,,Mixtral archived,ntp,decade199X,0.0054743246857156,0.002074567490605,0.0014005671045722,0.0095480822668591,0.0085223814073331,0.757293451415773
d_trust,Trust,,Mixtral archived,,Mixtral archived,ntp,Sex_Female,-0.0039625501379634,0.0019421093388741,-0.0077762041542714,-0.0001488961216553,0.041725806414324,0.757293451415773
d_trust,Trust,,Mixtral archived,,Mixtral archived,ntp,Age_<25,0.0046036115465101,0.0029400186606912,-0.0011696030449327,0.0103768261379531,0.1178778125449487,0.757293451415773
d_trust,Trust,,Mixtral archived,,Mixtral archived,ntp,Age_25-34,0.0062278373335673,0.0024625033974183,0.0013923032141645,0.0110633714529702,0.0116749210418575,0.757293451415773
d_trust,Trust,,Mixtral archived,,Mixtral archived,ntp,Age_45-54,-0.0007189341875997,0.0022948098283627,-0.0052251741522724,0.0037873057770729,0.7541643448387912,0.757293451415773
d_trust,Trust,,Mixtral archived,,Mixtral archived,ntp,Age_55-64,-0.0007318739005069,0.0023752441470382,-0.005396059999481,0.0039323121984671,0.7580865868860902,0.757293451415773
d_trust,Trust,,Mixtral archived,,Mixtral archived,ntp,Age_65-74,-0.0010338345508664,0.0028518419907108,-0.0066338996162326,0.0045662305144997,0.7170867708549356,0.757293451415773
d_trust,Trust,,Mixtral archived,,Mixtral archived,ntp,Age_75+,0.0016768776051645,0.0027206382320985,-0.0036655471044445,0.0070193023147737,0.5378790587394022,0.757293451415773
d_trust,Trust,,Mixtral archived,,Mixtral archived,ntp,Education_Low,-0.0004353517368493,0.0020734873384253,-0.0045069882599164,0.0036362847862176,0.8337646265064438,0.757293451415773
d_trust,Trust,,Mixtral archived,,Mixtral archived,ntp,Education_Middle,-0.0036417374763896,0.001864945067142,-0.0073038666382952,2.0391685515898636e-05,0.0512855453763697,0.757293451415773
d_trust,Trust,,Mixtral archived,,Mixtral archived,ntp,Employment_Homemaker,-0.0051956199007607,0.0020374949302051,-0.009196579356673,-0.0011946604448485,0.0110033437552319,0.757293451415773
d_trust,Trust,,Mixtral archived,,Mixtral archived,ntp,Employment_Retired,-0.0011790130271048,0.0033560844821463,-0.0077692419128925,0.0054112158586829,0.7254739619854783,0.757293451415773
d_trust,Trust,,Mixtral archived,,Mixtral archived,ntp,Employment_Student,-0.001446622571469,0.0021437721270179,-0.0056562749420151,0.0027630297990769,0.500044250019908,0.757293451415773
d_trust,Trust,,Mixtral archived,,Mixtral archived,ntp,Employment_Unemployed,-0.0065790313772853,0.0018534537738975,-0.01021859547771,-0.0029394672768606,0.000413991424492,0.757293451415773
d_trust,Trust,,Mixtral archived,,Mixtral archived,ntp,Marstat_Cohabiting,-0.0051464946597939,0.002031836792558,-0.0091363434233622,-0.0011566458962255,0.0115484391944745,0.757293451415773
d_trust,Trust,,Mixtral archived,,Mixtral archived,ntp,Marstat_Divorced or separated,-0.006973303994798,0.0018300717872295,-0.0105669536837212,-0.0033796543058747,0.0001520830744077,0.757293451415773
d_trust,Trust,,Mixtral archived,,Mixtral archived,ntp,Marstat_Single,-0.0116836444299847,0.00264557760712,-0.0168786751447317,-0.0064886137152377,1.1781642690240302e-05,0.757293451415773
d_trust,Trust,,Mixtral archived,,Mixtral archived,ntp,Marstat_Widowed,-0.0114825398377189,0.0021696917550408,-0.0157430896997357,-0.007221989975702,1.6604312645815126e-07,0.757293451415773
d_trust,Trust,,Mixtral archived,,Mixtral archived,fa,const,0.2614885831601131,0.0025666038319154,0.256448630560158,0.2665285357600682,0.0,0.7177096684611814
d_trust,Trust,,Mixtral archived,,Mixtral archived,fa,nEMD_center,0.1083814992066487,0.0039171703338834,0.1006894851282666,0.1160735132850308,1.5594326141878957e-111,0.7177096684611814
d_trust,Trust,,Mixtral archived,,Mixtral archived,fa,countryAustralia,-0.0021281036408202,0.0033731122480886,-0.0087517693711124,0.004495562089472,0.5283290606387969,0.7177096684611814
d_trust,Trust,,Mixtral archived,,Mixtral archived,fa,countryGermany,0.0048151459031286,0.0033660149228041,-0.0017945830510333,0.0114248748572907,0.153054840892189,0.7177096684611814
d_trust,Trust,,Mixtral archived,,Mixtral archived,fa,countryMexico,0.0012042943384485,0.0039312775148948,-0.0065154215312004,0.0089240102080975,0.759447664295534,0.7177096684611814
d_trust,Trust,,Mixtral archived,,Mixtral archived,fa,countryRussia,0.0060495944200595,0.0036316583547958,-0.0010817695013224,0.0131809583414414,0.0962422902983529,0.7177096684611814
d_trust,Trust,,Mixtral archived,,Mixtral archived,fa,decade200X,-0.0009889588576371,0.0029949480270425,-0.0068700363764683,0.0048921186611939,0.741349754183497,0.7177096684611814
d_trust,Trust,,Mixtral archived,,Mixtral archived,fa,decade199X,0.0105626299482945,0.0030412672162242,0.0045905970139679,0.016534662882621,0.0005490535243171,0.7177096684611814
d_trust,Trust,,Mixtral archived,,Mixtral archived,fa,Sex_Female,-0.0075463916407077,0.0028817745529422,-0.0132052342598845,-0.0018875490215308,0.009035898837222,0.7177096684611814
d_trust,Trust,,Mixtral archived,,Mixtral archived,fa,Age_<25,-0.0003567608689052,0.0043306120995056,-0.0088606364724929,0.0081471147346825,0.9343692909053228,0.7177096684611814
d_trust,Trust,,Mixtral archived,,Mixtral archived,fa,Age_25-34,-0.00199149338361,0.0036609239525582,-0.0091803251633727,0.0051973383961525,0.5866395915452386,0.7177096684611814
d_trust,Trust,,Mixtral archived,,Mixtral archived,fa,Age_45-54,-0.0023042865687066,0.0034068522078003,-0.0089942063096711,0.0043856331722578,0.4990504812866213,0.7177096684611814
d_trust,Trust,,Mixtral archived,,Mixtral archived,fa,Age_55-64,0.0032123668188562,0.0035256943567354,-0.0037109192056233,0.0101356528433359,0.3625687149933301,0.7177096684611814
d_trust,Trust,,Mixtral archived,,Mixtral archived,fa,Age_65-74,0.00416758422495,0.0042760100417235,-0.0042290711759481,0.0125642396258481,0.3301043504415532,0.7177096684611814
d_trust,Trust,,Mixtral archived,,Mixtral archived,fa,Age_75+,0.0056716988636572,0.0040257959552298,-0.0022336196506954,0.0135770173780099,0.1593668753940602,0.7177096684611814
d_trust,Trust,,Mixtral archived,,Mixtral archived,fa,Education_Low,-0.006289970655865,0.0032414752824958,-0.0126551453565952,7.52040448652111e-05,0.0527606088228228,0.7177096684611814
d_trust,Trust,,Mixtral archived,,Mixtral archived,fa,Education_Middle,-0.0083945443746009,0.0030841387410666,-0.0144507626632882,-0.0023383260859136,0.0066680176711771,0.7177096684611814
d_trust,Trust,,Mixtral archived,,Mixtral archived,fa,Employment_Homemaker,-0.0024551168593678,0.0030375039738846,-0.00841976004278,0.0035095263240443,0.419235791968001,0.7177096684611814
d_trust,Trust,,Mixtral archived,,Mixtral archived,fa,Employment_Retired,-0.0059973217330679,0.0050426509836925,-0.0158994038619491,0.0039047603958132,0.2347537528989178,0.7177096684611814
d_trust,Trust,,Mixtral archived,,Mixtral archived,fa,Employment_Student,-0.0024624705908307,0.0031786921777877,-0.0087043602454341,0.0037794190637725,0.4388137355698563,0.7177096684611814
d_trust,Trust,,Mixtral archived,,Mixtral archived,fa,Employment_Unemployed,-0.0067592228858689,0.0027637564036318,-0.0121863172815521,-0.0013321284901857,0.0147260038613867,0.7177096684611814
d_trust,Trust,,Mixtral archived,,Mixtral archived,fa,Marstat_Cohabiting,-0.0026863449138636,0.0030090706046562,-0.0085951544577455,0.0032224646300183,0.372326081833328,0.7177096684611814
d_trust,Trust,,Mixtral archived,,Mixtral archived,fa,Marstat_Divorced or separated,-0.0130278173642796,0.0027242732606013,-0.018377380055655,-0.0076782546729042,2.1530392937858874e-06,0.7177096684611814
d_trust,Trust,,Mixtral archived,,Mixtral archived,fa,Marstat_Single,-0.0032644764838125,0.0039141973172247,-0.0109506525505574,0.0044216995829323,0.4045860134676759,0.7177096684611814
d_trust,Trust,,Mixtral archived,,Mixtral archived,fa,Marstat_Widowed,-0.0188704017161069,0.003184614232741,-0.0251239203084872,-0.0126168831237266,5.080242422043487e-09,0.7177096684611814
d_trust,Trust,,Mixtral fresh,,Mixtral fresh,ntp,const,0.1407479092737503,0.0017513721953558,0.1373087992951426,0.144187019252358,0.0,0.7536893859602339
d_trust,Trust,,Mixtral fresh,,Mixtral fresh,ntp,nEMD_center,0.0691939866140862,0.0022003471881628,0.0648732397212908,0.0735147335068815,4.3192007040968393e-132,0.7536893859602339
d_trust,Trust,,Mixtral fresh,,Mixtral fresh,ntp,countryAustralia,0.0001469558198993,0.0022695041234382,-0.0043095921931984,0.004603503832997,0.9483913046374164,0.7536893859602339
d_trust,Trust,,Mixtral fresh,,Mixtral fresh,ntp,countryGermany,-0.0004644837531008,0.002314562399208,-0.0050095111689374,0.0040805436627357,0.8410132442433128,0.7536893859602339
d_trust,Trust,,Mixtral fresh,,Mixtral fresh,ntp,countryMexico,0.0173342565125887,0.0026890000053382,0.0120539587121799,0.0226145543129974,2.2520123735229164e-10,0.7536893859602339
d_trust,Trust,,Mixtral fresh,,Mixtral fresh,ntp,countryRussia,0.0058871814284171,0.0023895118752863,0.0011949782770312,0.0105793845798031,0.0140099281530699,0.7536893859602339
d_trust,Trust,,Mixtral fresh,,Mixtral fresh,ntp,decade200X,0.0020092439681448,0.0020528741509681,-0.0020219151402054,0.0060404030764952,0.328073777755192,0.7536893859602339
d_trust,Trust,,Mixtral fresh,,Mixtral fresh,ntp,decade199X,0.0050912461581777,0.0020962733859228,0.0009748654490777,0.0092076268672776,0.0154260481641746,0.7536893859602339
d_trust,Trust,,Mixtral fresh,,Mixtral fresh,ntp,Sex_Female,-0.0037201783276318,0.001962311966425,-0.0075735035561406,0.0001331469008769,0.0584334637059205,0.7536893859602339
d_trust,Trust,,Mixtral fresh,,Mixtral fresh,ntp,Age_<25,0.0057148916950592,0.0029705827973271,-0.0001183406513592,0.0115481240414778,0.0548178964743138,0.7536893859602339
d_trust,Trust,,Mixtral fresh,,Mixtral fresh,ntp,Age_25-34,0.0072572289138827,0.0024881019485233,0.0023714277908261,0.0121430300369393,0.003660250102158,0.7536893859602339
d_trust,Trust,,Mixtral fresh,,Mixtral fresh,ntp,Age_45-54,-7.651592670093586e-05,0.0023186663727168,-0.0046296021756533,0.0044765703222515,0.973684866272271,0.7536893859602339
d_trust,Trust,,Mixtral fresh,,Mixtral fresh,ntp,Age_55-64,-0.0005559624199025,0.0023999263404348,-0.0052686161020832,0.0041566912622782,0.8168773798796527,0.7536893859602339
d_trust,Trust,,Mixtral fresh,,Mixtral fresh,ntp,Age_65-74,-0.0004202551310292,0.0028814790828378,-0.0060785175456174,0.005238007283559,0.8840879382072082,0.7536893859602339
d_trust,Trust,,Mixtral fresh,,Mixtral fresh,ntp,Age_75+,0.0022553800634924,0.0027488661223622,-0.0031424747935968,0.0076532349205816,0.4122490483517376,0.7536893859602339
d_trust,Trust,,Mixtral fresh,,Mixtral fresh,ntp,Education_Low,-0.0001909356974023,0.0020949117776341,-0.0043046426626429,0.0039227712678382,0.927407716472355,0.7536893859602339
d_trust,Trust,,Mixtral fresh,,Mixtral fresh,ntp,Education_Middle,-0.0038108023247996,0.0018841860263532,-0.0075107143035141,-0.0001108903460851,0.0435368446968291,0.7536893859602339
d_trust,Trust,,Mixtral fresh,,Mixtral fresh,ntp,Employment_Homemaker,-0.0050321770697006,0.0020586617536052,-0.00907470109639,-0.0009896530430112,0.0147775740883436,0.7536893859602339
d_trust,Trust,,Mixtral fresh,,Mixtral fresh,ntp,Employment_Retired,-0.0005347473452757,0.0033909514112744,-0.0071934432332266,0.006123948542675,0.8747441087426271,0.7536893859602339
d_trust,Trust,,Mixtral fresh,,Mixtral fresh,ntp,Employment_Student,-0.001985853850259,0.0021660612281962,-0.0062392745702627,0.0022675668697446,0.3595895554734537,0.7536893859602339
d_trust,Trust,,Mixtral fresh,,Mixtral fresh,ntp,Employment_Unemployed,-0.0065390918700753,0.0018726825043728,-0.0102164147741563,-0.0028617689659943,0.0005126277619742,0.7536893859602339
d_trust,Trust,,Mixtral fresh,,Mixtral fresh,ntp,Marstat_Cohabiting,-0.0050670094822546,0.0020529572568721,-0.0090983317828404,-0.0010356871816689,0.0138408103512346,0.7536893859602339
d_trust,Trust,,Mixtral fresh,,Mixtral fresh,ntp,Marstat_Divorced or separated,-0.0067745210628698,0.0018490887994059,-0.0104055138114309,-0.0031435283143086,0.000269107120576,0.7536893859602339
d_trust,Trust,,Mixtral fresh,,Mixtral fresh,ntp,Marstat_Single,-0.0109899735400873,0.0026730799438803,-0.0162390096575911,-0.0057409374225834,4.444217873501143e-05,0.7536893859602339
d_trust,Trust,,Mixtral fresh,,Mixtral fresh,ntp,Marstat_Widowed,-0.0118498871635815,0.002192244602478,-0.016154723284609,-0.0075450510425541,9.128752725104101e-08,0.7536893859602339
d_trust,Trust,,Mixtral fresh,,Mixtral fresh,fa,const,0.1539396632269932,0.002778755474431,0.148483115666419,0.1593962107875674,8.9191656756759e-247,0.4757062011184348
d_trust,Trust,,Mixtral fresh,,Mixtral fresh,fa,nEMD_center,0.0538023196422827,0.0034021804213533,0.0471215737293774,0.060483065555188,8.143661338627507e-48,0.4757062011184348
d_trust,Trust,,Mixtral fresh,,Mixtral fresh,fa,countryAustralia,0.0009218006641747,0.003582680092539,-0.0061133863104057,0.0079569876387552,0.7970345734701868,0.4757062011184348
d_trust,Trust,,Mixtral fresh,,Mixtral fresh,fa,countryGermany,0.0060104507965577,0.0036537388627391,-0.0011642718668448,0.0131851734599602,0.1004564637542339,0.4757062011184348
d_trust,Trust,,Mixtral fresh,,Mixtral fresh,fa,countryMexico,0.0242306551528326,0.0042330098648383,0.0159184377359332,0.0325428725697319,1.5957637081049287e-08,0.4757062011184348
d_trust,Trust,,Mixtral fresh,,Mixtral fresh,fa,countryRussia,0.0137604834065944,0.0037416760626102,0.0064130814564193,0.0211078853567695,0.0002551320724964,0.4757062011184348
d_trust,Trust,,Mixtral fresh,,Mixtral fresh,fa,decade200X,-0.0020747702744837,0.0032633459133519,-0.0084828915887408,0.0043333510397733,0.5251463474080077,0.4757062011184348
d_trust,Trust,,Mixtral fresh,,Mixtral fresh,fa,decade199X,0.0022619314603301,0.0033365145827941,-0.0042898686800881,0.0088137316007483,0.4980587848087205,0.4757062011184348
d_trust,Trust,,Mixtral fresh,,Mixtral fresh,fa,Sex_Female,-0.0007588200516258,0.0031241223530058,-0.0068935527983853,0.0053759126951336,0.8081677033428454,0.4757062011184348
d_trust,Trust,,Mixtral fresh,,Mixtral fresh,fa,Age_<25,0.0121298460052216,0.0046856498789475,0.0029287947965286,0.0213308972139145,0.009851452060919,0.4757062011184348
d_trust,Trust,,Mixtral fresh,,Mixtral fresh,fa,Age_25-34,0.0061189032500604,0.0039681188999153,-0.0016731567935944,0.0139109632937152,0.1235624177166529,0.4757062011184348
d_trust,Trust,,Mixtral fresh,,Mixtral fresh,fa,Age_45-54,-0.0016139145973565,0.0036902259888577,-0.008860285788615,0.0056324565939019,0.6620057458806987,0.4757062011184348
d_trust,Trust,,Mixtral fresh,,Mixtral fresh,fa,Age_55-64,0.0046714275417407,0.003809543760485,-0.0028092438971276,0.012152098980609,0.2205567001694321,0.4757062011184348
d_trust,Trust,,Mixtral fresh,,Mixtral fresh,fa,Age_65-74,0.0011159447563705,0.004618754901098,-0.0079537470608399,0.0101856365735811,0.8091582841475778,0.4757062011184348
d_trust,Trust,,Mixtral fresh,,Mixtral fresh,fa,Age_75+,0.0014263595170494,0.0043276915098681,-0.0070717810240586,0.0099245000581576,0.7418180389831375,0.4757062011184348
d_trust,Trust,,Mixtral fresh,,Mixtral fresh,fa,Education_Low,-0.0012256461520484,0.0033375948497116,-0.0077795675758498,0.0053282752717528,0.7135726806828215,0.4757062011184348
d_trust,Trust,,Mixtral fresh,,Mixtral fresh,fa,Education_Middle,-0.0006914318808733,0.0029930330284177,-0.0065687489820748,0.005185885220328,0.8173776961748239,0.4757062011184348
d_trust,Trust,,Mixtral fresh,,Mixtral fresh,fa,Employment_Homemaker,-0.0060865311128545,0.0032853291349278,-0.0125378201312034,0.0003647579054943,0.0643927663961148,0.4757062011184348
d_trust,Trust,,Mixtral fresh,,Mixtral fresh,fa,Employment_Retired,-0.0014322842789401,0.0054329499652848,-0.0121007832356057,0.0092362146777254,0.7921502460209034,0.4757062011184348
d_trust,Trust,,Mixtral fresh,,Mixtral fresh,fa,Employment_Student,-0.0029768244133169,0.0034484204843972,-0.0097483703644137,0.0037947215377799,0.3883263139419486,0.4757062011184348
d_trust,Trust,,Mixtral fresh,,Mixtral fresh,fa,Employment_Unemployed,-0.0041100711234264,0.0029803752600349,-0.0099625325956143,0.0017423903487614,0.1683611661460369,0.4757062011184348
d_trust,Trust,,Mixtral fresh,,Mixtral fresh,fa,Marstat_Cohabiting,-0.0038944161005032,0.0032628593458983,-0.0103015819588102,0.0025127497578037,0.2330912636515315,0.4757062011184348
d_trust,Trust,,Mixtral fresh,,Mixtral fresh,fa,Marstat_Divorced or separated,-0.01092541711385,0.0029364393397872,-0.0166916031146426,-0.0051592311130574,0.0002161349283827,0.4757062011184348
d_trust,Trust,,Mixtral fresh,,Mixtral fresh,fa,Marstat_Single,-0.0164483197495062,0.004237873763165,-0.0247700882380249,-0.0081265512609875,0.0001146537099175,0.4757062011184348
d_trust,Trust,,Mixtral fresh,,Mixtral fresh,fa,Marstat_Widowed,-0.0077977834185872,0.0034456931105544,-0.0145639737184848,-0.0010315931186896,0.0239656406630111,0.4757062011184348
