series,source,base_source,model_key,model_label,arm,mode,replicate,group,level,n_questions,n_cells,e_mean_nemd,d_llm,adaptability_ratio,rho_structure,c_center_nemd,score_accuracy,score_dispersion,score_structure,score_center,pfs,pfs_with_center,base_e_mean_nemd,base_d_llm,base_adaptability_ratio,base_rho_structure,base_c_center_nemd,base_score_accuracy,base_score_dispersion,base_score_structure,base_score_center,base_pfs,base_pfs_with_center,model_flat,base_model_flat,delta_e_mean_nemd_vs_base,delta_d_llm_vs_base,delta_adaptability_ratio_vs_base,delta_rho_structure_vs_base,delta_c_center_nemd_vs_base,delta_score_accuracy_vs_base,delta_score_dispersion_vs_base,delta_score_structure_vs_base,delta_score_center_vs_base,delta_pfs_vs_base,delta_pfs_with_center_vs_base,binding_term,base_binding_term
Gemma-4-31B-it (german),culture/gemma4_31b/german,culture/gemma4_31b/base,gemma4_31b,Gemma-4-31B-it,german,fa,1,age,25-34,4,145,0.29529677625328876,0.1773014500253352,1.2214209290646667,0.038111685263204687,0.2276054112102096,0.7047032237467112,0.5728346816541255,0.04182568156500177,0.7723945887897904,0.0,0.0,0.23447484478790376,0.18803930823972398,1.2379435950206141,0.028029772675467253,0.10562923878049388,0.7655251552120963,0.4970313526032819,0.03505197878077674,0.8943707612195061,0.0,0.0,False,False,0.060821931465385004,-0.010737858214388774,-0.016522665955947424,0.010081912587737434,0.12197617242971573,-0.06082193146538506,0.07580332905084364,0.006773702784225032,-0.1219761724297157,0.0,0.0,structure,structure
Gemma-4-31B-it (german),culture/gemma4_31b/german,culture/gemma4_31b/base,gemma4_31b,Gemma-4-31B-it,german,fa,1,age,35-44,4,104,0.3050481145503571,0.17320394195328997,1.1348468634058404,0.04803602341025085,0.2603338254801257,0.6949518854496429,0.6396298217184617,0.05160506716075063,0.7396661745198744,0.0,0.0,0.2288090688124785,0.18079916178073538,1.1426763165511495,0.05780690667113479,0.11925714019088131,0.7711909311875215,0.5254357707487973,0.06259431994077916,0.8807428598091187,0.0,0.0,False,False,0.07623904573787857,-0.007595219827445404,-0.00782945314530914,-0.00977088326088394,0.14107668528924439,-0.07623904573787854,0.1141940509696644,-0.010989252780028526,-0.14107668528924433,0.0,0.0,structure,structure
Gemma-4-31B-it (german),culture/gemma4_31b/german,culture/gemma4_31b/base,gemma4_31b,Gemma-4-31B-it,german,fa,1,age,45-54,4,105,0.3020985820194527,0.17794805789597457,1.155960634043642,0.05054479495265243,0.2520625218743951,0.6979014179805473,0.6458588805868852,0.05861407211862521,0.747937478125605,0.0,0.0,0.2289997814612758,0.17940734661278326,1.1441664238876665,0.05505549042416921,0.11450468450562387,0.7710002185387241,0.5410679882177181,0.055130367325102805,0.8854953154943761,0.0,0.0,False,False,0.07309880055817691,-0.0014592887168086988,0.011794210155975371,-0.004510695471516779,0.13755783736877122,-0.07309880055817686,0.10479089236916717,0.0034837047935224047,-0.13755783736877114,0.0,0.0,structure,structure
Gemma-4-31B-it (german),culture/gemma4_31b/german,culture/gemma4_31b/base,gemma4_31b,Gemma-4-31B-it,german,fa,1,age,55-64,4,89,0.31899145237436566,0.16527131457531605,1.0970565146539104,0.06601969426850238,0.2744489980431857,0.6810085476256343,0.6746234391554902,0.07459380622810838,0.7255510019568143,0.0,0.0,0.24254921146354363,0.14928024907480492,0.9567033445043238,0.0465975706358324,0.14715657724804898,0.7574507885364563,0.6248939553515929,0.062105501981839575,0.852843422751951,0.0,0.0,False,False,0.07644224091082202,0.01599106550051113,0.1403531701495866,0.01942212363266998,0.1272924207951367,-0.07644224091082197,0.0497294838038973,0.012488304246268803,-0.1272924207951367,0.0,0.0,structure,structure
Gemma-4-31B-it (german),culture/gemma4_31b/german,culture/gemma4_31b/base,gemma4_31b,Gemma-4-31B-it,german,fa,1,age,65-74,4,82,0.27006143010146516,0.20458182584645776,1.3545082995577404,0.09358496800291387,0.15536999786639122,0.7299385698985348,0.6527669069681231,0.09358496800291387,0.8446300021336087,0.32055031649439286,0.4076268140773376,0.23525976052066264,0.10295694506288813,0.7045041563968139,0.030439017794807056,0.17435859972537776,0.7647402394793373,0.44353923676887214,0.04336546076314155,0.8256414002746222,0.0,0.0,False,False,0.034801669580802524,0.10162488078356963,0.6500041431609266,0.06314595020810682,-0.018988601858986542,-0.03480166958080255,0.20922767019925098,0.05021950723977232,0.018988601858986542,0.32055031649439286,0.4076268140773376,structure,structure
Gemma-4-31B-it (german),culture/gemma4_31b/german,culture/gemma4_31b/base,gemma4_31b,Gemma-4-31B-it,german,fa,1,age,75+,4,25,0.25138959749706735,0.13103378060243104,1.0220717158922037,0.11023293449413983,0.12225542514904758,0.7486104025029326,0.6403727254917337,0.11023293449413983,0.8777445748509524,0.36290704280587294,0.4518453007781226,0.2319505009016979,0.09072786050156739,0.7011368544609515,0.028106687872334696,0.1787332390998531,0.7680494990983021,0.3656715007884341,0.028106687872334696,0.8212667609001469,0.0,0.0,False,False,0.019439096595369465,0.040305920100863646,0.32093486143125216,0.08212624662180514,-0.056477813950805505,-0.019439096595369465,0.27470122470329966,0.08212624662180514,0.05647781395080542,0.36290704280587294,0.4518453007781226,structure,structure
Gemma-4-31B-it (german),culture/gemma4_31b/german,culture/gemma4_31b/base,gemma4_31b,Gemma-4-31B-it,german,fa,1,age,<25,4,61,0.2589529470787585,0.12530605317226262,1.1186217573165507,0.032329806542419126,0.20323383606143683,0.7410470529212415,0.3268036843518972,0.0333414828263509,0.7967661639385633,0.0,0.0,0.20657294139139104,0.11983838871972148,0.9944859862602099,0.10006101551704676,0.12196294478036021,0.793427058608609,0.46231148481985634,0.10007991834210997,0.8780370552196398,0.0,0.0,False,False,0.05238000568736745,0.0054676644525411405,0.12413577105634077,-0.06773120897462763,0.08127089128107662,-0.05238000568736745,-0.13550780046795913,-0.06673843551575906,-0.08127089128107656,0.0,0.0,structure,structure
Gemma-4-31B-it (german),culture/gemma4_31b/german,culture/gemma4_31b/base,gemma4_31b,Gemma-4-31B-it,german,fa,1,country,Australia,4,127,0.3140816076393785,0.14187037471193067,1.5020065435901604,0.13241324685671046,0.250348157366032,0.6859183923606216,0.48919569922447376,0.13241324685671046,0.749651842633968,0.284342822878536,0.3592294481849597,0.2896952200905522,0.18250923209313202,1.762369005662543,0.07615118082775804,0.1902023821370319,0.7103047799094478,0.5707236495164796,0.07615118082775804,0.8097976178629681,0.29293738972100763,0.3734650503607768,False,False,0.02438638754882627,-0.04063885738120135,-0.26036246207238256,0.05626206602895242,0.06014577522900011,-0.02438638754882627,-0.08152795029200582,0.05626206602895242,-0.06014577522900011,-0.008594566842471618,-0.014235602175817097,structure,structure
Gemma-4-31B-it (german),culture/gemma4_31b/german,culture/gemma4_31b/base,gemma4_31b,Gemma-4-31B-it,german,fa,1,country,Germany,4,132,0.2634911699195982,0.21184441849736402,1.7566472874125783,0.07107560114310951,0.18568338535343928,0.7365088300804018,0.481313423530918,0.07107560114310951,0.8143166146465607,0.2850548931545517,0.3698893757619264,0.21043520937237664,0.09775173448191225,0.872147562536984,0.01254252398515124,0.16371014065373177,0.7895647906276233,0.4690572890241256,0.02527685668297383,0.8362898593462682,0.0,0.0,False,False,0.05305596054722156,0.11409268401545176,0.8844997248755943,0.058533077157958274,0.021973244699707517,-0.0530559605472215,0.012256134506792415,0.04579874446013568,-0.021973244699707517,0.2850548931545517,0.3698893757619264,structure,structure
Gemma-4-31B-it (german),culture/gemma4_31b/german,culture/gemma4_31b/base,gemma4_31b,Gemma-4-31B-it,german,fa,1,country,Mexico,4,116,0.31394136063766487,0.17237077905282852,1.8477474011689181,0.050023158802389875,0.22920882522161057,0.6860586393623351,0.4316885896849023,0.050023158802389875,0.7707911747783894,0.2223907301480455,0.3013664222167861,0.22425447385544922,0.1590796856962987,1.682898617566901,0.02398478715940705,0.12460908675948765,0.7757455261445507,0.4782578461323582,0.028639060464869016,0.8753909132405123,0.0,0.0,False,False,0.08968688678221565,0.01329109335652981,0.16484878360201716,0.026038371642982824,0.10459973846212292,-0.08968688678221559,-0.04656925644745591,0.02138409833752086,-0.1045997384621229,0.2223907301480455,0.3013664222167861,structure,structure
Gemma-4-31B-it (german),culture/gemma4_31b/german,culture/gemma4_31b/base,gemma4_31b,Gemma-4-31B-it,german,fa,1,country,Russia,4,88,0.3196999910896907,0.19759005368493193,2.2692799086568924,0.01894137073877074,0.2746269472288095,0.6803000089103093,0.4225920642216326,0.028829557508960702,0.7253730527711906,0.0,0.0,0.22408987548693704,0.1741492687590691,2.009522579213189,-0.024434330526159176,0.11958700091011899,0.775910124513063,0.3796333779765642,0.013095773167168222,0.880412999089881,0.0,0.0,False,False,0.09561011560275368,0.023440784925862823,0.25975732944370344,0.043375701264929914,0.1550399463186905,-0.09561011560275368,0.04295868624506838,0.01573378434179248,-0.15503994631869045,0.0,0.0,structure,structure
Gemma-4-31B-it (german),culture/gemma4_31b/german,culture/gemma4_31b/base,gemma4_31b,Gemma-4-31B-it,german,fa,1,country,United States,4,130,0.2525082017627544,0.21586035399187253,1.8552388312760804,0.09626069503910267,0.1602671060301134,0.7474917982372455,0.42270311482472106,0.09626069503910267,0.8397328939698866,0.30395069732861724,0.3915689999141128,0.2059823505809864,0.15112129320147666,1.1792112354643407,0.11122024450581679,0.10746533914896275,0.7940176494190136,0.4530593177934006,0.11122024450581679,0.8925346608510373,0.0,0.0,False,False,0.046525851181767997,0.06473906079039587,0.6760275958117397,-0.014959549466714114,0.05280176688115065,-0.04652585118176811,-0.030356202968679524,-0.014959549466714114,-0.05280176688115068,0.30395069732861724,0.3915689999141128,structure,structure
Gemma-4-31B-it (german),culture/gemma4_31b/german,culture/gemma4_31b/base,gemma4_31b,Gemma-4-31B-it,german,fa,1,education,High,4,240,0.30169952301108266,0.1738969942226429,1.2118362108410232,0.02805150082367548,0.23283052239266488,0.6983004769889173,0.6094689885000701,0.029188731229890224,0.7671694776073351,0.0,0.0,0.2394179638690067,0.20471510478443566,1.374233238220009,0.021484449582528098,0.08902978591850456,0.7605820361309933,0.5324843853784911,0.023826906800446752,0.9109702140814955,0.0,0.0,False,False,0.06228155914207595,-0.03081811056179276,-0.16239702737898587,0.006567051241147381,0.1438007364741603,-0.062281559142076004,0.07698460312157906,0.0053618244294434715,-0.14380073647416036,0.0,0.0,structure,structure
Gemma-4-31B-it (german),culture/gemma4_31b/german,culture/gemma4_31b/base,gemma4_31b,Gemma-4-31B-it,german,fa,1,education,Low,4,47,0.29325186533808256,0.21639811675048767,1.7590483288570948,0.07785088178146404,0.21422185780013228,0.7067481346619174,0.5380008063508466,0.07785088178146404,0.7857781421998677,0.2481645253569951,0.3307348034865209,0.21247967322878522,0.1090057700804545,0.7186877877587077,0.020779898574522924,0.13711899858521476,0.7875203267712148,0.5906385224255788,0.04230251469340928,0.8628810014147852,0.0,0.0,False,False,0.08077219210929734,0.10739234667003317,1.0403605410983872,0.05707098320694112,0.07710285921491752,-0.08077219210929731,-0.05263771607473222,0.03554836708805476,-0.07710285921491744,0.2481645253569951,0.3307348034865209,structure,structure
Gemma-4-31B-it (german),culture/gemma4_31b/german,culture/gemma4_31b/base,gemma4_31b,Gemma-4-31B-it,german,fa,1,education,Middle,4,335,0.2850811567079532,0.19938459429054506,1.5233005023434336,0.02686083468455666,0.20837191435434188,0.7149188432920468,0.562663947412109,0.02686083468455666,0.7916280856456581,0.14961006077072794,0.22643091962005182,0.22659417787858704,0.12247228723181844,0.8703454489657576,0.023954498012048193,0.14385676746720952,0.773405822121413,0.4944809065551497,0.02999281999528263,0.8561432325327905,0.0,0.0,False,False,0.058486978829366154,0.07691230705872662,0.652955053377676,0.002906336672508468,0.06451514688713236,-0.058486978829366154,0.06818304085695931,-0.0031319853107259696,-0.06451514688713234,0.14961006077072794,0.22643091962005182,structure,structure
Gemma-4-31B-it (german),culture/gemma4_31b/german,culture/gemma4_31b/base,gemma4_31b,Gemma-4-31B-it,german,fa,1,employment,Homemaker,4,72,0.28133484220944366,0.15193160220772423,1.0664890572014833,0.0319350623035138,0.22115534292775207,0.7186651577905563,0.6198519832038836,0.040757829318564545,0.7788446570722479,0.0,0.0,0.20698053656239868,0.09742656641200542,0.5942535533977257,0.11677908253243227,0.16297894541045302,0.7930194634376013,0.457122373512873,0.11677908253243227,0.837021054589547,0.27366388019241544,0.3618822441883059,False,False,0.07435430564704498,0.054505035795718804,0.4722355038037577,-0.08484402022891847,0.058176397517299056,-0.07435430564704504,0.16272960969101058,-0.07602125321386773,-0.05817639751729908,-0.27366388019241544,-0.3618822441883059,structure,structure
Gemma-4-31B-it (german),culture/gemma4_31b/german,culture/gemma4_31b/base,gemma4_31b,Gemma-4-31B-it,german,fa,1,employment,Retired,4,145,0.27511192932573175,0.19678971471044274,1.4147152149456965,0.07347399201972993,0.17584935065963725,0.7248880706742682,0.6242355664825952,0.07347399201972993,0.8241506493403628,0.29175041673040675,0.3773015852660921,0.23153438454268055,0.10072944630796368,0.7422981041386079,0.028452470102192432,0.18102695580131695,0.7684656154573195,0.44631472377030723,0.031100426071556716,0.8189730441986831,0.0,0.0,False,False,0.0435775447830512,0.09606026840247905,0.6724171108070887,0.0450215219175375,-0.0051776051416796975,-0.043577544783051314,0.17792084271228792,0.04237356594817321,0.005177605141679642,0.29175041673040675,0.3773015852660921,structure,structure
Gemma-4-31B-it (german),culture/gemma4_31b/german,culture/gemma4_31b/base,gemma4_31b,Gemma-4-31B-it,german,fa,1,employment,Student,4,33,0.22965542324755683,0.12124328819248315,1.1353360088266733,-0.026409881134291352,0.172370300267764,0.7703445767524432,0.3394628159198928,0.015985399825235388,0.827629699732236,0.0,0.0,0.19049062582200665,0.08727877451379673,0.7562289941466059,0.016415033752396974,0.13684402086712566,0.8095093741779933,0.5626706046633208,0.03588095739400607,0.8631559791328743,0.0,0.0,False,False,0.03916479742555018,0.033964513678686414,0.37910701468006736,-0.042824914886688326,0.03552627940063835,-0.039164797425550124,-0.22320778874342795,-0.01989555756877068,-0.03552627940063835,0.0,0.0,structure,structure
Gemma-4-31B-it (german),culture/gemma4_31b/german,culture/gemma4_31b/base,gemma4_31b,Gemma-4-31B-it,german,fa,1,employment,Unemployed,4,26,0.21316066872873005,0.1678297214943325,1.3405687268889457,0.058584101526902035,0.1461331351968613,0.78683933127127,0.5120351659073017,0.06452683972527734,0.8538668648031387,0.0,0.0,0.18735774431483018,0.10052942591987216,0.7262742219246936,0.12768129749553442,0.1243061249635897,0.8126422556851698,0.5163256885913803,0.12768129749553442,0.8756938750364103,0.0,0.0,False,False,0.025802924413899864,0.06730029557446035,0.6142945049642521,-0.06909719596863238,0.021827010233271604,-0.025802924413899753,-0.00429052268407859,-0.06315445777025708,-0.021827010233271604,0.0,0.0,structure,structure
Gemma-4-31B-it (german),culture/gemma4_31b/german,culture/gemma4_31b/base,gemma4_31b,Gemma-4-31B-it,german,fa,1,employment,Working,4,340,0.31441526681333953,0.16989171493614813,1.179857422761103,0.049875656095287615,0.25416293692345593,0.6855847331866605,0.6061077351291972,0.05247695272859206,0.7458370630765441,0.0,0.0,0.24263723049710667,0.20135077309688532,1.3179627329614547,0.05254667844547393,0.12256392008846465,0.7573627695028934,0.5232292397676113,0.05254667844547393,0.8774360799115354,0.2247485916019386,0.31572035498986323,False,False,0.07177803631623286,-0.031459058160737186,-0.13810531020035177,-0.0026710223501863126,0.13159901683499128,-0.07177803631623292,0.08287849536158598,-6.972571688186602e-05,-0.1315990168349913,-0.2247485916019386,-0.31572035498986323,structure,structure
Gemma-4-31B-it (german),culture/gemma4_31b/german,culture/gemma4_31b/base,gemma4_31b,Gemma-4-31B-it,german,fa,1,marital_status,Cohabiting,4,37,0.23539742964401877,0.06444256126706571,0.3652362434934905,0.05445392497386424,0.19903154145598495,0.7646025703559812,0.3652362434934905,0.05730762128726972,0.800968458544015,0.0,0.0,0.2208936629789649,0.06640733758631227,0.40331505725798805,0.08870228711473845,0.20862249543089328,0.7791063370210352,0.40331505725798805,0.08870228711473845,0.7913775045691067,0.0,0.0,False,False,0.014503766665053874,-0.001964776319246561,-0.038078813764497565,-0.034248362140874206,-0.009590953974908334,-0.01450376666505393,-0.038078813764497565,-0.03139466582746873,0.009590953974908278,0.0,0.0,structure,structure
Gemma-4-31B-it (german),culture/gemma4_31b/german,culture/gemma4_31b/base,gemma4_31b,Gemma-4-31B-it,german,fa,1,marital_status,Divorced or separated,4,63,0.20463750723040475,0.0847378318188506,0.6390658948130611,0.004308044246780373,0.17785524557998028,0.7953624927695953,0.5900033582235559,0.02020932856044621,0.8221447544200197,0.0,0.0,0.20437010330836247,0.07281213890409292,0.5709355598645449,-0.003673960343688178,0.16479880168968575,0.7956298966916375,0.4431914079940276,0.014414651695726716,0.8352011983103143,0.0,0.0,False,False,0.00026740392204227525,0.011925692914757674,0.06813033494851617,0.00798200459046855,0.013056443890294533,-0.00026740392204227525,0.14681195022952825,0.0057946768647194925,-0.013056443890294589,0.0,0.0,structure,structure
Gemma-4-31B-it (german),culture/gemma4_31b/german,culture/gemma4_31b/base,gemma4_31b,Gemma-4-31B-it,german,fa,1,marital_status,Married,4,335,0.3431092956718257,0.0884704681511516,0.6123201235874292,0.048837649945750315,0.3300759106325397,0.6568907043281743,0.6123201235874292,0.05716883684938124,0.6699240893674603,0.0,0.0,0.24758297494513243,0.18038299715073886,1.1856267778040945,0.02945922676181719,0.14883876743552632,0.7524170250548676,0.672286438734986,0.03664075824632775,0.8511612325644737,0.0,0.0,False,False,0.09552632072669326,-0.09191252899958725,-0.5733066542166654,0.019378423183933124,0.1812371431970134,-0.09552632072669331,-0.05996631514755679,0.020528078603053487,-0.18123714319701345,0.0,0.0,structure,structure
Gemma-4-31B-it (german),culture/gemma4_31b/german,culture/gemma4_31b/base,gemma4_31b,Gemma-4-31B-it,german,fa,1,marital_status,Single,4,104,0.2477246152872245,0.1234706981113012,0.9990268886031137,-0.0007765518203175438,0.19273013865072308,0.7522753847127754,0.3975392472343323,0.022766217945878804,0.8072698613492769,0.0,0.0,0.2056388858286945,0.10174465375724033,0.7965198969894293,0.041873176728502895,0.1391523056284691,0.7943611141713055,0.5799529386229569,0.047378412917594495,0.8608476943715309,0.0,0.0,False,False,0.04208572945853001,0.021726044354060864,0.20250699161368446,-0.04264972854882044,0.053577833022253996,-0.04208572945853006,-0.18241369138862462,-0.02461219497171569,-0.05357783302225394,0.0,0.0,structure,structure
Gemma-4-31B-it (german),culture/gemma4_31b/german,culture/gemma4_31b/base,gemma4_31b,Gemma-4-31B-it,german,fa,1,marital_status,Widowed,4,60,0.2206337957013504,0.05598151848325586,0.3858480081262335,0.025593010689809487,0.18441663610149128,0.7793662042986496,0.3858480081262335,0.035683583924699794,0.8155833638985087,0.0,0.0,0.21817535488377465,0.05846732067302868,0.44471186418594943,-0.03636478341243915,0.18362287390319293,0.7818246451162254,0.37841434557600584,0.00038362290844912,0.8163771260968071,0.0,0.0,False,False,0.0024584408175757355,-0.0024858021897728177,-0.05886385605971595,0.06195779410224864,0.0007937621982983534,-0.0024584408175758465,0.007433662550227649,0.03529996101625067,-0.0007937621982984089,0.0,0.0,structure,structure
Gemma-4-31B-it (german),culture/gemma4_31b/german,culture/gemma4_31b/base,gemma4_31b,Gemma-4-31B-it,german,fa,1,population,every retained cell,4,626,0.29224773972731677,0.19672626379209746,1.3337115649190778,0.03657844306606503,0.21840634099799427,0.7077522602726832,0.5588584243722021,0.038116642945057344,0.7815936590020057,0.0,0.0,0.2306728482590807,0.16420419940988298,1.08416543117351,0.03910592080574116,0.11939587263396942,0.7693271517409193,0.5427267684718691,0.03910592080574116,0.8806041273660306,0.1894505564078165,0.2780406683195259,False,False,0.06157489146823608,0.03252206438221447,0.24954613374556778,-0.002527477739676126,0.09901046836402486,-0.061574891468236026,0.016131655900333053,-0.0009892778606838126,-0.09901046836402483,-0.1894505564078165,-0.2780406683195259,structure,structure
Gemma-4-31B-it (german),culture/gemma4_31b/german,culture/gemma4_31b/base,gemma4_31b,Gemma-4-31B-it,german,fa,1,sex,Female,4,343,0.2759976899816413,0.2090128533267851,1.3984180727223412,0.048725704563231664,0.1809296125574697,0.7240023100183587,0.5646484889402539,0.048725704563231664,0.8190703874425302,0.20388074468737505,0.28829738624909224,0.22172024717275973,0.12559052161778117,0.8152252094803057,0.06354419516460269,0.13173325218325221,0.7782797528272403,0.5808357963535508,0.06354419516460269,0.8682667478167478,0.0,0.0,False,False,0.05427744280888158,0.08342233170900393,0.5831928632420355,-0.014818490601371026,0.049196360374217485,-0.05427744280888158,-0.01618730741329688,-0.014818490601371026,-0.049196360374217596,0.20388074468737505,0.28829738624909224,structure,structure
Gemma-4-31B-it (german),culture/gemma4_31b/german,culture/gemma4_31b/base,gemma4_31b,Gemma-4-31B-it,german,fa,1,sex,Male,4,280,0.3117198751924589,0.16768390251281173,1.1830552707924202,0.030137348174537677,0.2632176918180992,0.6882801248075411,0.6153057656004859,0.03787058262963401,0.7367823081819008,0.0,0.0,0.24143922275473673,0.19376898063567136,1.3308275629122852,0.02731088284838725,0.1167059601978697,0.7585607772452633,0.52982750883667,0.02731088284838725,0.8832940398021303,0.19245124189120785,0.2813471821876363,False,False,0.07028065243772219,-0.026085078122859623,-0.14777229211986498,0.0028264653261504263,0.14651173162022946,-0.07028065243772219,0.08547825676381593,0.01055969978124676,-0.14651173162022946,-0.19245124189120785,-0.2813471821876363,structure,structure
Gemma-4-31B-it (german),culture/gemma4_31b/german,culture/gemma4_31b/base,gemma4_31b,Gemma-4-31B-it,german,fa,1,wave,1995-1997,4,201,0.31380222360577475,0.17241523646345924,1.2574584151728436,0.0674104938475547,0.25231277920597794,0.6861977763942253,0.585790459727441,0.0674104938475547,0.747687220794022,0.25115267693480575,0.3287397887921793,0.24386236617852297,0.17556241152858235,1.3010922406410699,0.008252954411394477,0.12113686438734346,0.7561376338214771,0.44896980843810846,0.01142521055566928,0.8788631356126565,0.0,0.0,False,False,0.06993985742725178,-0.0031471750651231034,-0.04363382546822625,0.059157539436160214,0.1311759148186345,-0.06993985742725184,0.13682065128933257,0.055985283291885415,-0.13117591481863455,0.25115267693480575,0.3287397887921793,structure,structure
Gemma-4-31B-it (german),culture/gemma4_31b/german,culture/gemma4_31b/base,gemma4_31b,Gemma-4-31B-it,german,fa,1,wave,2005-2006,4,167,0.27743533391346425,0.20716220859380985,1.4117655065789652,0.005158813859097263,0.1930923265647677,0.7225646660865357,0.5558415076899692,0.007674376195569654,0.8069076734352323,0.0,0.0,0.21740801834971263,0.13731602535950366,0.897628574506284,0.08001928417967633,0.1297937047399696,0.7825919816502873,0.5854051506099958,0.08001928417967633,0.8702062952600303,0.0,0.0,False,False,0.060027315563751626,0.06984618323430619,0.5141369320726812,-0.07486047032057906,0.06329862182479812,-0.060027315563751626,-0.029563642920026556,-0.07234490798410667,-0.06329862182479806,0.0,0.0,structure,structure
Gemma-4-31B-it (german),culture/gemma4_31b/german,culture/gemma4_31b/base,gemma4_31b,Gemma-4-31B-it,german,fa,1,wave,2017-2018,4,220,0.2867581125001763,0.19882003364944187,1.351550298062028,0.058563992434810856,0.2109801377887236,0.7132418874998236,0.5371316730811685,0.06268092926487688,0.7890198622112764,0.0,0.0,0.2312907506892789,0.16855828772958725,1.0722927681310161,0.02273265834637389,0.12141932711670798,0.768709249310721,0.5495342561913986,0.03459895522458918,0.878580672883292,0.0,0.0,False,False,0.0554673618108974,0.030261745919854616,0.2792575299310118,0.035831334088436965,0.08956081067201561,-0.0554673618108974,-0.012402583110230125,0.0280819740402877,-0.0895608106720156,0.0,0.0,structure,structure
Gemma-4-31B-it (german),culture/gemma4_31b/german,culture/gemma4_31b/base,gemma4_31b,Gemma-4-31B-it,german,ntp,1,age,25-34,4,145,0.2895035319319374,0.17673831030665454,1.2051034026144136,0.035744085939285915,0.22469219654771302,0.7104964680680625,0.5279231362796909,0.03865407564388501,0.775307803452287,0.0,0.0,0.22089757806284235,0.1812268114484794,1.190025741915253,-0.008677583658252573,0.09362259447216044,0.7791024219371576,0.487761630132048,0.011694528118770597,0.9063774055278395,0.0,0.0,False,False,0.06860595386909504,-0.004488501141824863,0.015077660699160722,0.04442166959753849,0.13106960207555257,-0.06860595386909507,0.04016150614764291,0.026959547525114414,-0.13106960207555252,0.0,0.0,structure,structure
Gemma-4-31B-it (german),culture/gemma4_31b/german,culture/gemma4_31b/base,gemma4_31b,Gemma-4-31B-it,german,ntp,1,age,35-44,4,104,0.29859045381824595,0.17438962349541892,1.126435237529643,0.05268244703492317,0.25539444356216023,0.701409546181754,0.5780217029875068,0.055842025121434144,0.7446055564378398,0.0,0.0,0.21708311967937932,0.17358361660063934,1.0927902233618487,0.01866896973860485,0.10890196551507995,0.7829168803206207,0.5172554665480118,0.02922635072729206,0.89109803448492,0.0,0.0,False,False,0.08150733413886663,0.0008060068947795818,0.033645014167794196,0.03401347729631832,0.14649247804708027,-0.08150733413886668,0.06076623643949497,0.026615674394142082,-0.1464924780470802,0.0,0.0,structure,structure
Gemma-4-31B-it (german),culture/gemma4_31b/german,culture/gemma4_31b/base,gemma4_31b,Gemma-4-31B-it,german,ntp,1,age,45-54,4,105,0.2988336397470557,0.17894709120250796,1.1433171778746405,0.05838531888633505,0.2510418310059284,0.7011663602529443,0.5940585476409166,0.06357385090997586,0.7489581689940716,0.0,0.0,0.2201055128140486,0.1706794401343647,1.0844842032914355,0.05349661480740116,0.11052448591754438,0.7798944871859513,0.5367043672386315,0.053697041985172285,0.8894755140824556,0.0,0.0,False,False,0.07872812693300707,0.008267651068143256,0.05883297458320502,0.004888704078933895,0.14051734508838404,-0.07872812693300701,0.057354180402285126,0.009876808924803575,-0.14051734508838398,0.0,0.0,structure,structure
Gemma-4-31B-it (german),culture/gemma4_31b/german,culture/gemma4_31b/base,gemma4_31b,Gemma-4-31B-it,german,ntp,1,age,55-64,4,89,0.313273513296696,0.16276324315292306,1.0696427883983264,0.07839022015931271,0.27158334025210745,0.686726486703304,0.6269663103467165,0.08606527458380143,0.7284166597478926,0.0,0.0,0.2295300647001278,0.14922567980145263,0.9487366426461119,0.06136051626739046,0.13904097668632914,0.7704699352998723,0.5869919254429331,0.06597388540822681,0.8609590233136709,0.0,0.0,False,False,0.08374344859656821,0.013537563351470439,0.12090614575221448,0.01702970389192225,0.1325423635657783,-0.08374344859656824,0.039974384903783355,0.020091389175574625,-0.1325423635657783,0.0,0.0,structure,structure
Gemma-4-31B-it (german),culture/gemma4_31b/german,culture/gemma4_31b/base,gemma4_31b,Gemma-4-31B-it,german,ntp,1,age,65-74,4,82,0.26601752170113224,0.1902739687396251,1.2492449851021754,0.09738182502290761,0.15467924895560187,0.7339824782988678,0.6123837833023281,0.09738182502290761,0.8453207510443981,0.31135408263215947,0.39892142880507514,0.2278855594071282,0.1016057429746809,0.6825858952978334,0.04617608644985272,0.17775821898613017,0.7721144405928718,0.5287126632345425,0.05182154842619263,0.8222417810138698,0.0,0.0,False,False,0.038131962294004035,0.0886682257649442,0.566659089804342,0.05120573857305489,-0.023078970030528306,-0.03813196229400406,0.08367112006778565,0.04556027659671498,0.02307897003052828,0.31135408263215947,0.39892142880507514,structure,structure
Gemma-4-31B-it (german),culture/gemma4_31b/german,culture/gemma4_31b/base,gemma4_31b,Gemma-4-31B-it,german,ntp,1,age,75+,4,25,0.24684544986856446,0.13229092655421676,1.0302618980382348,0.10321332969085013,0.12526523744956203,0.7531545501314355,0.615911405140492,0.10321332969085013,0.874734762550438,0.34371312370748097,0.4335106149692249,0.22404646839193734,0.08324450408759528,0.6349531360352046,0.06391880979539327,0.18364747996494207,0.7759535316080627,0.4078945121839762,0.06391880979539327,0.8163525200350579,0.21518413906610973,0.29988335527999144,False,False,0.022798981476627123,0.049046422466621484,0.3953087620030301,0.03929451989545686,-0.058382242515380045,-0.022798981476627178,0.20801689295651582,0.03929451989545686,0.058382242515380156,0.12852898464137125,0.13362725968923345,structure,structure
Gemma-4-31B-it (german),culture/gemma4_31b/german,culture/gemma4_31b/base,gemma4_31b,Gemma-4-31B-it,german,ntp,1,age,<25,4,61,0.24368874205851726,0.12642375767749764,1.120212310758431,0.015510361253325078,0.19033509455152575,0.7563112579414828,0.3309679956310693,0.01861891677494836,0.8096649054484742,0.0,0.0,0.1946902912272261,0.11671840090600746,0.9721504908838479,0.06083899993748587,0.10468277824235907,0.8053097087727739,0.5002871435925224,0.06083899993748587,0.895317221757641,0.17844423563796594,0.2670109881143147,False,False,0.048998450831291174,0.009705356771490176,0.1480618198745831,-0.045328638684160795,0.08565231630916668,-0.04899845083129106,-0.16931914796145303,-0.04222008316253751,-0.0856523163091667,-0.17844423563796594,-0.2670109881143147,structure,structure
Gemma-4-31B-it (german),culture/gemma4_31b/german,culture/gemma4_31b/base,gemma4_31b,Gemma-4-31B-it,german,ntp,1,country,Australia,4,127,0.31121974209769626,0.14480135715095732,1.5102296832259088,0.12441831049939028,0.24858430963945088,0.6887802579023037,0.42943251499033475,0.12441831049939028,0.7514156903605491,0.2640799219725216,0.3401469571114318,0.28992664505388793,0.17861295527824955,1.7223001062504926,0.07031888839777771,0.20113037251784496,0.710073354946112,0.5534191307160694,0.07031888839777771,0.7988696274821551,0.2900514101895985,0.3696764505934392,False,False,0.02129309704380833,-0.03381159812729223,-0.2120704230245838,0.054099422101612574,0.04745393712160592,-0.02129309704380833,-0.12398661572573466,0.054099422101612574,-0.04745393712160595,-0.0259714882170769,-0.029529493482007396,structure,structure
Gemma-4-31B-it (german),culture/gemma4_31b/german,culture/gemma4_31b/base,gemma4_31b,Gemma-4-31B-it,german,ntp,1,country,Germany,4,132,0.25233290036459116,0.20157374162477104,1.667049090182227,0.07600209738277333,0.17939070451225436,0.7476670996354089,0.4497111296070664,0.07600209738277333,0.8206092954877456,0.2818516155155373,0.36753077406051665,0.19223706656471778,0.09600200551247359,0.8375889513581177,0.0524334767742772,0.15090895932518072,0.8077629334352823,0.5103647724300167,0.0524334767742772,0.8490910406748193,0.21350052555655888,0.3012562304052869,False,False,0.06009583379987338,0.10557173611229745,0.8294601388241093,0.023568620608496134,0.028481745187073637,-0.06009583379987338,-0.06065364282295027,0.023568620608496134,-0.028481745187073693,0.0683510899589784,0.06627454365522978,structure,structure
Gemma-4-31B-it (german),culture/gemma4_31b/german,culture/gemma4_31b/base,gemma4_31b,Gemma-4-31B-it,german,ntp,1,country,Mexico,4,116,0.30818624185420196,0.17051538266711885,1.8274785594738212,0.0520962956526804,0.22763855434957375,0.6918137581457979,0.379691314211933,0.0520962956526804,0.7723614456504262,0.21512441540210828,0.2942664291019643,0.21175106086934714,0.15489920520142486,1.6397695978263078,0.027827430121545177,0.11832402160897888,0.7882489391306529,0.4326216526192379,0.02989489500612072,0.8816759783910211,0.0,0.0,False,False,0.09643518098485482,0.015616177465693992,0.18770896164751338,0.02426886553113522,0.10931453274059487,-0.09643518098485493,-0.05293033840730493,0.022201400646559677,-0.10931453274059488,0.21512441540210828,0.2942664291019643,structure,structure
Gemma-4-31B-it (german),culture/gemma4_31b/german,culture/gemma4_31b/base,gemma4_31b,Gemma-4-31B-it,german,ntp,1,country,Russia,4,88,0.31266441171175063,0.19718687824394254,2.29011020115151,0.018571603159586687,0.27033971358034303,0.6873355882882494,0.3740636426557726,0.029858550981135636,0.729660286419657,0.0,0.0,0.21416864195131868,0.16026080494224132,1.8674056463741673,0.007531676010217174,0.11666196108617877,0.7858313580486813,0.37188052334642047,0.025903073487980648,0.8833380389138212,0.0,0.0,False,False,0.09849576976043195,0.03692607330170122,0.4227045547773427,0.011039927149369513,0.15367775249416427,-0.09849576976043195,0.0021831193093521106,0.003955477493154988,-0.15367775249416427,0.0,0.0,structure,structure
Gemma-4-31B-it (german),culture/gemma4_31b/german,culture/gemma4_31b/base,gemma4_31b,Gemma-4-31B-it,german,ntp,1,country,United States,4,130,0.24975107049279982,0.22016983184176048,1.8792048238808308,0.1261960187658229,0.15714740570835256,0.7502489295072001,0.3684115041889536,0.1261960187658229,0.8428525942916474,0.3099250124325973,0.39780788476791784,0.1912949693712688,0.14377799499198474,1.1212586622406948,0.06162480253248058,0.09550001337073533,0.8087050306287312,0.4356369783364247,0.06162480253248058,0.9044999866292647,0.24341348503373914,0.3379277599851412,False,False,0.05845610112153102,0.07639183684977574,0.757946161640136,0.06457121623334232,0.061647392337617235,-0.0584561011215311,-0.0672254741474711,0.06457121623334232,-0.06164739233761729,0.06651152739885816,0.059880124782776656,structure,structure
Gemma-4-31B-it (german),culture/gemma4_31b/german,culture/gemma4_31b/base,gemma4_31b,Gemma-4-31B-it,german,ntp,1,education,High,4,240,0.2955546960400042,0.17887604211319763,1.2241641291608838,0.03855205194919749,0.22894910400637977,0.7044453039599958,0.5429403404148234,0.039669495782632166,0.7710508959936202,0.0,0.0,0.22745192278004744,0.1888131723760595,1.2408537990260373,0.009077366400608846,0.08396490200053616,0.7725480772199526,0.5359071573372337,0.020099558358362024,0.9160350979994638,0.0,0.0,False,False,0.06810277325995673,-0.00993713026286186,-0.016689669865153522,0.02947468554858864,0.1449842020058436,-0.06810277325995673,0.007033183077589711,0.019569937424270142,-0.1449842020058436,0.0,0.0,structure,structure
Gemma-4-31B-it (german),culture/gemma4_31b/german,culture/gemma4_31b/base,gemma4_31b,Gemma-4-31B-it,german,ntp,1,education,Low,4,47,0.28692544756725347,0.2048329778015036,1.6620567603034901,0.08022486654189917,0.21199560363731756,0.7130745524327465,0.51864590071252,0.08022486654189917,0.7880043963626824,0.24767801548072366,0.3305265366012321,0.22040905208973322,0.09823236762258711,0.6502884360551533,0.03389723178876855,0.15757876120843328,0.7795909479102667,0.5371629435698017,0.05937614389750417,0.8424212387915667,0.0,0.0,False,False,0.06651639547752025,0.1066006101789165,1.0117683242483368,0.04632763475313062,0.05441684242888428,-0.0665163954775202,-0.018517042857281618,0.020848722644395003,-0.05441684242888434,0.24767801548072366,0.3305265366012321,structure,structure
Gemma-4-31B-it (german),culture/gemma4_31b/german,culture/gemma4_31b/base,gemma4_31b,Gemma-4-31B-it,german,ntp,1,education,Middle,4,335,0.27906619480851386,0.1942601779115406,1.4733309299840738,0.026574688307703116,0.2051521701141637,0.7209338051914861,0.5246114855894275,0.026574688307703116,0.7948478298858364,0.17527498275465261,0.25533299774556434,0.21323943545840296,0.12395873424553452,0.8907912948253365,0.013106039938740172,0.12676351657014184,0.786760564541597,0.505899119054018,0.014691788620050565,0.8732364834298582,0.0,0.0,False,False,0.0658267593501109,0.07030144366600607,0.5825396351587373,0.013468648368962943,0.07838865354402186,-0.06582675935011095,0.01871236653540953,0.01188289968765255,-0.0783886535440218,0.17527498275465261,0.25533299774556434,structure,structure
Gemma-4-31B-it (german),culture/gemma4_31b/german,culture/gemma4_31b/base,gemma4_31b,Gemma-4-31B-it,german,ntp,1,employment,Homemaker,4,72,0.2728489176224805,0.15391606457519286,1.0666746805532512,0.0258927598452455,0.2122902670180936,0.7271510823775196,0.5872248209641789,0.032982982851006815,0.7877097329819065,0.0,0.0,0.1977015460077185,0.09302142862120229,0.5696343378294174,0.08744902500569367,0.15394793478590257,0.8022984539922815,0.4577227158422327,0.08744902500569367,0.8460520652140975,0.2740897933227548,0.3632663094346839,False,False,0.07514737161476198,0.06089463595399057,0.4970403427238338,-0.06155626516044817,0.05834233223219101,-0.07514737161476193,0.12950210512194626,-0.05446604215468685,-0.058342332232190985,-0.2740897933227548,-0.3632663094346839,structure,structure
Gemma-4-31B-it (german),culture/gemma4_31b/german,culture/gemma4_31b/base,gemma4_31b,Gemma-4-31B-it,german,ntp,1,employment,Retired,4,145,0.2704922777716832,0.18490438560317,1.3195206412319904,0.08069403764877062,0.17454312500790625,0.7295077222283168,0.5924653221089307,0.08069403764877062,0.8254568749920937,0.2916608907767173,0.3774219638615899,0.22158072798537717,0.0992936273217446,0.7205614158079291,0.05923910159870414,0.1802386755445503,0.7784192720146228,0.5259050201938659,0.05923910159870414,0.8197613244554497,0.21525953080397872,0.3003436889720731,False,False,0.04891154978630605,0.08561075828142539,0.5989592254240613,0.02145493605006648,-0.005695550536644056,-0.04891154978630596,0.06656030191506479,0.02145493605006648,0.005695550536644056,0.07640135997273859,0.0770782748895168,structure,structure
Gemma-4-31B-it (german),culture/gemma4_31b/german,culture/gemma4_31b/base,gemma4_31b,Gemma-4-31B-it,german,ntp,1,employment,Student,4,33,0.2080618975663867,0.10321799516705242,0.955229661949089,-0.02407835446132136,0.15634230307778443,0.7919381024336133,0.33411443124509976,0.01176680072168702,0.8436576969222156,0.0,0.0,0.18153115373289336,0.08569360399398453,0.7462035489786072,0.03110178374374451,0.12260295121251279,0.8184688462671066,0.5832879771028535,0.047718311545314696,0.8773970487874873,0.0,0.0,False,False,0.026530743833493353,0.017524391173067894,0.2090261129704818,-0.05518013820506587,0.03373935186527165,-0.026530743833493298,-0.24917354585775375,-0.03595151082362767,-0.03373935186527166,0.0,0.0,structure,structure
Gemma-4-31B-it (german),culture/gemma4_31b/german,culture/gemma4_31b/base,gemma4_31b,Gemma-4-31B-it,german,ntp,1,employment,Unemployed,4,26,0.19992845906010745,0.15571407762265582,1.2439113017869308,0.08789469570439155,0.132737530917091,0.8000715409398925,0.49872058259931035,0.08789469570439155,0.8672624690829089,0.24402283220753782,0.33500472768903883,0.17274900881320643,0.10289942567596641,0.7552811502910981,0.16319936567554838,0.10479238136108747,0.8272509911867936,0.5499503330194289,0.16319936567554838,0.8952076186389125,0.34953439093053323,0.44199493765800024,False,False,0.02717945024690102,0.05281465194668941,0.48863015149583267,-0.07530466997115683,0.027945149556003537,-0.02717945024690105,-0.051229750420118514,-0.07530466997115683,-0.02794514955600358,-0.10551155872299542,-0.10699020996896141,structure,structure
Gemma-4-31B-it (german),culture/gemma4_31b/german,culture/gemma4_31b/base,gemma4_31b,Gemma-4-31B-it,german,ntp,1,employment,Working,4,340,0.3103222310971737,0.16866234882284473,1.1565871538435784,0.05767584424998766,0.2531081279536245,0.6896777689028263,0.5512117685427026,0.059468294655063314,0.7468918720463755,0.0,0.0,0.23063283515906152,0.19290634336390813,1.2607934506806742,0.026523389209523657,0.11386202217848414,0.7693671648409385,0.5167400766963752,0.026523389209523657,0.8861379778215158,0.13950076503086306,0.22132357855555987,False,False,0.0796893959381122,-0.024243994541063407,-0.10420629683709581,0.031152455040464003,0.13924610577514035,-0.0796893959381122,0.03447169184632737,0.03294490544553966,-0.1392461057751403,-0.13950076503086306,-0.22132357855555987,structure,structure
Gemma-4-31B-it (german),culture/gemma4_31b/german,culture/gemma4_31b/base,gemma4_31b,Gemma-4-31B-it,german,ntp,1,marital_status,Cohabiting,4,37,0.22866790105468374,0.06156506555141013,0.34039729490791815,0.06511686496476055,0.19901094006301634,0.7713320989453163,0.34039729490791815,0.06511686496476055,0.8009890599369837,0.21890137723926983,0.3021209690756093,0.2096561976999241,0.0592167269907603,0.3490661905695056,0.07016357328161868,0.19011561399568308,0.790343802300076,0.3490661905695056,0.07016357328161868,0.8098843860043169,0.1492654020683005,0.2275027467400071,False,False,0.01901170335475963,0.0023483385606498305,-0.008668895661587461,-0.005046708316858134,0.008895326067333259,-0.019011703354759657,-0.008668895661587461,-0.005046708316858134,-0.008895326067333231,0.06963597517096934,0.07461822233560222,structure,structure
Gemma-4-31B-it (german),culture/gemma4_31b/german,culture/gemma4_31b/base,gemma4_31b,Gemma-4-31B-it,german,ntp,1,marital_status,Divorced or separated,4,63,0.2062896849187878,0.07560308325679543,0.5572098879766256,0.04944965196441647,0.18418476276392948,0.7937103150812121,0.5029796584403957,0.053889144586840666,0.8158152372360705,0.0,0.0,0.19701517081242803,0.06185345124903525,0.46758240001613116,-0.002974831319725481,0.16404676390233552,0.8029848291875719,0.3774376557338187,0.010143083575229786,0.8359532360976645,0.0,0.0,False,False,0.009274514106359766,0.013749632007760186,0.08962748796049447,0.05242448328414195,0.020137998861593953,-0.00927451410635971,0.125542002706577,0.04374606101161088,-0.020137998861593953,0.0,0.0,structure,structure
Gemma-4-31B-it (german),culture/gemma4_31b/german,culture/gemma4_31b/base,gemma4_31b,Gemma-4-31B-it,german,ntp,1,marital_status,Married,4,335,0.33738362458709903,0.08861303603729245,0.5941320153881027,0.04936442223505941,0.3252735546197818,0.662616375412901,0.5941320153881027,0.055753802931008935,0.6747264453802182,0.0,0.0,0.23594085433562706,0.17319304599874724,1.1400282382034899,0.017083199146533865,0.14253528349661795,0.7640591456643729,0.6762632263240663,0.024267944483349905,0.8574647165033821,0.0,0.0,False,False,0.10144277025147197,-0.08458000996145479,-0.5458962228153872,0.032281223088525546,0.18273827112316385,-0.10144277025147197,-0.08213121093596365,0.031485858447659026,-0.18273827112316388,0.0,0.0,structure,structure
Gemma-4-31B-it (german),culture/gemma4_31b/german,culture/gemma4_31b/base,gemma4_31b,Gemma-4-31B-it,german,ntp,1,marital_status,Single,4,104,0.2342493363275885,0.12157298284727469,0.9771411330378904,0.0006183685028163253,0.18109589974090975,0.7657506636724115,0.38270815889680015,0.0278808957701149,0.8189041002590902,0.0,0.0,0.1925911510986782,0.10072895262158013,0.7912640129857779,0.04317975124517921,0.12246101681991195,0.8074088489013218,0.5859506020087475,0.04317975124517921,0.877538983180088,0.18890507284393798,0.27726326152342606,False,False,0.041658185228910294,0.02084403022569456,0.18587712005211254,-0.04256138274236289,0.058634882920997805,-0.041658185228910294,-0.20324244311194734,-0.015298855475064311,-0.05863488292099783,-0.18890507284393798,-0.27726326152342606,structure,structure
Gemma-4-31B-it (german),culture/gemma4_31b/german,culture/gemma4_31b/base,gemma4_31b,Gemma-4-31B-it,german,ntp,1,marital_status,Widowed,4,60,0.2175096383677515,0.05457802212586625,0.3677520860152572,0.0383368038380268,0.1892348808174707,0.7824903616322485,0.3677520860152572,0.04947696204417944,0.8107651191825294,0.0,0.0,0.2110999287838104,0.047216342272863684,0.3445362805696771,0.005323672707053077,0.18290112591957833,0.7889000712161895,0.3445362805696771,0.022677152664342035,0.8170988740804217,0.0,0.0,False,False,0.006409709583941103,0.007361679853002567,0.023215805445580107,0.033013131130973726,0.0063337548978923686,-0.006409709583941048,0.023215805445580107,0.026799809379837402,-0.006333754897892341,0.0,0.0,structure,structure
Gemma-4-31B-it (german),culture/gemma4_31b/german,culture/gemma4_31b/base,gemma4_31b,Gemma-4-31B-it,german,ntp,1,population,every retained cell,4,626,0.28615818564074313,0.1951273339090409,1.3112143604436903,0.03716125055746942,0.21498229183904627,0.7138418143592569,0.5116599358510913,0.03809599298101133,0.7850177081609537,0.0,0.0,0.21952283053502386,0.15822609046628883,1.0394981180243734,0.025234085574416122,0.11169998116234953,0.7804771694649761,0.5247371022937924,0.025234085574416122,0.8883000188376504,0.1602252595714169,0.24574202645982166,False,False,0.06663535510571927,0.036901243442752085,0.2717162424193169,0.011927164983053296,0.10328231067669674,-0.06663535510571927,-0.013077166442701182,0.012861907406595208,-0.10328231067669669,-0.1602252595714169,-0.24574202645982166,structure,structure
Gemma-4-31B-it (german),culture/gemma4_31b/german,culture/gemma4_31b/base,gemma4_31b,Gemma-4-31B-it,german,ntp,1,sex,Female,4,343,0.27033842888816595,0.20299452500533088,1.3502235527053563,0.04209800238997988,0.1772596064236689,0.729661571111834,0.517037211385341,0.04209800238997988,0.8227403935763311,0.19933092453238757,0.2838329313513265,0.21251201637920314,0.12548792844381934,0.8196524668222627,0.029100571377620905,0.12215258070472389,0.7874879836207969,0.6069532294211155,0.03193544239534486,0.8778474192952761,0.0,0.0,False,False,0.05782641250896281,0.07750659656151154,0.5305710858830937,0.012997431012358972,0.055107025718945005,-0.05782641250896281,-0.08991601803577454,0.010162559994635015,-0.05510702571894499,0.19933092453238757,0.2838329313513265,structure,structure
Gemma-4-31B-it (german),culture/gemma4_31b/german,culture/gemma4_31b/base,gemma4_31b,Gemma-4-31B-it,german,ntp,1,sex,Male,4,280,0.3051100593250596,0.1700704777184236,1.1850759368007064,0.041491611694889304,0.2600877248775989,0.6948899406749405,0.5544979298925679,0.04778681448121726,0.7399122751224011,0.0,0.0,0.22791701863212824,0.18210085839746962,1.2370985124818752,0.027121422296665282,0.1111990151791327,0.7720829813678718,0.5157487397315939,0.027121422296665282,0.8888009848208673,0.19529298820095495,0.28491915983524585,False,False,0.07719304069293134,-0.012030380679046021,-0.05202257568116875,0.014370189398224022,0.1488887096984662,-0.07719304069293131,0.038749190160974,0.020665392184551976,-0.14888870969846624,-0.19529298820095495,-0.28491915983524585,structure,structure
Gemma-4-31B-it (german),culture/gemma4_31b/german,culture/gemma4_31b/base,gemma4_31b,Gemma-4-31B-it,german,ntp,1,wave,1995-1997,4,201,0.30705895041423376,0.17111645245288698,1.237308500776665,0.06593685654260051,0.24963365637333307,0.6929410495857663,0.5444861804744137,0.06593685654260051,0.750366343626667,0.24312872968636962,0.32130183126640727,0.2320754820523461,0.17375385503149837,1.3021348152267846,0.008821875891273905,0.11014038663736112,0.7679245179476539,0.500968519701187,0.01347039224548885,0.8898596133626389,0.0,0.0,False,False,0.07498346836188766,-0.002637402578611392,-0.06482631445011955,0.0571149806513266,0.13949326973597195,-0.07498346836188763,0.04351766077322661,0.05246646429711166,-0.13949326973597187,0.24312872968636962,0.32130183126640727,structure,structure
Gemma-4-31B-it (german),culture/gemma4_31b/german,culture/gemma4_31b/base,gemma4_31b,Gemma-4-31B-it,german,ntp,1,wave,2005-2006,4,167,0.2679697440351969,0.20420014920346335,1.3834688629559082,0.022580384342654875,0.18605588084239336,0.7320302559648031,0.5011277854486205,0.02333630172471476,0.8139441191576067,0.0,0.0,0.2081060649410375,0.13786204810885794,0.9031468567956467,0.06709555008022706,0.1200170396221499,0.7918939350589624,0.5683014525858914,0.06709555008022706,0.8799829603778501,0.256439997227087,0.3489893861291326,False,False,0.059863679094159405,0.06633810109460542,0.48032200616026155,-0.04451516573757219,0.06603884122024346,-0.05986367909415935,-0.06717366713727091,-0.0437592483555123,-0.0660388412202434,-0.256439997227087,-0.3489893861291326,structure,structure
Gemma-4-31B-it (german),culture/gemma4_31b/german,culture/gemma4_31b/base,gemma4_31b,Gemma-4-31B-it,german,ntp,1,wave,2017-2018,4,220,0.2842393924275672,0.1990785967360051,1.3331067000592807,0.04496919765981522,0.2102886817492237,0.7157606075724328,0.49147682373168633,0.048839625341235676,0.7897113182507762,0.0,0.0,0.21924115634471897,0.15895928555841143,0.9968611139906267,0.012791769066962505,0.119522828519754,0.780758843655281,0.5384892489754576,0.026789523823077914,0.880477171480246,0.0,0.0,False,False,0.06499823608284822,0.04011931117759365,0.33624558606865396,0.03217742859285271,0.09076585322946969,-0.06499823608284827,-0.04701242524377125,0.022050101518157762,-0.09076585322946973,0.0,0.0,structure,structure
Gemma-4-31B-it (spanish-mx),culture/gemma4_31b/spanish-mx,culture/gemma4_31b/base,gemma4_31b,Gemma-4-31B-it,spanish-mx,fa,1,age,25-34,4,148,0.24724123586941038,0.1760902032302188,1.1698607282661784,0.01277679925502874,0.11634907971905124,0.7527587641305896,0.5126126054375073,0.02549389427045509,0.8836509202809487,0.0,0.0,0.23433910342906156,0.18587395085284758,1.2258949270444306,0.024802693149485376,0.10320907918101319,0.7656608965709384,0.4898869411203438,0.03274684197802329,0.8967909208189868,0.0,0.0,False,False,0.012902132440348824,-0.009783747622628791,-0.05603419877825222,-0.012025893894456637,0.013140000538038057,-0.012902132440348768,0.022725664317163496,-0.007252947707568205,-0.013140000538038099,0.0,0.0,structure,structure
Gemma-4-31B-it (spanish-mx),culture/gemma4_31b/spanish-mx,culture/gemma4_31b/base,gemma4_31b,Gemma-4-31B-it,spanish-mx,fa,1,age,35-44,4,102,0.25828590493157133,0.1793715667674098,1.1401774379891667,0.027244906017581005,0.15578812342223033,0.7417140950684287,0.5684836147625114,0.04450924886937652,0.8442118765777696,0.0,0.0,0.22969291888527898,0.17807059618982474,1.124555849952373,0.05656128918528891,0.11381477133803329,0.770307081114721,0.5200314668177198,0.06042061340561421,0.8861852286619667,0.0,0.0,False,False,0.028592986046292346,0.0013009705775850755,0.01562158803679381,-0.029316383167707905,0.041973352084197044,-0.028592986046292346,0.04845214794479158,-0.015911364536237683,-0.04197335208419706,0.0,0.0,structure,structure
Gemma-4-31B-it (spanish-mx),culture/gemma4_31b/spanish-mx,culture/gemma4_31b/base,gemma4_31b,Gemma-4-31B-it,spanish-mx,fa,1,age,45-54,4,105,0.25030231544805714,0.16761897596744968,1.0899744014224377,0.039878522063646664,0.14286791252447578,0.7496976845519429,0.5967360951978462,0.04543198105422226,0.8571320874755242,0.0,0.0,0.22966105820514493,0.17688448008967955,1.126381113170795,0.05060391165648834,0.11629012262738489,0.7703389417948551,0.5469084386129428,0.050678788557421924,0.8837098773726151,0.0,0.0,False,False,0.020641257242912214,-0.009265504122229873,-0.0364067117483573,-0.010725389592841673,0.026577789897090892,-0.020641257242912214,0.0498276565849034,-0.005246807503199662,-0.02657778989709092,0.0,0.0,structure,structure
Gemma-4-31B-it (spanish-mx),culture/gemma4_31b/spanish-mx,culture/gemma4_31b/base,gemma4_31b,Gemma-4-31B-it,spanish-mx,fa,1,age,55-64,4,91,0.2609802413453049,0.13438439986936868,0.8509581188883735,0.056727030660011384,0.15981543816409505,0.7390197586546952,0.6511638999797754,0.07427541471490282,0.840184561835905,0.0,0.0,0.2432724771001021,0.14587976823813692,0.9223620228342866,0.034009166283318376,0.15040372732724389,0.7567275228998979,0.653047482035777,0.04999143466219923,0.8495962726727562,0.0,0.0,False,False,0.01770776424520279,-0.011495368368768244,-0.07140390394591312,0.022717864376693007,0.009411710836851161,-0.017707764245202706,-0.001883582056001587,0.024283980052703588,-0.009411710836851217,0.0,0.0,structure,structure
Gemma-4-31B-it (spanish-mx),culture/gemma4_31b/spanish-mx,culture/gemma4_31b/base,gemma4_31b,Gemma-4-31B-it,spanish-mx,fa,1,age,65-74,4,83,0.2369992902707192,0.09083475528880358,0.6121551066807589,0.040388549679012425,0.1890222239753429,0.7630007097292808,0.5170665720545429,0.053723277619471516,0.810977776024657,0.0,0.0,0.2340440597921696,0.10305158356280228,0.7041985674415318,0.03387038556685843,0.17278217059274828,0.7659559402078304,0.43780051678279586,0.04679682853519293,0.8272178294072516,0.0,0.0,False,False,0.002955230478549592,-0.012216828273998698,-0.09204346076077285,0.006518164112153994,0.016240053382594627,-0.0029552304785496197,0.07926605527174702,0.006926449084278585,-0.0162400533825946,0.0,0.0,structure,structure
Gemma-4-31B-it (spanish-mx),culture/gemma4_31b/spanish-mx,culture/gemma4_31b/base,gemma4_31b,Gemma-4-31B-it,spanish-mx,fa,1,age,75+,4,25,0.2371131333963884,0.07626478150736371,0.5763200333868405,0.042408272251097306,0.19341976759247526,0.7628868666036116,0.3715952180267529,0.042408272251097306,0.8065802324075247,0.0,0.0,0.23530408417923193,0.09146144520332426,0.6963141833375135,0.030699896690617037,0.1824351513264737,0.764695915820768,0.37577066425446154,0.030699896690617037,0.8175648486735263,0.0,0.0,False,False,0.0018090492171564665,-0.015196663695960552,-0.11999414995067303,0.01170837556048027,0.010984616266001557,-0.001809049217156411,-0.004175446227708657,0.01170837556048027,-0.010984616266001557,0.0,0.0,structure,structure
Gemma-4-31B-it (spanish-mx),culture/gemma4_31b/spanish-mx,culture/gemma4_31b/base,gemma4_31b,Gemma-4-31B-it,spanish-mx,fa,1,age,<25,4,73,0.19926772753074673,0.08216975014927601,0.648523897997327,0.07684411508387122,0.13410170029354557,0.8007322724692533,0.648523897997327,0.07684411508387122,0.8658982997064544,0.0,0.0,0.2065762014394068,0.11506503424606873,0.9151338125127576,0.08856542272490803,0.12562144993110588,0.7934237985605932,0.4774890652517181,0.09042494574189039,0.8743785500688941,0.0,0.0,False,False,-0.007308473908660074,-0.032895284096792723,-0.2666099145154306,-0.011721307641036807,0.008480250362439684,0.007308473908660074,0.17103483274560893,-0.013580830658019169,-0.008480250362439712,0.0,0.0,structure,structure
Gemma-4-31B-it (spanish-mx),culture/gemma4_31b/spanish-mx,culture/gemma4_31b/base,gemma4_31b,Gemma-4-31B-it,spanish-mx,fa,1,country,Australia,4,130,0.28730304959845676,0.19761008918617617,1.8605735837081123,0.03501394283203546,0.16482412114149833,0.7126969504015432,0.6684979768984554,0.03501394283203546,0.8351758788585018,0.15850712273419032,0.23794291182186733,0.291963306156247,0.17964228481052316,1.7280705611794691,0.07286925963681178,0.19584032147958286,0.708036693843753,0.5775195738803491,0.07286925963681178,0.8041596785204171,0.2836087941790724,0.36397409812162057,False,False,-0.004660256557790232,0.017967804375653013,0.1325030225286432,-0.037855316804776315,-0.031016200338084526,0.004660256557790232,0.09097840301810622,-0.037855316804776315,0.03101620033808461,-0.1251016714448821,-0.12603118629975324,structure,structure
Gemma-4-31B-it (spanish-mx),culture/gemma4_31b/spanish-mx,culture/gemma4_31b/base,gemma4_31b,Gemma-4-31B-it,spanish-mx,fa,1,country,Germany,4,142,0.229313749583763,0.10057053348383996,0.898254679064953,-0.00865511443761251,0.19772235614895042,0.7706862504162371,0.48170049176011503,0.013116815245421194,0.8022776438510496,0.0,0.0,0.21140270013289814,0.0978725555689329,0.8684233045261611,0.016592990222823602,0.16341574862964064,0.7885972998671018,0.46571903367822004,0.029921087571659552,0.8365842513703594,0.0,0.0,False,False,0.017911049450864858,0.002697977914907057,0.02983137453879192,-0.025248104660436112,0.03430660751930978,-0.017911049450864747,0.015981458081894995,-0.016804272326238358,-0.034306607519309806,0.0,0.0,structure,structure
Gemma-4-31B-it (spanish-mx),culture/gemma4_31b/spanish-mx,culture/gemma4_31b/base,gemma4_31b,Gemma-4-31B-it,spanish-mx,fa,1,country,Mexico,4,130,0.2301329856194438,0.16440133703006582,1.702294651501584,0.013113965446510658,0.12499546979269407,0.7698670143805562,0.43026281127526056,0.02879444209213653,0.875004530207306,0.0,0.0,0.22269479683530477,0.15829174322058573,1.6356880813752759,0.012775305179431273,0.12032843343464047,0.7773052031646952,0.4794148810849809,0.020736696885285278,0.8796715665653595,0.0,0.0,False,False,0.007438188784139016,0.0061095938094800906,0.0666065701263081,0.0003386602670793857,0.0046670363580536,-0.007438188784139044,-0.04915206980972037,0.008057745206851253,-0.0046670363580535446,0.0,0.0,structure,structure
Gemma-4-31B-it (spanish-mx),culture/gemma4_31b/spanish-mx,culture/gemma4_31b/base,gemma4_31b,Gemma-4-31B-it,spanish-mx,fa,1,country,Russia,4,88,0.2517120741103359,0.15321882397429865,1.7608188426185514,-0.036693370629399674,0.15150624674235125,0.7482879258896641,0.41859213706700227,0.0,0.8484937532576488,0.0,0.0,0.22255765092432778,0.17144267634966365,1.9988253889519327,-0.025463187479187396,0.11765066311037954,0.7774423490756722,0.3805430301349248,0.013163278248660447,0.8823493368896205,0.0,0.0,False,False,0.029154423186008138,-0.018223852375365,-0.23800654633338136,-0.011230183150212278,0.033855583631971706,-0.029154423186008138,0.03804910693207747,-0.013163278248660447,-0.03385558363197172,0.0,0.0,structure,structure
Gemma-4-31B-it (spanish-mx),culture/gemma4_31b/spanish-mx,culture/gemma4_31b/base,gemma4_31b,Gemma-4-31B-it,spanish-mx,fa,1,country,United States,4,136,0.22352111567677463,0.1430026474543738,1.111525560964195,0.08291912901536332,0.1264516252504937,0.7764788843232253,0.47399321126909694,0.08291912901536332,0.8735483747495063,0.0,0.0,0.20624172530978913,0.14919524251396624,1.156140326168175,0.11222543485131609,0.10945472354270494,0.7937582746902109,0.46066503627721234,0.11222543485131609,0.8905452764572951,0.0,0.0,False,False,0.017279390366985503,-0.006192595059592437,-0.04461476520398011,-0.02930630583595277,0.016996901707788753,-0.01727939036698556,0.0133281749918846,-0.02930630583595277,-0.01699690170778878,0.0,0.0,structure,structure
Gemma-4-31B-it (spanish-mx),culture/gemma4_31b/spanish-mx,culture/gemma4_31b/base,gemma4_31b,Gemma-4-31B-it,spanish-mx,fa,1,education,High,4,243,0.2597621549213262,0.19969468053500095,1.3167886774263953,0.010680782952590468,0.13217572243972567,0.7402378450786737,0.546966391298224,0.014949117270500191,0.8678242775602742,0.0,0.0,0.23938059549824853,0.20269083376840283,1.3617249383824197,0.02035433273979978,0.09303939755426517,0.7606194045017515,0.5263376881329377,0.021969730500466578,0.9069606024457348,0.0,0.0,False,False,0.020381559423077678,-0.0029961532334018826,-0.04493626095602443,-0.009673549787209312,0.0391363248854605,-0.020381559423077733,0.02062870316528631,-0.007020613229966386,-0.039136324885460594,0.0,0.0,structure,structure
Gemma-4-31B-it (spanish-mx),culture/gemma4_31b/spanish-mx,culture/gemma4_31b/base,gemma4_31b,Gemma-4-31B-it,spanish-mx,fa,1,education,Low,4,50,0.2156024675748104,0.1434325396825397,1.0783272894082732,0.0016738497222956415,0.12448289714512556,0.7843975324251896,0.5344872364174613,0.03928975265284055,0.8755171028548745,0.0,0.0,0.21052231578258937,0.10741723818041678,0.7043663483592452,0.016626632441659225,0.13735309105151938,0.7894776842174106,0.5739868623318307,0.04416691888080027,0.8626469089484806,0.0,0.0,False,False,0.005080151792221044,0.03601530150212291,0.373960941049028,-0.014952782719363584,-0.012870193906393823,-0.005080151792220988,-0.039499625914369396,-0.004877166227959723,0.012870193906393879,0.0,0.0,structure,structure
Gemma-4-31B-it (spanish-mx),culture/gemma4_31b/spanish-mx,culture/gemma4_31b/base,gemma4_31b,Gemma-4-31B-it,spanish-mx,fa,1,education,Middle,4,337,0.23650685120238463,0.11809751009490763,0.8550971279951649,0.03443402958547349,0.14802403908536393,0.7634931487976153,0.560030997145059,0.048790430052020925,0.8519759609146361,0.0,0.0,0.2269255194739499,0.12063036256942734,0.8491767546190285,0.01958416129712617,0.14620324077714664,0.7730744805260501,0.5078581006081637,0.026881498468831585,0.8537967592228534,0.0,0.0,False,False,0.009581331728434728,-0.0025328524745197173,0.005920373376136379,0.014849868288347317,0.0018207983082172974,-0.009581331728434783,0.052172896536895275,0.02190893158318934,-0.0018207983082172419,0.0,0.0,structure,structure
Gemma-4-31B-it (spanish-mx),culture/gemma4_31b/spanish-mx,culture/gemma4_31b/base,gemma4_31b,Gemma-4-31B-it,spanish-mx,fa,1,employment,Homemaker,4,72,0.20713325156423598,0.08602053140096619,0.5416190979127875,0.011400428692841011,0.16773188469512976,0.792866748435764,0.5416190979127875,0.038234611088405375,0.8322681153048702,0.0,0.0,0.20699682988427173,0.097973911786937,0.60003841651733,0.11331266296208889,0.1629965443858057,0.7930031701157283,0.46290723663247735,0.11331266296208889,0.8370034556141943,0.27835283012392875,0.36652075355042696,False,False,0.00013642167996424925,-0.01195338038597081,-0.058419318604542525,-0.10191223426924788,0.004735340309324071,-0.00013642167996430477,0.07871186128031016,-0.07507805187368352,-0.004735340309324099,-0.27835283012392875,-0.36652075355042696,structure,structure
Gemma-4-31B-it (spanish-mx),culture/gemma4_31b/spanish-mx,culture/gemma4_31b/base,gemma4_31b,Gemma-4-31B-it,spanish-mx,fa,1,employment,Retired,4,144,0.24119729788892708,0.08645382409814997,0.632872569643816,0.0166544369045123,0.20192845216031388,0.7588027021110729,0.5113678623729756,0.02723037437987767,0.7980715478396861,0.0,0.0,0.23246861937669472,0.10107540188121211,0.7458935889121372,0.030750350746326188,0.1815629246207182,0.7675313806233053,0.4437617203671235,0.03339830671569047,0.8184370753792818,0.0,0.0,False,False,0.008728678512232357,-0.01462157778306214,-0.1130210192683212,-0.014095913841813888,0.020365527539595668,-0.008728678512232357,0.06760614200585208,-0.006167932335812799,-0.02036552753959564,0.0,0.0,structure,structure
Gemma-4-31B-it (spanish-mx),culture/gemma4_31b/spanish-mx,culture/gemma4_31b/base,gemma4_31b,Gemma-4-31B-it,spanish-mx,fa,1,employment,Student,4,35,0.2012098914643635,0.04903260305937257,0.41777060924638554,-0.00953334438571929,0.16813654863075916,0.7987901085356365,0.41777060924638554,0.03709334972267084,0.8318634513692408,0.0,0.0,0.19553937534562693,0.08382943268625428,0.6912419185899368,-0.005125979187216821,0.14512505345418542,0.8044606246543731,0.5216108145644558,0.019518374160785307,0.8548749465458146,0.0,0.0,False,False,0.005670516118736563,-0.034796829626881715,-0.27347130934355124,-0.0044073651985024696,0.02301149517657375,-0.0056705161187365904,-0.10384020531807026,0.01757497556188553,-0.02301149517657386,0.0,0.0,structure,structure
Gemma-4-31B-it (spanish-mx),culture/gemma4_31b/spanish-mx,culture/gemma4_31b/base,gemma4_31b,Gemma-4-31B-it,spanish-mx,fa,1,employment,Unemployed,4,30,0.19277790765171224,0.11972613017961611,0.8367055233292069,0.08717422769263923,0.12606913535058822,0.8072220923482878,0.5994873090102586,0.0921440223718268,0.8739308646494117,0.0,0.0,0.18944092667312673,0.10227420798541487,0.69412850562737,0.13856680316092732,0.13399381502447374,0.8105590733268733,0.5595342428287419,0.13856680316092732,0.8660061849755263,0.0,0.0,False,False,0.0033369809785855076,0.017451922194201247,0.14257701770183684,-0.051392575468288085,-0.00792467967388552,-0.00333698097858548,0.03995306618151673,-0.04642278078910052,0.007924679673885437,0.0,0.0,structure,structure
Gemma-4-31B-it (spanish-mx),culture/gemma4_31b/spanish-mx,culture/gemma4_31b/base,gemma4_31b,Gemma-4-31B-it,spanish-mx,fa,1,employment,Working,4,344,0.261273160588944,0.1969348289513146,1.2923047738952897,0.04195552993635518,0.14286942659095064,0.738726839411056,0.5453388271736821,0.046204661204346555,0.8571305734090493,0.0,0.0,0.24177894838082542,0.19944189405183443,1.3028503172822177,0.049228947547140064,0.11614716906901032,0.7582210516191745,0.5224462081346091,0.049228947547140064,0.8838528309309897,0.22406509054243864,0.31554188625339114,False,False,0.01949421220811859,-0.002507065100519845,-0.010545543386927925,-0.007273417610784885,0.026722257521940324,-0.019494212208118533,0.022892619039073026,-0.00302428634279351,-0.02672225752194035,-0.22406509054243864,-0.31554188625339114,structure,structure
Gemma-4-31B-it (spanish-mx),culture/gemma4_31b/spanish-mx,culture/gemma4_31b/base,gemma4_31b,Gemma-4-31B-it,spanish-mx,fa,1,marital_status,Cohabiting,4,37,0.23407318772965346,0.05644535705677011,0.3722084254822671,0.061658535787977024,0.21203953688796212,0.7659268122703465,0.3722084254822671,0.06314823209102755,0.7879604631120379,0.0,0.0,0.22186555293111804,0.0665961777422577,0.40431690398005643,0.08560010017457222,0.20959438538304637,0.778134447068882,0.40431690398005643,0.08560010017457222,0.7904056146169536,0.0,0.0,False,False,0.012207634798535427,-0.010150820685487595,-0.032108478497789306,-0.023941564386595192,0.0024451515049157546,-0.012207634798535483,-0.032108478497789306,-0.02245186808354467,-0.0024451515049156436,0.0,0.0,structure,structure
Gemma-4-31B-it (spanish-mx),culture/gemma4_31b/spanish-mx,culture/gemma4_31b/base,gemma4_31b,Gemma-4-31B-it,spanish-mx,fa,1,marital_status,Divorced or separated,4,68,0.2213584123986116,0.054000182448458334,0.44598358868385,-0.001336238519620326,0.19201276668065403,0.7786415876013885,0.437234710775008,0.008647662907812872,0.807987233319346,0.0,0.0,0.2060362037763405,0.07230422415879934,0.5683346260285502,0.003914180380131826,0.16661040879401062,0.7939637962236595,0.44444547019885444,0.020497086232800346,0.8333895912059893,0.0,0.0,False,False,0.0153222086222711,-0.018304041710341,-0.12235103734470021,-0.005250418899752152,0.025402357886643412,-0.015322208622271072,-0.007210759423846469,-0.011849423324987474,-0.025402357886643356,0.0,0.0,structure,structure
Gemma-4-31B-it (spanish-mx),culture/gemma4_31b/spanish-mx,culture/gemma4_31b/base,gemma4_31b,Gemma-4-31B-it,spanish-mx,fa,1,marital_status,Married,4,336,0.27115585359441235,0.15279195576152774,1.0110998702390697,0.02175951579587528,0.18769607661840393,0.7288441464055877,0.5557523852411719,0.034169872608759005,0.8123039233815961,0.0,0.0,0.24758046380052529,0.18029493709568847,1.1854163838913525,0.03019503449006483,0.14905031112060113,0.7524195361994748,0.6722717095130591,0.03752212167123708,0.8509496888793988,0.0,0.0,False,False,0.02357538979388707,-0.027502981334160737,-0.17431651365228285,-0.008435518694189553,0.0386457654978028,-0.02357538979388707,-0.11651932427188727,-0.003352249062478073,-0.03864576549780274,0.0,0.0,structure,structure
Gemma-4-31B-it (spanish-mx),culture/gemma4_31b/spanish-mx,culture/gemma4_31b/base,gemma4_31b,Gemma-4-31B-it,spanish-mx,fa,1,marital_status,Single,4,128,0.2007588975766516,0.07317595611757194,0.5621495716937477,0.025322455798416105,0.1497647374729448,0.7992411024233484,0.5621495716937477,0.053371520153024654,0.8502352625270552,0.0,0.0,0.20829799803048166,0.09739279720897367,0.7349324885736964,0.03494047576770038,0.14426177384806807,0.7917020019695183,0.5848315101855206,0.042138519765679276,0.855738226151932,0.0,0.0,False,False,-0.00753910045383005,-0.024216841091401736,-0.17278291687994873,-0.009618019969284276,0.005502963624876733,0.007539100453830105,-0.022681938491772913,0.011233000387345378,-0.005502963624876789,0.0,0.0,structure,structure
Gemma-4-31B-it (spanish-mx),culture/gemma4_31b/spanish-mx,culture/gemma4_31b/base,gemma4_31b,Gemma-4-31B-it,spanish-mx,fa,1,marital_status,Widowed,4,61,0.21735387725406935,0.049367905056759545,0.376978072128028,-0.00010379038163512225,0.189658062063586,0.7826461227459307,0.37660400057458854,0.011113852904222052,0.810341937936414,0.0,0.0,0.21727791723488385,0.05817056630753949,0.43876638204449914,-0.018465009685879493,0.18262051212774078,0.7827220827651162,0.38307552913817333,0.0,0.8173794878722592,0.0,0.0,False,False,7.596001918550033e-05,-0.008802661250779942,-0.06178830991647116,0.01836121930424437,0.007037549935845239,-7.596001918552808e-05,-0.006471528563584794,0.011113852904222052,-0.0070375499358452664,0.0,0.0,structure,structure
Gemma-4-31B-it (spanish-mx),culture/gemma4_31b/spanish-mx,culture/gemma4_31b/base,gemma4_31b,Gemma-4-31B-it,spanish-mx,fa,1,population,every retained cell,4,630,0.24409040261260057,0.15355572789783317,1.0151880289178374,0.02930366094566052,0.13361001957580948,0.7559095973873995,0.5579988613177882,0.03761553396898888,0.8663899804241906,0.0,0.0,0.23069148683490326,0.16082644368394122,1.0582885748854824,0.03587273361039571,0.12201085796746937,0.7693085131650967,0.5487383105974097,0.03587273361039571,0.8779891420325306,0.18112381877303532,0.2686425685934372,False,False,0.013398915777697307,-0.007270715786108051,-0.04310054596764501,-0.006569072664735189,0.011599161608340111,-0.013398915777697251,0.009260550720378458,0.0017428003585931717,-0.01159916160834007,-0.18112381877303532,-0.2686425685934372,structure,structure
Gemma-4-31B-it (spanish-mx),culture/gemma4_31b/spanish-mx,culture/gemma4_31b/base,gemma4_31b,Gemma-4-31B-it,spanish-mx,fa,1,sex,Female,4,348,0.23301647683855545,0.1181310967787138,0.7797934029522946,0.037174427480200514,0.1464385760788035,0.7669835231614446,0.5997395830131627,0.04322777037394598,0.8535614239211965,0.0,0.0,0.22212396260922046,0.12478177598540308,0.8099083174716638,0.05894981346655097,0.13416039540646935,0.7778760373907795,0.5699044323069836,0.05894981346655097,0.8658396045935307,0.0,0.0,False,False,0.010892514229334987,-0.0066506792066892695,-0.030114914519369207,-0.021775385986350454,0.01227818067233416,-0.010892514229334904,0.029835150706179037,-0.01572204309260499,-0.012278180672334216,0.0,0.0,structure,structure
Gemma-4-31B-it (spanish-mx),culture/gemma4_31b/spanish-mx,culture/gemma4_31b/base,gemma4_31b,Gemma-4-31B-it,spanish-mx,fa,1,sex,Male,4,282,0.2574595499169725,0.18521895138425687,1.2555594828420742,0.02764528040562067,0.14150493824838217,0.7425404500830275,0.5314182702710384,0.03192637769002044,0.8584950617516178,0.0,0.0,0.24107035775355573,0.19244139834844484,1.3108844415943612,0.02621893658431634,0.11117756224827113,0.7589296422464443,0.535133434688809,0.02621893658431634,0.8888224377517289,0.19283695541557944,0.2822031944973858,False,False,0.016389192163416777,-0.007222446964187973,-0.055324958752287046,0.0014263438213043302,0.03032737600011104,-0.016389192163416832,-0.0037151644177706444,0.005707441105704102,-0.03032737600011104,-0.19283695541557944,-0.2822031944973858,structure,structure
Gemma-4-31B-it (spanish-mx),culture/gemma4_31b/spanish-mx,culture/gemma4_31b/base,gemma4_31b,Gemma-4-31B-it,spanish-mx,fa,1,wave,1995-1997,4,219,0.2576630537474031,0.15316991951202044,1.1259469833238462,0.010865794712971829,0.12681676798372565,0.7423369462525968,0.5133340325611929,0.017534525131472585,0.8731832320162743,0.0,0.0,0.24199332615661426,0.17253310427322657,1.2632058773534858,0.006680048760005322,0.11469063512387155,0.7580066738433857,0.44902300177130267,0.010183961615279655,0.8853093648761284,0.0,0.0,False,False,0.015669727590788857,-0.01936318476120613,-0.13725889402963953,0.004185745952966507,0.012126132859854102,-0.015669727590788884,0.06431103078989026,0.00735056351619293,-0.012126132859854089,0.0,0.0,structure,structure
Gemma-4-31B-it (spanish-mx),culture/gemma4_31b/spanish-mx,culture/gemma4_31b/base,gemma4_31b,Gemma-4-31B-it,spanish-mx,fa,1,wave,2005-2006,4,167,0.22830099426264922,0.14528070909744456,0.9606962899692201,0.06993116110108054,0.13030855410821998,0.7716990057373508,0.5321905024489505,0.06993116110108054,0.86969144589178,0.0,0.0,0.21833151503047932,0.13620777680991095,0.8867494556943414,0.08415066000273119,0.13187128594083514,0.7816684849695207,0.591314191980756,0.08415066000273119,0.8681287140591649,0.0,0.0,False,False,0.009969479232169898,0.009072932287533614,0.07394683427487869,-0.014219498901650654,-0.0015627318326151551,-0.009969479232169842,-0.05912368953180547,-0.014219498901650654,0.0015627318326151274,0.0,0.0,structure,structure
Gemma-4-31B-it (spanish-mx),culture/gemma4_31b/spanish-mx,culture/gemma4_31b/base,gemma4_31b,Gemma-4-31B-it,spanish-mx,fa,1,wave,2017-2018,4,240,0.24630759856414366,0.15272875642806621,0.9671349203023418,0.007453292548745889,0.14498074534415828,0.7536924014358564,0.5871649030002846,0.03260002850523506,0.8550192546558417,0.0,0.0,0.23199824252595425,0.16673908587825373,1.0625977101577497,0.0147878589676699,0.12303182688248443,0.7680017574740458,0.5553035385285536,0.027687297481657366,0.8769681731175156,0.0,0.0,False,False,0.01430935603818942,-0.014010329450187514,-0.0954627898554079,-0.007334566418924011,0.02194891846167385,-0.014309356038189391,0.031861364471730935,0.004912731023577692,-0.021948918461673905,0.0,0.0,structure,structure
Gemma-4-31B-it (spanish-mx),culture/gemma4_31b/spanish-mx,culture/gemma4_31b/base,gemma4_31b,Gemma-4-31B-it,spanish-mx,ntp,1,age,25-34,4,148,0.23585594240665614,0.1618498879063441,1.0647303972229714,-0.0034570203122886844,0.10961626960265372,0.7641440575933439,0.4820564130153693,0.010198310986589609,0.8903837303973463,0.0,0.0,0.22050198876317834,0.17799829395642336,1.1709778688305716,-0.011626669469819875,0.08963707954538117,0.7794980112368216,0.48308115253319983,0.00887747217530625,0.9103629204546189,0.0,0.0,False,False,0.015353953643477802,-0.01614840605007925,-0.10624747160760029,0.00816964915753119,0.019979190057272556,-0.015353953643477691,-0.001024739517830553,0.0013208388112833595,-0.019979190057272556,0.0,0.0,structure,structure
Gemma-4-31B-it (spanish-mx),culture/gemma4_31b/spanish-mx,culture/gemma4_31b/base,gemma4_31b,Gemma-4-31B-it,spanish-mx,ntp,1,age,35-44,4,102,0.24261459429173657,0.16774928126393088,1.0537299279725756,0.01807409866578855,0.14176795357945116,0.7573854057082634,0.535294807194281,0.0290672476766674,0.8582320464205488,0.0,0.0,0.21774801432664243,0.17071060861390813,1.0759159297007594,0.015377717722775278,0.10293019868884995,0.7822519856733576,0.5187193053614609,0.026155298208110557,0.89706980131115,0.0,0.0,False,False,0.024866579965094143,-0.0029613273499772552,-0.022186001728183857,0.0026963809430132716,0.038837754890601206,-0.024866579965094227,0.016575501832820083,0.002911949468556843,-0.03883775489060115,0.0,0.0,structure,structure
Gemma-4-31B-it (spanish-mx),culture/gemma4_31b/spanish-mx,culture/gemma4_31b/base,gemma4_31b,Gemma-4-31B-it,spanish-mx,ntp,1,age,45-54,4,105,0.23682338862635616,0.15061329020116992,0.9549167879659075,0.04386104872960268,0.13711212245403304,0.7631766113736438,0.549439364633411,0.04963066815197956,0.862887877545967,0.0,0.0,0.2200034105392183,0.16731217021499706,1.0610418137125548,0.04980947521450241,0.1116194381749189,0.7799965894607817,0.5430874754011413,0.050009902392273535,0.8883805618250811,0.0,0.0,False,False,0.016819978087137866,-0.016698880013827133,-0.10612502574664728,-0.005948426484899731,0.025492684279114136,-0.016819978087137866,0.006351889232269703,-0.0003792342402939783,-0.02549268427911411,0.0,0.0,structure,structure
Gemma-4-31B-it (spanish-mx),culture/gemma4_31b/spanish-mx,culture/gemma4_31b/base,gemma4_31b,Gemma-4-31B-it,spanish-mx,ntp,1,age,55-64,4,91,0.24296682760227573,0.12596586825412925,0.7857074953409564,0.07237732671177109,0.15819463656252641,0.7570331723977243,0.6144590954221562,0.08286707580443733,0.8418053634374736,0.0,0.0,0.22994854695269984,0.146141024727458,0.9150502997515877,0.05360983617464913,0.14206430120415278,0.7700514530473002,0.60894331388225,0.05869270293481328,0.8579356987958472,0.0,0.0,False,False,0.013018280649575886,-0.020175156473328737,-0.12934280441063128,0.018767490537121963,0.016130335358373632,-0.013018280649575886,0.005515781539906173,0.024174372869624053,-0.016130335358373604,0.0,0.0,structure,structure
Gemma-4-31B-it (spanish-mx),culture/gemma4_31b/spanish-mx,culture/gemma4_31b/base,gemma4_31b,Gemma-4-31B-it,spanish-mx,ntp,1,age,65-74,4,83,0.22758595066563075,0.08740394026158504,0.5705803758628967,0.06923988355916552,0.18859240109648262,0.7724140493343693,0.4925891512399142,0.07090355542795594,0.8114075989035174,0.0,0.0,0.2263403347890023,0.10044488679788285,0.6724003481409078,0.0457135048351984,0.1762202788628016,0.7736596652109977,0.5185271160776169,0.0513589668115383,0.8237797211371984,0.0,0.0,False,False,0.001245615876628442,-0.01304094653629781,-0.1018199722780111,0.023526378723967123,0.012372122233681032,-0.0012456158766284142,-0.02593796483770272,0.01954458861641764,-0.012372122233681004,0.0,0.0,structure,structure
Gemma-4-31B-it (spanish-mx),culture/gemma4_31b/spanish-mx,culture/gemma4_31b/base,gemma4_31b,Gemma-4-31B-it,spanish-mx,ntp,1,age,75+,4,25,0.2241576414652901,0.07383906704667909,0.5549666985571254,0.07664548201646663,0.19017631760751402,0.7758423585347098,0.375582270565762,0.07664548201646663,0.8098236823924859,0.2321073818060373,0.316679548050735,0.22649513699415638,0.08789201837722536,0.6657262625126529,0.07727813277185558,0.1866955206560068,0.7735048630058436,0.40581870015078075,0.07727813277185558,0.8133044793439932,0.19420868792628845,0.27740779379393404,False,False,-0.002337495528866279,-0.014052951330546279,-0.11075956395552744,-0.0006326507553889443,0.0034807969515072146,0.002337495528866196,-0.030236429585018765,-0.0006326507553889443,-0.00348079695150727,0.03789869387974884,0.03927175425680096,structure,structure
Gemma-4-31B-it (spanish-mx),culture/gemma4_31b/spanish-mx,culture/gemma4_31b/base,gemma4_31b,Gemma-4-31B-it,spanish-mx,ntp,1,age,<25,4,73,0.18724731096304004,0.07786379304163868,0.6127590843074272,0.08652136964777325,0.12051638796155638,0.81275268903696,0.6127590843074272,0.08652136964777325,0.8794836120384436,0.24644582933751819,0.33857822953553196,0.19500541543201433,0.11450195269926691,0.9161034059885813,0.042728583582129845,0.10804230166041864,0.8049945845679857,0.5135114005178482,0.04347804712013239,0.8919576983395814,0.0,0.0,False,False,-0.007758104468974292,-0.03663815965762823,-0.3033443216811541,0.04379278606564341,0.012474086301137735,0.007758104468974292,0.09924768378957904,0.043043322527640863,-0.012474086301137777,0.24644582933751819,0.33857822953553196,structure,structure
Gemma-4-31B-it (spanish-mx),culture/gemma4_31b/spanish-mx,culture/gemma4_31b/base,gemma4_31b,Gemma-4-31B-it,spanish-mx,ntp,1,country,Australia,4,130,0.2794019373171132,0.18626231455854148,1.7466692507229626,0.02830103116916362,0.17229999732857867,0.7205980626828868,0.6081561335526385,0.02830103116916362,0.8277000026714213,0.20993786677266763,0.2932497018388734,0.2920355614830961,0.17511899444673862,1.6810554503611244,0.0660112586509784,0.20627541507462657,0.7079644385169039,0.5633784929894722,0.0660112586509784,0.7937245849253735,0.2818569028846988,0.3613250173578545,False,False,-0.012633624165982904,0.011143320111802857,0.06561380036183828,-0.03771022748181478,-0.0339754177460479,0.012633624165982904,0.044777640563166354,-0.03771022748181478,0.03397541774604784,-0.07191903611203115,-0.0680753155189811,structure,structure
Gemma-4-31B-it (spanish-mx),culture/gemma4_31b/spanish-mx,culture/gemma4_31b/base,gemma4_31b,Gemma-4-31B-it,spanish-mx,ntp,1,country,Germany,4,142,0.21341821834505825,0.08954113537817125,0.7697211761067669,0.026229938795687923,0.1845651302939048,0.7865817816549417,0.46097873317262994,0.026229938795687923,0.8154348697060951,0.15388239905132756,0.23307932009805002,0.19309263075159,0.09606303474676822,0.8341969300577192,0.05055974110535801,0.1507678554216616,0.80690736924841,0.5077041334476168,0.05055974110535801,0.8492321445783384,0.21097162524749702,0.2985761989991271,False,False,0.020325587593468253,-0.00652189936859697,-0.06447575395095229,-0.02432980230967009,0.03379727487224321,-0.020325587593468253,-0.04672540027498684,-0.02432980230967009,-0.033797274872243266,-0.05708922619616946,-0.06549687890107705,structure,structure
Gemma-4-31B-it (spanish-mx),culture/gemma4_31b/spanish-mx,culture/gemma4_31b/base,gemma4_31b,Gemma-4-31B-it,spanish-mx,ntp,1,country,Mexico,4,130,0.21910722454028392,0.1518801330543111,1.5711620531530635,0.002009109459618714,0.12851949490929382,0.7808927754597161,0.40483277429298825,0.018100639460924293,0.8714805050907062,0.0,0.0,0.21013772845603573,0.15193340106479522,1.5702012657186035,0.017541090822798342,0.11389149651863553,0.7898622715439643,0.43666602976368496,0.022932388952896014,0.8861085034813645,0.0,0.0,False,False,0.008969496084248185,-5.3268010484108785e-05,0.000960787434459931,-0.015531981363179629,0.014627998390658287,-0.00896949608424813,-0.03183325547069671,-0.00483174949197172,-0.014627998390658314,0.0,0.0,structure,structure
Gemma-4-31B-it (spanish-mx),culture/gemma4_31b/spanish-mx,culture/gemma4_31b/base,gemma4_31b,Gemma-4-31B-it,spanish-mx,ntp,1,country,Russia,4,88,0.2368887489328922,0.14070744684039646,1.6160242297971354,0.016097140634385748,0.14261425483021922,0.7631112510671079,0.3832738479939517,0.04667077433557071,0.8573857451697807,0.0,0.0,0.21245219774581503,0.156631950410776,1.8422239561813785,0.00926749986707523,0.1148042680515187,0.787547802254185,0.3739064495837139,0.026190594771883853,0.8851957319484813,0.0,0.0,False,False,0.02443655118707716,-0.015924503570379528,-0.22619972638424302,0.006829640767310519,0.02780998677870053,-0.024436551187077105,0.009367398410237815,0.020480179563686855,-0.027809986778700613,0.0,0.0,structure,structure
Gemma-4-31B-it (spanish-mx),culture/gemma4_31b/spanish-mx,culture/gemma4_31b/base,gemma4_31b,Gemma-4-31B-it,spanish-mx,ntp,1,country,United States,4,136,0.20834263043451015,0.13836756490730584,1.0709880184798914,0.1001480659460457,0.1171745851531196,0.7916573695654898,0.4439083833929377,0.1001480659460457,0.8828254148468804,0.23837025816035315,0.3305777130401122,0.19145609904723676,0.1414977757336045,1.0957712151697718,0.06253342927235617,0.09767525951898398,0.8085439009527633,0.4434123884659713,0.06253342927235617,0.902324740481016,0.24745152684613236,0.34191274255932047,False,False,0.01688653138727339,-0.0031302108262986628,-0.024783196689880382,0.03761463667368953,0.019499325634135617,-0.016886531387273473,0.0004959949269663921,0.03761463667368953,-0.01949932563413559,-0.009081268685779215,-0.011335029519208284,structure,structure
Gemma-4-31B-it (spanish-mx),culture/gemma4_31b/spanish-mx,culture/gemma4_31b/base,gemma4_31b,Gemma-4-31B-it,spanish-mx,ntp,1,education,High,4,243,0.24484018222949772,0.1813281014807473,1.178357653137497,0.01727082693265168,0.12248831965435385,0.7551598177705022,0.48542317337862206,0.02211607446967232,0.8775116803456462,0.0,0.0,0.2269211022804793,0.18656634708271885,1.2282027010641785,0.009531269319277745,0.08693227762525876,0.7730788977195207,0.5320871606722977,0.01968778773773231,0.9130677223747412,0.0,0.0,False,False,0.017919079949018424,-0.005238245601971558,-0.04984504792668143,0.007739557613373936,0.035556042029095083,-0.017919079949018424,-0.0466639872936756,0.0024282867319400103,-0.035556042029095014,0.0,0.0,structure,structure
Gemma-4-31B-it (spanish-mx),culture/gemma4_31b/spanish-mx,culture/gemma4_31b/base,gemma4_31b,Gemma-4-31B-it,spanish-mx,ntp,1,education,Low,4,50,0.2203183759006689,0.12349463895488325,0.9205948759775272,0.04642255814954907,0.13885149007159733,0.7796816240993311,0.47742978739150366,0.08464232878396633,0.8611485099284026,0.0,0.0,0.21670920914307112,0.0974294756542475,0.6414904127681111,0.03542234976716811,0.1563826820291255,0.7832907908569289,0.5252968085706632,0.06721609046333013,0.8436173179708745,0.0,0.0,False,False,0.003609166757597787,0.02606516330063574,0.27910446320941606,0.011000208382380958,-0.01753119195752817,-0.003609166757597815,-0.04786702117915953,0.017426238320636195,0.01753119195752817,0.0,0.0,structure,structure
Gemma-4-31B-it (spanish-mx),culture/gemma4_31b/spanish-mx,culture/gemma4_31b/base,gemma4_31b,Gemma-4-31B-it,spanish-mx,ntp,1,education,Middle,4,337,0.22174807638562777,0.11271714018915702,0.8045849529281652,0.042381803951040645,0.14110675886829172,0.7782519236143722,0.5360996241058764,0.05015923630134321,0.8588932411317083,0.0,0.0,0.21363616004683111,0.12175157944117805,0.8662554706053414,0.009803350283865378,0.12890867637961362,0.7863638399531689,0.5185865960746626,0.011700109760795007,0.8710913236203863,0.0,0.0,False,False,0.008111916338796654,-0.009034439252021034,-0.06167051767717613,0.03257845366717527,0.012198082488678097,-0.00811191633879671,0.017513028031213795,0.0384591265405482,-0.012198082488678041,0.0,0.0,structure,structure
Gemma-4-31B-it (spanish-mx),culture/gemma4_31b/spanish-mx,culture/gemma4_31b/base,gemma4_31b,Gemma-4-31B-it,spanish-mx,ntp,1,employment,Homemaker,4,72,0.19943111629952895,0.08242948502191082,0.5118393341946889,0.06890870955898154,0.16522358470852871,0.8005688837004711,0.5118393341946889,0.08059260491474807,0.8347764152914713,0.0,0.0,0.19762081093651868,0.09320882335252584,0.571790155355937,0.08288637343251276,0.15386782652932995,0.8023791890634813,0.4598785333687523,0.08288637343251276,0.84613217347067,0.2709496163800192,0.3601491757500271,False,False,0.0018103053630102728,-0.010779338330615021,-0.05995082116124817,-0.01397766387353122,0.01135575817919876,-0.0018103053630101895,0.05196080082593657,-0.002293768517764694,-0.01135575817919876,-0.2709496163800192,-0.3601491757500271,structure,structure
Gemma-4-31B-it (spanish-mx),culture/gemma4_31b/spanish-mx,culture/gemma4_31b/base,gemma4_31b,Gemma-4-31B-it,spanish-mx,ntp,1,employment,Retired,4,144,0.22770528728544626,0.08028499511995403,0.5740379896368466,0.057578383158366206,0.1963965869754696,0.7722947127145537,0.4714651570317731,0.057578383158366206,0.8036034130245304,0.17715276414632336,0.2579602752190623,0.22217123800496946,0.09843373565806299,0.7157771820176372,0.06142029416030521,0.18038874498631294,0.7778287619950306,0.5168562331188217,0.06142029416030521,0.819611255013687,0.21294419280593582,0.2978939916079295,False,False,0.005534049280476794,-0.018148740538108957,-0.14173919238079058,-0.003841911001939001,0.016007841989156668,-0.005534049280476849,-0.045391076087048565,-0.003841911001939001,-0.016007841989156613,-0.03579142865961246,-0.039933716388867224,structure,structure
Gemma-4-31B-it (spanish-mx),culture/gemma4_31b/spanish-mx,culture/gemma4_31b/base,gemma4_31b,Gemma-4-31B-it,spanish-mx,ntp,1,employment,Student,4,35,0.188781061094364,0.042190765151173946,0.3495334255960614,0.03494234618345737,0.1516041526691903,0.811218938905636,0.3495334255960614,0.05314501762200201,0.8483958473308097,0.0,0.0,0.18685578023455174,0.08287427117098096,0.6856496535586023,0.003155836983104128,0.1309504887819334,0.8131442197654483,0.5438368732226011,0.021600289064747768,0.8690495112180666,0.0,0.0,False,False,0.0019252808598122506,-0.04068350601980702,-0.3361162279625409,0.031786509200353245,0.020653663887256896,-0.0019252808598122506,-0.19430344762653973,0.03154472855725424,-0.020653663887256868,0.0,0.0,structure,structure
Gemma-4-31B-it (spanish-mx),culture/gemma4_31b/spanish-mx,culture/gemma4_31b/base,gemma4_31b,Gemma-4-31B-it,spanish-mx,ntp,1,employment,Unemployed,4,30,0.18075803969639026,0.11071770687815738,0.7757462793524931,0.12413766838520879,0.11377596154724565,0.8192419603036097,0.6334336359755126,0.12413766838520879,0.8862240384527543,0.2970402809451036,0.3901767331291029,0.17713361327139188,0.10380810160080983,0.7137800412087638,0.18093288622142972,0.11635578276516968,0.8228663867286081,0.5979167594458725,0.18093288622142972,0.8836442172348303,0.3487165196569179,0.43981000232691014,False,False,0.0036244264249983837,0.006909605277347547,0.06196623814372926,-0.056795217836220935,-0.002579821217924036,-0.0036244264249983837,0.035516876529640085,-0.056795217836220935,0.0025798212179239943,-0.051676238711814315,-0.04963326919780725,structure,structure
Gemma-4-31B-it (spanish-mx),culture/gemma4_31b/spanish-mx,culture/gemma4_31b/base,gemma4_31b,Gemma-4-31B-it,spanish-mx,ntp,1,employment,Working,4,344,0.2468515515322604,0.1829686323842295,1.190143756775203,0.0334965008938222,0.13177733078575682,0.7531484484677395,0.5102022180538158,0.03766956499172666,0.8682226692142432,0.0,0.0,0.2292177185213304,0.19073299172135894,1.243016046012194,0.022864472382062753,0.1067313905672941,0.7707822814786696,0.5129114879187087,0.025115217726785783,0.8932686094327059,0.0,0.0,False,False,0.017633833010929995,-0.007764359337129434,-0.052872289236991055,0.010632028511759449,0.025045940218462723,-0.017633833010930022,-0.002709269864892838,0.012554347264940879,-0.025045940218462737,0.0,0.0,structure,structure
Gemma-4-31B-it (spanish-mx),culture/gemma4_31b/spanish-mx,culture/gemma4_31b/base,gemma4_31b,Gemma-4-31B-it,spanish-mx,ntp,1,marital_status,Cohabiting,4,37,0.2245949748429829,0.04181934744116094,0.25352146697216627,0.04739114888135126,0.20278305054080809,0.775405025157017,0.25352146697216627,0.05788917180720506,0.7972169494591919,0.0,0.0,0.21056119656958855,0.05957840915399633,0.3509850096249894,0.06768179749030823,0.1910206128653475,0.7894388034304115,0.3509850096249894,0.06768179749030823,0.8089793871346525,0.14728198330551687,0.2251618247104477,False,False,0.01403377827339436,-0.017759061712835388,-0.09746354265282314,-0.02029064860895697,0.01176243767546059,-0.01403377827339447,-0.09746354265282314,-0.009792625683103164,-0.01176243767546059,-0.14728198330551687,-0.2251618247104477,structure,structure
Gemma-4-31B-it (spanish-mx),culture/gemma4_31b/spanish-mx,culture/gemma4_31b/base,gemma4_31b,Gemma-4-31B-it,spanish-mx,ntp,1,marital_status,Divorced or separated,4,68,0.21103866465585247,0.046119893916624466,0.3644176643844459,0.005034820181672771,0.18973321614883815,0.7889613353441475,0.3644176643844459,0.012289013224531327,0.8102667838511619,0.0,0.0,0.19879832670083175,0.06160079747038514,0.46622025270782735,-0.0011184405645043019,0.1663978275345348,0.8012016732991682,0.38140918265551504,0.011988298238078461,0.8336021724654652,0.0,0.0,False,False,0.01224033795502072,-0.015480903553760673,-0.10180258832338146,0.006153260746177073,0.023335388614303343,-0.012240337955020775,-0.01699151827106915,0.0003007149864528661,-0.023335388614303287,0.0,0.0,structure,structure
Gemma-4-31B-it (spanish-mx),culture/gemma4_31b/spanish-mx,culture/gemma4_31b/base,gemma4_31b,Gemma-4-31B-it,spanish-mx,ntp,1,marital_status,Married,4,336,0.25559511156315295,0.1444604614183164,0.9446957186960577,0.026357758918639066,0.1786991969159909,0.744404888436847,0.5336756128054774,0.038875709574856004,0.8213008030840091,0.0,0.0,0.2354286684515398,0.17317432793529025,1.1402623043626656,0.017191918191971328,0.14220656959155525,0.7645713315484601,0.6761570725597774,0.024509212429708806,0.8577934304084447,0.0,0.0,False,False,0.02016644311161314,-0.028713866516973857,-0.1955665856666079,0.009165840726667738,0.036492627324435645,-0.020166443111613086,-0.14248145975430004,0.014366497145147199,-0.03649262732443559,0.0,0.0,structure,structure
Gemma-4-31B-it (spanish-mx),culture/gemma4_31b/spanish-mx,culture/gemma4_31b/base,gemma4_31b,Gemma-4-31B-it,spanish-mx,ntp,1,marital_status,Single,4,128,0.18878827861930164,0.06666096016862094,0.5081446244865359,0.04374151124293056,0.1369729931520487,0.8112117213806984,0.5081446244865359,0.052324398543508344,0.8630270068479513,0.0,0.0,0.19476395509010472,0.09611391544687668,0.7285596752477512,0.029961848849948732,0.1266182275817902,0.8052360449098953,0.5939739677970294,0.029961848849948732,0.8733817724182098,0.16534957752127874,0.2506043608080349,False,False,-0.005975676470803076,-0.02945295527825574,-0.22041505076121537,0.01377966239298183,0.010354765570258495,0.005975676470803104,-0.08582934331049352,0.02236254969355961,-0.010354765570258495,-0.16534957752127874,-0.2506043608080349,structure,structure
Gemma-4-31B-it (spanish-mx),culture/gemma4_31b/spanish-mx,culture/gemma4_31b/base,gemma4_31b,Gemma-4-31B-it,spanish-mx,ntp,1,marital_status,Widowed,4,61,0.20832928758691274,0.03919591412327778,0.288210226299213,0.03985316293267711,0.18074211378421778,0.7916707124130873,0.288210226299213,0.03985316293267711,0.8192578862157822,0.1291683287178215,0.20461303411603957,0.20959773339246046,0.04749469834451083,0.3446707762059849,0.032843913355170125,0.1815102971837996,0.7904022666075395,0.3446707762059849,0.046826137342440795,0.8184897028162004,0.0,0.0,False,False,-0.0012684458055477188,-0.00829878422123305,-0.056460549906771906,0.007009249577506982,-0.0007681833995818177,0.0012684458055477466,-0.056460549906771906,-0.006972974409763688,0.0007681833995818454,0.1291683287178215,0.20461303411603957,structure,structure
Gemma-4-31B-it (spanish-mx),culture/gemma4_31b/spanish-mx,culture/gemma4_31b/base,gemma4_31b,Gemma-4-31B-it,spanish-mx,ntp,1,population,every retained cell,4,630,0.23080932364260753,0.14337693742334912,0.9343601781539882,0.035645743668480376,0.12976690791381335,0.7691906763573925,0.5193725616040782,0.03979079596282687,0.8702330920861867,0.0,0.0,0.2192712880709896,0.15546813699465617,1.0181669317809712,0.023427039537725507,0.113744786347698,0.7807287119290104,0.5314280480610786,0.023427039537725507,0.886255213652302,0.1645211754442651,0.250536129122994,False,False,0.011538035571617922,-0.012091199571307054,-0.08380675362698298,0.012218704130754869,0.01602212156611535,-0.011538035571617922,-0.012055486457000386,0.016363756425101364,-0.016022121566115266,-0.1645211754442651,-0.250536129122994,structure,structure
Gemma-4-31B-it (spanish-mx),culture/gemma4_31b/spanish-mx,culture/gemma4_31b/base,gemma4_31b,Gemma-4-31B-it,spanish-mx,ntp,1,sex,Female,4,348,0.22109572479974648,0.1075252898595901,0.6998652657158355,0.04648866785125248,0.14032733382509321,0.7789042752002535,0.5277520353889735,0.04782165834934202,0.8596726661749068,0.0,0.0,0.2127825506880725,0.12371178307702588,0.8080896531626361,0.027022469888419085,0.12433161246047655,0.7872174493119275,0.590286691407378,0.029476364940980535,0.8756683875395235,0.0,0.0,False,False,0.008313174111673982,-0.016186493217435774,-0.10822438744680063,0.019466197962833397,0.01599572136461666,-0.008313174111673982,-0.06253465601840447,0.018345293408361482,-0.01599572136461669,0.0,0.0,structure,structure
Gemma-4-31B-it (spanish-mx),culture/gemma4_31b/spanish-mx,culture/gemma4_31b/base,gemma4_31b,Gemma-4-31B-it,spanish-mx,ntp,1,sex,Male,4,282,0.2425205505363699,0.17019479997997694,1.1384462963437971,0.03056199338156516,0.13173451298456074,0.7574794494636301,0.4853603359398662,0.03424585104150522,0.8682654870154393,0.0,0.0,0.22709673757993273,0.17954312544518142,1.2102953192038786,0.027002405587843024,0.10483021806099771,0.7729032624200673,0.5149862225276848,0.027002405587843024,0.8951697819390023,0.20325013192108757,0.29409731709198683,False,False,0.01542381295643716,-0.009348325465204477,-0.07184902286008144,0.003559587793722136,0.026904294923563027,-0.015423812956437244,-0.029625886587818562,0.007243445453662192,-0.026904294923563055,-0.20325013192108757,-0.29409731709198683,structure,structure
Gemma-4-31B-it (spanish-mx),culture/gemma4_31b/spanish-mx,culture/gemma4_31b/base,gemma4_31b,Gemma-4-31B-it,spanish-mx,ntp,1,wave,1995-1997,4,219,0.24525861499969737,0.1485056959009033,1.0799869854865856,0.016263071763866543,0.11964795858669688,0.7547413850003026,0.48632498740563135,0.020947354670330404,0.8803520414133031,0.0,0.0,0.23019160752457324,0.16971402815322884,1.2563717337384324,0.008054206440505536,0.10366817837850434,0.7698083924754268,0.5058669476847891,0.01303532886023454,0.8963318216214956,0.0,0.0,False,False,0.015067007475124128,-0.021208332252325546,-0.1763847482518468,0.008208865323361007,0.015979780208192546,-0.015067007475124128,-0.019541960279157777,0.007912025810095863,-0.015979780208192462,0.0,0.0,structure,structure
Gemma-4-31B-it (spanish-mx),culture/gemma4_31b/spanish-mx,culture/gemma4_31b/base,gemma4_31b,Gemma-4-31B-it,spanish-mx,ntp,1,wave,2005-2006,4,167,0.21385783504398528,0.13605299638257745,0.8937549926592683,0.08369846691126431,0.12769879596343864,0.7861421649560147,0.5127983613648754,0.08369846691126431,0.8723012040365614,0.26523895918386664,0.3568484195736579,0.2084271185433276,0.13614375134889478,0.888906766631409,0.07339829687479711,0.1207597600927053,0.7915728814566724,0.5734636841949066,0.07339829687479711,0.8792402399072947,0.28388015150662976,0.37655118388979497,False,False,0.005430716500657684,-9.075496631733015e-05,0.0048482260278592815,0.010300170036467202,0.006939035870733343,-0.0054307165006576286,-0.06066532283003112,0.010300170036467202,-0.006939035870733301,-0.018641192322763123,-0.019702764316137045,structure,structure
Gemma-4-31B-it (spanish-mx),culture/gemma4_31b/spanish-mx,culture/gemma4_31b/base,gemma4_31b,Gemma-4-31B-it,spanish-mx,ntp,1,wave,2017-2018,4,240,0.23331626034482528,0.1432657297412786,0.8940377606449603,0.01881854279718891,0.14447441885135098,0.7666837396551748,0.5388103116735975,0.03751592989773692,0.8555255811486491,0.0,0.0,0.21972690989927446,0.15669989580106436,0.9851049683916677,0.004256443195023742,0.1209049006256924,0.7802730901007255,0.5482043745381097,0.020819576838397646,0.8790950993743076,0.0,0.0,False,False,0.013589350445550819,-0.013434166059785757,-0.0910672077467074,0.014562099602165167,0.023569518225658587,-0.013589350445550763,-0.009394062864512165,0.016696353059339277,-0.02356951822565856,0.0,0.0,structure,structure
Gemma-4-E4B-it (german),culture/gemma4_e4b/german,culture/gemma4_e4b/base,gemma4_e4b,Gemma-4-E4B-it,german,fa,1,age,25-34,4,149,0.31194467008788757,0.10688071760925105,0.7623487794937527,0.019269524399874904,0.28140848378585626,0.6880553299121124,0.7621114687540159,0.02136675222753565,0.7185915162141437,0.0,0.0,0.3415740222177944,0.07600669803958121,0.5108596593258303,0.022939673964162643,0.3159279374400771,0.6584259777822056,0.46941563278066933,0.03009269789603103,0.6840720625599229,0.0,0.0,False,False,-0.02962935212990686,0.03087401956966984,0.25148912016792235,-0.003670149564287739,-0.03451945365422082,0.029629352129906805,0.2926958359733466,-0.00872594566849538,0.03451945365422082,0.0,0.0,structure,structure
Gemma-4-E4B-it (german),culture/gemma4_e4b/german,culture/gemma4_e4b/base,gemma4_e4b,Gemma-4-E4B-it,german,fa,1,age,35-44,4,104,0.31047432102890143,0.10619990106805521,0.74491286435979,0.03687130779081665,0.2804674552301893,0.6895256789710986,0.74491286435979,0.041144678386301405,0.7195325447698107,0.0,0.0,0.3320116041471879,0.09055976875669969,0.6060066700134552,0.028452526170999082,0.29634196891247966,0.6679883958528121,0.5232164368107428,0.03365866081444604,0.7036580310875203,0.0,0.0,False,False,-0.021537283118286454,0.015640132311355526,0.13890619434633478,0.008418781619817566,-0.01587451368229037,0.02153728311828651,0.22169642754904717,0.007486017571855366,0.015874513682290314,0.0,0.0,structure,structure
Gemma-4-E4B-it (german),culture/gemma4_e4b/german,culture/gemma4_e4b/base,gemma4_e4b,Gemma-4-E4B-it,german,fa,1,age,45-54,4,108,0.29704587529739956,0.14448089113135504,0.9438457997282332,0.04222490111959258,0.2591843336003133,0.7029541247026004,0.7188508106902989,0.05393385972875326,0.7408156663996868,0.0,0.0,0.32808997330928247,0.12903687925368287,0.8046598179654824,0.04202436654578802,0.27545569643766643,0.6719100266907175,0.5412267191530338,0.05164009540939705,0.7245443035623336,0.0,0.0,False,False,-0.031044098011882904,0.015444011877672165,0.13918598176275088,0.00020053457380456163,-0.016271362837353143,0.031044098011882904,0.1776240915372651,0.002293764319356212,0.016271362837353198,0.0,0.0,structure,structure
Gemma-4-E4B-it (german),culture/gemma4_e4b/german,culture/gemma4_e4b/base,gemma4_e4b,Gemma-4-E4B-it,german,fa,1,age,55-64,4,92,0.2947298136156755,0.12687086363716799,0.8159145553768437,0.0129751096507398,0.24507545769162667,0.7052701863843245,0.6821038280131033,0.015433938012987966,0.7549245423083734,0.0,0.0,0.3214313330750198,0.10389550264550262,0.6229300747287473,0.03798269444166075,0.2768345650226258,0.6785686669249802,0.3860743099168554,0.04226342301976166,0.7231654349773742,0.0,0.0,False,False,-0.02670151945934429,0.02297536099166536,0.19298448064809637,-0.025007584790920946,-0.03175910733099915,0.02670151945934429,0.29602951809624795,-0.026829485006773693,0.03175910733099918,0.0,0.0,structure,structure
Gemma-4-E4B-it (german),culture/gemma4_e4b/german,culture/gemma4_e4b/base,gemma4_e4b,Gemma-4-E4B-it,german,fa,1,age,65-74,4,83,0.2373545304890396,0.18376059377640658,1.2044446954226076,0.07397749898035448,0.13294903137165376,0.7626454695109603,0.6464390157780899,0.07397749898035448,0.8670509686283463,0.28570259664431874,0.3765517548731793,0.2790511933816793,0.1266937041809821,0.7828511640219958,0.0640134057858912,0.21069207025004183,0.7209488066183207,0.5417842604213646,0.06665186865443162,0.7893079297499581,0.0,0.0,False,False,-0.04169666289263968,0.05706688959542447,0.42159353140061173,0.009964093194463286,-0.07774303887838807,0.041696662892639624,0.1046547553567253,0.007325630325922858,0.07774303887838818,0.28570259664431874,0.3765517548731793,structure,structure
Gemma-4-E4B-it (german),culture/gemma4_e4b/german,culture/gemma4_e4b/base,gemma4_e4b,Gemma-4-E4B-it,german,fa,1,age,75+,4,28,0.2426514055948164,0.20695614280449331,1.5231603766102042,0.11251766815640178,0.11186316702118168,0.7573485944051837,0.5297820259804381,0.11251766815640178,0.8881368329788183,0.3108970727113941,0.4040510578461896,0.2724624175626458,0.1718989846707238,1.2482764033538254,0.15267312040872538,0.18381665371577274,0.7275375824373542,0.37962822890818904,0.15267312040872538,0.8161833462842273,0.29738278763615217,0.3823211006582867,False,False,-0.02981101196782937,0.03505715813376953,0.2748839732563788,-0.0401554522523236,-0.07195348669459106,0.029811011967829426,0.15015379707224907,-0.0401554522523236,0.071953486694591,0.013514285075241939,0.021729957187902882,structure,structure
Gemma-4-E4B-it (german),culture/gemma4_e4b/german,culture/gemma4_e4b/base,gemma4_e4b,Gemma-4-E4B-it,german,fa,1,age,<25,4,73,0.259898522547643,0.13828093242279368,1.078827076280228,0.08521635018578476,0.21895281467640393,0.7401014774523571,0.49649777525159916,0.09262686332336109,0.7810471853235961,0.0,0.0,0.30369405576971525,0.11037253808992939,0.7957219925746857,0.015239826269446092,0.2647449092006815,0.6963059442302848,0.39131054812806176,0.0327217039255978,0.7352550907993185,0.0,0.0,False,False,-0.04379553322207225,0.027908394332864295,0.2831050837055422,0.06997652391633867,-0.04579209452427757,0.0437955332220723,0.1051872271235374,0.059905159397763294,0.04579209452427757,0.0,0.0,structure,structure
Gemma-4-E4B-it (german),culture/gemma4_e4b/german,culture/gemma4_e4b/base,gemma4_e4b,Gemma-4-E4B-it,german,fa,1,country,Australia,4,135,0.28476154959314226,0.13438175579829095,1.375199088160626,0.04194424126155357,0.2321315555575439,0.7152384504068577,0.6333139653849662,0.04194424126155357,0.7678684444424562,0.2111448776182458,0.28958742173019153,0.309086533518026,0.08949172172856384,0.9607811649525175,0.0661745824308483,0.27534829169526803,0.690913466481974,0.41537689516061493,0.06881307838137073,0.724651708304732,0.0,0.0,False,False,-0.024324983924883747,0.04489003406972711,0.41441792320810844,-0.024230341169294727,-0.04321673613772414,0.024324983924883692,0.21793707022435127,-0.026868837119817156,0.04321673613772414,0.2111448776182458,0.28958742173019153,structure,structure
Gemma-4-E4B-it (german),culture/gemma4_e4b/german,culture/gemma4_e4b/base,gemma4_e4b,Gemma-4-E4B-it,german,fa,1,country,Germany,4,143,0.29216370896316557,0.10105725729599452,0.9362821852872163,0.07373490586619605,0.26348488375007084,0.7078362910368344,0.614993150731412,0.07769611376188015,0.7365151162499292,0.0,0.0,0.31334876172810616,0.11200223024401595,0.9939362035378264,0.020507970432421162,0.26641044028625066,0.6866512382718939,0.3668271415715054,0.04706083151386921,0.7335895597137494,0.0,0.0,False,False,-0.021185052764940593,-0.010944972948021436,-0.05765401825061012,0.05322693543377489,-0.0029255565361798186,0.021185052764940537,0.2481660091599066,0.030635282248010945,0.002925556536179763,0.0,0.0,structure,structure
Gemma-4-E4B-it (german),culture/gemma4_e4b/german,culture/gemma4_e4b/base,gemma4_e4b,Gemma-4-E4B-it,german,fa,1,country,Mexico,4,131,0.3050003056997425,0.13871132547603138,1.4461029612401863,0.02522419930030379,0.24465271808671285,0.6949996943002575,0.5680729116195007,0.033325512960061705,0.7553472819132871,0.0,0.0,0.34781275809528556,0.11547666571895215,1.197680220504007,0.01944228685522576,0.2945587182987942,0.6521872419047144,0.41529220369155045,0.024316735443338455,0.7054412817012057,0.0,0.0,False,False,-0.042812452395543044,0.023234659757079223,0.24842274073617943,0.00578191244507803,-0.04990600021208136,0.0428124523955431,0.15278070792795023,0.00900877751672325,0.04990600021208147,0.0,0.0,structure,structure
Gemma-4-E4B-it (german),culture/gemma4_e4b/german,culture/gemma4_e4b/base,gemma4_e4b,Gemma-4-E4B-it,german,fa,1,country,Russia,4,88,0.2826808550091927,0.19546129388616884,2.251618485359573,0.0726706881680837,0.22196184390172102,0.7173191449908073,0.5289007960282219,0.0726706881680837,0.778038156098279,0.27331194506712514,0.35334429559536273,0.3166875304298609,0.15926149651238336,1.7984003300189833,0.06411120638107463,0.26766088426432255,0.6833124695701391,0.3599198131675567,0.06595438804099618,0.7323391157356774,0.0,0.0,False,False,-0.03400667542066821,0.03619979737378548,0.45321815534058985,0.008559481787009063,-0.04569904036260153,0.03400667542066815,0.1689809828606652,0.0067163001270875156,0.04569904036260153,0.27331194506712514,0.35334429559536273,structure,structure
Gemma-4-E4B-it (german),culture/gemma4_e4b/german,culture/gemma4_e4b/base,gemma4_e4b,Gemma-4-E4B-it,german,fa,1,country,United States,4,140,0.2767479026280838,0.13231515262248686,1.173171007613236,0.06065747331054029,0.22359526770221255,0.7232520973719162,0.6729204555022728,0.06065747331054029,0.7764047322977874,0.3023164299937709,0.38054319323219654,0.3100078005840325,0.09257750026436419,0.7742603924594597,0.05872428175423851,0.2657634326085883,0.6899921994159675,0.3662073066931004,0.05872428175423851,0.7342365673914117,0.2082792469937115,0.2827671676216675,False,False,-0.03325989795594869,0.03973765235812267,0.39891061515377635,0.0019331915563017832,-0.04216816490637576,0.03325989795594875,0.30671314880917233,0.0019331915563017832,0.04216816490637565,0.0940371830000594,0.09777602561052906,structure,structure
Gemma-4-E4B-it (german),culture/gemma4_e4b/german,culture/gemma4_e4b/base,gemma4_e4b,Gemma-4-E4B-it,german,fa,1,education,High,4,245,0.28887395760655066,0.1261991849849965,0.930562859449376,0.042039820002949126,0.24405772151596872,0.7111260423934493,0.6936987803149004,0.04761850503693881,0.7559422784840313,0.0,0.0,0.32016073687636876,0.09356891105709238,0.6902347478396516,0.03235915919930663,0.27801713049454446,0.6798392631236312,0.46358963841236345,0.04237797412381705,0.7219828695054555,0.0,0.0,False,False,-0.0312867792698181,0.032630273927904116,0.24032811160972445,0.009680660803642493,-0.033959408978575745,0.031286779269818155,0.23010914190253695,0.005240530913121759,0.033959408978575745,0.0,0.0,structure,structure
Gemma-4-E4B-it (german),culture/gemma4_e4b/german,culture/gemma4_e4b/base,gemma4_e4b,Gemma-4-E4B-it,german,fa,1,education,Low,4,51,0.2661652696381336,0.20741619089445176,1.6591213512899563,0.07747423775300097,0.18209109357738165,0.7338347303618664,0.5909889295569014,0.08189193289112044,0.8179089064226184,0.0,0.0,0.29946661210489445,0.20127209269455007,1.575638557715516,0.07777963575954036,0.22697114509850788,0.7005333878951056,0.49680475157694304,0.08754435285315595,0.7730288549014921,0.0,0.0,False,False,-0.033301342466760864,0.006144098199901693,0.08348279357444022,-0.0003053980065393924,-0.04488005152112623,0.033301342466760864,0.09418417797995837,-0.0056524199620355126,0.044880051521126285,0.0,0.0,structure,structure
Gemma-4-E4B-it (german),culture/gemma4_e4b/german,culture/gemma4_e4b/base,gemma4_e4b,Gemma-4-E4B-it,german,fa,1,education,Middle,4,343,0.29075205304446694,0.1308674953425598,0.9570145277919555,0.038193237783326985,0.2502940967079419,0.7092479469555331,0.6237890697353239,0.03824354891082998,0.7497059032920581,0.0,0.0,0.321850681293524,0.1107921906595913,0.7369040018385173,0.013009024983251433,0.284599005521543,0.678149318706476,0.46239994548161695,0.020138702919690773,0.715400994478457,0.0,0.0,False,False,-0.03109862824905707,0.02007530468296849,0.22011052595343816,0.025184212800075552,-0.0343049088136011,0.03109862824905707,0.16138912425370694,0.01810484599113921,0.034304908813601154,0.0,0.0,structure,structure
Gemma-4-E4B-it (german),culture/gemma4_e4b/german,culture/gemma4_e4b/base,gemma4_e4b,Gemma-4-E4B-it,german,fa,1,employment,Homemaker,4,72,0.28364358846591625,0.12757623117900688,0.8764000436198884,0.03352604587566452,0.21549527111927122,0.7163564115340838,0.8058698753117925,0.038776164093973615,0.7845047288807288,0.0,0.0,0.3188255099793334,0.1002331493451849,0.628935476960887,0.00824736716833219,0.2661679926599402,0.6811744900206667,0.5242364656669732,0.017154467996435458,0.7338320073400598,0.0,0.0,False,False,-0.03518192151341715,0.027343081833821975,0.2474645666590014,0.025278678707332327,-0.05067272154066896,0.03518192151341715,0.2816334096448193,0.021621696097538157,0.05067272154066893,0.0,0.0,structure,structure
Gemma-4-E4B-it (german),culture/gemma4_e4b/german,culture/gemma4_e4b/base,gemma4_e4b,Gemma-4-E4B-it,german,fa,1,employment,Retired,4,147,0.24577088861917384,0.166928885138653,1.1948013403905855,0.05238840208929864,0.14819490150448497,0.7542291113808262,0.6209332396060581,0.052462665160455134,0.851805098495515,0.0,0.0,0.28218154379944754,0.12963031378285614,0.8763356279430136,0.03490071684071828,0.2161219659460617,0.7178184562005525,0.5037907035957394,0.038334187400450644,0.7838780340539383,0.0,0.0,False,False,-0.0364106551802737,0.03729857135579687,0.31846571244757194,0.01748768524858036,-0.06792706444157673,0.03641065518027364,0.11714253601031865,0.01412847776000449,0.0679270644415767,0.0,0.0,structure,structure
Gemma-4-E4B-it (german),culture/gemma4_e4b/german,culture/gemma4_e4b/base,gemma4_e4b,Gemma-4-E4B-it,german,fa,1,employment,Student,4,35,0.1996430340792529,0.1263002316233729,1.0923164132486782,0.09983470294235679,0.15458426165015002,0.8003569659207471,0.6204434147563447,0.09983470294235679,0.84541573834985,0.2663672751228623,0.3544767161926444,0.23746970880960527,0.09502083446702363,0.7986666455381433,-0.04242541432354466,0.20772672122196706,0.7625302911903947,0.4789194318841249,0.0,0.7922732787780329,0.0,0.0,False,False,-0.037826674730352366,0.03127939715634927,0.29364976771053497,0.14226011726590143,-0.05314245957181704,0.037826674730352394,0.1415239828722198,0.09983470294235679,0.05314245957181707,0.2663672751228623,0.3544767161926444,structure,structure
Gemma-4-E4B-it (german),culture/gemma4_e4b/german,culture/gemma4_e4b/base,gemma4_e4b,Gemma-4-E4B-it,german,fa,1,employment,Unemployed,4,31,0.23406134985364643,0.15914351851851855,1.1915112918867303,-0.010375345349975112,0.16173859643580857,0.7659386501463537,0.6273225577645483,0.007963092708549639,0.8382614035641914,0.0,0.0,0.27032878953234973,0.10586424590734936,0.789266912956132,0.08500411297048835,0.24006998247741052,0.7296712104676503,0.461902048091267,0.09959920611689069,0.7599300175225895,0.0,0.0,False,False,-0.0362674396787033,0.05327927261116919,0.4022443789305983,-0.09537945832046346,-0.07833138604160195,0.036267439678703384,0.16542050967328126,-0.09163611340834105,0.07833138604160195,0.0,0.0,structure,structure
Gemma-4-E4B-it (german),culture/gemma4_e4b/german,culture/gemma4_e4b/base,gemma4_e4b,Gemma-4-E4B-it,german,fa,1,employment,Working,4,349,0.320134667373255,0.08895599955027547,0.6443911556994139,0.04199219575429201,0.2944497774037165,0.679865332626745,0.6443911556994139,0.042087632560831124,0.7055502225962835,0.0,0.0,0.3478327157590594,0.06920078823123618,0.49238026077237573,0.045792841366875614,0.31687734861673655,0.6521672842409407,0.49238026077237573,0.045792841366875614,0.6831226513832634,0.14550358910973582,0.21148824628618645,False,False,-0.027698048385804364,0.01975521131903929,0.15201089492703812,-0.003800645612583607,-0.02242757121302008,0.027698048385804253,0.15201089492703812,-0.0037052088060444896,0.02242757121302008,-0.14550358910973582,-0.21148824628618645,structure,structure
Gemma-4-E4B-it (german),culture/gemma4_e4b/german,culture/gemma4_e4b/base,gemma4_e4b,Gemma-4-E4B-it,german,fa,1,marital_status,Cohabiting,4,37,0.28706007193888905,0.1266020295492692,0.7067375312937452,0.1268773283944845,0.24200724087039133,0.712939928061111,0.5764109084523523,0.1268773283944845,0.7579927591296087,0.23016946326348606,0.3091429725178492,0.3228145840320701,0.10040637467108056,0.5334825497588112,0.1037564019987252,0.2949346112636223,0.6771854159679299,0.5334825497588112,0.1037564019987252,0.7050653887363777,0.2613683274263015,0.3329035759098742,False,False,-0.035754512093181035,0.02619565487818863,0.17325498153493402,0.023120926395759314,-0.05292737039323098,0.035754512093181035,0.04292835869354117,0.023120926395759314,0.05292737039323103,-0.03119886416281545,-0.02376060339202496,structure,structure
Gemma-4-E4B-it (german),culture/gemma4_e4b/german,culture/gemma4_e4b/base,gemma4_e4b,Gemma-4-E4B-it,german,fa,1,marital_status,Divorced or separated,4,68,0.21012354930728852,0.14167644430502918,1.0663723605491078,0.021560524773021478,0.14882616789647632,0.7898764506927115,0.7044271046202437,0.02625930221878298,0.8511738321035237,0.0,0.0,0.22441171125919296,0.1260521188833106,0.9036448438308606,0.06958873703715378,0.17247584657188442,0.775588288740807,0.5078087481498785,0.06958873703715378,0.8275241534281156,0.2444404309220175,0.330982863118612,False,False,-0.014288161951904438,0.015624325421718571,0.16272751671824714,-0.0480282122641323,-0.023649678675408098,0.014288161951904521,0.19661835647036519,-0.0433294348183708,0.023649678675408126,-0.2444404309220175,-0.330982863118612,structure,structure
Gemma-4-E4B-it (german),culture/gemma4_e4b/german,culture/gemma4_e4b/base,gemma4_e4b,Gemma-4-E4B-it,german,fa,1,marital_status,Married,4,342,0.3234540210178096,0.08268652343376723,0.588782012150659,0.015853935211194853,0.2990036318540919,0.6765459789821904,0.588782012150659,0.020326392153131343,0.7009963681459082,0.0,0.0,0.35240254039158936,0.0627369221246295,0.4428738753932252,0.04145712973997278,0.31931891042364763,0.6475974596084106,0.4428738753932252,0.04652259938935097,0.6806810895763523,0.0,0.0,False,False,-0.028948519373779735,0.019949601309137727,0.14590813675743375,-0.025603194528777927,-0.020315278569555728,0.028948519373779735,0.14590813675743375,-0.02619620723621963,0.02031527856955584,0.0,0.0,structure,structure
Gemma-4-E4B-it (german),culture/gemma4_e4b/german,culture/gemma4_e4b/base,gemma4_e4b,Gemma-4-E4B-it,german,fa,1,marital_status,Single,4,131,0.2763606781823427,0.1144314769314769,0.8478307412865038,0.02874168954672541,0.24397598804202103,0.7236393218176572,0.5716430936108998,0.04519556252561138,0.756024011957979,0.0,0.0,0.3139105091663974,0.08547506612615721,0.5977068500533903,0.027396318548044755,0.2859333433285455,0.6860894908336026,0.3105609483228003,0.048234971079622796,0.7140666566714545,0.0,0.0,False,False,-0.03754983098405468,0.028956410805319688,0.2501238912331135,0.001345370998680654,-0.041957355286524445,0.03754983098405462,0.26108214528809953,-0.0030394085540114135,0.041957355286524445,0.0,0.0,structure,structure
Gemma-4-E4B-it (german),culture/gemma4_e4b/german,culture/gemma4_e4b/base,gemma4_e4b,Gemma-4-E4B-it,german,fa,1,marital_status,Widowed,4,61,0.2059513045780118,0.14960928669162957,1.1107295141953488,0.026611230773979082,0.09337761207213355,0.7940486954219882,0.6084293030739804,0.028031834118827845,0.9066223879278664,0.0,0.0,0.25459380724745906,0.10391440650586992,0.7690200403299288,0.019020558954497377,0.20201732820991342,0.7454061927525409,0.37700120429371325,0.019020558954497377,0.7979826717900865,0.1327982009962239,0.20766076353108232,False,False,-0.04864250266944725,0.04569488018575965,0.34170947386542005,0.007590671819481705,-0.10863971613777987,0.04864250266944725,0.2314280987802671,0.009011275164330469,0.1086397161377799,-0.1327982009962239,-0.20766076353108232,structure,structure
Gemma-4-E4B-it (german),culture/gemma4_e4b/german,culture/gemma4_e4b/base,gemma4_e4b,Gemma-4-E4B-it,german,fa,1,population,every retained cell,4,639,0.28822431344938765,0.14154722702135825,0.9602641769521916,0.032494634061363936,0.2368697841347912,0.7117756865506124,0.7344186969955085,0.03527311302077197,0.7631302158652088,0.0,0.0,0.31958379566348016,0.11291772772312747,0.7242991289718798,0.02501314326393128,0.2706771930245567,0.6804162043365198,0.47457080981214717,0.03016650370059136,0.7293228069754434,0.0,0.0,False,False,-0.031359482214092516,0.028629499298230776,0.23596504798031182,0.007481490797432655,-0.03380740888976547,0.03135948221409257,0.2598478871833614,0.005106609320180609,0.03380740888976541,0.0,0.0,structure,structure
Gemma-4-E4B-it (german),culture/gemma4_e4b/german,culture/gemma4_e4b/base,gemma4_e4b,Gemma-4-E4B-it,german,fa,1,sex,Female,4,349,0.27447925699763187,0.1552545417935807,1.0436899900709062,0.0499738327636086,0.2088824928878715,0.7255207430023682,0.6954586921820952,0.052153137909535185,0.7911175071121285,0.0,0.0,0.3112230882976733,0.11839765762583553,0.7416899247807659,0.028100614534558654,0.25236858441096377,0.6887769117023267,0.4440616522773454,0.03633861221523392,0.7476314155890362,0.0,0.0,False,False,-0.03674383130004144,0.03685688416774517,0.30200006529014034,0.02187321822904995,-0.04348609152309227,0.03674383130004155,0.2513970399047498,0.015814525694301265,0.04348609152309224,0.0,0.0,structure,structure
Gemma-4-E4B-it (german),culture/gemma4_e4b/german,culture/gemma4_e4b/base,gemma4_e4b,Gemma-4-E4B-it,german,fa,1,sex,Male,4,290,0.3046674397439022,0.11957609264649346,0.832621787079258,0.011881492840770062,0.27144572138550127,0.6953325602560978,0.6159784992434918,0.017798231883022646,0.7285542786144987,0.0,0.0,0.329586850742,0.10171436243450224,0.6961057972470776,0.015704817664538094,0.2925678683065414,0.6704131492580001,0.5105536666191934,0.021910753685354698,0.7074321316934585,0.0,0.0,False,False,-0.024919410998097802,0.017861730211991222,0.1365159898321805,-0.0038233248237680324,-0.02112214692104014,0.02491941099809769,0.10542483262429836,-0.004112521802332052,0.021122146921040197,0.0,0.0,structure,structure
Gemma-4-E4B-it (german),culture/gemma4_e4b/german,culture/gemma4_e4b/base,gemma4_e4b,Gemma-4-E4B-it,german,fa,1,wave,1995-1997,4,221,0.29735683450190753,0.1257510803755083,0.9018108388372579,0.04674171646267872,0.254983564207985,0.7026431654980925,0.7430012705891796,0.055511783736101175,0.745016435792015,0.0,0.0,0.3252301765024802,0.10343579075683523,0.6595607157607184,0.029513129478603156,0.2760778367611154,0.6747698234975198,0.43559452641380136,0.04041782893241323,0.7239221632388846,0.0,0.0,False,False,-0.027873342000572676,0.022315289618673073,0.24225012307653948,0.01722858698407556,-0.0210942725531304,0.027873342000572676,0.3074067441753783,0.015093954803687942,0.021094272553130455,0.0,0.0,structure,structure
Gemma-4-E4B-it (german),culture/gemma4_e4b/german,culture/gemma4_e4b/base,gemma4_e4b,Gemma-4-E4B-it,german,fa,1,wave,2005-2006,4,173,0.28597417705169376,0.13886838062457374,0.9371689296178805,0.047734696830348713,0.23302997990754404,0.7140258229483063,0.682069666703655,0.05301811283263566,0.766970020092456,0.0,0.0,0.3229190294348754,0.11125239413707308,0.7131907876007614,0.03408357169104067,0.2716279918252278,0.6770809705651246,0.4685033103124273,0.04675526921075403,0.7283720081747722,0.0,0.0,False,False,-0.036944852383181626,0.02761598648750066,0.22397814201711908,0.013651125139308044,-0.03859801191768375,0.03694485238318168,0.21356635639122767,0.006262843621881634,0.03859801191768375,0.0,0.0,structure,structure
Gemma-4-E4B-it (german),culture/gemma4_e4b/german,culture/gemma4_e4b/base,gemma4_e4b,Gemma-4-E4B-it,german,fa,1,wave,2017-2018,4,244,0.2821482237469618,0.16069597971931732,1.0990752898376845,0.03321100068395574,0.2258425857040401,0.7178517762530382,0.7492051549437964,0.03580299027364086,0.77415741429596,0.0,0.0,0.3120310280670243,0.12070351216722883,0.8226875340894574,0.02593767181259349,0.26550469661581433,0.6879689719329756,0.49873531588658737,0.02593767181259349,0.7344953033841857,0.14023831324925204,0.21075232987581566,False,False,-0.029882804320062517,0.03999246755208849,0.27638775574822716,0.007273328871362245,-0.03966211091177424,0.029882804320062628,0.250469839057209,0.009865318461047368,0.039662110911774295,-0.14023831324925204,-0.21075232987581566,structure,structure
Gemma-4-E4B-it (german),culture/gemma4_e4b/german,culture/gemma4_e4b/base,gemma4_e4b,Gemma-4-E4B-it,german,ntp,1,age,25-34,4,149,0.2875705197731253,0.09927203697975191,0.700696916969187,0.032980208127882334,0.2625569441791915,0.7124294802268747,0.700696916969187,0.036027954046434496,0.7374430558208085,0.0,0.0,0.32373778362466726,0.07841495651950992,0.5388813616421364,0.01589961109743009,0.2996701605520652,0.6762622163753327,0.5289997640107238,0.017659024238489866,0.7003298394479348,0.0,0.0,False,False,-0.03616726385154195,0.020857080460241997,0.1618155553270506,0.017080597030452244,-0.03711321637287368,0.03616726385154201,0.17169715295846322,0.01836892980794463,0.03711321637287368,0.0,0.0,structure,structure
Gemma-4-E4B-it (german),culture/gemma4_e4b/german,culture/gemma4_e4b/base,gemma4_e4b,Gemma-4-E4B-it,german,ntp,1,age,35-44,4,104,0.28880132813774695,0.10255241469507403,0.7033038894170419,0.041411100531104965,0.2622102861275442,0.711198671862253,0.7033038894170419,0.04398414278764084,0.7377897138724557,0.0,0.0,0.31831135405305844,0.09478168277976384,0.6454106868536774,0.024463757219697603,0.2853232295413963,0.6816886459469416,0.576524069886094,0.025958769902220843,0.7146767704586038,0.0,0.0,False,False,-0.02951002591531149,0.007770731915310192,0.0578932025633645,0.016947343311407362,-0.02311294341385206,0.02951002591531149,0.12677981953094797,0.018025372885419996,0.02311294341385195,0.0,0.0,structure,structure
Gemma-4-E4B-it (german),culture/gemma4_e4b/german,culture/gemma4_e4b/base,gemma4_e4b,Gemma-4-E4B-it,german,ntp,1,age,45-54,4,108,0.2763190350615988,0.13461084468444806,0.8757416864432773,0.03608051787507999,0.240673607366093,0.7236809649384013,0.725283732645524,0.043979844354088,0.759326392633907,0.0,0.0,0.3093322104488355,0.13866793983347048,0.8854125523414809,0.021805173774416826,0.2595105610916175,0.6906677895511645,0.6777832467495949,0.026150994352022925,0.7404894389083825,0.0,0.0,False,False,-0.03301317538723675,-0.004057095149022416,-0.00967086589820354,0.01427534410066316,-0.01883695372552452,0.033013175387236804,0.047500485895929145,0.017828850002065074,0.01883695372552452,0.0,0.0,structure,structure
Gemma-4-E4B-it (german),culture/gemma4_e4b/german,culture/gemma4_e4b/base,gemma4_e4b,Gemma-4-E4B-it,german,ntp,1,age,55-64,4,92,0.271553259454158,0.11779027751344867,0.7595902433899802,0.06250322453219254,0.22507268053856844,0.728446740545842,0.6903758130421793,0.06250322453219254,0.7749273194614316,0.25888962209370586,0.33871140774593267,0.30214301998625037,0.11604011331243157,0.7252738010624176,0.031659105738903855,0.2605761010577779,0.6978569800137496,0.5453635213522678,0.03224131216858728,0.7394238989422222,0.0,0.0,False,False,-0.03058976053209239,0.0017501642010171042,0.03431644232756259,0.03084411879328868,-0.03550342051920946,0.03058976053209239,0.14501229168991148,0.03026191236360526,0.035503420519209405,0.25888962209370586,0.33871140774593267,structure,structure
Gemma-4-E4B-it (german),culture/gemma4_e4b/german,culture/gemma4_e4b/base,gemma4_e4b,Gemma-4-E4B-it,german,ntp,1,age,65-74,4,83,0.21892110260837072,0.17066953331947166,1.1214805126866976,0.09093230423041644,0.13018782797534917,0.7810788973916293,0.6778146279553645,0.09093230423041644,0.8698121720246508,0.30442621705476913,0.39532006696242455,0.25263151149718904,0.1439808943322224,0.9155442013152102,0.08001302913863298,0.18665388636078128,0.7473684885028109,0.6060571018942091,0.08120353145652946,0.8133461136392187,0.0,0.0,False,False,-0.03371040888881832,0.02668863898724927,0.20593631137148738,0.010919275091783462,-0.056466058385432116,0.03371040888881838,0.07175752606115537,0.009728772773886979,0.05646605838543206,0.30442621705476913,0.39532006696242455,structure,structure
Gemma-4-E4B-it (german),culture/gemma4_e4b/german,culture/gemma4_e4b/base,gemma4_e4b,Gemma-4-E4B-it,german,ntp,1,age,75+,4,28,0.22464176271779118,0.19486222404275128,1.449280030608075,0.14987409741843993,0.11242855192090638,0.7753582372822089,0.5588262314554164,0.14987409741843993,0.8875714480790936,0.3667726204648055,0.4572912010969039,0.2476011822381068,0.18057202422701402,1.331763009780022,0.11414482809814679,0.16436323919362886,0.7523988177618932,0.5135371834048681,0.11414482809814679,0.8356367608063712,0.2557706241639872,0.34337626700017965,False,False,-0.022959419520315605,0.014290199815737259,0.11751702082805315,0.03572926932029315,-0.05193468727272248,0.02295941952031566,0.04528904805054834,0.03572926932029315,0.051934687272722435,0.1110019963008183,0.11391493409672426,structure,structure
Gemma-4-E4B-it (german),culture/gemma4_e4b/german,culture/gemma4_e4b/base,gemma4_e4b,Gemma-4-E4B-it,german,ntp,1,age,<25,4,73,0.2396586157672905,0.11923172638266277,0.9357218978024002,0.07772741455900821,0.20817827567811514,0.7603413842327096,0.482398012008472,0.0821390094534385,0.7918217243218848,0.0,0.0,0.28282406370953267,0.11392922006849893,0.8528796644744845,-0.008640368813785416,0.2494154877086715,0.7171759362904673,0.4490884820174114,0.016358612667394207,0.7505845122913285,0.0,0.0,False,False,-0.04316544794224217,0.005302506314163846,0.08284223332791574,0.08636778337279363,-0.04123721203055636,0.04316544794224231,0.03330952999106057,0.06578039678604429,0.0412372120305563,0.0,0.0,structure,structure
Gemma-4-E4B-it (german),culture/gemma4_e4b/german,culture/gemma4_e4b/base,gemma4_e4b,Gemma-4-E4B-it,german,ntp,1,country,Australia,4,135,0.2653230881364954,0.13199064577999375,1.3602715028857988,0.073011727504266,0.22034516761976017,0.7346769118635046,0.5634472822274896,0.073011727504266,0.7796548323802398,0.27173835508776106,0.35149950800587487,0.29103241219809994,0.09726582163319292,1.063369319099575,0.07266915157243717,0.2611205103890956,0.7089675878019001,0.5264286877504822,0.07266915157243717,0.7388794896109043,0.26644884931664614,0.34138008809381515,False,False,-0.025709324061604533,0.03472482414680084,0.2969021837862238,0.00034257593182883406,-0.04077534276933545,0.025709324061604533,0.037018594477007394,0.00034257593182883406,0.040775342769335476,0.005289505771114922,0.010119419912059724,structure,structure
Gemma-4-E4B-it (german),culture/gemma4_e4b/german,culture/gemma4_e4b/base,gemma4_e4b,Gemma-4-E4B-it,german,ntp,1,country,Germany,4,143,0.27358107554713923,0.100128537596148,0.9240893333563778,0.07005638542653791,0.24453431283190785,0.7264189244528607,0.5606556329309709,0.07697640600315998,0.7554656871680921,0.0,0.0,0.29825678938255107,0.11496834790143176,1.0390851394798128,0.0590786249875315,0.2555462769561424,0.701743210617449,0.458395928272903,0.06640604201211978,0.7444537230438576,0.0,0.0,False,False,-0.02467571383541184,-0.014839810305283765,-0.11499580612343507,0.010977760439006418,-0.011011964124234552,0.024675713835411672,0.10225970465806788,0.010570363991040208,0.011011964124234552,0.0,0.0,structure,structure
Gemma-4-E4B-it (german),culture/gemma4_e4b/german,culture/gemma4_e4b/base,gemma4_e4b,Gemma-4-E4B-it,german,ntp,1,country,Mexico,4,131,0.27889192979877175,0.12128336244315668,1.268932966778528,0.02592614495749712,0.22284313433392416,0.7211080702012282,0.5646165673654536,0.03576668312904677,0.7771568656660758,0.0,0.0,0.32086758783413083,0.11686665252910924,1.2147004580086525,0.033197893314304096,0.2692368758026118,0.6791324121658692,0.4680942705030476,0.03988974513602811,0.7307631241973882,0.0,0.0,False,False,-0.041975658035359076,0.00441670991404744,0.05423250876987562,-0.007271748356806974,-0.04639374146868763,0.041975658035359076,0.09652229686240604,-0.004123062006981343,0.04639374146868758,0.0,0.0,structure,structure
Gemma-4-E4B-it (german),culture/gemma4_e4b/german,culture/gemma4_e4b/base,gemma4_e4b,Gemma-4-E4B-it,german,ntp,1,country,Russia,4,88,0.25988622484202234,0.17638270541205153,2.048652642448917,0.06588827519074333,0.20551195309001544,0.7401137751579776,0.4965404948252598,0.06588827519074333,0.7944880469099845,0.23032860898619276,0.3125219083578525,0.29983608558419317,0.16254727510568429,1.8419471361607376,0.0862333204501502,0.25632689446790585,0.7001639144158068,0.42230318556762164,0.0862333204501502,0.7436731055320941,0.2319417719709481,0.3081383800662042,False,False,-0.03994986074217083,0.013835430306367247,0.2067055062881793,-0.020345045259406863,-0.050814941377890416,0.03994986074217077,0.07423730925763816,-0.020345045259406863,0.050814941377890444,-0.0016131629847553342,0.0043835282916482865,structure,structure
Gemma-4-E4B-it (german),culture/gemma4_e4b/german,culture/gemma4_e4b/base,gemma4_e4b,Gemma-4-E4B-it,german,ntp,1,country,United States,4,140,0.25485161689847685,0.12599179086654738,1.1225283264470365,0.057951333136481625,0.20741040982646092,0.7451483831015231,0.6287119485040722,0.057951333136481625,0.7925895901735391,0.28370370700369996,0.3649728315804303,0.2900837920266973,0.10023937537127137,0.8621881680588668,0.07808216770045026,0.24862986404139964,0.7099162079733027,0.4723770878711358,0.07808216770045026,0.7513701359586004,0.2714598832384389,0.34712100628472137,False,False,-0.035232175128220466,0.025752415495276015,0.2603401583881697,-0.020130834563968636,-0.04121945421493872,0.03523217512822041,0.1563348606329364,-0.020130834563968636,0.04121945421493878,0.012243823765261064,0.017851825295708945,structure,structure
Gemma-4-E4B-it (german),culture/gemma4_e4b/german,culture/gemma4_e4b/base,gemma4_e4b,Gemma-4-E4B-it,german,ntp,1,education,High,4,245,0.268166233863835,0.11690185467179366,0.8495448333051072,0.03253106906166873,0.22951404053478724,0.731833766136165,0.6567288328322981,0.03849848670490597,0.7704859594652127,0.0,0.0,0.3024099689150114,0.09897020275319057,0.7390164497987477,0.023611375726898462,0.2648612621926248,0.6975900310849886,0.5206298276840505,0.03368605974373028,0.7351387378073753,0.0,0.0,False,False,-0.034243735051176394,0.01793165191860309,0.11052838350635952,0.008919693334770266,-0.035347221657837546,0.034243735051176394,0.13609900514824758,0.004812426961175689,0.035347221657837435,0.0,0.0,structure,structure
Gemma-4-E4B-it (german),culture/gemma4_e4b/german,culture/gemma4_e4b/base,gemma4_e4b,Gemma-4-E4B-it,german,ntp,1,education,Low,4,51,0.24661386450301565,0.17700879341989784,1.4250592234163517,0.12101362915257524,0.17588754359140082,0.7533861354969844,0.6132395114547291,0.12518826878205708,0.8241124564085992,0.0,0.0,0.2651256616168863,0.19408940887427023,1.5054048003677818,0.10400148515608039,0.19627990069498225,0.7348743383831138,0.5569106221709219,0.10541512734807369,0.8037200993050178,0.0,0.0,False,False,-0.01851179711387063,-0.017080615454372394,-0.08034557695143008,0.017012143996494852,-0.02039235710358142,0.01851179711387063,0.05632888928380719,0.019773141433983385,0.02039235710358145,0.0,0.0,structure,structure
Gemma-4-E4B-it (german),culture/gemma4_e4b/german,culture/gemma4_e4b/base,gemma4_e4b,Gemma-4-E4B-it,german,ntp,1,education,Middle,4,343,0.26816252783935757,0.12233355956361072,0.8979839927570212,0.0343531524784873,0.23078257959721804,0.7318374721606424,0.6473509757368163,0.035723786798421926,0.769217420402782,0.0,0.0,0.30353978816264754,0.11585878192772728,0.8025564889992929,0.007496671628035198,0.2694952471602313,0.6964602118373524,0.5775238223784329,0.014359057990792014,0.7305047528397687,0.0,0.0,False,False,-0.03537726032328997,0.006474777635883444,0.09542750375772835,0.026856480850452107,-0.03871266756301328,0.03537726032329003,0.06982715335838341,0.021364728807629914,0.03871266756301328,0.0,0.0,structure,structure
Gemma-4-E4B-it (german),culture/gemma4_e4b/german,culture/gemma4_e4b/base,gemma4_e4b,Gemma-4-E4B-it,german,ntp,1,employment,Homemaker,4,72,0.2577717420670888,0.10474926636551657,0.72563216156062,0.10031465153785582,0.19363771318826573,0.7422282579329111,0.7009212864764577,0.10031465153785582,0.8063622868117343,0.27848703476274556,0.360961564975458,0.2908276148478696,0.09963851003220336,0.6477459180527714,0.059659665606608764,0.24038502357478764,0.7091723851521303,0.6457025812794543,0.06312178157936862,0.7596149764252124,0.0,0.0,False,False,-0.033055872780780815,0.0051107563333132044,0.07788624350784867,0.040654985931247056,-0.04674731038652191,0.033055872780780815,0.05521870519700334,0.037192869958487196,0.04674731038652191,0.27848703476274556,0.360961564975458,structure,structure
Gemma-4-E4B-it (german),culture/gemma4_e4b/german,culture/gemma4_e4b/base,gemma4_e4b,Gemma-4-E4B-it,german,ntp,1,employment,Retired,4,147,0.22655856313184874,0.1553537322582599,1.1151330947201679,0.06661497111870976,0.13999587190448115,0.7734414368681513,0.6752728021967388,0.06747600833681097,0.8600041280955188,0.0,0.0,0.25852127383986334,0.14130751744845357,0.9806117726818021,0.046614979116700664,0.19523959057294632,0.7414787261601367,0.5599493597773801,0.046614979116700664,0.8047604094270536,0.12334032678927041,0.19627054339607872,False,False,-0.0319627107080146,0.014046214809806334,0.13452132203836575,0.019999992002009095,-0.05524371866846517,0.0319627107080146,0.11532344241935866,0.020861029220110308,0.055243718668465225,-0.12334032678927041,-0.19627054339607872,structure,structure
Gemma-4-E4B-it (german),culture/gemma4_e4b/german,culture/gemma4_e4b/base,gemma4_e4b,Gemma-4-E4B-it,german,ntp,1,employment,Student,4,35,0.19012695075159652,0.10585447775326166,0.911623644600831,0.06627999498458631,0.15236056553374247,0.8098730492484034,0.5610833807078293,0.07234108800208226,0.8476394344662574,0.0,0.0,0.21970873449677727,0.0905815096381937,0.7758642810493803,-0.03908592669203262,0.1907121724471466,0.7802912655032227,0.5075750407980867,0.0,0.8092878275528534,0.0,0.0,False,False,-0.02958178374518075,0.015272968115067967,0.13575936355145068,0.10536592167661893,-0.03835160691340414,0.029581783745180723,0.053508339909742575,0.07234108800208226,0.038351606913404,0.0,0.0,structure,structure
Gemma-4-E4B-it (german),culture/gemma4_e4b/german,culture/gemma4_e4b/base,gemma4_e4b,Gemma-4-E4B-it,german,ntp,1,employment,Unemployed,4,31,0.21152087922522517,0.13095796437875223,0.9888395764867168,0.0332623279305866,0.1483621914564967,0.7884791207747749,0.5678886095489611,0.043645880198900956,0.8516378085435032,0.0,0.0,0.2533084124845093,0.10005881056656411,0.7497680311173462,0.005169556945239655,0.2179686999311885,0.7466915875154907,0.48487015469564043,0.009608749128626259,0.7820313000688115,0.0,0.0,False,False,-0.04178753325928414,0.03089915381218812,0.23907154536937059,0.028092770985346946,-0.0696065084746918,0.04178753325928419,0.08301845485332071,0.0340371310702747,0.06960650847469174,0.0,0.0,structure,structure
Gemma-4-E4B-it (german),culture/gemma4_e4b/german,culture/gemma4_e4b/base,gemma4_e4b,Gemma-4-E4B-it,german,ntp,1,employment,Working,4,349,0.2972232315260761,0.09006749265485381,0.6444181058303937,0.041959827594596905,0.274331962134116,0.7027767684739239,0.6444181058303937,0.042413604126394146,0.725668037865884,0.0,0.0,0.331498253611792,0.07658262094836539,0.5575069346813303,0.029076803149961892,0.302397239559427,0.6685017463882079,0.5575069346813303,0.029076803149961892,0.697602760440573,0.18424729604693876,0.2538616797857285,False,False,-0.03427502208571592,0.013484871706488419,0.08691117114906344,0.012883024444635013,-0.028065277425311008,0.03427502208571598,0.08691117114906344,0.013336800976432254,0.028065277425310953,-0.18424729604693876,-0.2538616797857285,structure,structure
Gemma-4-E4B-it (german),culture/gemma4_e4b/german,culture/gemma4_e4b/base,gemma4_e4b,Gemma-4-E4B-it,german,ntp,1,marital_status,Cohabiting,4,37,0.26764633290567574,0.11815274173359928,0.6622177954117103,0.09493587822709725,0.23098690136003205,0.7323536670943243,0.5640351097264191,0.09508033789220689,0.7690130986399679,0.0,0.0,0.30941668336864886,0.10037528353240928,0.5527052512631273,0.1375643169627185,0.28183883556787825,0.6905833166313511,0.5527052512631273,0.1375643169627185,0.7181611644321217,0.30670949799883274,0.37710817389709045,False,False,-0.041770350462973116,0.017777458201190005,0.10951254414858302,-0.04262843873562126,-0.0508519342078462,0.04177035046297317,0.01132985846329182,-0.042483979070511615,0.05085193420784617,-0.30670949799883274,-0.37710817389709045,structure,structure
Gemma-4-E4B-it (german),culture/gemma4_e4b/german,culture/gemma4_e4b/base,gemma4_e4b,Gemma-4-E4B-it,german,ntp,1,marital_status,Divorced or separated,4,68,0.19491312427966734,0.11850976521679457,0.8818441107322708,0.0174555362147022,0.14377790149808617,0.8050868757203327,0.6053016680119974,0.01926543943855989,0.8562220985019139,0.0,0.0,0.20882319770013025,0.11446419159340553,0.8357770629572912,0.06066302270143023,0.15865016219909728,0.7911768022998698,0.592514886859508,0.06066302270143023,0.8413498378009028,0.25090585684148414,0.3388672808100805,False,False,-0.01391007342046291,0.0040455736233890455,0.04606704777497961,-0.04320748648672803,-0.014872260701011109,0.01391007342046291,0.012786781152489324,-0.04139758326287034,0.014872260701011109,-0.25090585684148414,-0.3388672808100805,structure,structure
Gemma-4-E4B-it (german),culture/gemma4_e4b/german,culture/gemma4_e4b/base,gemma4_e4b,Gemma-4-E4B-it,german,ntp,1,marital_status,Married,4,342,0.30039155764289605,0.0775609313051394,0.5409839394040006,0.03258442501397147,0.27777227160381635,0.699608442357104,0.5409839394040006,0.03258442501397147,0.7222277283961837,0.2021427046504414,0.2747018845959792,0.3337354985420794,0.07054974547470909,0.5025164126229585,0.04422479357548202,0.30193708753686155,0.6662645014579206,0.5025164126229585,0.04644461245008778,0.6980629124631385,0.0,0.0,False,False,-0.033343940899183355,0.007011185830430311,0.03846752678104204,-0.011640368561510551,-0.024164815933045203,0.033343940899183355,0.03846752678104204,-0.013860187436116313,0.024164815933045203,0.2021427046504414,0.2747018845959792,structure,structure
Gemma-4-E4B-it (german),culture/gemma4_e4b/german,culture/gemma4_e4b/base,gemma4_e4b,Gemma-4-E4B-it,german,ntp,1,marital_status,Single,4,131,0.2533591958326694,0.09406180327175492,0.6950334956202542,0.03428841406086619,0.22918077253540842,0.7466408041673306,0.5596736353725484,0.047824400527781634,0.7708192274645915,0.0,0.0,0.2944492142121261,0.0866963795070522,0.6253661499491743,-0.00418469894075439,0.26991168548935085,0.7055507857878739,0.3982039735428165,0.019711371111172295,0.7300883145106492,0.0,0.0,False,False,-0.041090018379456694,0.007365423764702728,0.0696673456710799,0.03847311300162058,-0.04073091295394243,0.041090018379456694,0.16146966182973194,0.02811302941660934,0.04073091295394238,0.0,0.0,structure,structure
Gemma-4-E4B-it (german),culture/gemma4_e4b/german,culture/gemma4_e4b/base,gemma4_e4b,Gemma-4-E4B-it,german,ntp,1,marital_status,Widowed,4,61,0.186789382684256,0.1272288819676684,0.9476358343129883,0.05948122898034083,0.08745705489311269,0.8132106173157441,0.5050531725015756,0.05948122898034083,0.9125429451068874,0.2741921425766736,0.37024207957541105,0.22415361630244462,0.09598997384835414,0.7153511946730737,0.04033456203179607,0.17221029098584464,0.7758463836975553,0.4201684348581657,0.04033456203179607,0.8277897090141553,0.21614498591835593,0.30203747430901934,False,False,-0.037364233618188636,0.031238908119314263,0.23228463963991453,0.019146666948544763,-0.08475323609273196,0.03736423361818875,0.08488473764340987,0.019146666948544763,0.08475323609273211,0.058047156658317695,0.06820460526639172,structure,structure
Gemma-4-E4B-it (german),culture/gemma4_e4b/german,culture/gemma4_e4b/base,gemma4_e4b,Gemma-4-E4B-it,german,ntp,1,population,every retained cell,4,639,0.2666156905000453,0.13287283977221848,0.9017343714167261,0.036207003027139,0.21967392995151813,0.7333843094999547,0.7317014455907471,0.03686449988330787,0.7803260700484819,0.0,0.0,0.3002516137907605,0.12058070993099092,0.7961130459044774,0.026589600938652588,0.2547527141075797,0.6997483862092395,0.5855016118121266,0.029463171740346912,0.7452472858924203,0.0,0.0,False,False,-0.033635923290715186,0.012292129841227559,0.10562132551224868,0.009617402088486413,-0.03507878415606158,0.033635923290715186,0.14619983377862056,0.007401328142960961,0.03507878415606158,0.0,0.0,structure,structure
Gemma-4-E4B-it (german),culture/gemma4_e4b/german,culture/gemma4_e4b/base,gemma4_e4b,Gemma-4-E4B-it,german,ntp,1,sex,Female,4,349,0.2513973747282513,0.14297646237544503,0.9650777794434773,0.06151090456803261,0.19023516745593994,0.7486026252717487,0.7059390879388692,0.0629721591961566,0.8097648325440601,0.0,0.0,0.2893392261812471,0.1258142724693516,0.8137073548659408,0.03719861322276595,0.2348361965073486,0.7106607738187529,0.5696136350757462,0.04195606642216482,0.7651638034926513,0.0,0.0,False,False,-0.03794185145299578,0.017162189906093445,0.15137042457753647,0.024312291345266662,-0.04460102905140867,0.03794185145299578,0.13632545286312292,0.021016092773991787,0.044601029051408725,0.0,0.0,structure,structure
Gemma-4-E4B-it (german),culture/gemma4_e4b/german,culture/gemma4_e4b/base,gemma4_e4b,Gemma-4-E4B-it,german,ntp,1,sex,Male,4,290,0.28481292017094034,0.11340770291865114,0.7912749068264628,0.02597079163498852,0.2548788811170882,0.7151870798290596,0.6321925584765087,0.02757284830215065,0.7451211188829119,0.0,0.0,0.3133067352092138,0.11083937820826721,0.7730403359720273,0.01674821355331715,0.2785712220357199,0.6866932647907862,0.6065785724982884,0.02106368302946921,0.7214287779642801,0.0,0.0,False,False,-0.028493815038273473,0.002568324710383929,0.018234570854435583,0.00922257808167137,-0.023692340918631705,0.028493815038273418,0.02561398597822029,0.006509165272681437,0.023692340918631816,0.0,0.0,structure,structure
Gemma-4-E4B-it (german),culture/gemma4_e4b/german,culture/gemma4_e4b/base,gemma4_e4b,Gemma-4-E4B-it,german,ntp,1,wave,1995-1997,4,221,0.27442203412978006,0.11918969529237482,0.8488130164286039,0.058103871170410444,0.23624705077231295,0.7255779658702199,0.7243462241909072,0.06351326262097083,0.7637529492276871,0.0,0.0,0.30730966555726136,0.10945475397313534,0.7302455656842537,0.029187908310109624,0.26148518651784736,0.6926903344427386,0.5479207554815297,0.036907098253481894,0.7385148134821526,0.0,0.0,False,False,-0.0328876314274813,0.009734941319239479,0.11856745074435016,0.02891596286030082,-0.025238135745534407,0.0328876314274813,0.17642546870937748,0.026606164367488937,0.025238135745534462,0.0,0.0,structure,structure
Gemma-4-E4B-it (german),culture/gemma4_e4b/german,culture/gemma4_e4b/base,gemma4_e4b,Gemma-4-E4B-it,german,ntp,1,wave,2005-2006,4,173,0.26355053089809477,0.1301950599814595,0.8853555060155567,0.054197606631746165,0.21421887106511694,0.7364494691019052,0.7068458282248056,0.05813287442953382,0.785781128934883,0.0,0.0,0.30165513600703764,0.11879399491134641,0.7831147847178127,0.03681674858430388,0.25403474540284576,0.6983448639929624,0.5760782681413691,0.04778710957948168,0.7459652545971542,0.0,0.0,False,False,-0.03810460510894287,0.011401065070113084,0.10224072129774397,0.017380858047442285,-0.03981587433772882,0.03810460510894287,0.13076756008343648,0.01034576485005214,0.03981587433772882,0.0,0.0,structure,structure
Gemma-4-E4B-it (german),culture/gemma4_e4b/german,culture/gemma4_e4b/base,gemma4_e4b,Gemma-4-E4B-it,german,ntp,1,wave,2017-2018,4,244,0.2625208336109418,0.14989945190110282,1.0269699454023722,0.03421601930371319,0.21402931078166473,0.7374791663890582,0.6941735906444472,0.03479990282139625,0.7859706892183353,0.0,0.0,0.2929432166144992,0.1296321723992247,0.89192754323233,0.03264521725471204,0.249660710956995,0.7070567833855008,0.6113589599093904,0.03304338411216601,0.750339289043005,0.0,0.0,False,False,-0.030422383003557374,0.02026727950187812,0.13504240217004215,0.0015708020490011465,-0.03563140017533026,0.030422383003557374,0.0828146307350568,0.0017565187092302426,0.0356314001753304,0.0,0.0,structure,structure
Gemma-4-E4B-it (spanish-mx),culture/gemma4_e4b/spanish-mx,culture/gemma4_e4b/base,gemma4_e4b,Gemma-4-E4B-it,spanish-mx,fa,1,age,25-34,4,149,0.28902757206413765,0.10257204099970219,0.7139051269962879,0.05143999706430099,0.2630839072392236,0.7109724279358623,0.7139051269962879,0.05143999706430099,0.7369160927607764,0.19010952946862747,0.265138255746088,0.3415740222177944,0.07600669803958121,0.5108596593258303,0.022939673964162643,0.3159279374400771,0.6584259777822056,0.46941563278066933,0.03009269789603103,0.6840720625599229,0.0,0.0,False,False,-0.052546450153656776,0.026565342960120975,0.2030454676704576,0.028500323100138347,-0.05284403020085349,0.052546450153656776,0.2444894942156186,0.02134729916826996,0.05284403020085349,0.19010952946862747,0.265138255746088,structure,structure
Gemma-4-E4B-it (spanish-mx),culture/gemma4_e4b/spanish-mx,culture/gemma4_e4b/base,gemma4_e4b,Gemma-4-E4B-it,spanish-mx,fa,1,age,35-44,4,104,0.2849702174113683,0.12392532770890721,0.8196441426609697,0.03162100170653236,0.25468435066016804,0.7150297825886317,0.7448741600937614,0.032554012143511134,0.7453156493398319,0.0,0.0,0.3320116041471879,0.09055976875669969,0.6060066700134552,0.028452526170999082,0.29634196891247966,0.6679883958528121,0.5232164368107428,0.03365866081444604,0.7036580310875203,0.0,0.0,False,False,-0.04704138673581959,0.033365558952207525,0.21363747264751454,0.0031684755355332814,-0.04165761825231162,0.04704138673581959,0.22165772328301858,-0.0011046486709349046,0.04165761825231151,0.0,0.0,structure,structure
Gemma-4-E4B-it (spanish-mx),culture/gemma4_e4b/spanish-mx,culture/gemma4_e4b/base,gemma4_e4b,Gemma-4-E4B-it,spanish-mx,fa,1,age,45-54,4,108,0.2755452401843176,0.16388782614425593,1.0420692797691802,0.02771848093425551,0.22523024503581457,0.7244547598156824,0.571139041119618,0.030873375157282962,0.7747697549641854,0.0,0.0,0.32808997330928247,0.12903687925368287,0.8046598179654824,0.04202436654578802,0.27545569643766643,0.6719100266907175,0.5412267191530338,0.05164009540939705,0.7245443035623336,0.0,0.0,False,False,-0.05254473312496488,0.034850946890573054,0.23740946180369782,-0.01430588561153251,-0.05022545140185186,0.05254473312496488,0.02991232196658422,-0.020766720252114085,0.05022545140185186,0.0,0.0,structure,structure
Gemma-4-E4B-it (spanish-mx),culture/gemma4_e4b/spanish-mx,culture/gemma4_e4b/base,gemma4_e4b,Gemma-4-E4B-it,spanish-mx,fa,1,age,55-64,4,92,0.2802774570554849,0.11845847244716295,0.7322502863588146,0.009387844037460853,0.232395674312392,0.7197225429445151,0.6129454687368271,0.02375680046468172,0.767604325687608,0.0,0.0,0.3214313330750198,0.10389550264550262,0.6229300747287473,0.03798269444166075,0.2768345650226258,0.6785686669249802,0.3860743099168554,0.04226342301976166,0.7231654349773742,0.0,0.0,False,False,-0.04115387601953491,0.01456296980166033,0.10932021163006733,-0.028594850404199894,-0.044438890710233825,0.04115387601953491,0.22687115881997172,-0.018506622555079937,0.04443889071023377,0.0,0.0,structure,structure
Gemma-4-E4B-it (spanish-mx),culture/gemma4_e4b/spanish-mx,culture/gemma4_e4b/base,gemma4_e4b,Gemma-4-E4B-it,spanish-mx,fa,1,age,65-74,4,83,0.21808869445916682,0.16383573323105577,1.0459214921577222,0.06278074809300864,0.12584360715555937,0.7819113055408332,0.5174676698470103,0.06278074809300864,0.8741563928444406,0.26501044440602944,0.3571105857739938,0.27915550173279935,0.12739251620054884,0.7876544197697635,0.06390261940096821,0.21087161745918928,0.7208444982672007,0.5465875161691323,0.06654108226950864,0.7891283825408107,0.0,0.0,False,False,-0.061066807273632534,0.03644321703050693,0.25826707238795876,-0.001121871307959571,-0.08502801030362991,0.06106680727363256,-0.029119846322121945,-0.0037603341764999992,0.08502801030362983,0.26501044440602944,0.3571105857739938,structure,structure
Gemma-4-E4B-it (spanish-mx),culture/gemma4_e4b/spanish-mx,culture/gemma4_e4b/base,gemma4_e4b,Gemma-4-E4B-it,spanish-mx,fa,1,age,75+,4,28,0.21201445792963722,0.18733528057199555,1.3744502529566203,0.0830572768462046,0.08090548578626683,0.7879855420703628,0.4909656197041549,0.10124399863310493,0.9190945142137332,0.0,0.0,0.2724624175626458,0.1718989846707238,1.2482764033538254,0.15267312040872538,0.18381665371577274,0.7275375824373542,0.37962822890818904,0.15267312040872538,0.8161833462842273,0.29738278763615217,0.3823211006582867,False,False,-0.06044795963300856,0.015436295901271768,0.12617384960279487,-0.06961584356252078,-0.10291116792950591,0.06044795963300853,0.11133739079596588,-0.05142912177562045,0.10291116792950594,-0.29738278763615217,-0.3823211006582867,structure,structure
Gemma-4-E4B-it (spanish-mx),culture/gemma4_e4b/spanish-mx,culture/gemma4_e4b/base,gemma4_e4b,Gemma-4-E4B-it,spanish-mx,fa,1,age,<25,4,73,0.22469529498487978,0.13482578115793525,1.0901001753182065,0.06556645618548575,0.19113345162104545,0.7753047050151203,0.45954631854252415,0.06556645618548575,0.8088665483789546,0.19026706978106173,0.27291547506286445,0.30369405576971525,0.11037253808992939,0.7957219925746857,0.015239826269446092,0.2647449092006815,0.6963059442302848,0.39131054812806176,0.0327217039255978,0.7352550907993185,0.0,0.0,False,False,-0.07899876078483548,0.024453243068005864,0.2943781827435208,0.05032662991603966,-0.07361145757963605,0.07899876078483548,0.06823577041446238,0.03284475225988795,0.07361145757963605,0.19026706978106173,0.27291547506286445,structure,structure
Gemma-4-E4B-it (spanish-mx),culture/gemma4_e4b/spanish-mx,culture/gemma4_e4b/base,gemma4_e4b,Gemma-4-E4B-it,spanish-mx,fa,1,country,Australia,4,135,0.2794606927510358,0.11828766848817293,1.1632274111468441,0.042000170226853394,0.23172747594657725,0.7205393072489642,0.6318116028173413,0.04949585690468364,0.7682725240534227,0.0,0.0,0.309086533518026,0.08949172172856384,0.9607811649525175,0.0661745824308483,0.27534829169526803,0.690913466481974,0.41537689516061493,0.06881307838137073,0.724651708304732,0.0,0.0,False,False,-0.029625840766990208,0.028795946759609087,0.2024462461943266,-0.024174412203994904,-0.04362081574869078,0.029625840766990152,0.21643470765672634,-0.019317221476687088,0.0436208157486907,0.0,0.0,structure,structure
Gemma-4-E4B-it (spanish-mx),culture/gemma4_e4b/spanish-mx,culture/gemma4_e4b/base,gemma4_e4b,Gemma-4-E4B-it,spanish-mx,fa,1,country,Germany,4,144,0.26297906793137427,0.11440898469221485,0.9666636401897162,0.06724377723744611,0.22928760023982847,0.7370209320686257,0.681248608974975,0.06724377723744611,0.7707123997601715,0.2592069064569459,0.3393465140753629,0.31324533472391336,0.11253573429864677,0.9975722934672587,0.021272813109080704,0.26632291851548584,0.6867546652760866,0.37046323150093774,0.04706083151386921,0.7336770814845142,0.0,0.0,False,False,-0.050266266792539094,0.0018732503935680739,-0.030908653277542553,0.045970964128365405,-0.03703531827565737,0.050266266792539094,0.3107853774740372,0.0201829457235769,0.037035318275657314,0.2592069064569459,0.3393465140753629,structure,structure
Gemma-4-E4B-it (spanish-mx),culture/gemma4_e4b/spanish-mx,culture/gemma4_e4b/base,gemma4_e4b,Gemma-4-E4B-it,spanish-mx,fa,1,country,Mexico,4,131,0.2663868038114978,0.12706674518945021,1.3228187028920102,0.019678484728396086,0.21526081001372535,0.7336131961885022,0.4555847687161917,0.02665201292936801,0.7847391899862747,0.0,0.0,0.34781275809528556,0.11547666571895215,1.197680220504007,0.01944228685522576,0.2945587182987942,0.6521872419047144,0.41529220369155045,0.024316735443338455,0.7054412817012057,0.0,0.0,False,False,-0.08142595428378774,0.01159007947049806,0.1251384823880033,0.00023619787317032473,-0.07929790828506886,0.08142595428378774,0.040292565024641236,0.0023352774860295536,0.079297908285069,0.0,0.0,structure,structure
Gemma-4-E4B-it (spanish-mx),culture/gemma4_e4b/spanish-mx,culture/gemma4_e4b/base,gemma4_e4b,Gemma-4-E4B-it,spanish-mx,fa,1,country,Russia,4,88,0.26283978304238986,0.17676823647332818,2.115862006566902,0.051613386123676816,0.20788038292000743,0.7371602169576101,0.39677856703756054,0.051613386123676816,0.7921196170799926,0.23930989657180582,0.32225161525660656,0.3166875304298609,0.15926149651238336,1.7984003300189833,0.06411120638107463,0.26766088426432255,0.6833124695701391,0.3599198131675567,0.06595438804099618,0.7323391157356774,0.0,0.0,False,False,-0.05384774738747106,0.017506739960944817,0.3174616765479188,-0.012497820257397818,-0.05978050134431512,0.053847747387471,0.03685875387000381,-0.014341001917319365,0.05978050134431512,0.23930989657180582,0.32225161525660656,structure,structure
Gemma-4-E4B-it (spanish-mx),culture/gemma4_e4b/spanish-mx,culture/gemma4_e4b/base,gemma4_e4b,Gemma-4-E4B-it,spanish-mx,fa,1,country,United States,4,140,0.253013390907632,0.13947351942447384,1.1480628638774462,0.04457524097258749,0.19771620591129468,0.746986609092368,0.6039456738454835,0.04457524097258749,0.8022837940887053,0.2632923878683905,0.34703638434046596,0.3100078005840325,0.09257750026436419,0.7742603924594597,0.05872428175423851,0.2657634326085883,0.6899921994159675,0.3662073066931004,0.05872428175423851,0.7342365673914117,0.2082792469937115,0.2827671676216675,False,False,-0.056994409676400515,0.046896019160109645,0.3738024714179865,-0.014149040781651016,-0.06804722669729363,0.05699440967640057,0.23773836715238306,-0.014149040781651016,0.06804722669729357,0.055013140874678984,0.06426921671879848,structure,structure
Gemma-4-E4B-it (spanish-mx),culture/gemma4_e4b/spanish-mx,culture/gemma4_e4b/base,gemma4_e4b,Gemma-4-E4B-it,spanish-mx,fa,1,education,High,4,245,0.27323674996789116,0.13603918793943462,0.9499071915058628,0.045730431278487804,0.22283727314868204,0.7267632500321088,0.7577335583524355,0.04824541513834321,0.7771627268513179,0.0,0.0,0.32016073687636876,0.09356891105709238,0.6902347478396516,0.03235915919930663,0.27801713049454446,0.6798392631236312,0.46358963841236345,0.04237797412381705,0.7219828695054555,0.0,0.0,False,False,-0.0469239869084776,0.04247027688234224,0.25967244366621123,0.013371272079181172,-0.05517985734586242,0.046923986908477655,0.29414391994007205,0.005867441014526159,0.05517985734586239,0.0,0.0,structure,structure
Gemma-4-E4B-it (spanish-mx),culture/gemma4_e4b/spanish-mx,culture/gemma4_e4b/base,gemma4_e4b,Gemma-4-E4B-it,spanish-mx,fa,1,education,Low,4,51,0.2412560017263443,0.16896193440604163,1.3746733468770986,0.11655428759522365,0.1684593096585771,0.7587439982736557,0.5656124609545102,0.11655428759522365,0.8315406903414229,0.2906424701584523,0.3777564184252624,0.29946661210489445,0.20127209269455007,1.575638557715516,0.07777963575954036,0.22697114509850788,0.7005333878951056,0.49680475157694304,0.08754435285315595,0.7730288549014921,0.0,0.0,False,False,-0.05821061037855016,-0.032310158288508445,-0.20096521083841745,0.038774651835683294,-0.05851183543993077,0.05821061037855013,0.0688077093775672,0.0290099347420677,0.05851183543993077,0.2906424701584523,0.3777564184252624,structure,structure
Gemma-4-E4B-it (spanish-mx),culture/gemma4_e4b/spanish-mx,culture/gemma4_e4b/base,gemma4_e4b,Gemma-4-E4B-it,spanish-mx,fa,1,education,Middle,4,343,0.2623394641102856,0.13481171487998703,1.0121028882055183,0.0256616352973898,0.22703455913126205,0.7376605358897144,0.50152142254279,0.026369571110175634,0.772965440868738,0.0,0.0,0.32178560336083656,0.11102243427218784,0.7390122926350118,0.012928969831044492,0.2845366226064584,0.6782143966391634,0.46450823627811133,0.020138702919690773,0.7154633773935416,0.0,0.0,False,False,-0.05944613925055098,0.023789280607799182,0.2730905955705065,0.012732665466345307,-0.05750206347519635,0.05944613925055098,0.037013186264678644,0.006230868190484861,0.057502063475196374,0.0,0.0,structure,structure
Gemma-4-E4B-it (spanish-mx),culture/gemma4_e4b/spanish-mx,culture/gemma4_e4b/base,gemma4_e4b,Gemma-4-E4B-it,spanish-mx,fa,1,employment,Homemaker,4,72,0.2590333607426892,0.12389164740020564,0.8318910403947245,0.07112196905687362,0.20278240501673878,0.7409666392573109,0.6196072473746332,0.07112196905687362,0.7972175949832612,0.3142967852296126,0.39485313427504626,0.3188255099793334,0.1002331493451849,0.628935476960887,0.00824736716833219,0.2661679926599402,0.6811744900206667,0.5242364656669732,0.017154467996435458,0.7338320073400598,0.0,0.0,False,False,-0.05979214923664422,0.023658498055020738,0.20295556343383747,0.06287460188854144,-0.0633855876432014,0.05979214923664422,0.09537078170766,0.05396750106043817,0.06338558764320135,0.3142967852296126,0.39485313427504626,structure,structure
Gemma-4-E4B-it (spanish-mx),culture/gemma4_e4b/spanish-mx,culture/gemma4_e4b/base,gemma4_e4b,Gemma-4-E4B-it,spanish-mx,fa,1,employment,Retired,4,147,0.228325877109415,0.16337917131417373,1.1480313621886142,0.038864172208149576,0.14314491969304974,0.771674122890585,0.4937547250945563,0.038864172208149576,0.8568550803069502,0.2168065458632055,0.30563860686664174,0.2822125779083646,0.13017621314951022,0.8800486230755256,0.03496514385852707,0.21620250622151338,0.7177874220916354,0.5003425883016983,0.038334187400450644,0.7837974937784866,0.0,0.0,False,False,-0.05388670079894964,0.03320295816466351,0.2679827391130887,0.0038990283496225034,-0.07305758652846364,0.05388670079894964,-0.006587863207141997,0.0005299848076989327,0.07305758652846361,0.2168065458632055,0.30563860686664174,structure,structure
Gemma-4-E4B-it (spanish-mx),culture/gemma4_e4b/spanish-mx,culture/gemma4_e4b/base,gemma4_e4b,Gemma-4-E4B-it,spanish-mx,fa,1,employment,Student,4,35,0.1702517982115516,0.11980095683339578,1.0332443439396024,0.07500340362366953,0.12884168187352268,0.8297482017884484,0.5550184733793676,0.07676998664970089,0.8711583181264773,0.0,0.0,0.23746970880960527,0.09502083446702363,0.7986666455381433,-0.04242541432354466,0.20772672122196706,0.7625302911903947,0.4789194318841249,0.0,0.7922732787780329,0.0,0.0,False,False,-0.06721791059805368,0.024780122366372156,0.23457769840145914,0.11742881794721419,-0.07888503934844437,0.06721791059805371,0.07609904149524271,0.07676998664970089,0.07888503934844437,0.0,0.0,structure,structure
Gemma-4-E4B-it (spanish-mx),culture/gemma4_e4b/spanish-mx,culture/gemma4_e4b/base,gemma4_e4b,Gemma-4-E4B-it,spanish-mx,fa,1,employment,Unemployed,4,31,0.21195164842718978,0.14537863756613756,1.1128073383652448,0.0391299817910205,0.1459306720204307,0.7880483515728103,0.5732435392774818,0.044587440866942434,0.8540693279795692,0.0,0.0,0.27032878953234973,0.10586424590734936,0.789266912956132,0.08500411297048835,0.24006998247741052,0.7296712104676503,0.461902048091267,0.09959920611689069,0.7599300175225895,0.0,0.0,False,False,-0.05837714110515996,0.0395143916587882,0.32354042540911276,-0.04587413117946785,-0.09413931045697982,0.05837714110516001,0.11134149118621484,-0.055011765249948254,0.09413931045697976,0.0,0.0,structure,structure
Gemma-4-E4B-it (spanish-mx),culture/gemma4_e4b/spanish-mx,culture/gemma4_e4b/base,gemma4_e4b,Gemma-4-E4B-it,spanish-mx,fa,1,employment,Working,4,349,0.29558524926357665,0.10168008432459791,0.6959362310505229,0.04740898583405335,0.26582891275694953,0.7044147507364233,0.6959362310505229,0.04778841041527668,0.7341710872430505,0.0,0.0,0.3478327157590594,0.06920078823123618,0.49238026077237573,0.045792841366875614,0.31687734861673655,0.6521672842409407,0.49238026077237573,0.045792841366875614,0.6831226513832634,0.14550358910973582,0.21148824628618645,False,False,-0.05224746649548273,0.032479296093361726,0.2035559702781472,0.001616144467177734,-0.05104843585978702,0.05224746649548262,0.2035559702781472,0.0019955690484010635,0.05104843585978702,-0.14550358910973582,-0.21148824628618645,structure,structure
Gemma-4-E4B-it (spanish-mx),culture/gemma4_e4b/spanish-mx,culture/gemma4_e4b/base,gemma4_e4b,Gemma-4-E4B-it,spanish-mx,fa,1,marital_status,Cohabiting,4,37,0.26293077444906404,0.11209578281180566,0.6003006489245375,0.13029601105188549,0.2371038395005287,0.737069225550936,0.5404467497617065,0.13249709456955464,0.7628961604994713,0.0,0.0,0.3228145840320701,0.10040637467108056,0.5334825497588112,0.1037564019987252,0.2949346112636223,0.6771854159679299,0.5334825497588112,0.1037564019987252,0.7050653887363777,0.2613683274263015,0.3329035759098742,False,False,-0.05988380958300604,0.011689408140725097,0.06681809916572634,0.026539609053160287,-0.05783077176309359,0.0598838095830061,0.006964200002895327,0.028740692570829438,0.05783077176309359,-0.2613683274263015,-0.3329035759098742,structure,structure
Gemma-4-E4B-it (spanish-mx),culture/gemma4_e4b/spanish-mx,culture/gemma4_e4b/base,gemma4_e4b,Gemma-4-E4B-it,spanish-mx,fa,1,marital_status,Divorced or separated,4,68,0.17430583260680169,0.08743870204184301,0.6520266110070652,0.04712983889709171,0.13764082548997084,0.8256941673931983,0.6520266110070652,0.04712983889709171,0.8623591745100292,0.253074644390942,0.3438261604417509,0.22490409685053034,0.1252045951230734,0.9037639080606295,0.06928029508132034,0.17305128199127068,0.7750959031494696,0.5077738284616827,0.06928029508132034,0.8269487180087294,0.24396262237111255,0.33042647217806054,False,False,-0.05059826424372865,-0.03776589308123038,-0.2517372970535643,-0.022150456184228638,-0.03541045650129984,0.05059826424372871,0.14425278254538243,-0.022150456184228638,0.035410456501299814,0.009112022019829469,0.013399688263690368,structure,structure
Gemma-4-E4B-it (spanish-mx),culture/gemma4_e4b/spanish-mx,culture/gemma4_e4b/base,gemma4_e4b,Gemma-4-E4B-it,spanish-mx,fa,1,marital_status,Married,4,342,0.3075861173539849,0.08814206883651325,0.6038953272293616,0.036418247507996965,0.2806639945986018,0.6924138826460151,0.6038953272293616,0.04608939584136303,0.7193360054013982,0.0,0.0,0.35240254039158936,0.0627369221246295,0.4428738753932252,0.04145712973997278,0.31931891042364763,0.6475974596084106,0.4428738753932252,0.04652259938935097,0.6806810895763523,0.0,0.0,False,False,-0.04481642303760447,0.02540514671188375,0.16102145183613636,-0.005038882231975815,-0.03865491582504582,0.04481642303760447,0.16102145183613636,-0.0004332035479879398,0.03865491582504588,0.0,0.0,structure,structure
Gemma-4-E4B-it (spanish-mx),culture/gemma4_e4b/spanish-mx,culture/gemma4_e4b/base,gemma4_e4b,Gemma-4-E4B-it,spanish-mx,fa,1,marital_status,Single,4,131,0.24058416716049502,0.1186845561845562,0.8921890442987648,0.04310773528228223,0.21562054713062379,0.759415832839505,0.48601647315822993,0.04814316044163748,0.7843794528693762,0.0,0.0,0.3139105091663974,0.08547506612615721,0.5977068500533903,0.027396318548044755,0.2859333433285455,0.6860894908336026,0.3105609483228003,0.048234971079622796,0.7140666566714545,0.0,0.0,False,False,-0.07332634200590238,0.03320949005839899,0.2944821942453745,0.015711416734237472,-0.07031279619792169,0.07332634200590238,0.17545552483542964,-9.181063798531508e-05,0.07031279619792163,0.0,0.0,structure,structure
Gemma-4-E4B-it (spanish-mx),culture/gemma4_e4b/spanish-mx,culture/gemma4_e4b/base,gemma4_e4b,Gemma-4-E4B-it,spanish-mx,fa,1,marital_status,Widowed,4,61,0.1841678127081074,0.0990844631447717,0.7100503193578346,0.023012107279220758,0.12250129838132988,0.8158321872918926,0.6179233766074905,0.025232782465878106,0.8774987016186702,0.0,0.0,0.25459380724745906,0.10391440650586992,0.7690200403299288,0.019020558954497377,0.20201732820991342,0.7454061927525409,0.37700120429371325,0.019020558954497377,0.7979826717900865,0.1327982009962239,0.20766076353108232,False,False,-0.07042599453935167,-0.00482994336109821,-0.058969720972094186,0.003991548324723381,-0.07951602982858354,0.07042599453935161,0.24092217231377727,0.006212223511380729,0.07951602982858363,-0.1327982009962239,-0.20766076353108232,structure,structure
Gemma-4-E4B-it (spanish-mx),culture/gemma4_e4b/spanish-mx,culture/gemma4_e4b/base,gemma4_e4b,Gemma-4-E4B-it,spanish-mx,fa,1,population,every retained cell,4,639,0.26501563087297997,0.142656856157159,0.9444213727560449,0.03181677904616194,0.21623467687327125,0.7349843691270199,0.5778662666564198,0.031896625542573026,0.7837653231267288,0.0,0.0,0.31956390993328443,0.11319004830794804,0.726178740734839,0.024972589779340547,0.27066162927677023,0.6804360900667156,0.4764504215751064,0.03016650370059136,0.7293383707232297,0.0,0.0,False,False,-0.05454827906030446,0.029466807849210963,0.21824263202120586,0.006844189266821392,-0.054426952403498985,0.05454827906030435,0.1014158450813134,0.001730121841981666,0.05442695240349904,0.0,0.0,structure,structure
Gemma-4-E4B-it (spanish-mx),culture/gemma4_e4b/spanish-mx,culture/gemma4_e4b/base,gemma4_e4b,Gemma-4-E4B-it,spanish-mx,fa,1,sex,Female,4,349,0.2542171833897386,0.15074672549799117,0.9943675599713949,0.04419505883054501,0.1983679708764437,0.7457828166102614,0.5682024285520735,0.04564943681426255,0.8016320291235564,0.0,0.0,0.3111857979518477,0.11839765762583553,0.7418446551079101,0.02802680143691068,0.2523415751673761,0.6888142020481522,0.4442163826044896,0.03633861221523392,0.7476584248326239,0.0,0.0,False,False,-0.05696861456210911,0.03234906787215565,0.25252290486348483,0.016168257393634332,-0.0539736042909324,0.05696861456210911,0.12398604594758389,0.009310824599028628,0.05397360429093245,0.0,0.0,structure,structure
Gemma-4-E4B-it (spanish-mx),culture/gemma4_e4b/spanish-mx,culture/gemma4_e4b/base,gemma4_e4b,Gemma-4-E4B-it,spanish-mx,fa,1,sex,Male,4,290,0.27794862631682804,0.13089062142687902,0.8886131621115204,0.00477196490453999,0.237627915070922,0.722051373683172,0.5907207128950026,0.01230914953273776,0.762372084929078,0.0,0.0,0.329586850742,0.10171436243450224,0.6961057972470776,0.015704817664538094,0.2925678683065414,0.6704131492580001,0.5105536666191934,0.021910753685354698,0.7074321316934585,0.0,0.0,False,False,-0.051638224425171964,0.029176258992376775,0.19250736486444286,-0.010932852759998104,-0.0549399532356194,0.05163822442517185,0.08016704627580917,-0.009601604152616938,0.05493995323561951,0.0,0.0,structure,structure
Gemma-4-E4B-it (spanish-mx),culture/gemma4_e4b/spanish-mx,culture/gemma4_e4b/base,gemma4_e4b,Gemma-4-E4B-it,spanish-mx,fa,1,wave,1995-1997,4,221,0.27178794949266616,0.13479816840313602,0.9929849186371343,0.03910322409014433,0.2300981808417742,0.7282120505073338,0.5595039291922876,0.04212403061184838,0.7699018191582259,0.0,0.0,0.3252301765024802,0.10343579075683523,0.6595607157607184,0.029513129478603156,0.2760778367611154,0.6747698234975198,0.43559452641380136,0.04041782893241323,0.7239221632388846,0.0,0.0,False,False,-0.05344222700981405,0.03136237764630079,0.33342420287641594,0.009590094611541172,-0.04597965591934122,0.05344222700981405,0.12390940277848628,0.0017062016794351445,0.04597965591934128,0.0,0.0,structure,structure
Gemma-4-E4B-it (spanish-mx),culture/gemma4_e4b/spanish-mx,culture/gemma4_e4b/base,gemma4_e4b,Gemma-4-E4B-it,spanish-mx,fa,1,wave,2005-2006,4,173,0.26286880896517173,0.1399940346806442,0.9442396666007761,0.031025122255331297,0.21265931254179485,0.7371311910348283,0.5537735110487239,0.03597006108494065,0.7873406874582052,0.0,0.0,0.3228355639771716,0.11190180839212943,0.71818847694612,0.03390748128572779,0.27155586461422365,0.6771644360228284,0.4735009996577859,0.04675526921075403,0.7284441353857763,0.0,0.0,False,False,-0.059966755011999884,0.028092226288514766,0.2260511896546561,-0.0028823590303964954,-0.058896552072428804,0.059966755011999884,0.08027251139093794,-0.010785208125813378,0.05889655207242883,0.0,0.0,structure,structure
Gemma-4-E4B-it (spanish-mx),culture/gemma4_e4b/spanish-mx,culture/gemma4_e4b/base,gemma4_e4b,Gemma-4-E4B-it,spanish-mx,fa,1,wave,2017-2018,4,244,0.2610956602969355,0.1545919011776413,0.9892579844701083,0.04377030707672886,0.20700958345776438,0.7389043397030646,0.6159450765347971,0.04415603748664616,0.7929904165422356,0.0,0.0,0.3120310280670243,0.12070351216722883,0.8226875340894574,0.02593767181259349,0.26550469661581433,0.6879689719329756,0.49873531588658737,0.02593767181259349,0.7344953033841857,0.14023831324925204,0.21075232987581566,False,False,-0.050935367770088835,0.03388838901041247,0.16657045038065088,0.01783263526413537,-0.05849511315804995,0.050935367770089,0.11720976064820976,0.01821836567405267,0.058495113158049894,-0.14023831324925204,-0.21075232987581566,structure,structure
Gemma-4-E4B-it (spanish-mx),culture/gemma4_e4b/spanish-mx,culture/gemma4_e4b/base,gemma4_e4b,Gemma-4-E4B-it,spanish-mx,ntp,1,age,25-34,4,149,0.2648827676176493,0.09638900392894767,0.6734365743899875,0.03192927158606853,0.24178664567408695,0.7351172323823507,0.6734365743899875,0.03192927158606853,0.7582133543259131,0.1859280663054874,0.2629776857834951,0.32373778362466726,0.07841495651950992,0.5388813616421364,0.01589961109743009,0.2996701605520652,0.6762622163753327,0.5289997640107238,0.017659024238489866,0.7003298394479348,0.0,0.0,False,False,-0.05885501600701798,0.017974047409437754,0.1345552127478511,0.01602966048863844,-0.05788351487797824,0.058855016007018035,0.1444368103792637,0.014270247347578664,0.05788351487797827,0.1859280663054874,0.2629776857834951,structure,structure
Gemma-4-E4B-it (spanish-mx),culture/gemma4_e4b/spanish-mx,culture/gemma4_e4b/base,gemma4_e4b,Gemma-4-E4B-it,spanish-mx,ntp,1,age,35-44,4,104,0.26355847042768943,0.11516017410947721,0.7604221636579718,0.03358716202064993,0.23472849912285604,0.7364415295723106,0.7095015868524804,0.037310133001734885,0.765271500877144,0.0,0.0,0.31831135405305844,0.09478168277976384,0.6454106868536774,0.024463757219697603,0.2853232295413963,0.6816886459469416,0.576524069886094,0.025958769902220843,0.7146767704586038,0.0,0.0,False,False,-0.05475288362536901,0.020378491329713366,0.11501147680429435,0.009123404800952327,-0.050594730418540235,0.05475288362536901,0.1329775169663865,0.011351363099514043,0.050594730418540235,0.0,0.0,structure,structure
Gemma-4-E4B-it (spanish-mx),culture/gemma4_e4b/spanish-mx,culture/gemma4_e4b/base,gemma4_e4b,Gemma-4-E4B-it,spanish-mx,ntp,1,age,45-54,4,108,0.2523576074900616,0.15063835822960117,0.9613738307907795,0.01125732982287871,0.20568550443008407,0.7476423925099385,0.619682153263373,0.014436155394805474,0.794314495569916,0.0,0.0,0.3093322104488355,0.13866793983347048,0.8854125523414809,0.021805173774416826,0.2595105610916175,0.6906677895511645,0.6777832467495949,0.026150994352022925,0.7404894389083825,0.0,0.0,False,False,-0.056974602958773934,0.011970418396130694,0.07596127844929867,-0.010547843951538117,-0.05382505666153345,0.05697460295877399,-0.058101093486221944,-0.011714838957217451,0.05382505666153348,0.0,0.0,structure,structure
Gemma-4-E4B-it (spanish-mx),culture/gemma4_e4b/spanish-mx,culture/gemma4_e4b/base,gemma4_e4b,Gemma-4-E4B-it,spanish-mx,ntp,1,age,55-64,4,92,0.24924094223498944,0.11126454342989435,0.694923794574714,0.024360426185448453,0.20420298014564772,0.7507590577650106,0.625164122093352,0.026328042783423707,0.7957970198543522,0.0,0.0,0.30214301998625037,0.11604011331243157,0.7252738010624176,0.031659105738903855,0.2605761010577779,0.6978569800137496,0.5453635213522678,0.03224131216858728,0.7394238989422222,0.0,0.0,False,False,-0.052902077751260934,-0.004775569882537217,-0.030350006487703585,-0.007298679553455402,-0.056373120912130176,0.05290207775126099,0.0798006007410842,-0.00591326938516357,0.05637312091213009,0.0,0.0,structure,structure
Gemma-4-E4B-it (spanish-mx),culture/gemma4_e4b/spanish-mx,culture/gemma4_e4b/base,gemma4_e4b,Gemma-4-E4B-it,spanish-mx,ntp,1,age,65-74,4,83,0.18982101320254938,0.14863251347633832,0.954190213502859,0.09258087606221727,0.1042261372798207,0.8101789867974506,0.5148653114064333,0.09258087606221727,0.8957738627201792,0.29610738492501876,0.39047171340873765,0.25278715117186695,0.14466236751394468,0.9203566416462738,0.07970900215140694,0.1868652352578224,0.7472128488281331,0.6026579232212592,0.08089950446930343,0.8131347647421776,0.0,0.0,False,False,-0.06296613796931758,0.003970145962393645,0.0338335718565852,0.012871873910810322,-0.08263909797800169,0.06296613796931749,-0.0877926118148259,0.011681371592913839,0.08263909797800162,0.29610738492501876,0.39047171340873765,structure,structure
Gemma-4-E4B-it (spanish-mx),culture/gemma4_e4b/spanish-mx,culture/gemma4_e4b/base,gemma4_e4b,Gemma-4-E4B-it,spanish-mx,ntp,1,age,75+,4,28,0.1821110980817387,0.16684421048443032,1.232555739969045,0.12713650774528293,0.07841835176469737,0.8178889019182614,0.5763028337065932,0.12763430678144586,0.9215816482353026,0.0,0.0,0.2476011822381068,0.18057202422701402,1.331763009780022,0.11414482809814679,0.16436323919362886,0.7523988177618932,0.5135371834048681,0.11414482809814679,0.8356367608063712,0.2557706241639872,0.34337626700017965,False,False,-0.06549008415636809,-0.013727813742583694,-0.09920726981097694,0.012991679647136142,-0.08594488742893149,0.06549008415636814,0.0627656503017251,0.01348947868329907,0.08594488742893147,-0.2557706241639872,-0.34337626700017965,structure,structure
Gemma-4-E4B-it (spanish-mx),culture/gemma4_e4b/spanish-mx,culture/gemma4_e4b/base,gemma4_e4b,Gemma-4-E4B-it,spanish-mx,ntp,1,age,<25,4,73,0.20328827168519917,0.11348366638750287,0.9232543532350039,0.03367909843533573,0.17732740999676952,0.7967117283148009,0.49816141128146196,0.037921902098903046,0.8226725900032305,0.0,0.0,0.28282406370953267,0.11392922006849893,0.8528796644744845,-0.008640368813785416,0.2494154877086715,0.7171759362904673,0.4490884820174114,0.016358612667394207,0.7505845122913285,0.0,0.0,False,False,-0.0795357920243335,-0.0004455536809960525,0.07037468876051944,0.04231946724912115,-0.07208807771190198,0.07953579202433358,0.04907292926405055,0.02156328943150884,0.07208807771190195,0.0,0.0,structure,structure
Gemma-4-E4B-it (spanish-mx),culture/gemma4_e4b/spanish-mx,culture/gemma4_e4b/base,gemma4_e4b,Gemma-4-E4B-it,spanish-mx,ntp,1,country,Australia,4,135,0.25562178984271555,0.11354008845420961,1.1381032035438294,0.05491885833734696,0.21156664260360952,0.7443782101572844,0.6616446309414419,0.05491885833734696,0.7884333573963905,0.2563781816771853,0.3379047413734249,0.29103241219809994,0.09726582163319292,1.063369319099575,0.07266915157243717,0.2611205103890956,0.7089675878019001,0.5264286877504822,0.07266915157243717,0.7388794896109043,0.26644884931664614,0.34138008809381515,False,False,-0.03541062235538439,0.016274266821016695,0.07473388444425444,-0.01775029323509021,-0.049553867785486094,0.03541062235538439,0.13521594319095964,-0.01775029323509021,0.049553867785486205,-0.01007066763946085,-0.0034753467203902377,structure,structure
Gemma-4-E4B-it (spanish-mx),culture/gemma4_e4b/spanish-mx,culture/gemma4_e4b/base,gemma4_e4b,Gemma-4-E4B-it,spanish-mx,ntp,1,country,Germany,4,144,0.24166591528090187,0.11249575361216888,0.9589729870676769,0.06921444634727765,0.21382955955072935,0.7583340847190981,0.7469802899812028,0.06921444634727765,0.7861704404492706,0.23551471175220481,0.31742314486332646,0.2981632513471719,0.11549809417703286,1.042686375071844,0.05979018584944453,0.2554602050442172,0.7018367486528281,0.4619971638649343,0.06640604201211978,0.7445397949557828,0.0,0.0,False,False,-0.056497336066270054,-0.003002340564863981,-0.08371338800416717,0.009424260497833119,-0.04163064549348783,0.056497336066270054,0.2849831261162685,0.002808404335157874,0.04163064549348783,0.23551471175220481,0.31742314486332646,structure,structure
Gemma-4-E4B-it (spanish-mx),culture/gemma4_e4b/spanish-mx,culture/gemma4_e4b/base,gemma4_e4b,Gemma-4-E4B-it,spanish-mx,ntp,1,country,Mexico,4,131,0.2404575443148029,0.10695752482447758,1.1170240268526421,0.04502297766433468,0.19578773249782105,0.7595424556851971,0.48250275707726586,0.050285675913427835,0.8042122675021789,0.0,0.0,0.32086758783413083,0.11686665252910924,1.2147004580086525,0.033197893314304096,0.2692368758026118,0.6791324121658692,0.4680942705030476,0.03988974513602811,0.7307631241973882,0.0,0.0,False,False,-0.08041004351932793,-0.009909127704631662,-0.09767643115601032,0.011825084350030587,-0.07344914330479074,0.0804100435193279,0.014408486574218282,0.010395930777399726,0.07344914330479069,0.0,0.0,structure,structure
Gemma-4-E4B-it (spanish-mx),culture/gemma4_e4b/spanish-mx,culture/gemma4_e4b/base,gemma4_e4b,Gemma-4-E4B-it,spanish-mx,ntp,1,country,Russia,4,88,0.23357167940496176,0.15423788069814576,1.8479124718359548,0.06111178357798183,0.1883596781567843,0.7664283205950382,0.4356625246602816,0.06111178357798183,0.8116403218432157,0.24764259913967793,0.33263869639941024,0.29983608558419317,0.16254727510568429,1.8419471361607376,0.0862333204501502,0.25632689446790585,0.7001639144158068,0.42230318556762164,0.0862333204501502,0.7436731055320941,0.2319417719709481,0.3081383800662042,False,False,-0.0662644061792314,-0.008309394407538528,0.005965335675217176,-0.025121536872168365,-0.06796721631112154,0.06626440617923135,0.013359339092659961,-0.025121536872168365,0.06796721631112157,0.015700827168729836,0.02450031633320604,structure,structure
Gemma-4-E4B-it (spanish-mx),culture/gemma4_e4b/spanish-mx,culture/gemma4_e4b/base,gemma4_e4b,Gemma-4-E4B-it,spanish-mx,ntp,1,country,United States,4,140,0.22719785866457576,0.12593359593889966,1.0689325441619848,0.040953638839140445,0.1789618513830846,0.7728021413354242,0.6602300466145099,0.040953638839140445,0.8210381486169154,0.26670193752922605,0.35256777394813865,0.2900837920266973,0.10023937537127137,0.8621881680588668,0.07808216770045026,0.24862986404139964,0.7099162079733027,0.4723770878711358,0.07808216770045026,0.7513701359586004,0.2714598832384389,0.34712100628472137,False,False,-0.06288593336212156,0.025694220567628295,0.20674437610311802,-0.037128528861309816,-0.06966801265831504,0.06288593336212156,0.1878529587433741,-0.037128528861309816,0.06966801265831501,-0.004757945709212841,0.005446767663417285,structure,structure
Gemma-4-E4B-it (spanish-mx),culture/gemma4_e4b/spanish-mx,culture/gemma4_e4b/base,gemma4_e4b,Gemma-4-E4B-it,spanish-mx,ntp,1,education,High,4,245,0.2467493706991455,0.1277228241778992,0.8910727788450257,0.02461622573743433,0.2006157920239254,0.7532506293008545,0.7591152456523971,0.02749159273485522,0.7993842079760746,0.0,0.0,0.3024099689150114,0.09897020275319057,0.7390164497987477,0.023611375726898462,0.2648612621926248,0.6975900310849886,0.5206298276840505,0.03368605974373028,0.7351387378073753,0.0,0.0,False,False,-0.055660598215865886,0.028752621424708635,0.15205632904627797,0.001004850010535869,-0.06424547016869939,0.055660598215865886,0.23848541796834655,-0.0061944670088750625,0.0642454701686993,0.0,0.0,structure,structure
Gemma-4-E4B-it (spanish-mx),culture/gemma4_e4b/spanish-mx,culture/gemma4_e4b/base,gemma4_e4b,Gemma-4-E4B-it,spanish-mx,ntp,1,education,Low,4,51,0.2174267903588021,0.14256703959619565,1.1704457568900046,0.13468532092765959,0.15150346707557696,0.7825732096411979,0.4950775172287512,0.13468532092765959,0.848496532924423,0.3290091904995972,0.4166793074342998,0.2651256616168863,0.19408940887427023,1.5054048003677818,0.10400148515608039,0.19627990069498225,0.7348743383831138,0.5569106221709219,0.10541512734807369,0.8037200993050178,0.0,0.0,False,False,-0.04769887125808417,-0.051522369278074576,-0.33495904347777716,0.030683835771579196,-0.04477643361940528,0.04769887125808414,-0.0618331049421707,0.029270193579585893,0.0447764336194052,0.3290091904995972,0.4166793074342998,structure,structure
Gemma-4-E4B-it (spanish-mx),culture/gemma4_e4b/spanish-mx,culture/gemma4_e4b/base,gemma4_e4b,Gemma-4-E4B-it,spanish-mx,ntp,1,education,Middle,4,343,0.23833504925899002,0.12274921037445088,0.9258253070797167,0.03219748815424864,0.20791021027866774,0.76166495074101,0.52860153763401,0.035785940881471676,0.7920897897213323,0.0,0.0,0.30347766889948774,0.11607403621230825,0.8045724338863346,0.007458009942780789,0.2694341557024322,0.6965223311005122,0.5795397672654747,0.014359057990792014,0.7305658442975679,0.0,0.0,False,False,-0.06514261964049772,0.006675174162142639,0.12125287319338207,0.02473947821146785,-0.06152394542376444,0.06514261964049783,-0.05093822963146477,0.021426882890679663,0.06152394542376438,0.0,0.0,structure,structure
Gemma-4-E4B-it (spanish-mx),culture/gemma4_e4b/spanish-mx,culture/gemma4_e4b/base,gemma4_e4b,Gemma-4-E4B-it,spanish-mx,ntp,1,employment,Homemaker,4,72,0.23487234274869667,0.10361947067110919,0.7143284713623712,0.11936966790454473,0.18211833079556042,0.7651276572513033,0.5744589560187741,0.11936966790454473,0.8178816692044396,0.3391193025433243,0.42094740293706095,0.2908276148478696,0.09963851003220336,0.6477459180527714,0.059659665606608764,0.24038502357478764,0.7091723851521303,0.6457025812794543,0.06312178157936862,0.7596149764252124,0.0,0.0,False,False,-0.05595527209917295,0.003980960638905823,0.06658255330959983,0.059710002297935966,-0.05826669277922722,0.05595527209917295,-0.07124362526068029,0.056247886325176105,0.05826669277922725,0.3391193025433243,0.42094740293706095,structure,structure
Gemma-4-E4B-it (spanish-mx),culture/gemma4_e4b/spanish-mx,culture/gemma4_e4b/base,gemma4_e4b,Gemma-4-E4B-it,spanish-mx,ntp,1,employment,Retired,4,147,0.1974918971436373,0.14365692658181864,1.012310227141714,0.0634247251679509,0.12341764731998159,0.8025081028563628,0.5353809722441748,0.0634247251679509,0.8765823526800184,0.24954980709919644,0.34156110983121324,0.25857339476626895,0.14174386105381687,0.9835527858397639,0.0466860957818551,0.19532819637173005,0.741426605233731,0.5580447854917622,0.0466860957818551,0.80467180362827,0.15992802935507106,0.2384804251397805,False,False,-0.06108149762263165,0.0019130655280017728,0.028757441301950015,0.016738629386095806,-0.07191054905174846,0.06108149762263171,-0.022663813247587372,0.016738629386095806,0.07191054905174843,0.08962177774412539,0.10308068469143275,structure,structure
Gemma-4-E4B-it (spanish-mx),culture/gemma4_e4b/spanish-mx,culture/gemma4_e4b/base,gemma4_e4b,Gemma-4-E4B-it,spanish-mx,ntp,1,employment,Student,4,35,0.1567546777367841,0.09509490598192526,0.8229951229391806,0.05765740432443131,0.12202270529505027,0.8432453222632159,0.469382341332209,0.05779547484729009,0.8779772947049498,0.0,0.0,0.21970873449677727,0.0905815096381937,0.7758642810493803,-0.03908592669203262,0.1907121724471466,0.7802912655032227,0.5075750407980867,0.0,0.8092878275528534,0.0,0.0,False,False,-0.06295405675999319,0.00451339634373156,0.04713084188980032,0.09674333101646393,-0.06868946715209634,0.06295405675999322,-0.038192699465877666,0.05779547484729009,0.06868946715209634,0.0,0.0,structure,structure
Gemma-4-E4B-it (spanish-mx),culture/gemma4_e4b/spanish-mx,culture/gemma4_e4b/base,gemma4_e4b,Gemma-4-E4B-it,spanish-mx,ntp,1,employment,Unemployed,4,31,0.187465481721158,0.1114435346496308,0.8494515862853738,0.045520284259900574,0.1335891165307074,0.812534518278842,0.49632311028679443,0.04598776184183449,0.8664108834692926,0.0,0.0,0.2533084124845093,0.10005881056656411,0.7497680311173462,0.005169556945239655,0.2179686999311885,0.7466915875154907,0.48487015469564043,0.009608749128626259,0.7820313000688115,0.0,0.0,False,False,-0.06584293076335129,0.011384724083066691,0.09968355516802752,0.04035072731466092,-0.0843795834004811,0.06584293076335135,0.011452955591154002,0.03637901271320823,0.08437958340048113,0.0,0.0,structure,structure
Gemma-4-E4B-it (spanish-mx),culture/gemma4_e4b/spanish-mx,culture/gemma4_e4b/base,gemma4_e4b,Gemma-4-E4B-it,spanish-mx,ntp,1,employment,Working,4,349,0.27162557641328267,0.1005227410422329,0.6903473165758438,0.027737867862298905,0.24280637497659263,0.7283744235867173,0.6903473165758438,0.027737867862298905,0.7571936250234074,0.2149834488439438,0.2931752289278245,0.331498253611792,0.07658262094836539,0.5575069346813303,0.029076803149961892,0.302397239559427,0.6685017463882079,0.5575069346813303,0.029076803149961892,0.697602760440573,0.18424729604693876,0.2538616797857285,False,False,-0.05987267719850936,0.023940120093867506,0.13284038189451353,-0.0013389352876629866,-0.05959086458283436,0.059872677198509416,0.13284038189451353,-0.0013389352876629866,0.05959086458283436,0.030736152797005034,0.039313549142096005,structure,structure
Gemma-4-E4B-it (spanish-mx),culture/gemma4_e4b/spanish-mx,culture/gemma4_e4b/base,gemma4_e4b,Gemma-4-E4B-it,spanish-mx,ntp,1,marital_status,Cohabiting,4,37,0.24904912377517952,0.0893473110347843,0.4794163176631403,0.13324249832412943,0.22480377557948888,0.7509508762248205,0.4794163176631403,0.13324249832412943,0.7751962244205111,0.2403515342366168,0.32170809263819616,0.30941668336864886,0.10037528353240928,0.5527052512631273,0.1375643169627185,0.28183883556787825,0.6905833166313511,0.5527052512631273,0.1375643169627185,0.7181611644321217,0.30670949799883274,0.37710817389709045,False,False,-0.060367559593469344,-0.01102797249762498,-0.073288933599987,-0.0043218186385890756,-0.05703505998838937,0.0603675595934694,-0.073288933599987,-0.0043218186385890756,0.057035059988389314,-0.06635796376221595,-0.055400081258894285,structure,structure
Gemma-4-E4B-it (spanish-mx),culture/gemma4_e4b/spanish-mx,culture/gemma4_e4b/base,gemma4_e4b,Gemma-4-E4B-it,spanish-mx,ntp,1,marital_status,Divorced or separated,4,68,0.15563171568400497,0.07090062521263629,0.5264274285603021,0.03316694374394659,0.11981715903002106,0.8443682843159951,0.5264274285603021,0.03680821698800715,0.8801828409699789,0.0,0.0,0.20932875259690753,0.11376591564608023,0.8358729276146212,0.06050237311211545,0.15919547044208188,0.7906712474030925,0.5924734310020909,0.06050237311211545,0.8408045295579182,0.25057131623964496,0.33845953977980703,False,False,-0.05369703691290256,-0.042865290433443934,-0.30944549905431906,-0.027335429368168858,-0.039378311412060815,0.05369703691290262,-0.06604600244178882,-0.023694156124108294,0.03937831141206072,-0.25057131623964496,-0.33845953977980703,structure,structure
Gemma-4-E4B-it (spanish-mx),culture/gemma4_e4b/spanish-mx,culture/gemma4_e4b/base,gemma4_e4b,Gemma-4-E4B-it,spanish-mx,ntp,1,marital_status,Married,4,342,0.2797004091110691,0.08343150378696285,0.5735007393982058,0.035550926317495346,0.25330801305682193,0.7202995908889309,0.5735007393982058,0.042360921824967805,0.7466919869431781,0.0,0.0,0.3337354985420794,0.07054974547470909,0.5025164126229585,0.04422479357548202,0.30193708753686155,0.6662645014579206,0.5025164126229585,0.04644461245008778,0.6980629124631385,0.0,0.0,False,False,-0.05403508943101032,0.012881758312253758,0.07098432677524724,-0.008673867257986675,-0.048629074480039614,0.05403508943101032,0.07098432677524724,-0.0040836906251199775,0.048629074480039614,0.0,0.0,structure,structure
Gemma-4-E4B-it (spanish-mx),culture/gemma4_e4b/spanish-mx,culture/gemma4_e4b/base,gemma4_e4b,Gemma-4-E4B-it,spanish-mx,ntp,1,marital_status,Single,4,131,0.21867792149795323,0.10079345577192866,0.7628814826943598,0.019410182818675556,0.1986280130514559,0.7813220785020468,0.5204083766746964,0.027396452185808835,0.8013719869485442,0.0,0.0,0.2944492142121261,0.0866963795070522,0.6253661499491743,-0.00418469894075439,0.26991168548935085,0.7055507857878739,0.3982039735428165,0.019711371111172295,0.7300883145106492,0.0,0.0,False,False,-0.07577129271417288,0.014097076264876468,0.13751533274518557,0.023594881759429948,-0.07128367243789496,0.07577129271417293,0.12220440313187991,0.00768508107463654,0.07128367243789502,0.0,0.0,structure,structure
Gemma-4-E4B-it (spanish-mx),culture/gemma4_e4b/spanish-mx,culture/gemma4_e4b/base,gemma4_e4b,Gemma-4-E4B-it,spanish-mx,ntp,1,marital_status,Widowed,4,61,0.155191009433643,0.0795272736741057,0.5746217557569776,0.05368145773445995,0.08845524071395358,0.8448089905663569,0.5250524929411569,0.05368145773445995,0.9115447592860464,0.27657509233755556,0.37264746306345153,0.22415361630244462,0.09598997384835414,0.7153511946730737,0.04033456203179607,0.17221029098584464,0.7758463836975553,0.4201684348581657,0.04033456203179607,0.8277897090141553,0.21614498591835593,0.30203747430901934,False,False,-0.06896260686880162,-0.016462700174248446,-0.14072943891609613,0.013346895702663883,-0.08375505027189106,0.06896260686880162,0.10488405808299117,0.013346895702663883,0.08375505027189112,0.06043010641919963,0.0706099887544322,structure,structure
Gemma-4-E4B-it (spanish-mx),culture/gemma4_e4b/spanish-mx,culture/gemma4_e4b/base,gemma4_e4b,Gemma-4-E4B-it,spanish-mx,ntp,1,population,every retained cell,4,639,0.24005116894013512,0.13235185658602228,0.8853328494766544,0.027403013287831075,0.19615021643246494,0.7599488310598649,0.6372652419564839,0.029668026574392797,0.803849783567535,0.0,0.0,0.3002337808712533,0.12071351502660556,0.7971267799562662,0.026569185926542796,0.2547378699316162,0.6997662191287467,0.5865153458639155,0.029463171740346912,0.7452621300683838,0.0,0.0,False,False,-0.06018261193111818,0.011638341559416718,0.08820606952038812,0.0008338273612882793,-0.05858765349915124,0.06018261193111818,0.050749896092568414,0.00020485483404588528,0.05858765349915118,0.0,0.0,structure,structure
Gemma-4-E4B-it (spanish-mx),culture/gemma4_e4b/spanish-mx,culture/gemma4_e4b/base,gemma4_e4b,Gemma-4-E4B-it,spanish-mx,ntp,1,sex,Female,4,349,0.22835970581925588,0.13596891934205274,0.9048545725410352,0.051189391087180215,0.1789418854122594,0.7716402941807441,0.6094072758949375,0.054991382500483736,0.8210581145877407,0.0,0.0,0.289308818782938,0.12607600696671167,0.8155852104475759,0.037189100643064646,0.23481246157453817,0.710691181217062,0.5714914906573814,0.04195606642216482,0.7651875384254618,0.0,0.0,False,False,-0.060949112963682134,0.009892912375341067,0.08926936209345926,0.01400029044411557,-0.05587057616227878,0.060949112963682106,0.03791578523755612,0.013035316078318919,0.05587057616227886,0.0,0.0,structure,structure
Gemma-4-E4B-it (spanish-mx),culture/gemma4_e4b/spanish-mx,culture/gemma4_e4b/base,gemma4_e4b,Gemma-4-E4B-it,spanish-mx,ntp,1,sex,Male,4,290,0.254052657249044,0.12582176896303693,0.8590367104001859,0.011611745555578739,0.2167516373292768,0.745947342750956,0.6251426510092256,0.013947145843422083,0.7832483626707232,0.0,0.0,0.3133067352092138,0.11083937820826721,0.7730403359720273,0.01674821355331715,0.2785712220357199,0.6866932647907862,0.6065785724982884,0.02106368302946921,0.7214287779642801,0.0,0.0,False,False,-0.05925407796016979,0.014982390754769717,0.08599637442815866,-0.0051364679977384115,-0.06181958470644308,0.05925407796016979,0.01856407851093722,-0.007116537186047128,0.06181958470644311,0.0,0.0,structure,structure
Gemma-4-E4B-it (spanish-mx),culture/gemma4_e4b/spanish-mx,culture/gemma4_e4b/base,gemma4_e4b,Gemma-4-E4B-it,spanish-mx,ntp,1,wave,1995-1997,4,221,0.24633913841520094,0.12788138448273564,0.9416851277886436,0.05151528979499508,0.2093102982017526,0.7536608615847991,0.5912726980468272,0.05303342115270274,0.7906897017982475,0.0,0.0,0.30730966555726136,0.10945475397313534,0.7302455656842537,0.029187908310109624,0.26148518651784736,0.6926903344427386,0.5479207554815297,0.036907098253481894,0.7385148134821526,0.0,0.0,False,False,-0.060970527142060416,0.018426630509600306,0.21143956210438986,0.02232738148488546,-0.052174888316094764,0.060970527142060416,0.04335194256529751,0.016126322899220842,0.05217488831609485,0.0,0.0,structure,structure
Gemma-4-E4B-it (spanish-mx),culture/gemma4_e4b/spanish-mx,culture/gemma4_e4b/base,gemma4_e4b,Gemma-4-E4B-it,spanish-mx,ntp,1,wave,2005-2006,4,173,0.23666089509337718,0.12926551378301043,0.8818094426581017,0.02758592323289745,0.19232299908188516,0.7633391049066228,0.6183364839517749,0.030149489896188746,0.8076770009181148,0.0,0.0,0.3015788238282985,0.11923450489796643,0.786744933362509,0.03668021156214155,0.25396516450486695,0.6984211761717015,0.5797084167860653,0.04778710957948168,0.7460348354951332,0.0,0.0,False,False,-0.0649179287349213,0.010031008885044004,0.09506450929559274,-0.009094288329244103,-0.06164216542298179,0.0649179287349213,0.038628067165709545,-0.017637619683292933,0.06164216542298162,0.0,0.0,structure,structure
Gemma-4-E4B-it (spanish-mx),culture/gemma4_e4b/spanish-mx,culture/gemma4_e4b/base,gemma4_e4b,Gemma-4-E4B-it,spanish-mx,ntp,1,wave,2017-2018,4,244,0.23767734610285315,0.1407546776421648,0.9141882313236539,0.028363912316781054,0.18782630557812444,0.7623226538971468,0.6674831948824346,0.031658834255441186,0.8121736944218756,0.0,0.0,0.2929432166144992,0.1296321723992247,0.89192754323233,0.03264521725471204,0.249660710956995,0.7070567833855008,0.6113589599093904,0.03304338411216601,0.750339289043005,0.0,0.0,False,False,-0.055265870511646026,0.01112250524294009,0.022260688091323866,-0.004281304937930986,-0.061834405378870555,0.055265870511646,0.056124234973044196,-0.0013845498567248218,0.06183440537887064,0.0,0.0,structure,structure
Llama-3.2-3B (german),culture/llama3_2_3b/german,culture/llama3_2_3b/base,llama3_2_3b,Llama-3.2-3B,german,fa,1,age,25-34,4,149,0.3918925500215793,0.0364334219406683,0.278577358703974,0.041030261596493374,0.3868028421860562,0.6081074499784207,0.278577358703974,0.041030261596493374,0.6131971578139438,0.16978881136736543,0.23031514688055643,0.2377396024169552,0.08519252291744976,0.6326117445247389,0.01002967837141606,0.2083211789984005,0.7622603975830449,0.6326117445247389,0.01932227814244286,0.7916788210015995,0.0,0.0,False,False,0.1541529476046241,-0.04875910097678146,-0.3540343858207649,0.031000583225077316,0.1784816631876557,-0.15415294760462417,-0.3540343858207649,0.021707983454050513,-0.17848166318765568,0.16978881136736543,0.23031514688055643,structure,structure
Llama-3.2-3B (german),culture/llama3_2_3b/german,culture/llama3_2_3b/base,llama3_2_3b,Llama-3.2-3B,german,fa,1,age,35-44,4,104,0.3866505928702968,0.0442251918290127,0.3273188977404113,0.02848977723516944,0.3819882129543725,0.6133494071297032,0.3273188977404113,0.042948500566071864,0.6180117870456274,0.0,0.0,0.23838510134237473,0.08784683213433432,0.6335234316305651,0.06316547925230863,0.20926613029759683,0.7616148986576252,0.6335234316305651,0.0661857327048568,0.7907338697024032,0.0,0.0,False,False,0.14826549152792207,-0.04362164030532162,-0.30620453389015384,-0.03467570201713919,0.1727220826567757,-0.148265491527922,-0.30620453389015384,-0.02323723213878493,-0.1727220826567758,0.0,0.0,structure,structure
Llama-3.2-3B (german),culture/llama3_2_3b/german,culture/llama3_2_3b/base,llama3_2_3b,Llama-3.2-3B,german,fa,1,age,45-54,4,108,0.39041096974251893,0.045279928571349895,0.33183828036798335,0.057741940679519654,0.38680905873671945,0.6095890302574811,0.33183828036798335,0.058249716014379206,0.6131909412632806,0.0,0.0,0.24570743430694425,0.09782725286815395,0.6951448396052805,0.0950910827957239,0.2142122413332916,0.7542925656930557,0.6951448396052805,0.0950910827957239,0.7857877586667084,0.30844884881007734,0.3880500202980036,False,False,0.14470353543557468,-0.05254732429680406,-0.36330655923729716,-0.03734914211620424,0.17259681740342786,-0.14470353543557457,-0.36330655923729716,-0.03684136678134469,-0.1725968174034278,-0.30844884881007734,-0.3880500202980036,structure,structure
Llama-3.2-3B (german),culture/llama3_2_3b/german,culture/llama3_2_3b/base,llama3_2_3b,Llama-3.2-3B,german,fa,1,age,55-64,4,92,0.3907655710428278,0.0446637610718373,0.320422576712833,0.05750881270589034,0.3858994057523615,0.6092344289571723,0.320422576712833,0.05750881270589034,0.6141005942476385,0.21344465338629925,0.2743727628089466,0.24049049336582862,0.09786281803944845,0.6963633335560779,0.05698926391168178,0.20768641338310206,0.7595095066341714,0.6963633335560779,0.05698926391168178,0.792313586616898,0.2925847649606974,0.3738309921778904,False,False,0.15027507767699916,-0.053199056967611145,-0.37594075684324496,0.0005195487942085616,0.17821299236925942,-0.1502750776769991,-0.37594075684324496,0.0005195487942085616,-0.17821299236925947,-0.07914011157439815,-0.09945822936894377,structure,structure
Llama-3.2-3B (german),culture/llama3_2_3b/german,culture/llama3_2_3b/base,llama3_2_3b,Llama-3.2-3B,german,fa,1,age,65-74,4,83,0.3651020605237959,0.05608075970110457,0.39892919897844226,0.06858576909634506,0.36107362153233824,0.6348979394762041,0.39892919897844226,0.06858576909634506,0.6389263784676618,0.23211245064069486,0.29651364951001347,0.20576080247904194,0.09462624033518786,0.6815526858439884,0.1014743907478867,0.17063972394012644,0.7942391975209581,0.6815526858439884,0.10262577373371515,0.8293602760598736,0.0,0.0,False,False,0.15934125804475396,-0.03854548063408329,-0.28262348686554617,-0.03288862165154163,0.1904338975922118,-0.15934125804475396,-0.28262348686554617,-0.034040004637370086,-0.19043389759221185,0.23211245064069486,0.29651364951001347,structure,structure
Llama-3.2-3B (german),culture/llama3_2_3b/german,culture/llama3_2_3b/base,llama3_2_3b,Llama-3.2-3B,german,fa,1,age,75+,4,28,0.3562938187940988,0.06443849309776371,0.49718613586998345,0.09110279923552467,0.3511650957585081,0.6437061812059013,0.49718613586998345,0.10262442298814511,0.6488349042414918,0.0,0.0,0.19138136841795647,0.10049242859140542,0.7889953875982804,0.16694348499719117,0.16353806406834187,0.8086186315820435,0.7889953875982804,0.16694348499719117,0.8364619359316581,0.4305569230802286,0.5075788998597287,False,False,0.16491245037614236,-0.036053935493641706,-0.2918092517282969,-0.0758406857616665,0.1876270316901662,-0.16491245037614222,-0.2918092517282969,-0.06431906200904605,-0.18762703169016626,-0.4305569230802286,-0.5075788998597287,structure,structure
Llama-3.2-3B (german),culture/llama3_2_3b/german,culture/llama3_2_3b/base,llama3_2_3b,Llama-3.2-3B,german,fa,1,age,<25,4,73,0.40568036171234934,0.042002760399663386,0.36519279337078325,0.021725374086966353,0.400327157831897,0.5943196382876507,0.36519279337078325,0.043602559502791544,0.599672842168103,0.0,0.0,0.22099746832778427,0.0872157431940041,0.7402891802841745,0.03816278761151041,0.19154564577621386,0.7790025316722158,0.7402891802841745,0.038816130083427595,0.8084543542237861,0.0,0.0,False,False,0.18468289338456506,-0.04521298279434072,-0.3750963869133912,-0.016437413524544055,0.20878151205568313,-0.18468289338456512,-0.3750963869133912,0.004786429419363948,-0.20878151205568307,0.0,0.0,structure,structure
Llama-3.2-3B (german),culture/llama3_2_3b/german,culture/llama3_2_3b/base,llama3_2_3b,Llama-3.2-3B,german,fa,1,country,Australia,4,136,0.36817603943071175,0.03969085791213785,0.4291398878116384,0.06820455137404366,0.3650604612278655,0.6318239605692882,0.4291398878116384,0.06820455137404366,0.6349395387721345,0.18243233186250984,0.24443249081256765,0.2313340061003305,0.09225347825529066,1.0063832422093075,0.057093002638051976,0.21380138110881378,0.7686659938996695,0.8055766083795728,0.05929733096938709,0.7861986188911863,0.0,0.0,False,False,0.13684203333038125,-0.052562620343152816,-0.5772433543976692,0.011111548735991683,0.15125908011905173,-0.13684203333038125,-0.37643672056793437,0.008907220404656573,-0.15125908011905176,0.18243233186250984,0.24443249081256765,structure,structure
Llama-3.2-3B (german),culture/llama3_2_3b/german,culture/llama3_2_3b/base,llama3_2_3b,Llama-3.2-3B,german,fa,1,country,Germany,4,144,0.39462721840450693,0.037687055654081814,0.38779236388367566,0.07007633183501007,0.38629709803024914,0.605372781595493,0.38779236388367566,0.07007633183501007,0.6137029019697509,0.2023915573500803,0.2625113809256669,0.23828493600284684,0.09805742188186822,0.964845021982043,0.11550261412777707,0.22410732934626246,0.7617150639971532,0.772030319310252,0.11555683816069479,0.7758926706537376,0.0,0.0,False,False,0.1563422824016601,-0.06037036622778641,-0.5770526580983674,-0.045426282292767,0.16218976868398668,-0.15634228240166015,-0.38423795542657635,-0.04548050632568472,-0.1621897686839867,0.2023915573500803,0.2625113809256669,structure,structure
Llama-3.2-3B (german),culture/llama3_2_3b/german,culture/llama3_2_3b/base,llama3_2_3b,Llama-3.2-3B,german,fa,1,country,Mexico,4,131,0.362388035176321,0.05105894137988627,0.5370693539698769,0.0476062192003445,0.3594502761167059,0.637611964823679,0.5370693539698769,0.05137875567332014,0.6405497238832941,0.0,0.0,0.21903442944379703,0.08914276680913193,0.9416753024834014,0.07954794203310511,0.178940683818394,0.780965570556203,0.8708306894966559,0.08297180163483248,0.821059316181606,0.0,0.0,False,False,0.14335360573252398,-0.038083825429245655,-0.4046059485135245,-0.03194172283276061,0.18050959229831187,-0.14335360573252398,-0.333761335526779,-0.031593045961512335,-0.18050959229831187,0.0,0.0,structure,structure
Llama-3.2-3B (german),culture/llama3_2_3b/german,culture/llama3_2_3b/base,llama3_2_3b,Llama-3.2-3B,german,fa,1,country,Russia,4,88,0.4584653128038271,0.05520846865358088,0.6299847899406418,0.08957446445820577,0.4546468097000766,0.5415346871961729,0.516554320519324,0.08957446445820577,0.5453531902999234,0.2729527358088027,0.3181593304850395,0.2782981840456188,0.09318150142034672,1.0137411776432952,0.05967576351364142,0.2543922081633997,0.7217018159543812,0.7973868123414473,0.05967576351364142,0.7456077918366002,0.31181754016582275,0.38569499292625464,False,False,0.18016712875820828,-0.037973032766765835,-0.3837563877026534,0.02989870094456435,0.2002546015366769,-0.18016712875820828,-0.2808324918221232,0.02989870094456435,-0.20025460153667685,-0.038864804357020055,-0.06753566244121512,structure,structure
Llama-3.2-3B (german),culture/llama3_2_3b/german,culture/llama3_2_3b/base,llama3_2_3b,Llama-3.2-3B,german,fa,1,country,United States,4,140,0.35208609638328653,0.041284400927367494,0.3855981735175791,0.05977394738958613,0.3486745746387274,0.6479139036167135,0.3855981735175791,0.05977394738958613,0.6513254253612726,0.23489119495970429,0.30029059614596787,0.19198771797913827,0.09138804505548988,0.874156605276738,0.021678587768570814,0.16927571158574492,0.8080122820208617,0.7017918433871881,0.028591400192115993,0.830724288414255,0.0,0.0,False,False,0.16009837840414826,-0.050103644128122383,-0.4885584317591589,0.03809535962101532,0.1793988630529825,-0.1600983784041482,-0.31619366986960906,0.031182547197470135,-0.17939886305298247,0.23489119495970429,0.30029059614596787,structure,structure
Llama-3.2-3B (german),culture/llama3_2_3b/german,culture/llama3_2_3b/base,llama3_2_3b,Llama-3.2-3B,german,fa,1,education,High,4,245,0.3740826790759371,0.036884541793628045,0.2891255897940639,0.03270305283247865,0.36834628082583987,0.6259173209240629,0.2891255897940639,0.03877251954170611,0.6316537191741601,0.0,0.0,0.22232482075882742,0.09213791893764918,0.7004348048431747,0.03767854190247265,0.19344992080892984,0.7776751792411726,0.6989840900795047,0.045243044245339266,0.8065500791910701,0.0,0.0,False,False,0.1517578583171097,-0.055253377144021135,-0.4113092150491108,-0.004975489069993996,0.17489636001691003,-0.15175785831710964,-0.4098585002854408,-0.006470524703633157,-0.17489636001691,0.0,0.0,structure,structure
Llama-3.2-3B (german),culture/llama3_2_3b/german,culture/llama3_2_3b/base,llama3_2_3b,Llama-3.2-3B,german,fa,1,education,Low,4,51,0.34258816688269433,0.07260232904494704,0.5898036899713184,0.03455151421181245,0.33694141216809503,0.6574118331173057,0.4325878283049586,0.03781016218479156,0.663058587831905,0.0,0.0,0.2275858791806819,0.10551128375268513,0.7868286390687691,0.032757769813055844,0.1726417606292487,0.772414120819318,0.7711471076911613,0.04348527085995755,0.8273582393707513,0.0,0.0,False,False,0.11500228770201243,-0.032908954707738095,-0.19702494909745072,0.001793744398756604,0.16429965153884635,-0.11500228770201237,-0.3385592793862027,-0.005675108675165991,-0.1642996515388463,0.0,0.0,structure,structure
Llama-3.2-3B (german),culture/llama3_2_3b/german,culture/llama3_2_3b/base,llama3_2_3b,Llama-3.2-3B,german,fa,1,education,Middle,4,343,0.4024224865228334,0.04431757382548437,0.36673445349430744,0.040528153435077964,0.3985446378553438,0.5975775134771666,0.36673445349430744,0.040528153435077964,0.6014553621446562,0.08184197610893337,0.13255020435924958,0.23887746192277218,0.09259531764485182,0.7360102933235156,0.03604650358983438,0.2100471600129022,0.7611225380772279,0.7360102933235156,0.038647217899720344,0.7899528399870979,0.0,0.0,False,False,0.16354502460006123,-0.048277743819367454,-0.3692758398292082,0.004481649845243581,0.18849747784244159,-0.16354502460006126,-0.3692758398292082,0.0018809355353576196,-0.18849747784244164,0.08184197610893337,0.13255020435924958,structure,structure
Llama-3.2-3B (german),culture/llama3_2_3b/german,culture/llama3_2_3b/base,llama3_2_3b,Llama-3.2-3B,german,fa,1,employment,Homemaker,4,72,0.34532286460436024,0.05301043461369549,0.38147304919835306,0.028357998417606188,0.3401954012856373,0.6546771353956398,0.38147304919835306,0.04129472897481473,0.6598045987143627,0.0,0.0,0.21166005761944529,0.07589999053811355,0.5639597886564565,0.05847916946040023,0.16614653063557921,0.7883399423805547,0.5639597886564565,0.06150837303990816,0.8338534693644208,0.0,0.0,False,False,0.13366280698491495,-0.022889555924418062,-0.1824867394581034,-0.03012117104279404,0.17404887065005809,-0.13366280698491495,-0.1824867394581034,-0.020213644065093427,-0.17404887065005814,0.0,0.0,structure,structure
Llama-3.2-3B (german),culture/llama3_2_3b/german,culture/llama3_2_3b/base,llama3_2_3b,Llama-3.2-3B,german,fa,1,employment,Retired,4,147,0.3808397650980876,0.05192568475677162,0.4002277842730634,0.03151123366740948,0.37619626049706156,0.6191602349019124,0.4002277842730634,0.037966893305285784,0.6238037395029384,0.0,0.0,0.2135893292448895,0.09230822021685511,0.7102037243743029,0.07596218694849871,0.1822911962492877,0.7864106707551105,0.7102037243743029,0.07596218694849871,0.8177088037507123,0.2464071324790297,0.33168771404277,False,False,0.1672504358531981,-0.040382535460083496,-0.3099759401012395,-0.04445095328108923,0.19390506424777387,-0.1672504358531981,-0.3099759401012395,-0.03799529364321293,-0.19390506424777387,-0.2464071324790297,-0.33168771404277,structure,structure
Llama-3.2-3B (german),culture/llama3_2_3b/german,culture/llama3_2_3b/base,llama3_2_3b,Llama-3.2-3B,german,fa,1,employment,Student,4,35,0.39719748829319274,0.046128357176046485,0.4203987866144927,-0.016543026197866358,0.3913766522359814,0.6028025117068072,0.4203987866144927,0.02729608849009343,0.6086233477640186,0.0,0.0,0.21102915810570017,0.08023085346144905,0.7144878241671007,-0.011411339619898389,0.18356148954150578,0.7889708418942998,0.7144878241671007,0.033556567696740584,0.8164385104584941,0.0,0.0,False,False,0.18616833018749257,-0.034102496285402566,-0.29408903755260796,-0.0051316865779679685,0.2078151626944756,-0.18616833018749257,-0.29408903755260796,-0.006260479206647154,-0.20781516269447553,0.0,0.0,structure,structure
Llama-3.2-3B (german),culture/llama3_2_3b/german,culture/llama3_2_3b/base,llama3_2_3b,Llama-3.2-3B,german,fa,1,employment,Unemployed,4,31,0.3993327201210978,0.06176642538431158,0.49543051275286637,0.0032986579129136682,0.39436289220093956,0.6006672798789022,0.49543051275286637,0.027620262352286422,0.6056371077990604,0.0,0.0,0.22289219344989442,0.09873221244508616,0.7360477825221082,0.07132571317161283,0.17750036011567577,0.7771078065501056,0.7360477825221082,0.07132571317161283,0.8224996398843243,0.33953784340782917,0.4224170541571671,False,False,0.17644052667120336,-0.03696578706077458,-0.24061726976924186,-0.06802705525869916,0.2168625320852638,-0.17644052667120336,-0.24061726976924186,-0.04370545081932641,-0.21686253208526385,-0.33953784340782917,-0.4224170541571671,structure,structure
Llama-3.2-3B (german),culture/llama3_2_3b/german,culture/llama3_2_3b/base,llama3_2_3b,Llama-3.2-3B,german,fa,1,employment,Working,4,349,0.39511205095072355,0.03387673045468414,0.2662095445898441,0.057518616727984764,0.39071149543747064,0.6048879490492765,0.2662095445898441,0.057518616727984764,0.6092885045625294,0.17754757216571973,0.23792912106583453,0.24582688142228987,0.08638543007328134,0.6471982486908395,0.04749482496025992,0.21868343918448077,0.7541731185777102,0.6471982486908395,0.05151928303826981,0.7813165608155193,0.0,0.0,False,False,0.14928516952843368,-0.0525086996185972,-0.38098870410099545,0.010023791767724846,0.17202805625298986,-0.14928516952843374,-0.38098870410099545,0.005999333689714954,-0.1720280562529899,0.17754757216571973,0.23792912106583453,structure,structure
Llama-3.2-3B (german),culture/llama3_2_3b/german,culture/llama3_2_3b/base,llama3_2_3b,Llama-3.2-3B,german,fa,1,marital_status,Cohabiting,4,37,0.36803141320786925,0.054230648719588555,0.3591064556274818,0.10062972957752145,0.36070447084661295,0.6319685867921307,0.3591064556274818,0.10786607601978782,0.639295529153387,0.0,0.0,0.22989194454382872,0.07938515949492081,0.532097560378758,0.08311918797042636,0.18915398806772915,0.7701080554561712,0.532097560378758,0.0924243397959418,0.8108460119322709,0.0,0.0,False,False,0.13813946866404053,-0.025154510775332255,-0.17299110475127621,0.017510541607095087,0.1715504827788838,-0.13813946866404048,-0.17299110475127621,0.015441736223846009,-0.17155048277888385,0.0,0.0,structure,structure
Llama-3.2-3B (german),culture/llama3_2_3b/german,culture/llama3_2_3b/base,llama3_2_3b,Llama-3.2-3B,german,fa,1,marital_status,Divorced or separated,4,68,0.3554677303246065,0.07284350049490591,0.5751575720795683,0.01906746087505785,0.35217200861614645,0.6445322696753935,0.5741166388137353,0.02795079913348656,0.6478279913838536,0.0,0.0,0.21184418807803182,0.08540344351823481,0.6865403984795332,0.07601162533376099,0.18459497372693262,0.7881558119219682,0.6865403984795332,0.07601162533376099,0.8154050262730674,0.3342911341131737,0.4166916981037823,False,False,0.14362354224657467,-0.012559943023328898,-0.11138282639996488,-0.056944164458703136,0.16757703488921383,-0.1436235422465747,-0.11242375966579787,-0.04806082620027443,-0.16757703488921383,-0.3342911341131737,-0.4166916981037823,structure,structure
Llama-3.2-3B (german),culture/llama3_2_3b/german,culture/llama3_2_3b/base,llama3_2_3b,Llama-3.2-3B,german,fa,1,marital_status,Married,4,342,0.39240255416622727,0.030451440262684093,0.23411812234742602,0.07771981833737235,0.3885107211656129,0.6075974458337727,0.23411812234742602,0.07771981833737235,0.6114892788343871,0.20278925459250802,0.2633755990372193,0.2454967909981789,0.07801435066780334,0.5844747172517446,0.062133580559291184,0.21652420798421051,0.7545032090018211,0.5844747172517446,0.062133580559291184,0.7834757920157894,0.2873828661225446,0.3674945591096622,False,False,0.14690576316804838,-0.047562910405119244,-0.3503565949043186,0.015586237778081165,0.1719865131814024,-0.14690576316804838,-0.3503565949043186,0.015586237778081165,-0.17198651318140235,-0.08459361153003658,-0.10411896007244292,structure,structure
Llama-3.2-3B (german),culture/llama3_2_3b/german,culture/llama3_2_3b/base,llama3_2_3b,Llama-3.2-3B,german,fa,1,marital_status,Single,4,131,0.40585830402429834,0.035917135627864916,0.30055467237882383,0.02422815978475327,0.4000983499360003,0.5941416959757017,0.30055467237882383,0.03510709913795152,0.5999016500639996,0.0,0.0,0.2217167856205528,0.08258564286885516,0.681481476301556,0.03665166724012856,0.1925813293539954,0.7782832143794473,0.681481476301556,0.03665166724012856,0.8074186706460046,0.25737139865488623,0.3415206500969827,False,False,0.18414151840374554,-0.04666850724099024,-0.38092680392273215,-0.012423507455375293,0.20751702058200489,-0.1841415184037456,-0.38092680392273215,-0.0015445681021770408,-0.20751702058200494,-0.25737139865488623,-0.3415206500969827,structure,structure
Llama-3.2-3B (german),culture/llama3_2_3b/german,culture/llama3_2_3b/base,llama3_2_3b,Llama-3.2-3B,german,fa,1,marital_status,Widowed,4,61,0.36573439474017644,0.06048349588884012,0.4636656269726004,0.06522151096781184,0.3601580740465228,0.6342656052598236,0.4636656269726004,0.06541705224748962,0.6398419259534772,0.0,0.0,0.1998636247652374,0.07949826789196726,0.5999617795784606,0.0783459640698711,0.1556069139895716,0.8001363752347626,0.5999617795784606,0.0783459640698711,0.8443930860104284,0.32399611129069694,0.41116584585851973,False,False,0.16587076997493905,-0.019014772003127144,-0.13629615260586025,-0.013124453102059258,0.20455116005695118,-0.165870769974939,-0.13629615260586025,-0.012928911822381484,-0.20455116005695118,-0.32399611129069694,-0.41116584585851973,structure,structure
Llama-3.2-3B (german),culture/llama3_2_3b/german,culture/llama3_2_3b/base,llama3_2_3b,Llama-3.2-3B,german,fa,1,population,every retained cell,4,639,0.3870953832556897,0.045080306643901495,0.33740792534621444,0.051284473678429476,0.3823678112917717,0.6129046167443103,0.33740792534621444,0.051284473678429476,0.6176321887082283,0.18520307222787097,0.24696667779160014,0.23167790187916526,0.09460978546302086,0.6967340948427161,0.05644746297139834,0.20019637009817245,0.7683220981208347,0.6967340948427161,0.059543390833426635,0.7998036299018276,0.0,0.0,False,False,0.15541748137652445,-0.049529478819119364,-0.35932616949650165,-0.005162989292968864,0.18217144119359927,-0.15541748137652445,-0.35932616949650165,-0.008258917154997159,-0.1821714411935993,0.18520307222787097,0.24696667779160014,structure,structure
Llama-3.2-3B (german),culture/llama3_2_3b/german,culture/llama3_2_3b/base,llama3_2_3b,Llama-3.2-3B,german,fa,1,sex,Female,4,349,0.3655398334720553,0.05560928054895987,0.40535418585872085,0.044327813520824655,0.35993969836358797,0.6344601665279447,0.40535418585872085,0.046128067839831526,0.640060301636412,0.0,0.0,0.21755783088545871,0.0941290395309923,0.6845517352192244,0.058998966908123764,0.18358333453038095,0.7824421691145413,0.6845517352192244,0.06268491858215008,0.8164166654696191,0.0,0.0,False,False,0.1479820025865966,-0.038519758982032436,-0.27919754936050356,-0.014671153387299109,0.17635636383320702,-0.14798200258659666,-0.27919754936050356,-0.01655685074231856,-0.17635636383320707,0.0,0.0,structure,structure
Llama-3.2-3B (german),culture/llama3_2_3b/german,culture/llama3_2_3b/base,llama3_2_3b,Llama-3.2-3B,german,fa,1,sex,Male,4,290,0.41285652928270555,0.030610403965480516,0.24792174927946473,0.05963253148549999,0.40917792011253235,0.5871434707172944,0.24792174927946473,0.05963253148549999,0.5908220798874677,0.17119289251665354,0.2293784232525257,0.248541086592919,0.08958939087247089,0.6797674580145718,0.05673994120713979,0.22004260729256142,0.751458913407081,0.6797674580145718,0.058186210196502615,0.7799573927074386,0.0,0.0,False,False,0.16431544268978654,-0.058978986906990376,-0.4318457087351071,0.0028925902783602034,0.18913531281997092,-0.1643154426897866,-0.4318457087351071,0.001446321288997375,-0.18913531281997087,0.17119289251665354,0.2293784232525257,structure,structure
Llama-3.2-3B (german),culture/llama3_2_3b/german,culture/llama3_2_3b/base,llama3_2_3b,Llama-3.2-3B,german,fa,1,wave,1995-1997,4,221,0.3992341047271618,0.04038089479431052,0.3313210744876795,0.03727741234717778,0.39492400545454254,0.6007658952728382,0.3313210744876795,0.04077698622848702,0.6050759945454575,0.0,0.0,0.23669638088143458,0.09471551428408484,0.7258501159220108,0.055070061227113665,0.2036037654669733,0.7633036191185655,0.7258501159220108,0.055996002952279265,0.7963962345330267,0.0,0.0,False,False,0.16253772384572723,-0.05433461948977432,-0.39452904143433126,-0.017792648879935882,0.19132023998756922,-0.1625377238457273,-0.39452904143433126,-0.015219016723792243,-0.1913202399875692,0.0,0.0,structure,structure
Llama-3.2-3B (german),culture/llama3_2_3b/german,culture/llama3_2_3b/base,llama3_2_3b,Llama-3.2-3B,german,fa,1,wave,2005-2006,4,173,0.3879657386067564,0.042965520999149305,0.3183849740165377,0.0651080519297735,0.3823922627100915,0.6120342613932436,0.3183849740165377,0.06798302900242897,0.6176077372899085,0.0,0.0,0.23172752505214889,0.09379430821019885,0.6836726692950251,0.07669924966943202,0.19847829670457257,0.7682724749478511,0.6836726692950251,0.07862712023288838,0.8015217032954274,0.0,0.0,False,False,0.15623821355460754,-0.050828787211049546,-0.3652876952784874,-0.011591197739658526,0.18391396600551896,-0.15623821355460754,-0.3652876952784874,-0.01064409123045941,-0.1839139660055189,0.0,0.0,structure,structure
Llama-3.2-3B (german),culture/llama3_2_3b/german,culture/llama3_2_3b/base,llama3_2_3b,Llama-3.2-3B,german,fa,1,wave,2017-2018,4,245,0.3759731068540406,0.05126622218748862,0.3741324499307058,0.05228819474864061,0.37148351946222696,0.6240268931459594,0.3741324499307058,0.05228819474864061,0.628516480537773,0.21924214445782064,0.28171859427834306,0.22770788717193613,0.09580155028782292,0.7368008669477055,0.05202910098715568,0.2009623204251336,0.7722921128280639,0.6648251487996044,0.05432868680488609,0.7990376795748664,0.0,0.0,False,False,0.1482652196821045,-0.044535328100334295,-0.3626684170169997,0.00025909376148493257,0.17052119903709337,-0.1482652196821045,-0.2906926988688986,-0.0020404920562454784,-0.1705211990370934,0.21924214445782064,0.28171859427834306,structure,structure
Llama-3.2-3B (german),culture/llama3_2_3b/german,culture/llama3_2_3b/base,llama3_2_3b,Llama-3.2-3B,german,ntp,1,age,25-34,4,149,0.356533098082445,0.03406249005494573,0.2449782718635955,0.04952138499068114,0.34803442988273803,0.643466901917555,0.2449782718635955,0.04952138499068114,0.651965570117262,0.1685360517394378,0.2329910864721769,0.21013645430314876,0.042567892366023874,0.3099508749129687,0.04462046814286338,0.18475650286491202,0.7898635456968512,0.3099508749129687,0.052519808100607815,0.8152434971350879,0.0,0.0,False,False,0.14639664377929623,-0.008505402311078145,-0.06497260304937319,0.004900916847817766,0.163277927017826,-0.1463966437792963,-0.06497260304937319,-0.002998423109926672,-0.16327792701782595,0.1685360517394378,0.2329910864721769,structure,structure
Llama-3.2-3B (german),culture/llama3_2_3b/german,culture/llama3_2_3b/base,llama3_2_3b,Llama-3.2-3B,german,ntp,1,age,35-44,4,104,0.352355657516101,0.04169198397475779,0.28360990557447985,0.04833900369054325,0.3436769895184603,0.647644342483899,0.28360990557447985,0.05018624563103011,0.6563230104815396,0.0,0.0,0.21500657767510578,0.051861631788431284,0.36371802748644316,0.09360541684330992,0.19038493385108055,0.7849934223248942,0.36371802748644316,0.09739445434210357,0.8096150661489194,0.0,0.0,False,False,0.1373490798409952,-0.010169647813673494,-0.08010812191196331,-0.045266413152766666,0.15329205566737977,-0.1373490798409952,-0.08010812191196331,-0.047208208711073466,-0.1532920556673798,0.0,0.0,structure,structure
Llama-3.2-3B (german),culture/llama3_2_3b/german,culture/llama3_2_3b/base,llama3_2_3b,Llama-3.2-3B,german,ntp,1,age,45-54,4,108,0.3535974762063291,0.04878778609004465,0.3280768733390793,0.09589676643260944,0.3470952297256018,0.6464025237936709,0.3280768733390793,0.09589676643260944,0.6529047702743982,0.22915330152762167,0.29434068347686043,0.21128323850029107,0.056944832012266314,0.39073907125912133,0.11927863866308885,0.1843948003115526,0.7887167614997089,0.39073907125912133,0.1256307133589571,0.8156051996884475,0.0,0.0,False,False,0.14231423770603802,-0.008157045922221662,-0.06266219792004202,-0.02338187223047941,0.16270042941404922,-0.14231423770603802,-0.06266219792004202,-0.02973394692634765,-0.16270042941404927,0.22915330152762167,0.29434068347686043,structure,structure
Llama-3.2-3B (german),culture/llama3_2_3b/german,culture/llama3_2_3b/base,llama3_2_3b,Llama-3.2-3B,german,ntp,1,age,55-64,4,92,0.3549336706976718,0.044218607393166395,0.2915538351879243,0.11207403331883696,0.3470278106648025,0.6450663293023282,0.2915538351879243,0.11207403331883696,0.6529721893351976,0.23425577777452866,0.29925725587978175,0.2104761367101221,0.051727577785228004,0.3623425905862921,0.1253066033613107,0.18444322320813,0.7895238632898779,0.3623425905862921,0.13203403236268305,0.81555677679187,0.0,0.0,False,False,0.14445753398754968,-0.007508970392061609,-0.07078875539836776,-0.013232570042473732,0.16258458745667248,-0.14445753398754968,-0.07078875539836776,-0.019959999043846086,-0.16258458745667237,0.23425577777452866,0.29925725587978175,structure,structure
Llama-3.2-3B (german),culture/llama3_2_3b/german,culture/llama3_2_3b/base,llama3_2_3b,Llama-3.2-3B,german,ntp,1,age,65-74,4,83,0.3272367778270964,0.055769337559186505,0.37241180140998903,0.08144596694790374,0.32120455125090297,0.6727632221729036,0.37241180140998903,0.08144596694790374,0.678795448749097,0.2508236483900575,0.31942776833579206,0.1892708654712947,0.0485873359469703,0.3376658702623514,0.13150127030587277,0.1580098379855606,0.8107291345287053,0.3376658702623514,0.13150127030587277,0.8419901620144394,0.2890282371977224,0.3771796879407585,False,False,0.13796591235580172,0.007182001612216202,0.03474593114763763,-0.05005530335796904,0.16319471326534238,-0.1379659123558017,0.03474593114763763,-0.05005530335796904,-0.1631947132653424,-0.03820458880766492,-0.05775191960496645,structure,structure
Llama-3.2-3B (german),culture/llama3_2_3b/german,culture/llama3_2_3b/base,llama3_2_3b,Llama-3.2-3B,german,ntp,1,age,75+,4,28,0.31780320609015666,0.06545620252399956,0.4863304328874709,0.07879845986933903,0.3096688013320829,0.6821967939098433,0.4863304328874709,0.08237620306755528,0.690331198667917,0.0,0.0,0.1751357836246953,0.062254804496798696,0.48517946718927996,0.17133728166012524,0.15618518634586304,0.8248642163753047,0.48517946718927996,0.17133728166012524,0.8438148136541369,0.29539632141844174,0.3837564297589146,False,False,0.14266742246546135,0.0032013980272008608,0.0011509656981909533,-0.09253882179078621,0.15348361498621987,-0.14266742246546138,0.0011509656981909533,-0.08896107859256996,-0.15348361498621987,-0.29539632141844174,-0.3837564297589146,structure,structure
Llama-3.2-3B (german),culture/llama3_2_3b/german,culture/llama3_2_3b/base,llama3_2_3b,Llama-3.2-3B,german,ntp,1,age,<25,4,73,0.3654267986619131,0.034011634561648046,0.2893570637985972,-0.01614180835697926,0.3587143393780257,0.6345732013380869,0.2893570637985972,0.012758671420650375,0.6412856606219743,0.0,0.0,0.19995304898244412,0.0320407945912243,0.26432177975913007,0.05436370729213002,0.1754044328808803,0.8000469510175559,0.26432177975913007,0.05436370729213002,0.8245955671191197,0.15310597047273747,0.23274917807315662,False,False,0.16547374967946896,0.0019708399704237434,0.025035284039467143,-0.07050551564910928,0.1833099064971454,-0.16547374967946893,0.025035284039467143,-0.041605035871479644,-0.1833099064971454,-0.15310597047273747,-0.23274917807315662,structure,structure
Llama-3.2-3B (german),culture/llama3_2_3b/german,culture/llama3_2_3b/base,llama3_2_3b,Llama-3.2-3B,german,ntp,1,country,Australia,4,136,0.3316453798904733,0.042036593683937265,0.4228346439796663,0.0993780050343887,0.32676383476053794,0.6683546201095267,0.4228346439796663,0.0993780050343887,0.6732361652394621,0.23044317323789773,0.29625526992070417,0.20513379926902112,0.05280096235014529,0.5876312315308754,0.10894011943277784,0.19243269783153177,0.7948662007309788,0.5488738504508206,0.10894011943277784,0.8075673021684682,0.2744260801462361,0.35797200304211946,False,False,0.1265115806214522,-0.010764368666208023,-0.16479658755120907,-0.009562114398389138,0.13433113692900617,-0.12651158062145207,-0.1260392064711543,-0.009562114398389138,-0.1343311369290061,-0.043982906908338365,-0.06171673312141529,structure,structure
Llama-3.2-3B (german),culture/llama3_2_3b/german,culture/llama3_2_3b/base,llama3_2_3b,Llama-3.2-3B,german,ntp,1,country,Germany,4,144,0.366163119652948,0.033983469815343954,0.3043557741021413,0.08575864314550319,0.35493084788103035,0.633836880347052,0.3043557741021413,0.08575864314550319,0.6450691521189698,0.21111291991984055,0.2748314583956042,0.21296500495028722,0.052177586499934925,0.4969433476186209,0.11837726199522881,0.20410926511296992,0.7870349950497127,0.4968856780189916,0.11872439867424638,0.7958907348870301,0.0,0.0,False,False,0.1531981147026608,-0.01819411668459097,-0.1925875735164796,-0.032618618849725625,0.15082158276806043,-0.15319811470266076,-0.19252990391685026,-0.03296575552874319,-0.15082158276806035,0.21111291991984055,0.2748314583956042,structure,structure
Llama-3.2-3B (german),culture/llama3_2_3b/german,culture/llama3_2_3b/base,llama3_2_3b,Llama-3.2-3B,german,ntp,1,country,Mexico,4,131,0.32156837226894897,0.046412487241049995,0.4898574034755275,0.042945701807169175,0.31806737290783776,0.678431627731051,0.4898574034755275,0.04790737912207767,0.6819326270921622,0.0,0.0,0.19595848863927764,0.047079794155408444,0.5002078139180582,0.036726709736470006,0.16378066328086655,0.8040415113607223,0.5002078139180582,0.0561252582287517,0.8362193367191335,0.0,0.0,False,False,0.12560988362967132,-0.0006673069143584495,-0.010350410442530766,0.006218992070699168,0.15428670962697122,-0.1256098836296713,-0.010350410442530766,-0.008217879106674035,-0.15428670962697133,0.0,0.0,structure,structure
Llama-3.2-3B (german),culture/llama3_2_3b/german,culture/llama3_2_3b/base,llama3_2_3b,Llama-3.2-3B,german,ntp,1,country,Russia,4,88,0.4192621218304983,0.05086635055015559,0.6024288449485367,0.09843499983338688,0.4116729381582674,0.5807378781695016,0.4192605681176673,0.09843499983338688,0.5883270618417327,0.2652291222372927,0.31817423773413156,0.2528247828471182,0.04802269183517743,0.5134463783998396,0.06403211077129992,0.23271755901486008,0.7471752171528818,0.5134463783998396,0.06403211077129992,0.7672824409851399,0.23647008087164526,0.31617880896715583,False,False,0.16643733898338015,0.002843658714978159,0.08898246654869701,0.034402889062086967,0.1789553791434073,-0.1664373389833802,-0.09418581028217232,0.034402889062086967,-0.1789553791434072,0.02875904136564747,0.0019954287669757265,structure,structure
Llama-3.2-3B (german),culture/llama3_2_3b/german,culture/llama3_2_3b/base,llama3_2_3b,Llama-3.2-3B,german,ntp,1,country,United States,4,140,0.3138580679947599,0.043428252797387296,0.39033891394313036,0.06829309883106102,0.30801281732842034,0.6861419320052401,0.39033891394313036,0.06829309883106102,0.6919871826715795,0.2437406281336648,0.31378836328148846,0.1639883296173547,0.05315147796248937,0.5243149150393599,0.06649982451083013,0.14492274370576907,0.8360116703826453,0.47929147811538964,0.06649982451083013,0.8550772562942309,0.26761059583360475,0.3573963651775586,False,False,0.1498697383774052,-0.009723225165102073,-0.13397600109622954,0.0017932743202308948,0.16309007362265127,-0.14986973837740525,-0.08895256417225927,0.0017932743202308948,-0.16309007362265138,-0.02386996769993996,-0.043608001896070114,structure,structure
Llama-3.2-3B (german),culture/llama3_2_3b/german,culture/llama3_2_3b/base,llama3_2_3b,Llama-3.2-3B,german,ntp,1,education,High,4,245,0.3408929359375109,0.0368950779358747,0.2615287946154919,0.028262271421787968,0.33147871345633295,0.6591070640624891,0.2615287946154919,0.03355785626333832,0.668521286543667,0.0,0.0,0.19598759192640972,0.05032669682287759,0.3751683881573413,0.030317604849974127,0.17132763753430827,0.8040124080735903,0.3751683881573413,0.03734852163030301,0.8286723624656918,0.0,0.0,False,False,0.1449053440111012,-0.013431618887002887,-0.11363959354184944,-0.0020553334281861596,0.16015107592202468,-0.14490534401110122,-0.11363959354184944,-0.0037906653669646864,-0.1601510759220247,0.0,0.0,structure,structure
Llama-3.2-3B (german),culture/llama3_2_3b/german,culture/llama3_2_3b/base,llama3_2_3b,Llama-3.2-3B,german,ntp,1,education,Low,4,51,0.3013166738364097,0.05600274924817367,0.4516250266948372,0.03610727298234419,0.29472920827596805,0.6986833261635903,0.4060678060591617,0.03610727298234419,0.705270791724032,0.1632184636942777,0.23425387243060644,0.20829373384455835,0.05098898347292191,0.3769234784624239,0.0719936218620384,0.160097892892074,0.7917062661554417,0.3769234784624239,0.08181429977910697,0.839902107107926,0.0,0.0,False,False,0.09302293999185135,0.005013765775251755,0.07470154823241326,-0.03588634887969422,0.13463131538389406,-0.0930229399918514,0.029144327596737796,-0.04570702679676278,-0.13463131538389406,0.1632184636942777,0.23425387243060644,structure,structure
Llama-3.2-3B (german),culture/llama3_2_3b/german,culture/llama3_2_3b/base,llama3_2_3b,Llama-3.2-3B,german,ntp,1,education,Middle,4,343,0.36416407410613544,0.04232993345938254,0.3332287140660839,0.01485225246291408,0.35792588490316757,0.6358359258938646,0.3332287140660839,0.018328764085231597,0.6420741150968324,0.0,0.0,0.21263058260917378,0.05075710377716866,0.38846862084777606,0.038957138099005605,0.18968052367195115,0.7873694173908262,0.38846862084777606,0.04436903461537892,0.8103194763280489,0.0,0.0,False,False,0.15153349149696166,-0.008427170317786122,-0.05523990678169216,-0.024104885636091526,0.16824536123121642,-0.1515334914969616,-0.05523990678169216,-0.026040270530147326,-0.16824536123121647,0.0,0.0,structure,structure
Llama-3.2-3B (german),culture/llama3_2_3b/german,culture/llama3_2_3b/base,llama3_2_3b,Llama-3.2-3B,german,ntp,1,employment,Homemaker,4,72,0.30281352660966343,0.035377377987511546,0.24753708641018435,0.07035476808379797,0.2954204180126544,0.6971864733903366,0.24753708641018435,0.07216845248309976,0.7045795819873456,0.0,0.0,0.19340115697764057,0.022944029171724084,0.1717157175796997,0.13327599815978375,0.1514130014164266,0.8065988430223594,0.1717157175796997,0.13327599815978375,0.8485869985835734,0.2290495706894927,0.31704177074723716,False,False,0.10941236963202286,0.012433348815787462,0.07582136883048465,-0.06292123007598578,0.1440074165962278,-0.10941236963202283,0.07582136883048465,-0.061107545676683986,-0.14400741659622784,-0.2290495706894927,-0.31704177074723716,structure,structure
Llama-3.2-3B (german),culture/llama3_2_3b/german,culture/llama3_2_3b/base,llama3_2_3b,Llama-3.2-3B,german,ntp,1,employment,Retired,4,147,0.34240061992706206,0.05152338974457484,0.37344778331639117,0.028609886152581313,0.33525557525131006,0.657599380072938,0.37344778331639117,0.03152939877938188,0.6647444247486899,0.0,0.0,0.19286793875035363,0.04609313467827872,0.34236914945818325,0.10203352056207898,0.17006126757170037,0.8071320612496463,0.34236914945818325,0.10203352056207898,0.8299387324282996,0.2557051496404869,0.3427300844003217,False,False,0.14953268117670843,0.005430255066296123,0.031078633858207916,-0.07342363440949767,0.1651943076796097,-0.14953268117670837,0.031078633858207916,-0.0705041217826971,-0.16519430767960974,-0.2557051496404869,-0.3427300844003217,structure,structure
Llama-3.2-3B (german),culture/llama3_2_3b/german,culture/llama3_2_3b/base,llama3_2_3b,Llama-3.2-3B,german,ntp,1,employment,Student,4,35,0.35945152656596446,0.030074547328132667,0.2661087745379991,-0.017948505013856166,0.35074287709936536,0.6405484734340355,0.2661087745379991,0.02650292766501777,0.6492571229006346,0.0,0.0,0.19829282519995184,0.02085114175645998,0.18043095187609126,0.03982223997595761,0.17680287234857128,0.8017071748000482,0.18043095187609126,0.07793639429200977,0.8231971276514287,0.0,0.0,False,False,0.16115870136601262,0.009223405571672685,0.08567782266190782,-0.05777074498981377,0.17394000475079407,-0.16115870136601262,0.08567782266190782,-0.051433466626992,-0.17394000475079407,0.0,0.0,structure,structure
Llama-3.2-3B (german),culture/llama3_2_3b/german,culture/llama3_2_3b/base,llama3_2_3b,Llama-3.2-3B,german,ntp,1,employment,Unemployed,4,31,0.3619111725072986,0.04419604303634132,0.35858034510818343,0.057306901694159355,0.3530597743418086,0.6380888274927015,0.35858034510818343,0.07387593073885569,0.6469402256581914,0.0,0.0,0.20330324043373746,0.027049174550343988,0.1911501362340857,0.09097071985994472,0.16996497041303135,0.7966967595662625,0.1911501362340857,0.10186545719838339,0.8300350295869687,0.0,0.0,False,False,0.15860793207356114,0.017146868485997335,0.16743020887409774,-0.03366381816578536,0.18309480392877722,-0.15860793207356105,0.16743020887409774,-0.027989526459527694,-0.1830948039287773,0.0,0.0,structure,structure
Llama-3.2-3B (german),culture/llama3_2_3b/german,culture/llama3_2_3b/base,llama3_2_3b,Llama-3.2-3B,german,ntp,1,employment,Working,4,349,0.36091763508518937,0.03548745473922414,0.2545208052985616,0.07845736673548058,0.3534175782582123,0.6390823649148106,0.2545208052985616,0.07845736673548058,0.6465824217417877,0.19604188157364444,0.26049697306638864,0.21453574491352517,0.04765846384060736,0.3510681128571181,0.08077146154364823,0.19256299736206328,0.7854642550864749,0.3510681128571181,0.0845907152973074,0.8074370026379367,0.0,0.0,False,False,0.1463818901716642,-0.012171009101383218,-0.0965473075585565,-0.0023140948081676466,0.160854580896149,-0.14638189017166425,-0.0965473075585565,-0.006133348561826818,-0.160854580896149,0.19604188157364444,0.26049697306638864,structure,structure
Llama-3.2-3B (german),culture/llama3_2_3b/german,culture/llama3_2_3b/base,llama3_2_3b,Llama-3.2-3B,german,ntp,1,marital_status,Cohabiting,4,37,0.3304933586755561,0.03902460586823209,0.2348388071475482,0.11999879023122623,0.318317525824982,0.6695066413244439,0.2348388071475482,0.142037284545039,0.681682474175018,0.0,0.0,0.20941957598033137,0.024669365188677815,0.16862059193082943,0.14599932297471022,0.17117051532517086,0.7905804240196685,0.16862059193082943,0.14673902616881612,0.8288294846748291,0.0,0.0,False,False,0.12107378269522476,0.014355240679554272,0.06621821521671878,-0.02600053274348399,0.14714701049981116,-0.12107378269522462,0.06621821521671878,-0.004701741623777123,-0.14714701049981105,0.0,0.0,structure,structure
Llama-3.2-3B (german),culture/llama3_2_3b/german,culture/llama3_2_3b/base,llama3_2_3b,Llama-3.2-3B,german,ntp,1,marital_status,Divorced or separated,4,68,0.3176204803623361,0.045564816074297396,0.3437342122949233,0.08858801378337235,0.3098723940351213,0.6823795196376639,0.3437342122949233,0.08858801378337235,0.6901276059648787,0.23248459954778075,0.30239488888894456,0.19948891315479442,0.02397487392361153,0.1882156202482655,0.11250341127097507,0.1773491008914046,0.8005110868452057,0.1882156202482655,0.11250341127097507,0.8226508991085955,0.2439105480007326,0.3300045275385942,False,False,0.11813156720754167,0.021589942150685864,0.1555185920466578,-0.023915397487602727,0.1325232931437167,-0.11813156720754181,0.1555185920466578,-0.023915397487602727,-0.1325232931437168,-0.011425948452951862,-0.02760963864964966,structure,structure
Llama-3.2-3B (german),culture/llama3_2_3b/german,culture/llama3_2_3b/base,llama3_2_3b,Llama-3.2-3B,german,ntp,1,marital_status,Married,4,342,0.3582767594036167,0.02814946616929291,0.19481811984427644,0.08920649517675208,0.35184785954586717,0.6417232405963833,0.19481811984427644,0.08920649517675208,0.6481521404541328,0.20452954852899755,0.2693221989963207,0.21332378330488394,0.03987206370006968,0.29367796579548366,0.10574791564517017,0.18817541779186617,0.7866762166951161,0.29367796579548366,0.10574791564517017,0.8118245822081338,0.27019897750673066,0.3547617383773967,False,False,0.14495297609873276,-0.011722597530776771,-0.09885984595120723,-0.016541420468418083,0.163672441754001,-0.1449529760987328,-0.09885984595120723,-0.016541420468418083,-0.16367244175400097,-0.06566942897773312,-0.08543953938107601,structure,structure
Llama-3.2-3B (german),culture/llama3_2_3b/german,culture/llama3_2_3b/base,llama3_2_3b,Llama-3.2-3B,german,ntp,1,marital_status,Single,4,131,0.3684080458278364,0.030477049583616533,0.24519446654866406,-0.004288486675903095,0.35953805152434903,0.6315919541721636,0.24519446654866406,0.005445461006559283,0.640461948475651,0.0,0.0,0.1996856021385753,0.02667198553516118,0.2181989414048143,0.04714005853164627,0.17603954331885158,0.8003143978614247,0.2181989414048143,0.05080648538631019,0.8239604566811485,0.0,0.0,False,False,0.16872244368926106,0.003805064048455351,0.026995525143849758,-0.05142854520754936,0.18349850820549746,-0.16872244368926104,0.026995525143849758,-0.04536102437975091,-0.1834985082054975,0.0,0.0,structure,structure
Llama-3.2-3B (german),culture/llama3_2_3b/german,culture/llama3_2_3b/base,llama3_2_3b,Llama-3.2-3B,german,ntp,1,marital_status,Widowed,4,61,0.32004091479486796,0.03984354629405725,0.29723000138071776,0.05330071611327025,0.311800636177925,0.679959085205132,0.29723000138071776,0.05611049180042859,0.6881993638220751,0.0,0.0,0.18337728681070792,0.019754940932511768,0.14557359363918781,0.11742812655294953,0.14758187516760002,0.816622713189292,0.14557359363918781,0.11742812655294953,0.8524181248324,0.2272293072832024,0.3159982796405374,False,False,0.13666362798416004,0.020088605361545483,0.15165640774152994,-0.06412741043967927,0.16421876101032495,-0.13666362798415999,0.15165640774152994,-0.06131763475252094,-0.16421876101032484,-0.2272293072832024,-0.3159982796405374,structure,structure
Llama-3.2-3B (german),culture/llama3_2_3b/german,culture/llama3_2_3b/base,llama3_2_3b,Llama-3.2-3B,german,ntp,1,population,every retained cell,4,639,0.35057615884979715,0.04450668526178931,0.31223162022268725,0.05699090036338722,0.34268337291804857,0.6494238411502029,0.31223162022268725,0.05699090036338722,0.6573166270819515,0.19414631833189228,0.26027926837096177,0.20590756619056444,0.05198109249074471,0.37566347048132726,0.07576324969483841,0.17921726158734352,0.7940924338094356,0.37566347048132726,0.08184943959472488,0.8207827384126565,0.0,0.0,False,False,0.1446685926592327,-0.007474407228955399,-0.06343185025864001,-0.018772349331451194,0.16346611133070504,-0.1446685926592327,-0.06343185025864001,-0.024858539231337656,-0.163466111330705,0.19414631833189228,0.26027926837096177,structure,structure
Llama-3.2-3B (german),culture/llama3_2_3b/german,culture/llama3_2_3b/base,llama3_2_3b,Llama-3.2-3B,german,ntp,1,sex,Female,4,349,0.3256157568531166,0.04741148617749706,0.3287807189634357,0.05142787757593206,0.31634261737543057,0.6743842431468834,0.3287807189634357,0.05142787757593206,0.6836573826245694,0.17389351240912757,0.24265688898030172,0.19634384342531483,0.046777272417080636,0.33571965639998125,0.08374083886214054,0.16575560241520637,0.8036561565746851,0.33571965639998125,0.09037037926449572,0.8342443975847936,0.0,0.0,False,False,0.12927191342780178,0.0006342137604164258,-0.006938937436545556,-0.032312961286208475,0.1505870149602242,-0.12927191342780175,-0.006938937436545556,-0.038942501688563655,-0.1505870149602242,0.17389351240912757,0.24265688898030172,structure,structure
Llama-3.2-3B (german),culture/llama3_2_3b/german,culture/llama3_2_3b/base,llama3_2_3b,Llama-3.2-3B,german,ntp,1,sex,Male,4,290,0.3803991965296339,0.027809675695360137,0.20326579516790638,0.06533821694757966,0.3744607640820818,0.6196008034703662,0.20326579516790638,0.06533821694757966,0.6255392359179182,0.17729386778387832,0.23917020028507402,0.21732004749435418,0.05232876487104398,0.38805670531695396,0.0792775273755241,0.1957098269669332,0.7826799525056458,0.38805670531695396,0.08178328102946675,0.8042901730330668,0.0,0.0,False,False,0.1630791490352797,-0.024519089175683843,-0.18479091014904758,-0.01393931042794444,0.17875093711514858,-0.16307914903527965,-0.18479091014904758,-0.01644506408188709,-0.17875093711514867,0.17729386778387832,0.23917020028507402,structure,structure
Llama-3.2-3B (german),culture/llama3_2_3b/german,culture/llama3_2_3b/base,llama3_2_3b,Llama-3.2-3B,german,ntp,1,wave,1995-1997,4,221,0.36095599677119083,0.0413573658647642,0.31417873774817406,0.05192090566487863,0.35300258457441835,0.6390440032288092,0.31417873774817406,0.05309675099156219,0.6469974154255816,0.0,0.0,0.2096338207397449,0.05162624185526671,0.3723968713042252,0.07295485275223026,0.18328394911335572,0.7903661792602551,0.3723968713042252,0.07553042282863552,0.8167160508866442,0.0,0.0,False,False,0.15132217603144593,-0.01026887599050251,-0.058218133556051155,-0.021033947087351637,0.16971863546106264,-0.15132217603144593,-0.058218133556051155,-0.02243367183707333,-0.16971863546106258,0.0,0.0,structure,structure
Llama-3.2-3B (german),culture/llama3_2_3b/german,culture/llama3_2_3b/base,llama3_2_3b,Llama-3.2-3B,german,ntp,1,wave,2005-2006,4,173,0.3520790842447504,0.04229387701620997,0.3008494956418927,0.06974514989315124,0.34411289835911396,0.6479209157552497,0.3008494956418927,0.07255185244968979,0.655887101640886,0.0,0.0,0.20499054133949246,0.051567627917053105,0.37082329680172604,0.09765057692767326,0.17560385725067773,0.7950094586605075,0.37082329680172604,0.10356109003974256,0.8243961427493223,0.0,0.0,False,False,0.1470885429052579,-0.009273750900843133,-0.06997380115983337,-0.02790542703452202,0.16850904110843623,-0.14708854290525786,-0.06997380115983337,-0.03100923759005278,-0.16850904110843623,0.0,0.0,structure,structure
Llama-3.2-3B (german),culture/llama3_2_3b/german,culture/llama3_2_3b/base,llama3_2_3b,Llama-3.2-3B,german,ntp,1,wave,2017-2018,4,245,0.34040888053415186,0.04914034940547776,0.3386924346241492,0.06482255582341188,0.33292295915485054,0.6595911194658481,0.3386924346241492,0.06482255582341188,0.6670770408451494,0.22775899816155595,0.2946900228393712,0.20377303790413265,0.05291128801843364,0.4127353409429544,0.06477459582080328,0.1798793980196144,0.7962269620958673,0.4127353409429544,0.07286314999152219,0.8201206019803856,0.0,0.0,False,False,0.1366358426300192,-0.003770938612955875,-0.07404290631880517,4.7960002608607444e-05,0.15304356113523615,-0.13663584263001916,-0.07404290631880517,-0.008040594168110302,-0.1530435611352362,0.22775899816155595,0.2946900228393712,structure,structure
Llama-3.2-3B (spanish-mx),culture/llama3_2_3b/spanish-mx,culture/llama3_2_3b/base,llama3_2_3b,Llama-3.2-3B,spanish-mx,fa,1,age,25-34,4,149,0.23622628023717163,0.08480758926575557,0.6316043247779761,0.04145289948469784,0.20099509411850497,0.7637737197628284,0.6316043247779761,0.04145289948469784,0.7990049058814951,0.1804094363570534,0.2607024255960368,0.2377396024169552,0.08519252291744976,0.6326117445247389,0.01002967837141606,0.2083211789984005,0.7622603975830449,0.6326117445247389,0.01932227814244286,0.7916788210015995,0.0,0.0,False,False,-0.0015133221797835605,-0.0003849336516941887,-0.0010074197467627721,0.03142322111328178,-0.007326084879895528,0.001513322179783505,-0.0010074197467627721,0.022130621342254977,0.007326084879895611,0.1804094363570534,0.2607024255960368,structure,structure
Llama-3.2-3B (spanish-mx),culture/llama3_2_3b/spanish-mx,culture/llama3_2_3b/base,llama3_2_3b,Llama-3.2-3B,spanish-mx,fa,1,age,35-44,4,104,0.23283802357650407,0.07865683953935229,0.5664523313703076,0.059535905396511324,0.19935656940404917,0.7671619764234959,0.5664523313703076,0.0620170453301591,0.8006434305959509,0.0,0.0,0.23838510134237473,0.08784683213433432,0.6335234316305651,0.06316547925230863,0.20926613029759683,0.7616148986576252,0.6335234316305651,0.0661857327048568,0.7907338697024032,0.0,0.0,False,False,-0.005547077765870656,-0.00918999259498203,-0.06707110026025753,-0.003629573855797305,-0.009909560893547664,0.0055470777658707116,-0.06707110026025753,-0.004168687374697694,0.009909560893547664,0.0,0.0,structure,structure
Llama-3.2-3B (spanish-mx),culture/llama3_2_3b/spanish-mx,culture/llama3_2_3b/base,llama3_2_3b,Llama-3.2-3B,spanish-mx,fa,1,age,45-54,4,108,0.23284771497550152,0.08562805662887576,0.6089991490242737,0.09660741169524428,0.19912357165946726,0.7671522850244985,0.6089991490242737,0.09660741169524428,0.8008764283405327,0.328791095179709,0.4092929979974773,0.24570743430694425,0.09782725286815395,0.6951448396052805,0.0950910827957239,0.2142122413332916,0.7542925656930557,0.6951448396052805,0.0950910827957239,0.7857877586667084,0.30844884881007734,0.3880500202980036,False,False,-0.012859719331442726,-0.01219919623927819,-0.08614569058100685,0.001516328899520386,-0.015088669673824329,0.01285971933144281,-0.08614569058100685,0.001516328899520386,0.015088669673824384,0.020342246369631667,0.021242977699473697,structure,structure
Llama-3.2-3B (spanish-mx),culture/llama3_2_3b/spanish-mx,culture/llama3_2_3b/base,llama3_2_3b,Llama-3.2-3B,spanish-mx,fa,1,age,55-64,4,92,0.23479971620326218,0.09137167189312993,0.6425996335921403,0.009538379329935166,0.19818078291087954,0.7652002837967378,0.6425996335921403,0.01937115206973673,0.8018192170891205,0.0,0.0,0.24049049336582862,0.09786281803944845,0.6963633335560779,0.05698926391168178,0.20768641338310206,0.7595095066341714,0.6963633335560779,0.05698926391168178,0.792313586616898,0.2925847649606974,0.3738309921778904,False,False,-0.0056907771625664405,-0.006491146146318516,-0.053763699963937595,-0.04745088458174661,-0.009505630472222526,0.005690777162566385,-0.053763699963937595,-0.03761811184194505,0.009505630472222526,-0.2925847649606974,-0.3738309921778904,structure,structure
Llama-3.2-3B (spanish-mx),culture/llama3_2_3b/spanish-mx,culture/llama3_2_3b/base,llama3_2_3b,Llama-3.2-3B,spanish-mx,fa,1,age,65-74,4,83,0.2185018666972806,0.08896616368828104,0.6331248304928451,0.06948326486132997,0.17156758105550743,0.7814981333027193,0.6331248304928451,0.06948326486132997,0.8284324189444926,0.30376324944019645,0.38943904559198,0.20576080247904194,0.09462624033518786,0.6815526858439884,0.1014743907478867,0.17063972394012644,0.7942391975209581,0.6815526858439884,0.10262577373371515,0.8293602760598736,0.0,0.0,False,False,0.012741064218238674,-0.00566007664690682,-0.048427855351143356,-0.031991125886556726,0.0009278571153809867,-0.012741064218238729,-0.048427855351143356,-0.03314250887238518,-0.0009278571153810145,0.30376324944019645,0.38943904559198,structure,structure
Llama-3.2-3B (spanish-mx),culture/llama3_2_3b/spanish-mx,culture/llama3_2_3b/base,llama3_2_3b,Llama-3.2-3B,spanish-mx,fa,1,age,75+,4,28,0.20761219784070342,0.10504759684923304,0.8109334289530988,0.07446798785767887,0.1715397738616401,0.7923878021592966,0.6871844997757439,0.07446798785767887,0.8284602261383599,0.2495478032889621,0.33616745188518343,0.19138136841795647,0.10049242859140542,0.7889953875982804,0.16694348499719117,0.16353806406834187,0.8086186315820435,0.7889953875982804,0.16694348499719117,0.8364619359316581,0.4305569230802286,0.5075788998597287,False,False,0.01623082942274695,0.004555168257827619,0.02193804135481847,-0.0924754971395123,0.008001709793298228,-0.016230829422746895,-0.10181088782253644,-0.0924754971395123,-0.008001709793298173,-0.1810091197912665,-0.17141144797454527,structure,structure
Llama-3.2-3B (spanish-mx),culture/llama3_2_3b/spanish-mx,culture/llama3_2_3b/base,llama3_2_3b,Llama-3.2-3B,spanish-mx,fa,1,age,<25,4,73,0.23656486680957262,0.08598079420123755,0.7380900042411598,0.041695873040236434,0.20974740157439084,0.7634351331904274,0.7088962055095458,0.04292260834376706,0.7902525984256092,0.0,0.0,0.22099746832778427,0.0872157431940041,0.7402891802841745,0.03816278761151041,0.19154564577621386,0.7790025316722158,0.7402891802841745,0.038816130083427595,0.8084543542237861,0.0,0.0,False,False,0.015567398481788342,-0.0012349489927665491,-0.0021991760430146723,0.003533085428726025,0.018201755798176983,-0.015567398481788342,-0.03139297477462866,0.004106478260339462,-0.018201755798176844,0.0,0.0,structure,structure
Llama-3.2-3B (spanish-mx),culture/llama3_2_3b/spanish-mx,culture/llama3_2_3b/base,llama3_2_3b,Llama-3.2-3B,spanish-mx,fa,1,country,Australia,4,136,0.20876685349884153,0.07591032693146392,0.8271142880501701,0.03741884333413409,0.1585847620002562,0.7912331465011584,0.7187338636300522,0.03741884333413409,0.8414152379997438,0.24278512184949586,0.32814016502890797,0.2313340061003305,0.09225347825529066,1.0063832422093075,0.057093002638051976,0.21380138110881378,0.7686659938996695,0.8055766083795728,0.05929733096938709,0.7861986188911863,0.0,0.0,False,False,-0.022567152601488977,-0.016343151323826743,-0.17926895415913746,-0.019674159303917887,-0.055216619108557574,0.022567152601488893,-0.08684274474952058,-0.021878487635252998,0.055216619108557574,0.24278512184949586,0.32814016502890797,structure,structure
Llama-3.2-3B (spanish-mx),culture/llama3_2_3b/spanish-mx,culture/llama3_2_3b/base,llama3_2_3b,Llama-3.2-3B,spanish-mx,fa,1,country,Germany,4,144,0.26698425180446755,0.08011652942557043,0.7984781229448502,0.07678355608665613,0.2591222900414885,0.7330157481955324,0.706006291167825,0.07994201923488146,0.7408777099585115,0.0,0.0,0.23828493600284684,0.09805742188186822,0.964845021982043,0.11550261412777707,0.22410732934626246,0.7617150639971532,0.772030319310252,0.11555683816069479,0.7758926706537376,0.0,0.0,False,False,0.028699315801620717,-0.01794089245629779,-0.16636689903719282,-0.03871905804112094,0.035014960695226055,-0.028699315801620773,-0.06602402814242703,-0.03561481892581332,-0.03501496069522603,0.0,0.0,structure,structure
Llama-3.2-3B (spanish-mx),culture/llama3_2_3b/spanish-mx,culture/llama3_2_3b/base,llama3_2_3b,Llama-3.2-3B,spanish-mx,fa,1,country,Mexico,4,131,0.2043268175318742,0.07994547711464281,0.8448577817281014,0.048907745562780165,0.16917780866761617,0.7956731824681258,0.8028525413839208,0.048907745562780165,0.8308221913323839,0.272829481935232,0.3587105804766795,0.21903442944379703,0.08914276680913193,0.9416753024834014,0.07954794203310511,0.178940683818394,0.780965570556203,0.8708306894966559,0.08297180163483248,0.821059316181606,0.0,0.0,False,False,-0.014707611911922824,-0.009197289694489116,-0.09681752075529992,-0.030640196470324947,-0.009762875150777839,0.014707611911922824,-0.06797814811273506,-0.03406405607205231,0.009762875150777894,0.272829481935232,0.3587105804766795,structure,structure
Llama-3.2-3B (spanish-mx),culture/llama3_2_3b/spanish-mx,culture/llama3_2_3b/base,llama3_2_3b,Llama-3.2-3B,spanish-mx,fa,1,country,Russia,4,88,0.2904918783416399,0.07559150652355738,0.8357517607899911,0.08111369296004699,0.2737817442081705,0.7095081216583601,0.6695258205209267,0.08111369296004699,0.7262182557918295,0.33126345443882455,0.40059478195825526,0.2782981840456188,0.09318150142034672,1.0137411776432952,0.05967576351364142,0.2543922081633997,0.7217018159543812,0.7973868123414473,0.05967576351364142,0.7456077918366002,0.31181754016582275,0.38569499292625464,False,False,0.01219369429602113,-0.017589994896789335,-0.17798941685330405,0.021437929446405567,0.019389536044770783,-0.01219369429602113,-0.12786099182052058,0.021437929446405567,-0.019389536044770672,0.019445914273001796,0.014899789032000621,structure,structure
Llama-3.2-3B (spanish-mx),culture/llama3_2_3b/spanish-mx,culture/llama3_2_3b/base,llama3_2_3b,Llama-3.2-3B,spanish-mx,fa,1,country,United States,4,140,0.18487842827490128,0.0746534600732709,0.7159202011056859,0.03198398517349732,0.16197501987338978,0.8151215717250988,0.6587536667304406,0.036579429328424076,0.8380249801266102,0.0,0.0,0.19198771797913827,0.09138804505548988,0.874156605276738,0.021678587768570814,0.16927571158574492,0.8080122820208617,0.7017918433871881,0.028591400192115993,0.830724288414255,0.0,0.0,False,False,-0.007109289704236993,-0.016734584982218983,-0.15823640417105211,0.010305397404926506,-0.007300691712355145,0.007109289704237076,-0.043038176656747584,0.007988029136308084,0.007300691712355145,0.0,0.0,structure,structure
Llama-3.2-3B (spanish-mx),culture/llama3_2_3b/spanish-mx,culture/llama3_2_3b/base,llama3_2_3b,Llama-3.2-3B,spanish-mx,fa,1,education,High,4,245,0.22292053066862774,0.08390607926429383,0.6224136335704775,0.018279305469096986,0.18279114733460888,0.7770794693313723,0.6224136335704775,0.023823464767282365,0.8172088526653911,0.0,0.0,0.22232482075882742,0.09213791893764918,0.7004348048431747,0.03767854190247265,0.19344992080892984,0.7776751792411726,0.6989840900795047,0.045243044245339266,0.8065500791910701,0.0,0.0,False,False,0.0005957099098003182,-0.008231839673355348,-0.07802117127269714,-0.019399236433375662,-0.010658773474320954,-0.0005957099098002905,-0.07657045650902716,-0.0214195794780569,0.010658773474320982,0.0,0.0,structure,structure
Llama-3.2-3B (spanish-mx),culture/llama3_2_3b/spanish-mx,culture/llama3_2_3b/base,llama3_2_3b,Llama-3.2-3B,spanish-mx,fa,1,education,Low,4,51,0.2126143877849236,0.09167202042385125,0.7037649157104913,0.06043764487956152,0.15917760160818578,0.7873856122150764,0.6592435017386407,0.061590226447420265,0.8408223983918142,0.0,0.0,0.2275858791806819,0.10551128375268513,0.7868286390687691,0.032757769813055844,0.1726417606292487,0.772414120819318,0.7711471076911613,0.04348527085995755,0.8273582393707513,0.0,0.0,False,False,-0.014971491395758318,-0.013839263328833881,-0.08306372335827783,0.027679875066505676,-0.013464159021062905,0.014971491395758374,-0.11190360595252069,0.018104955587462716,0.013464159021062905,0.0,0.0,structure,structure
Llama-3.2-3B (spanish-mx),culture/llama3_2_3b/spanish-mx,culture/llama3_2_3b/base,llama3_2_3b,Llama-3.2-3B,spanish-mx,fa,1,education,Middle,4,343,0.24011801201418448,0.08810384103172159,0.7134624513241034,0.03855984727273064,0.2088109720673514,0.7598819879858155,0.6840252218868741,0.03855984727273064,0.7911890279326486,0.2466679130817422,0.3287188251246,0.23887746192277218,0.09259531764485182,0.7360102933235156,0.03604650358983438,0.2100471600129022,0.7611225380772279,0.7360102933235156,0.038647217899720344,0.7899528399870979,0.0,0.0,False,False,0.0012405500914123013,-0.004491476613130235,-0.022547841999412288,0.0025133436828962546,-0.0012361879455507763,-0.001240550091412329,-0.05198507143664155,-8.737062698970649e-05,0.001236187945550693,0.2466679130817422,0.3287188251246,structure,structure
Llama-3.2-3B (spanish-mx),culture/llama3_2_3b/spanish-mx,culture/llama3_2_3b/base,llama3_2_3b,Llama-3.2-3B,spanish-mx,fa,1,employment,Homemaker,4,72,0.2077141270238632,0.08357936682212048,0.6241318350595247,0.04452568734313478,0.1629643391835855,0.7922858729761368,0.6241318350595247,0.05022836285786765,0.8370356608164145,0.0,0.0,0.21166005761944529,0.07589999053811355,0.5639597886564565,0.05847916946040023,0.16614653063557921,0.7883399423805547,0.5639597886564565,0.06150837303990816,0.8338534693644208,0.0,0.0,False,False,-0.003945930595582098,0.007679376284006931,0.06017204640306828,-0.01395348211726545,-0.003182191451993721,0.0039459305955821256,0.06017204640306828,-0.011280010182040508,0.00318219145199361,0.0,0.0,structure,structure
Llama-3.2-3B (spanish-mx),culture/llama3_2_3b/spanish-mx,culture/llama3_2_3b/base,llama3_2_3b,Llama-3.2-3B,spanish-mx,fa,1,employment,Retired,4,147,0.2273626570262191,0.09095471253510286,0.6925615297790757,0.044211534717940745,0.18701513341775985,0.772637342973781,0.6736109591779886,0.044211534717940745,0.8129848665822401,0.2576780292140117,0.34237241443041255,0.2135893292448895,0.09230822021685511,0.7102037243743029,0.07596218694849871,0.1822911962492877,0.7864106707551105,0.7102037243743029,0.07596218694849871,0.8177088037507123,0.2464071324790297,0.33168771404277,False,False,0.013773327781329614,-0.0013535076817522557,-0.0176421945952272,-0.031750652230557966,0.004723937168472164,-0.013773327781329558,-0.03659276519631427,-0.031750652230557966,-0.004723937168472192,0.011270896734981967,0.010684700387642576,structure,structure
Llama-3.2-3B (spanish-mx),culture/llama3_2_3b/spanish-mx,culture/llama3_2_3b/base,llama3_2_3b,Llama-3.2-3B,spanish-mx,fa,1,employment,Student,4,35,0.2346180081612808,0.07746754051101881,0.6940243049257386,0.007286086730024659,0.21566738256469037,0.7653819918387191,0.6940243049257386,0.04348007133388643,0.7843326174353097,0.0,0.0,0.21102915810570017,0.08023085346144905,0.7144878241671007,-0.011411339619898389,0.18356148954150578,0.7889708418942998,0.7144878241671007,0.033556567696740584,0.8164385104584941,0.0,0.0,False,False,0.023588850055580646,-0.0027633129504302384,-0.020463519241362027,0.01869742634992305,0.03210589302318459,-0.023588850055580646,-0.020463519241362027,0.009923503637145843,-0.03210589302318445,0.0,0.0,structure,structure
Llama-3.2-3B (spanish-mx),culture/llama3_2_3b/spanish-mx,culture/llama3_2_3b/base,llama3_2_3b,Llama-3.2-3B,spanish-mx,fa,1,employment,Unemployed,4,31,0.23169081779932016,0.10606317519466599,0.8168145208733899,0.058765944074469015,0.19567467120868473,0.7683091822006798,0.6551557742146432,0.058765944074469015,0.8043253287913152,0.2959952865463971,0.3788956639682064,0.22289219344989442,0.09873221244508616,0.7360477825221082,0.07132571317161283,0.17750036011567577,0.7771078065501056,0.7360477825221082,0.07132571317161283,0.8224996398843243,0.33953784340782917,0.4224170541571671,False,False,0.008798624349425743,0.007330962749579825,0.08076673835128168,-0.01255976909714382,0.01817431109300896,-0.008798624349425799,-0.08089200830746501,-0.01255976909714382,-0.018174311093009043,-0.04354255686143205,-0.04352139018896073,structure,structure
Llama-3.2-3B (spanish-mx),culture/llama3_2_3b/spanish-mx,culture/llama3_2_3b/base,llama3_2_3b,Llama-3.2-3B,spanish-mx,fa,1,employment,Working,4,349,0.23734574007769416,0.07694817524692477,0.5719510028785842,0.037352621745514444,0.20861103929628255,0.7626542599223058,0.5719510028785842,0.037352621745514444,0.7913889607037174,0.23713118254280333,0.3191449674295824,0.24582688142228987,0.08638543007328134,0.6471982486908395,0.04749482496025992,0.21868343918448077,0.7541731185777102,0.6471982486908395,0.05151928303826981,0.7813165608155193,0.0,0.0,False,False,-0.00848114134459571,-0.009437254826356573,-0.07524724581225528,-0.010142203214745474,-0.010072399888198219,0.008481141344595655,-0.07524724581225528,-0.014166661292755366,0.010072399888198191,0.23713118254280333,0.3191449674295824,structure,structure
Llama-3.2-3B (spanish-mx),culture/llama3_2_3b/spanish-mx,culture/llama3_2_3b/base,llama3_2_3b,Llama-3.2-3B,spanish-mx,fa,1,marital_status,Cohabiting,4,37,0.24282304188233594,0.08949828174572422,0.5818224042014568,0.08212133076510769,0.20479091777630495,0.7571769581176641,0.5818224042014568,0.08212133076510769,0.795209082223695,0.3218519721095226,0.40210223568185266,0.22989194454382872,0.07938515949492081,0.532097560378758,0.08311918797042636,0.18915398806772915,0.7701080554561712,0.532097560378758,0.0924243397959418,0.8108460119322709,0.0,0.0,False,False,0.012931097338507225,0.010113122250803408,0.04972484382269882,-0.0009978572053186696,0.015636929708575803,-0.01293109733850717,0.04972484382269882,-0.010303009030834115,-0.015636929708575886,0.3218519721095226,0.40210223568185266,structure,structure
Llama-3.2-3B (spanish-mx),culture/llama3_2_3b/spanish-mx,culture/llama3_2_3b/base,llama3_2_3b,Llama-3.2-3B,spanish-mx,fa,1,marital_status,Divorced or separated,4,68,0.2393977043101241,0.08813610842712245,0.7034793212730571,0.0833898338683513,0.20353666292221279,0.7606022956898759,0.7034793212730571,0.0833898338683513,0.7964633370777873,0.34513261635619696,0.4236216997379533,0.21184418807803182,0.08540344351823481,0.6865403984795332,0.07601162533376099,0.18459497372693262,0.7881558119219682,0.6865403984795332,0.07601162533376099,0.8154050262730674,0.3342911341131737,0.4166916981037823,False,False,0.02755351623209229,0.0027326649088876415,0.016938922793523936,0.007378208534590314,0.018941689195280165,-0.027553516232092234,0.016938922793523936,0.007378208534590314,-0.018941689195280165,0.010841482243023282,0.006930001634170957,structure,structure
Llama-3.2-3B (spanish-mx),culture/llama3_2_3b/spanish-mx,culture/llama3_2_3b/base,llama3_2_3b,Llama-3.2-3B,spanish-mx,fa,1,marital_status,Married,4,342,0.22499191072441965,0.08154463240670135,0.6050140381376425,0.04993947515867089,0.18543897380151064,0.7750080892755803,0.6050140381376425,0.04993947515867089,0.8145610261984894,0.2777294584946606,0.36217780132905836,0.2454967909981789,0.07801435066780334,0.5844747172517446,0.062133580559291184,0.21652420798421051,0.7545032090018211,0.5844747172517446,0.062133580559291184,0.7834757920157894,0.2873828661225446,0.3674945591096622,False,False,-0.02050488027375924,0.0035302817388980084,0.020539320885897938,-0.01219410540062029,-0.031085234182699872,0.020504880273759185,0.020539320885897938,-0.01219410540062029,0.031085234182699928,-0.009653407627884025,-0.005316757780603865,structure,structure
Llama-3.2-3B (spanish-mx),culture/llama3_2_3b/spanish-mx,culture/llama3_2_3b/base,llama3_2_3b,Llama-3.2-3B,spanish-mx,fa,1,marital_status,Single,4,131,0.23827695873305332,0.08695161420086917,0.7181623334560179,0.03884767399857634,0.20885545270687333,0.7617230412669467,0.7077704358511838,0.03884767399857634,0.7911445472931267,0.260113180145245,0.342217115564199,0.2217167856205528,0.08258564286885516,0.681481476301556,0.03665166724012856,0.1925813293539954,0.7782832143794473,0.681481476301556,0.03665166724012856,0.8074186706460046,0.25737139865488623,0.3415206500969827,False,False,0.01656017311250052,0.00436597133201401,0.0366808571544619,0.002196006758447777,0.016274123352877923,-0.016560173112500576,0.026288959549627844,0.002196006758447777,-0.016274123352877923,0.0027417814903587523,0.0006964654672163006,structure,structure
Llama-3.2-3B (spanish-mx),culture/llama3_2_3b/spanish-mx,culture/llama3_2_3b/base,llama3_2_3b,Llama-3.2-3B,spanish-mx,fa,1,marital_status,Widowed,4,61,0.23681522060290489,0.09158205286916843,0.6920085235378701,0.0728838199061845,0.19313930182425462,0.7631847793970952,0.6658336734325391,0.0728838199061845,0.8068606981757454,0.3249491563787238,0.40669889217827465,0.1998636247652374,0.07949826789196726,0.5999617795784606,0.0783459640698711,0.1556069139895716,0.8001363752347626,0.5999617795784606,0.0783459640698711,0.8443930860104284,0.32399611129069694,0.41116584585851973,False,False,0.036951595837667495,0.012083784977201167,0.09204674395940948,-0.005462144163686594,0.03753238783468302,-0.036951595837667384,0.06587189385407843,-0.005462144163686594,-0.037532387834683045,0.0009530450880268493,-0.004466953680245078,structure,structure
Llama-3.2-3B (spanish-mx),culture/llama3_2_3b/spanish-mx,culture/llama3_2_3b/base,llama3_2_3b,Llama-3.2-3B,spanish-mx,fa,1,population,every retained cell,4,639,0.23143215948797036,0.08813628911239516,0.648381024999746,0.050955024630380374,0.193582319299685,0.7685678405120296,0.648381024999746,0.050955024630380374,0.8064176807003149,0.2811778191526352,0.3646321155956265,0.23167790187916526,0.09460978546302086,0.6967340948427161,0.05644746297139834,0.20019637009817245,0.7683220981208347,0.6967340948427161,0.059543390833426635,0.7998036299018276,0.0,0.0,False,False,-0.00024574239119490304,-0.006473496350625704,-0.04835306984297005,-0.005492438341017966,-0.006614050798487453,0.00024574239119490304,-0.04835306984297005,-0.00858836620304626,0.006614050798487314,0.2811778191526352,0.3646321155956265,structure,structure
Llama-3.2-3B (spanish-mx),culture/llama3_2_3b/spanish-mx,culture/llama3_2_3b/base,llama3_2_3b,Llama-3.2-3B,spanish-mx,fa,1,sex,Female,4,349,0.23024393486116407,0.09114844324700361,0.6605738539433339,0.05590078288725155,0.18886346417886063,0.7697560651388359,0.6605738539433339,0.05590078288725155,0.8111365358211394,0.2815139827168416,0.36567185322211465,0.21755783088545871,0.0941290395309923,0.6845517352192244,0.058998966908123764,0.18358333453038095,0.7824421691145413,0.6845517352192244,0.06268491858215008,0.8164166654696191,0.0,0.0,False,False,0.012686103975705354,-0.0029805962839886957,-0.02397788127589051,-0.0030981840208722106,0.005280129648479681,-0.012686103975705465,-0.02397788127589051,-0.006784135694898531,-0.005280129648479681,0.2815139827168416,0.36567185322211465,structure,structure
Llama-3.2-3B (spanish-mx),culture/llama3_2_3b/spanish-mx,culture/llama3_2_3b/base,llama3_2_3b,Llama-3.2-3B,spanish-mx,fa,1,sex,Male,4,290,0.23284179295937973,0.07933787963322342,0.6031990870466895,0.05166684506831253,0.2019655808520131,0.7671582070406202,0.6031990870466895,0.05166684506831253,0.7980344191479869,0.2595640038927033,0.3421200449720266,0.248541086592919,0.08958939087247089,0.6797674580145718,0.05673994120713979,0.22004260729256142,0.751458913407081,0.6797674580145718,0.058186210196502615,0.7799573927074386,0.0,0.0,False,False,-0.01569929363353928,-0.010251511239247474,-0.07656837096788238,-0.005073096138827254,-0.018077026440548316,0.01569929363353917,-0.07656837096788238,-0.006519365128190083,0.018077026440548316,0.2595640038927033,0.3421200449720266,structure,structure
Llama-3.2-3B (spanish-mx),culture/llama3_2_3b/spanish-mx,culture/llama3_2_3b/base,llama3_2_3b,Llama-3.2-3B,spanish-mx,fa,1,wave,1995-1997,4,221,0.23498434442604668,0.08795675846264317,0.6893552880744821,0.03615616409171972,0.20421646417702033,0.7650156555739533,0.6617001509620494,0.03615616409171972,0.7957835358229797,0.2506179085361066,0.33327628997290754,0.23669638088143458,0.09471551428408484,0.7258501159220108,0.055070061227113665,0.2036037654669733,0.7633036191185655,0.7258501159220108,0.055996002952279265,0.7963962345330267,0.0,0.0,False,False,-0.0017120364553878942,-0.00675875582144167,-0.036494827847528666,-0.018913897135393945,0.000612698710047016,0.0017120364553878664,-0.06414996495996139,-0.019839838860559546,-0.0006126987100469883,0.2506179085361066,0.33327628997290754,structure,structure
Llama-3.2-3B (spanish-mx),culture/llama3_2_3b/spanish-mx,culture/llama3_2_3b/base,llama3_2_3b,Llama-3.2-3B,spanish-mx,fa,1,wave,2005-2006,4,173,0.23109107192327238,0.08761565862882457,0.6424244601902811,0.08006235590598147,0.1922471649058666,0.7689089280767276,0.6424244601902811,0.08006235590598147,0.8077528350941334,0.31718809408162163,0.39939898615733255,0.23172752505214889,0.09379430821019885,0.6836726692950251,0.07669924966943202,0.19847829670457257,0.7682724749478511,0.6836726692950251,0.07862712023288838,0.8015217032954274,0.0,0.0,False,False,-0.0006364531288765019,-0.0061786495813742764,-0.04124820910474403,0.0033631062365494513,-0.006231131798705963,0.0006364531288765019,-0.04124820910474403,0.0014352356730930882,0.006231131798706047,0.31718809408162163,0.39939898615733255,structure,structure
Llama-3.2-3B (spanish-mx),culture/llama3_2_3b/spanish-mx,culture/llama3_2_3b/base,llama3_2_3b,Llama-3.2-3B,spanish-mx,fa,1,wave,2017-2018,4,245,0.22887978523114674,0.08820859504033131,0.668025109664649,0.05014259803354222,0.19177116007811304,0.7711202147688533,0.6592475146091031,0.05014259803354222,0.8082288399218869,0.2813665351079466,0.36503594064408496,0.22770788717193613,0.09580155028782292,0.7368008669477055,0.05202910098715568,0.2009623204251336,0.7722921128280639,0.6648251487996044,0.05432868680488609,0.7990376795748664,0.0,0.0,False,False,0.0011718980592106132,-0.007592955247491609,-0.06877575728305652,-0.0018865029536134573,-0.009191160347020555,-0.0011718980592105854,-0.005577634190501279,-0.004186088771343868,0.0091911603470205,0.2813665351079466,0.36503594064408496,structure,structure
Llama-3.2-3B (spanish-mx),culture/llama3_2_3b/spanish-mx,culture/llama3_2_3b/base,llama3_2_3b,Llama-3.2-3B,spanish-mx,ntp,1,age,25-34,4,149,0.2128408171313371,0.042930892753208674,0.3119959059251572,0.06739496262032756,0.1829010365580336,0.7871591828686629,0.3119959059251572,0.06739496262032756,0.8170989634419664,0.20259774325220417,0.2863248562773968,0.21013645430314876,0.042567892366023874,0.3099508749129687,0.04462046814286338,0.18475650286491202,0.7898635456968512,0.3099508749129687,0.052519808100607815,0.8152434971350879,0.0,0.0,False,False,0.002704362828188339,0.0003630003871848003,0.002045031012188503,0.02277449447746418,-0.0018554663068784116,-0.0027043628281883114,0.002045031012188503,0.014875154519719741,0.001855466306878495,0.20259774325220417,0.2863248562773968,structure,structure
Llama-3.2-3B (spanish-mx),culture/llama3_2_3b/spanish-mx,culture/llama3_2_3b/base,llama3_2_3b,Llama-3.2-3B,spanish-mx,ntp,1,age,35-44,4,104,0.21326520171098506,0.04558734842666344,0.31668843152155113,0.08519126682324485,0.18145300006455106,0.7867347982890149,0.31668843152155113,0.08519126682324485,0.818546999935449,0.23160391929608493,0.3166658757747135,0.21500657767510578,0.051861631788431284,0.36371802748644316,0.09360541684330992,0.19038493385108055,0.7849934223248942,0.36371802748644316,0.09739445434210357,0.8096150661489194,0.0,0.0,False,False,-0.0017413759641207172,-0.006274283361767843,-0.047029595964892035,-0.00841415002006507,-0.008931933786529483,0.0017413759641207172,-0.047029595964892035,-0.012203187518858724,0.008931933786529567,0.23160391929608493,0.3166658757747135,structure,structure
Llama-3.2-3B (spanish-mx),culture/llama3_2_3b/spanish-mx,culture/llama3_2_3b/base,llama3_2_3b,Llama-3.2-3B,spanish-mx,ntp,1,age,45-54,4,108,0.20945205691716462,0.04807134644902884,0.3287709574485985,0.10746920011665301,0.17388867541518732,0.7905479430828354,0.3287709574485985,0.10746920011665301,0.8261113245848126,0.27472853471866304,0.36087003729612543,0.21128323850029107,0.056944832012266314,0.39073907125912133,0.11927863866308885,0.1843948003115526,0.7887167614997089,0.39073907125912133,0.1256307133589571,0.8156051996884475,0.0,0.0,False,False,-0.001831181583126451,-0.008873485563237471,-0.06196811381052281,-0.011809438546435846,-0.010506124896365265,0.001831181583126451,-0.06196811381052281,-0.018161513242304084,0.010506124896365154,0.27472853471866304,0.36087003729612543,structure,structure
Llama-3.2-3B (spanish-mx),culture/llama3_2_3b/spanish-mx,culture/llama3_2_3b/base,llama3_2_3b,Llama-3.2-3B,spanish-mx,ntp,1,age,55-64,4,92,0.2102865272233509,0.04873277854213373,0.3338225664016745,0.07210013334563473,0.17465668254116223,0.7897134727766492,0.3338225664016745,0.07577242490993372,0.8253433174588378,0.0,0.0,0.2104761367101221,0.051727577785228004,0.3623425905862921,0.1253066033613107,0.18444322320813,0.7895238632898779,0.3623425905862921,0.13203403236268305,0.81555677679187,0.0,0.0,False,False,-0.00018960948677121392,-0.0029947992430942733,-0.028520024184617576,-0.053206470015675966,-0.009786540666967769,0.00018960948677126943,-0.028520024184617576,-0.05626160745274933,0.009786540666967825,0.0,0.0,structure,structure
Llama-3.2-3B (spanish-mx),culture/llama3_2_3b/spanish-mx,culture/llama3_2_3b/base,llama3_2_3b,Llama-3.2-3B,spanish-mx,ntp,1,age,65-74,4,83,0.20106801541473346,0.048350103593234314,0.329891090729003,0.11460243539362623,0.16047224605182314,0.7989319845852665,0.329891090729003,0.11460243539362623,0.8395277539481768,0.2888519819928516,0.37654932058924,0.1892708654712947,0.0485873359469703,0.3376658702623514,0.13150127030587277,0.1580098379855606,0.8107291345287053,0.3376658702623514,0.13150127030587277,0.8419901620144394,0.2890282371977224,0.3771796879407585,False,False,0.01179714994343875,-0.00023723235373598883,-0.007774779533348375,-0.016898834912246544,0.0024624080662625503,-0.011797149943438834,-0.007774779533348375,-0.016898834912246544,-0.0024624080662626335,-0.00017625520487080104,-0.0006303673515185015,structure,structure
Llama-3.2-3B (spanish-mx),culture/llama3_2_3b/spanish-mx,culture/llama3_2_3b/base,llama3_2_3b,Llama-3.2-3B,spanish-mx,ntp,1,age,75+,4,28,0.18705033940471386,0.056943880131917,0.43193027959905994,0.08046089636706262,0.1599079221436187,0.8129496605952862,0.43193027959905994,0.08143391518161115,0.8400920778563813,0.0,0.0,0.1751357836246953,0.062254804496798696,0.48517946718927996,0.17133728166012524,0.15618518634586304,0.8248642163753047,0.48517946718927996,0.17133728166012524,0.8438148136541369,0.29539632141844174,0.3837564297589146,False,False,0.011914555780018543,-0.005310924364881696,-0.053249187590220015,-0.09087638529306262,0.003722735797755672,-0.011914555780018543,-0.053249187590220015,-0.08990336647851409,-0.0037227357977556164,-0.29539632141844174,-0.3837564297589146,structure,structure
Llama-3.2-3B (spanish-mx),culture/llama3_2_3b/spanish-mx,culture/llama3_2_3b/base,llama3_2_3b,Llama-3.2-3B,spanish-mx,ntp,1,age,<25,4,73,0.20911734265196436,0.046515431327814535,0.3955177671158941,0.03490958117779978,0.1871148789491422,0.7908826573480356,0.3955177671158941,0.040665984666535385,0.8128851210508579,0.0,0.0,0.19995304898244412,0.0320407945912243,0.26432177975913007,0.05436370729213002,0.1754044328808803,0.8000469510175559,0.26432177975913007,0.05436370729213002,0.8245955671191197,0.15310597047273747,0.23274917807315662,False,False,0.009164293669520235,0.014474636736590232,0.13119598735676402,-0.019454126114330242,0.011710446068261882,-0.009164293669520207,0.13119598735676402,-0.013697722625594634,-0.011710446068261882,-0.15310597047273747,-0.23274917807315662,structure,structure
Llama-3.2-3B (spanish-mx),culture/llama3_2_3b/spanish-mx,culture/llama3_2_3b/base,llama3_2_3b,Llama-3.2-3B,spanish-mx,ntp,1,country,Australia,4,136,0.19614528503568465,0.03392509703149714,0.39067076356990826,0.04637512186544136,0.152672473333882,0.8038547149643154,0.39067076356990826,0.05007915815771406,0.847327526666118,0.0,0.0,0.20513379926902112,0.05280096235014529,0.5876312315308754,0.10894011943277784,0.19243269783153177,0.7948662007309788,0.5488738504508206,0.10894011943277784,0.8075673021684682,0.2744260801462361,0.35797200304211946,False,False,-0.008988514233336464,-0.018875865318648148,-0.1969604679609671,-0.06256499756733648,-0.039760224497649765,0.008988514233336575,-0.15820308688091234,-0.05886096127506378,0.03976022449764982,-0.2744260801462361,-0.35797200304211946,structure,structure
Llama-3.2-3B (spanish-mx),culture/llama3_2_3b/spanish-mx,culture/llama3_2_3b/base,llama3_2_3b,Llama-3.2-3B,spanish-mx,ntp,1,country,Germany,4,144,0.23716826325182705,0.038133119625446896,0.36899341345487796,0.07717741324334067,0.23168128800324672,0.762831736748173,0.36899341345487796,0.07717741324334067,0.7683187119967533,0.15198140990320022,0.22724311465299107,0.21296500495028722,0.052177586499934925,0.4969433476186209,0.11837726199522881,0.20410926511296992,0.7870349950497127,0.4968856780189916,0.11872439867424638,0.7958907348870301,0.0,0.0,False,False,0.024203258301539826,-0.014044466874488029,-0.12794993416374295,-0.041199848751888146,0.0275720228902768,-0.0242032583015398,-0.12789226456411362,-0.04154698543090571,-0.027572022890276826,0.15198140990320022,0.22724311465299107,structure,structure
Llama-3.2-3B (spanish-mx),culture/llama3_2_3b/spanish-mx,culture/llama3_2_3b/base,llama3_2_3b,Llama-3.2-3B,spanish-mx,ntp,1,country,Mexico,4,131,0.18797606996539878,0.04003741249422224,0.42518592541682126,0.04304910432257942,0.1585229429674829,0.8120239300346013,0.42518592541682126,0.043727665816093074,0.8414770570325171,0.0,0.0,0.19595848863927764,0.047079794155408444,0.5002078139180582,0.036726709736470006,0.16378066328086655,0.8040415113607223,0.5002078139180582,0.0561252582287517,0.8362193367191335,0.0,0.0,False,False,-0.00798241867387886,-0.007042381661186203,-0.07502188850123698,0.006322394586109413,-0.005257720313383646,0.007982418673878944,-0.07502188850123698,-0.012397592412658628,0.005257720313383563,0.0,0.0,structure,structure
Llama-3.2-3B (spanish-mx),culture/llama3_2_3b/spanish-mx,culture/llama3_2_3b/base,llama3_2_3b,Llama-3.2-3B,spanish-mx,ntp,1,country,Russia,4,88,0.2616967532301835,0.04143616249231871,0.4639690679911615,0.0636893518902775,0.24449446864224178,0.7383032467698165,0.4639690679911615,0.0636893518902775,0.7555055313577582,0.2406639264410338,0.3188016023313249,0.2528247828471182,0.04802269183517743,0.5134463783998396,0.06403211077129992,0.23271755901486008,0.7471752171528818,0.5134463783998396,0.06403211077129992,0.7672824409851399,0.23647008087164526,0.31617880896715583,False,False,0.008871970383065308,-0.006586529342858721,-0.04947731040867814,-0.00034275888102242025,0.011776909627381704,-0.008871970383065308,-0.04947731040867814,-0.00034275888102242025,-0.011776909627381649,0.004193845569388538,0.0026227933641690404,structure,structure
Llama-3.2-3B (spanish-mx),culture/llama3_2_3b/spanish-mx,culture/llama3_2_3b/base,llama3_2_3b,Llama-3.2-3B,spanish-mx,ntp,1,country,United States,4,140,0.16074894392418604,0.035266808247364105,0.3487532128050077,0.037334650698949715,0.14117639758406794,0.839251056075814,0.3487532128050077,0.037334650698949715,0.8588236024159321,0.1908531384454415,0.27764874282234736,0.1639883296173547,0.05315147796248937,0.5243149150393599,0.06649982451083013,0.14492274370576907,0.8360116703826453,0.47929147811538964,0.06649982451083013,0.8550772562942309,0.26761059583360475,0.3573963651775586,False,False,-0.0032393856931686726,-0.017884669715125263,-0.1755617022343522,-0.029165173811880413,-0.003746346121701133,0.003239385693168617,-0.13053826531038193,-0.029165173811880413,0.003746346121701216,-0.07675745738816325,-0.07974762235521121,structure,structure
Llama-3.2-3B (spanish-mx),culture/llama3_2_3b/spanish-mx,culture/llama3_2_3b/base,llama3_2_3b,Llama-3.2-3B,spanish-mx,ntp,1,education,High,4,245,0.19952424076759726,0.04623286319907453,0.3305587440813209,0.0214336435228304,0.16391154279987044,0.8004757592324028,0.3305587440813209,0.028347340614231827,0.8360884572001296,0.0,0.0,0.19598759192640972,0.05032669682287759,0.3751683881573413,0.030317604849974127,0.17132763753430827,0.8040124080735903,0.3751683881573413,0.03734852163030301,0.8286723624656918,0.0,0.0,False,False,0.0035366488411875396,-0.004093833623803063,-0.044609644076020416,-0.008883961327143728,-0.007416094734437828,-0.0035366488411875396,-0.044609644076020416,-0.00900118101607118,0.007416094734437828,0.0,0.0,structure,structure
Llama-3.2-3B (spanish-mx),culture/llama3_2_3b/spanish-mx,culture/llama3_2_3b/base,llama3_2_3b,Llama-3.2-3B,spanish-mx,ntp,1,education,Low,4,51,0.19997662542580294,0.03983858615626418,0.30942868715458693,0.10060762246697136,0.15102904197039563,0.800023374574197,0.30942868715458693,0.10344883598233394,0.8489709580296043,0.0,0.0,0.20829373384455835,0.05098898347292191,0.3769234784624239,0.0719936218620384,0.160097892892074,0.7917062661554417,0.3769234784624239,0.08181429977910697,0.839902107107926,0.0,0.0,False,False,-0.008317108418755409,-0.011150397316657734,-0.06749479130783698,0.02861400060493295,-0.009068850921678362,0.008317108418755326,-0.06749479130783698,0.021634536203226973,0.009068850921678306,0.0,0.0,structure,structure
Llama-3.2-3B (spanish-mx),culture/llama3_2_3b/spanish-mx,culture/llama3_2_3b/base,llama3_2_3b,Llama-3.2-3B,spanish-mx,ntp,1,education,Middle,4,343,0.21686540739995408,0.04877222063003714,0.38329724690056555,0.025307107152815325,0.19181842256419723,0.7831345926000459,0.38329724690056555,0.029993549231565355,0.8081815774358028,0.0,0.0,0.21263058260917378,0.05075710377716866,0.38846862084777606,0.038957138099005605,0.18968052367195115,0.7873694173908262,0.38846862084777606,0.04436903461537892,0.8103194763280489,0.0,0.0,False,False,0.0042348247907803005,-0.001984883147131522,-0.005171373947210511,-0.01365003094619028,0.0021378988922460818,-0.0042348247907803005,-0.005171373947210511,-0.014375485383813568,-0.0021378988922461373,0.0,0.0,structure,structure
Llama-3.2-3B (spanish-mx),culture/llama3_2_3b/spanish-mx,culture/llama3_2_3b/base,llama3_2_3b,Llama-3.2-3B,spanish-mx,ntp,1,employment,Homemaker,4,72,0.19548236865953417,0.03899099821071904,0.29304144468174076,0.12620649928378216,0.15645210772399842,0.8045176313404658,0.29304144468174076,0.12620649928378216,0.8435478922760016,0.2419285614953951,0.33001286203685204,0.19340115697764057,0.022944029171724084,0.1717157175796997,0.13327599815978375,0.1514130014164266,0.8065988430223594,0.1717157175796997,0.13327599815978375,0.8485869985835734,0.2290495706894927,0.31704177074723716,False,False,0.0020812116818935966,0.016046969038994954,0.12132572710204106,-0.007069498876001584,0.005039106307571817,-0.002081211681893569,0.12132572710204106,-0.007069498876001584,-0.005039106307571872,0.012878990805902407,0.012971091289614878,structure,structure
Llama-3.2-3B (spanish-mx),culture/llama3_2_3b/spanish-mx,culture/llama3_2_3b/base,llama3_2_3b,Llama-3.2-3B,spanish-mx,ntp,1,employment,Retired,4,147,0.20473566710963048,0.04809547480326389,0.35307676887304773,0.08631025851835843,0.1723238664798721,0.7952643328903695,0.35307676887304773,0.08631025851835843,0.8276761335201279,0.25491407082237294,0.3414758328041353,0.19286793875035363,0.04609313467827872,0.34236914945818325,0.10203352056207898,0.17006126757170037,0.8071320612496463,0.34236914945818325,0.10203352056207898,0.8299387324282996,0.2557051496404869,0.3427300844003217,False,False,0.011867728359276852,0.0020023401249851733,0.010707619414864478,-0.015723262043720557,0.002262598908171737,-0.011867728359276852,0.010707619414864478,-0.015723262043720557,-0.002262598908171709,-0.0007910788181139661,-0.0012542515961864176,structure,structure
Llama-3.2-3B (spanish-mx),culture/llama3_2_3b/spanish-mx,culture/llama3_2_3b/base,llama3_2_3b,Llama-3.2-3B,spanish-mx,ntp,1,employment,Student,4,35,0.21257695715109348,0.04433004816767759,0.3962965041769392,0.0059103278554918336,0.1942406702549962,0.7874230428489065,0.3962965041769392,0.030947451526176856,0.8057593297450039,0.0,0.0,0.19829282519995184,0.02085114175645998,0.18043095187609126,0.03982223997595761,0.17680287234857128,0.8017071748000482,0.18043095187609126,0.07793639429200977,0.8231971276514287,0.0,0.0,False,False,0.014284131951141643,0.02347890641121761,0.21586555230084792,-0.03391191212046578,0.017437797906424912,-0.014284131951141643,0.21586555230084792,-0.04698894276583292,-0.017437797906424857,0.0,0.0,structure,structure
Llama-3.2-3B (spanish-mx),culture/llama3_2_3b/spanish-mx,culture/llama3_2_3b/base,llama3_2_3b,Llama-3.2-3B,spanish-mx,ntp,1,employment,Unemployed,4,31,0.21053317806029564,0.04107396685081469,0.32108514292888257,0.05436272625002138,0.18215706656791475,0.7894668219397044,0.32108514292888257,0.07662075102551263,0.8178429334320853,0.0,0.0,0.20330324043373746,0.027049174550343988,0.1911501362340857,0.09097071985994472,0.16996497041303135,0.7966967595662625,0.1911501362340857,0.10186545719838339,0.8300350295869687,0.0,0.0,False,False,0.007229937626558186,0.014024792300470705,0.12993500669479688,-0.03660799360992334,0.012192096154883397,-0.007229937626558103,0.12993500669479688,-0.02524470617287075,-0.01219209615488348,0.0,0.0,structure,structure
Llama-3.2-3B (spanish-mx),culture/llama3_2_3b/spanish-mx,culture/llama3_2_3b/base,llama3_2_3b,Llama-3.2-3B,spanish-mx,ntp,1,employment,Working,4,349,0.21252281232371406,0.03892776127128805,0.2808424027312735,0.07120794942978963,0.18253124320052894,0.7874771876762859,0.2808424027312735,0.07135140944159574,0.8174687567994711,0.0,0.0,0.21453574491352517,0.04765846384060736,0.3510681128571181,0.08077146154364823,0.19256299736206328,0.7854642550864749,0.3510681128571181,0.0845907152973074,0.8074370026379367,0.0,0.0,False,False,-0.0020129325898111117,-0.008730702569319307,-0.07022571012584461,-0.0095635121138586,-0.010031754161534345,0.002012932589811056,-0.07022571012584461,-0.013239305855711661,0.010031754161534345,0.0,0.0,structure,structure
Llama-3.2-3B (spanish-mx),culture/llama3_2_3b/spanish-mx,culture/llama3_2_3b/base,llama3_2_3b,Llama-3.2-3B,spanish-mx,ntp,1,marital_status,Cohabiting,4,37,0.22133301691087995,0.03931755696376063,0.24991981739402475,0.1700771183286246,0.18770978237584057,0.7786669830891201,0.24991981739402475,0.17574268629506853,0.8122902176241593,0.0,0.0,0.20941957598033137,0.024669365188677815,0.16862059193082943,0.14599932297471022,0.17117051532517086,0.7905804240196685,0.16862059193082943,0.14673902616881612,0.8288294846748291,0.0,0.0,False,False,0.01191344093054858,0.014648191775082815,0.08129922546319532,0.024077795353914383,0.016539267050669715,-0.011913440930548469,0.08129922546319532,0.029003660126252412,-0.01653926705066977,0.0,0.0,structure,structure
Llama-3.2-3B (spanish-mx),culture/llama3_2_3b/spanish-mx,culture/llama3_2_3b/base,llama3_2_3b,Llama-3.2-3B,spanish-mx,ntp,1,marital_status,Divorced or separated,4,68,0.22055629464012172,0.03861374865312121,0.2959356176900948,0.0749455481702554,0.19212079599045345,0.7794437053598783,0.2959356176900948,0.0749455481702554,0.8078792040095465,0.2277486165576948,0.3116733152656451,0.19948891315479442,0.02397487392361153,0.1882156202482655,0.11250341127097507,0.1773491008914046,0.8005110868452057,0.1882156202482655,0.11250341127097507,0.8226508991085955,0.2439105480007326,0.3300045275385942,False,False,0.021067381485327302,0.014638874729509681,0.10771999744182931,-0.03755786310071968,0.014771695099048854,-0.021067381485327386,0.10771999744182931,-0.03755786310071968,-0.014771695099048965,-0.01616193144303782,-0.018331212272949093,structure,structure
Llama-3.2-3B (spanish-mx),culture/llama3_2_3b/spanish-mx,culture/llama3_2_3b/base,llama3_2_3b,Llama-3.2-3B,spanish-mx,ntp,1,marital_status,Married,4,342,0.20371046038529983,0.04589666011429647,0.3319514888892219,0.09000320154742857,0.16762023937685874,0.7962895396147002,0.3319514888892219,0.09000320154742857,0.8323797606231412,0.2637683170716054,0.3506989672341638,0.21332378330488394,0.03987206370006968,0.29367796579548366,0.10574791564517017,0.18817541779186617,0.7866762166951161,0.29367796579548366,0.10574791564517017,0.8118245822081338,0.27019897750673066,0.3547617383773967,False,False,-0.00961332291958411,0.006024596414226785,0.038273523093738215,-0.0157447140977416,-0.020555178415007425,0.009613322919584055,0.038273523093738215,-0.0157447140977416,0.020555178415007425,-0.006430660435125246,-0.004062771143232891,structure,structure
Llama-3.2-3B (spanish-mx),culture/llama3_2_3b/spanish-mx,culture/llama3_2_3b/base,llama3_2_3b,Llama-3.2-3B,spanish-mx,ntp,1,marital_status,Single,4,131,0.2117948210978969,0.04055468201122249,0.3297062093008606,0.042163224354547064,0.18870817220044722,0.7882051789021031,0.3297062093008606,0.04688113226403548,0.8112918277995528,0.0,0.0,0.1996856021385753,0.02667198553516118,0.2181989414048143,0.04714005853164627,0.17603954331885158,0.8003143978614247,0.2181989414048143,0.05080648538631019,0.8239604566811485,0.0,0.0,False,False,0.0121092189593216,0.013882696476061308,0.11150726789604629,-0.004976834177099203,0.012668628881595645,-0.0121092189593216,0.11150726789604629,-0.003925353122274711,-0.0126686288815957,0.0,0.0,structure,structure
Llama-3.2-3B (spanish-mx),culture/llama3_2_3b/spanish-mx,culture/llama3_2_3b/base,llama3_2_3b,Llama-3.2-3B,spanish-mx,ntp,1,marital_status,Widowed,4,61,0.211096962188534,0.04338329295856046,0.32433827702413176,0.12692221662555397,0.17234424965384876,0.788903037811466,0.32433827702413176,0.12692221662555397,0.8276557503461512,0.28301041885717176,0.36941445590961536,0.18337728681070792,0.019754940932511768,0.14557359363918781,0.11742812655294953,0.14758187516760002,0.816622713189292,0.14557359363918781,0.11742812655294953,0.8524181248324,0.2272293072832024,0.3159982796405374,False,False,0.027719675377826075,0.02362835202604869,0.17876468338494395,0.009494090072604447,0.02476237448624874,-0.027719675377826047,0.17876468338494395,0.009494090072604447,-0.02476237448624874,0.055781111573969366,0.053416176269077964,structure,structure
Llama-3.2-3B (spanish-mx),culture/llama3_2_3b/spanish-mx,culture/llama3_2_3b/base,llama3_2_3b,Llama-3.2-3B,spanish-mx,ntp,1,population,every retained cell,4,639,0.20891627028951776,0.049167090594768266,0.35143625356638647,0.06341578124306532,0.17557462555097259,0.7910837297104822,0.35143625356638647,0.06341578124306532,0.8244253744490274,0.2161909669657843,0.3013841727197625,0.20590756619056444,0.05198109249074471,0.37566347048132726,0.07576324969483841,0.17921726158734352,0.7940924338094356,0.37566347048132726,0.08184943959472488,0.8207827384126565,0.0,0.0,False,False,0.0030087040989533187,-0.0028140018959764423,-0.024227216914940786,-0.012347468451773091,-0.0036426360363709387,-0.003008704098953374,-0.024227216914940786,-0.018433658351659554,0.0036426360363709387,0.2161909669657843,0.3013841727197625,structure,structure
Llama-3.2-3B (spanish-mx),culture/llama3_2_3b/spanish-mx,culture/llama3_2_3b/base,llama3_2_3b,Llama-3.2-3B,spanish-mx,ntp,1,sex,Female,4,349,0.20910811529376977,0.05000814540078412,0.352889512072948,0.08370379244542943,0.17173547115564303,0.7908918847062303,0.352889512072948,0.08370379244542943,0.828264528844357,0.23711742368683916,0.3235227346101034,0.19634384342531483,0.046777272417080636,0.33571965639998125,0.08374083886214054,0.16575560241520637,0.8036561565746851,0.33571965639998125,0.09037037926449572,0.8342443975847936,0.0,0.0,False,False,0.01276427186845494,0.0032308729837034825,0.01716985567296675,-3.7046416711108976e-05,0.005979868740436656,-0.012764271868454857,0.01716985567296675,-0.006666586819066289,-0.005979868740436656,0.23711742368683916,0.3235227346101034,structure,structure
Llama-3.2-3B (spanish-mx),culture/llama3_2_3b/spanish-mx,culture/llama3_2_3b/base,llama3_2_3b,Llama-3.2-3B,spanish-mx,ntp,1,sex,Male,4,290,0.2086742949087745,0.04145606535534141,0.306275723456917,0.05789803928769837,0.18030275461032458,0.7913257050912255,0.306275723456917,0.06046206001816007,0.8196972453896754,0.0,0.0,0.21732004749435418,0.05232876487104398,0.38805670531695396,0.0792775273755241,0.1957098269669332,0.7826799525056458,0.38805670531695396,0.08178328102946675,0.8042901730330668,0.0,0.0,False,False,-0.008645752585579675,-0.01087269951570257,-0.08178098186003696,-0.021379488087825728,-0.015407072356608625,0.008645752585579647,-0.08178098186003696,-0.02132122101130668,0.015407072356608542,0.0,0.0,structure,structure
Llama-3.2-3B (spanish-mx),culture/llama3_2_3b/spanish-mx,culture/llama3_2_3b/base,llama3_2_3b,Llama-3.2-3B,spanish-mx,ntp,1,wave,1995-1997,4,221,0.21145828600745165,0.04983224434824548,0.3737922852525533,0.05123908488494403,0.17866506696898732,0.7885417139925484,0.3737922852525533,0.05123908488494403,0.8213349330310127,0.22683247978979265,0.3120174914958937,0.2096338207397449,0.05162624185526671,0.3723968713042252,0.07295485275223026,0.18328394911335572,0.7903661792602551,0.3723968713042252,0.07553042282863552,0.8167160508866442,0.0,0.0,False,False,0.001824465267706743,-0.0017939975070212291,0.0013954139483280947,-0.021715767867286233,-0.004618882144368397,-0.001824465267706743,0.0013954139483280947,-0.02429133794369149,0.0046188821443684525,0.22683247978979265,0.3120174914958937,structure,structure
Llama-3.2-3B (spanish-mx),culture/llama3_2_3b/spanish-mx,culture/llama3_2_3b/base,llama3_2_3b,Llama-3.2-3B,spanish-mx,ntp,1,wave,2005-2006,4,173,0.2068698852874685,0.04855065737223392,0.35013991309090686,0.0997244144027131,0.17335310035996723,0.7931301147125315,0.35013991309090686,0.0997244144027131,0.8266468996400328,0.2384531583355445,0.32466836059828746,0.20499054133949246,0.051567627917053105,0.37082329680172604,0.09765057692767326,0.17560385725067773,0.7950094586605075,0.37082329680172604,0.10356109003974256,0.8243961427493223,0.0,0.0,False,False,0.0018793439479760365,-0.0030169705448191836,-0.02068338371081918,0.002073837475039836,-0.002250756890710498,-0.0018793439479760643,-0.02068338371081918,-0.0038366756370294686,0.0022507568907105258,0.2384531583355445,0.32466836059828746,structure,structure
Llama-3.2-3B (spanish-mx),culture/llama3_2_3b/spanish-mx,culture/llama3_2_3b/base,llama3_2_3b,Llama-3.2-3B,spanish-mx,ntp,1,wave,2017-2018,4,245,0.20873086750035874,0.048549302301228295,0.36003742633768326,0.05109070497377241,0.17591701070253418,0.7912691324996413,0.36003742633768326,0.051621499939907944,0.8240829892974658,0.0,0.0,0.20377303790413265,0.05291128801843364,0.4127353409429544,0.06477459582080328,0.1798793980196144,0.7962269620958673,0.4127353409429544,0.07286314999152219,0.8201206019803856,0.0,0.0,False,False,0.004957829596226093,-0.0043619857172053425,-0.05269791460527112,-0.013683890847030866,-0.003962387317080207,-0.004957829596226038,-0.05269791460527112,-0.02124165005161424,0.003962387317080207,0.0,0.0,structure,structure
Muse-Glimmer-30B (german),culture/muse_glimmer_30b/german,culture/muse_glimmer_30b/base,muse_glimmer_30b,Muse-Glimmer-30B,german,fa,1,age,25-34,4,149,0.20435054251922202,0.07872286097109493,0.5687667153258654,0.19182710660173197,0.18726588495274588,0.795649457480778,0.5687667153258654,0.19182710660173197,0.8127341150472541,0.4079330608543215,0.4835248591309954,0.1897850698964423,0.08402364172790425,0.6022008289309848,0.1392991291866193,0.16299978189265005,0.8102149301035577,0.6022008289309848,0.1392991291866193,0.8370002181073499,0.3638265941609985,0.44709543833642756,False,False,0.014565472622779713,-0.005300780756809315,-0.03343411360511939,0.05252797741511267,0.02426610306009583,-0.01456547262277974,-0.03343411360511939,0.05252797741511267,-0.0242661030600958,0.04410646669332302,0.036429420794567846,structure,structure
Muse-Glimmer-30B (german),culture/muse_glimmer_30b/german,culture/muse_glimmer_30b/base,muse_glimmer_30b,Muse-Glimmer-30B,german,fa,1,age,35-44,4,104,0.2060404873037363,0.082605233917733,0.586021298776149,0.2347803455388529,0.18843851524302246,0.7939595126962637,0.586021298776149,0.2347803455388529,0.8115614847569775,0.44258685104074047,0.5137555938495291,0.19290619443923446,0.08795161411716189,0.6217745614742356,0.18999203479853366,0.16378275541874535,0.8070938055607656,0.6217745614742356,0.18999203479853366,0.8362172445812547,0.4151560340054004,0.4935350535680128,False,False,0.01313429286450185,-0.005346380199428888,-0.03575326269808665,0.04478831074031925,0.024655759824277118,-0.01313429286450185,-0.03575326269808665,0.04478831074031925,-0.024655759824277146,0.02743081703534006,0.020220540281516264,structure,structure
Muse-Glimmer-30B (german),culture/muse_glimmer_30b/german,culture/muse_glimmer_30b/base,muse_glimmer_30b,Muse-Glimmer-30B,german,fa,1,age,45-54,4,108,0.21063401224702297,0.08473802522951743,0.5970623464850475,0.26558093751776357,0.19651727123595622,0.7893659877529771,0.5970623464850475,0.26558093751776357,0.8034827287640438,0.47981062133735647,0.544668998615707,0.18652390694233217,0.08974843669308194,0.6249323459356105,0.22310604091431974,0.1624079128781296,0.8134760930576678,0.6249323459356105,0.22310604091431974,0.8375920871218704,0.4457796351163402,0.5210367884205395,False,False,0.024110105304690793,-0.0050104114635645125,-0.02786999945056301,0.042474896603443835,0.03410935835782661,-0.02411010530469071,-0.02786999945056301,0.042474896603443835,-0.03410935835782658,0.034030986221016246,0.02363221019516748,structure,structure
Muse-Glimmer-30B (german),culture/muse_glimmer_30b/german,culture/muse_glimmer_30b/base,muse_glimmer_30b,Muse-Glimmer-30B,german,fa,1,age,55-64,4,92,0.20513090253018748,0.09362198841634996,0.6386205526253845,0.19202253231457259,0.18734629300902572,0.7948690974698125,0.6386205526253845,0.19202253231457259,0.8126537069909743,0.43213408543411885,0.5050091691948685,0.18159106229954258,0.10362618945738329,0.698578585018631,0.12746106925955428,0.14632997673427686,0.8184089377004574,0.698578585018631,0.12746106925955428,0.853670023265723,0.37789519322499693,0.4625185083524489,False,False,0.0235398402306449,-0.010004201041033334,-0.059958032393246485,0.06456146305501831,0.04101631627474886,-0.023539840230644926,-0.059958032393246485,0.06456146305501831,-0.041016316274748776,0.054238892209121925,0.04249066084241959,structure,structure
Muse-Glimmer-30B (german),culture/muse_glimmer_30b/german,culture/muse_glimmer_30b/base,muse_glimmer_30b,Muse-Glimmer-30B,german,fa,1,age,65-74,4,83,0.2039679129642081,0.09766526554502997,0.680976449119604,0.2413788459166147,0.19025456941797392,0.7960320870357919,0.680976449119604,0.2413788459166147,0.8097454305820261,0.488950546320536,0.5537463600662362,0.17313594599538285,0.10367267920624039,0.7163060483091708,0.17981984362125927,0.14337753120230975,0.8268640540046172,0.7163060483091708,0.17981984362125927,0.8566224687976902,0.42638612540351917,0.5069512773273459,False,False,0.03083196696882526,-0.006007413661210423,-0.035329599189566796,0.061559002295355436,0.04687703821566416,-0.030831966968825286,-0.035329599189566796,0.061559002295355436,-0.046877038215664135,0.0625644209170168,0.046795082738890326,structure,structure
Muse-Glimmer-30B (german),culture/muse_glimmer_30b/german,culture/muse_glimmer_30b/base,muse_glimmer_30b,Muse-Glimmer-30B,german,fa,1,age,75+,4,28,0.2111273998372569,0.0977452591334027,0.7505942269872121,0.20563770630023376,0.19958859350174277,0.7888726001627431,0.7315954747894992,0.20563770630023376,0.8004114064982573,0.459024708424131,0.5265114726765523,0.17172144267299427,0.10737741500529314,0.8169175921627945,0.14087062747551726,0.14390762886195918,0.8282785573270057,0.7919925648230758,0.1583658077885774,0.8560923711380408,0.0,0.0,False,False,0.03940595716426262,-0.009632155871890438,-0.06632336517558235,0.0647670788247165,0.05568096463978359,-0.03940595716426265,-0.06039709003357663,0.04727189851165636,-0.05568096463978356,0.459024708424131,0.5265114726765523,structure,structure
Muse-Glimmer-30B (german),culture/muse_glimmer_30b/german,culture/muse_glimmer_30b/base,muse_glimmer_30b,Muse-Glimmer-30B,german,fa,1,age,<25,4,73,0.2182676506772201,0.07022028020337936,0.6051495830741412,0.14121475232016614,0.20196651959637607,0.7817323493227799,0.594902605722481,0.15138470682144736,0.798033480403624,0.0,0.0,0.21127671242906165,0.07158952175273509,0.6181934193873888,0.16726871006699667,0.1911337626808997,0.7887232875709383,0.6181934193873888,0.16726871006699667,0.8088662373191002,0.4049800845542724,0.48023646008095977,False,False,0.00699093824815844,-0.0013692415493557208,-0.01304383631324757,-0.02605395774683053,0.01083275691547636,-0.00699093824815844,-0.023290813664907817,-0.01588400324554931,-0.01083275691547625,-0.4049800845542724,-0.48023646008095977,structure,structure
Muse-Glimmer-30B (german),culture/muse_glimmer_30b/german,culture/muse_glimmer_30b/base,muse_glimmer_30b,Muse-Glimmer-30B,german,fa,1,country,Australia,4,136,0.17064321587274367,0.06300997542621878,0.664589135721581,0.0838136666297859,0.16078328762269636,0.8293567841272563,0.664589135721581,0.0838136666297859,0.8392167123773036,0.35453125797846735,0.43898542548086944,0.14658349685840916,0.07127704123750568,0.7565392008024426,0.11059831939301883,0.12622274978287562,0.8534165031415908,0.7565392008024426,0.11059831939301883,0.8737772502171244,0.4076872995379515,0.4927469766002454,False,False,0.024059719014334513,-0.008267065811286903,-0.09195006508086168,-0.026784652763232927,0.03456053783982074,-0.024059719014334457,-0.09195006508086168,-0.026784652763232927,-0.034560537839820826,-0.05315604155948417,-0.05376155111937597,structure,structure
Muse-Glimmer-30B (german),culture/muse_glimmer_30b/german,culture/muse_glimmer_30b/base,muse_glimmer_30b,Muse-Glimmer-30B,german,fa,1,country,Germany,4,144,0.1927836423215431,0.07027740903657179,0.6560000404918299,0.10748587633400586,0.18065902225604652,0.8072163576784569,0.6560000404918299,0.10748587633400586,0.8193409777439535,0.36707643869918566,0.44755590271429985,0.17088639734602873,0.08195774087280197,0.7677132840887742,0.11415716632212608,0.15555043228664953,0.8291136026539713,0.7677132840887742,0.11415716632212608,0.8444495677133504,0.4071570961186255,0.4878369802235309,False,False,0.021897244975514374,-0.011680331836230184,-0.11171324359694423,-0.0066712899881202214,0.025108589969396994,-0.021897244975514374,-0.11171324359694423,-0.0066712899881202214,-0.02510858996939691,-0.040080657419439836,-0.040281077509231045,structure,structure
Muse-Glimmer-30B (german),culture/muse_glimmer_30b/german,culture/muse_glimmer_30b/base,muse_glimmer_30b,Muse-Glimmer-30B,german,fa,1,country,Mexico,4,131,0.25295558239479987,0.08995859027200552,0.9348621925072917,0.12041191525695626,0.23931532257955057,0.7470444176052001,0.7087519153272241,0.12041191525695626,0.7606846774204494,0.29080304402052526,0.36859445140741987,0.2387953413496378,0.1009257120905179,1.048551727060433,0.13461818473077244,0.2231086062015969,0.7612046586503621,0.7038302443117738,0.13461818473077244,0.7768913937984031,0.3487011218391933,0.4244298968159638,False,False,0.014160241045162059,-0.01096712181851238,-0.11368953455314124,-0.014206269473816188,0.016206716377953678,-0.014160241045162003,0.0049216710154503795,-0.014206269473816188,-0.016206716377953678,-0.057898077818668015,-0.05583544540854396,structure,structure
Muse-Glimmer-30B (german),culture/muse_glimmer_30b/german,culture/muse_glimmer_30b/base,muse_glimmer_30b,Muse-Glimmer-30B,german,fa,1,country,Russia,4,88,0.21596157743601876,0.06297752927596498,0.7003926858410066,0.058615803257478775,0.20345264040751623,0.7840384225639812,0.6097538071758118,0.058615803257478775,0.7965473595924838,0.2684960523788347,0.3519813734651259,0.2012689098224117,0.08583478496413428,0.9409988812226555,0.04535706086467653,0.17887218118209813,0.7987310901775884,0.7339630849964689,0.04535706086467653,0.8211278188179019,0.2735334730648836,0.3596402214468836,False,False,0.014692667613607074,-0.022857255688169306,-0.24060619538164896,0.013258742392802246,0.0245804592254181,-0.014692667613607213,-0.12420927782065705,0.013258742392802246,-0.024580459225418072,-0.005037420686048899,-0.007658847981757699,structure,structure
Muse-Glimmer-30B (german),culture/muse_glimmer_30b/german,culture/muse_glimmer_30b/base,muse_glimmer_30b,Muse-Glimmer-30B,german,fa,1,country,United States,4,140,0.21139434516480093,0.08081539005489025,0.7232286158647309,0.11531870939185807,0.19759764375645883,0.7886056548351991,0.7232286158647309,0.11531870939185807,0.8024023562435412,0.3617800977442155,0.4401183885506002,0.18923397024646002,0.09247095818000203,0.8111371205097704,0.13932696442259968,0.17343968983930597,0.81076602975354,0.7754946132589089,0.13932696442259968,0.8265603101606941,0.4211346790634929,0.49737473944020605,False,False,0.022160374918340914,-0.011655568125111787,-0.08790850464503952,-0.02400825503074161,0.024157953917152863,-0.022160374918340886,-0.05226599739417803,-0.02400825503074161,-0.02415795391715292,-0.0593545813192774,-0.057256350889605845,structure,structure
Muse-Glimmer-30B (german),culture/muse_glimmer_30b/german,culture/muse_glimmer_30b/base,muse_glimmer_30b,Muse-Glimmer-30B,german,fa,1,education,High,4,245,0.19466984211274568,0.07972664073864068,0.5850152447286674,0.19256985933468623,0.1778965025889595,0.8053301578872544,0.5850152447286674,0.19256985933468623,0.8221034974110405,0.422747685476997,0.4983833231172523,0.18064357281293492,0.08312473588330734,0.6143121735554942,0.14578366359623857,0.1531566160717467,0.819356427187065,0.6143121735554942,0.14578366359623857,0.8468433839282533,0.3962792193514235,0.478415958483174,False,False,0.014026269299810767,-0.0033980951446666574,-0.029296928826826774,0.04678619573844767,0.024739886517212817,-0.014026269299810656,-0.029296928826826774,0.04678619573844767,-0.024739886517212817,0.026468466125573464,0.019967364634078333,structure,structure
Muse-Glimmer-30B (german),culture/muse_glimmer_30b/german,culture/muse_glimmer_30b/base,muse_glimmer_30b,Muse-Glimmer-30B,german,fa,1,education,Low,4,51,0.24316791394222656,0.11208642093497455,0.8084917502196822,0.1853402941820438,0.22332308083065935,0.7568320860577734,0.7169252361109816,0.1853402941820438,0.7766769191693407,0.43899956092681225,0.5050381903849995,0.21729148191079958,0.11425055509866508,0.8219956151077377,0.17381502963540885,0.1879251575697269,0.7827085180892004,0.7072240119532504,0.17381502963540885,0.8120748424302731,0.4224612211992506,0.4960904826451743,False,False,0.025876432031426977,-0.0021641341636905315,-0.013503864888055439,0.011525264546634967,0.03539792326093244,-0.025876432031426977,0.009701224157731225,0.011525264546634967,-0.035397923260932385,0.016538339727561635,0.008947707739825228,structure,structure
Muse-Glimmer-30B (german),culture/muse_glimmer_30b/german,culture/muse_glimmer_30b/base,muse_glimmer_30b,Muse-Glimmer-30B,german,fa,1,education,Middle,4,343,0.21236650534342377,0.08434065698228532,0.6670291481244733,0.16624546935657394,0.19683689121013767,0.7876334946565762,0.6670291481244733,0.16624546935657394,0.8031631087898623,0.41601780139622047,0.4890960617748575,0.1897014485768252,0.09292698641283072,0.7174267182326739,0.12951905729081697,0.16211465404487618,0.8102985514231749,0.7174267182326739,0.12951905729081697,0.8378853459551239,0.377232535610223,0.45950781080772996,False,False,0.02266505676659858,-0.008586329430545395,-0.05039757010820056,0.03672641206575697,0.03472223716526149,-0.02266505676659869,-0.05039757010820056,0.03672641206575697,-0.03472223716526157,0.03878526578599745,0.029588250967127527,structure,structure
Muse-Glimmer-30B (german),culture/muse_glimmer_30b/german,culture/muse_glimmer_30b/base,muse_glimmer_30b,Muse-Glimmer-30B,german,fa,1,employment,Homemaker,4,72,0.2182038396823884,0.09913397138230286,0.660819093293884,0.20507794204531155,0.1962789930011378,0.7817961603176116,0.660819093293884,0.20572581194106615,0.8037210069988622,0.0,0.0,0.19334605850425932,0.10049360179488634,0.6678441390531582,0.17872363509360178,0.16683576867791708,0.8066539414957408,0.6678441390531582,0.17872363509360178,0.8331642313220828,0.39387160285191336,0.4737649227285487,False,False,0.02485778117812909,-0.0013596304125834818,-0.007025045759274207,0.02635430695170976,0.029443224323220718,-0.0248577811781292,-0.007025045759274207,0.027002176847464365,-0.029443224323220663,-0.39387160285191336,-0.4737649227285487,structure,structure
Muse-Glimmer-30B (german),culture/muse_glimmer_30b/german,culture/muse_glimmer_30b/base,muse_glimmer_30b,Muse-Glimmer-30B,german,fa,1,employment,Retired,4,147,0.2048688209990822,0.0911704756986199,0.6877330655018989,0.1756198179398219,0.19180045861642347,0.7951311790009178,0.6877330655018989,0.1756198179398219,0.8081995413835765,0.43509241911922736,0.5069868144304163,0.17360898297685834,0.10011168730887864,0.748756185343962,0.12700434369548436,0.14214463885558762,0.8263910170231417,0.748756185343962,0.12700434369548436,0.8578553611444124,0.3958057895584941,0.4795392232216715,False,False,0.031259838022223874,-0.008941211610258737,-0.0610231198420631,0.04861547424433754,0.049655819760835856,-0.031259838022223874,-0.0610231198420631,0.04861547424433754,-0.049655819760835884,0.039286629560733255,0.027447591208744793,structure,structure
Muse-Glimmer-30B (german),culture/muse_glimmer_30b/german,culture/muse_glimmer_30b/base,muse_glimmer_30b,Muse-Glimmer-30B,german,fa,1,employment,Student,4,35,0.2017086976215473,0.0634768081106814,0.5703193403947615,0.10482725997457884,0.18861843077181098,0.7982913023784528,0.5703193403947615,0.10482725997457884,0.811381569228189,0.2776189204681145,0.3624386922877463,0.19550173494178213,0.06805692820768706,0.6096242527274902,0.16414469594629216,0.1746150489286743,0.8044982650582179,0.6096242527274902,0.16414469594629216,0.8253849510713257,0.4219812669878927,0.4982158182742143,False,False,0.006206962679765171,-0.0045801200970056605,-0.0393049123327287,-0.05931743597171332,0.01400338184313668,-0.00620696267976506,-0.0393049123327287,-0.05931743597171332,-0.014003381843136653,-0.1443623465197782,-0.13577712598646802,structure,structure
Muse-Glimmer-30B (german),culture/muse_glimmer_30b/german,culture/muse_glimmer_30b/base,muse_glimmer_30b,Muse-Glimmer-30B,german,fa,1,employment,Unemployed,4,31,0.218750424386651,0.0829374889785394,0.6248830264036656,0.13499279969134637,0.19861298383204196,0.781249575613349,0.6248830264036656,0.1457794716863626,0.801387016167958,0.0,0.0,0.20101646460866926,0.09238776945282792,0.6927417913904211,0.10908178207602928,0.17212848834879496,0.7989835353913307,0.6927417913904211,0.10908178207602928,0.827871511651205,0.27543566690705873,0.3621553531527754,False,False,0.017733959777981728,-0.009450280474288517,-0.06785876498675558,0.025911017615317083,0.026484495483246995,-0.017733959777981756,-0.06785876498675558,0.03669768961033332,-0.02648449548324694,-0.27543566690705873,-0.3621553531527754,structure,structure
Muse-Glimmer-30B (german),culture/muse_glimmer_30b/german,culture/muse_glimmer_30b/base,muse_glimmer_30b,Muse-Glimmer-30B,german,fa,1,employment,Working,4,349,0.20673720697791492,0.07706225380903439,0.5654465812954403,0.20783546289653754,0.1913934966654638,0.793262793022085,0.5654465812954403,0.20783546289653754,0.8086065033345362,0.433850015216643,0.5057452568887341,0.19140340843375003,0.07948173720706636,0.5831845459559415,0.1540433631990757,0.1661824671030075,0.80859659156625,0.5831845459559415,0.1540433631990757,0.8338175328969926,0.38790637180722853,0.46873125705038504,False,False,0.01533379854416489,-0.0024194833980319685,-0.01773796466050115,0.05379209969746185,0.0252110295624563,-0.015333798544164945,-0.01773796466050115,0.05379209969746185,-0.025211029562456355,0.04594364340941448,0.03701399983834902,structure,structure
Muse-Glimmer-30B (german),culture/muse_glimmer_30b/german,culture/muse_glimmer_30b/base,muse_glimmer_30b,Muse-Glimmer-30B,german,fa,1,marital_status,Cohabiting,4,37,0.2148774577799869,0.07959442960886737,0.4925503056655839,0.23067697330259596,0.19661052238944823,0.7851225422200131,0.4925503056655839,0.24268842904297422,0.8033894776105517,0.0,0.0,0.1896984240775112,0.09006832689530263,0.561066040330623,0.23234285908082705,0.16365411043566003,0.8103015759224887,0.561066040330623,0.23234285908082705,0.83634588956434,0.421831310798476,0.4991821754547484,False,False,0.025179033702475706,-0.01047389728643526,-0.06851573466503913,-0.0016658857782310965,0.032956411953788206,-0.02517903370247565,-0.06851573466503913,0.010345569962147166,-0.03295641195378829,-0.421831310798476,-0.4991821754547484,structure,structure
Muse-Glimmer-30B (german),culture/muse_glimmer_30b/german,culture/muse_glimmer_30b/base,muse_glimmer_30b,Muse-Glimmer-30B,german,fa,1,marital_status,Divorced or separated,4,68,0.2134573511121055,0.07010101010101012,0.564458620863812,0.10690489727105958,0.20317938178084735,0.7865426488878945,0.564458620863812,0.10690489727105958,0.7968206182191526,0.33501396530496774,0.41543875207496056,0.17964166250354957,0.07761960437482261,0.6278063718432232,0.10045594474402245,0.1596680896044708,0.8203583374964505,0.6278063718432232,0.10045594474402245,0.8403319103955292,0.3474119721064859,0.432908080311009,False,False,0.03381568860855594,-0.00751859427381249,-0.06334775097941114,0.00644895252703713,0.04351129217637656,-0.033815688608555994,-0.06334775097941114,0.00644895252703713,-0.043511292176376615,-0.012398006801518147,-0.017469328236048465,structure,structure
Muse-Glimmer-30B (german),culture/muse_glimmer_30b/german,culture/muse_glimmer_30b/base,muse_glimmer_30b,Muse-Glimmer-30B,german,fa,1,marital_status,Married,4,342,0.20419376888730323,0.09090565259989107,0.6343488100723493,0.24192420655103475,0.18633498663552045,0.7958062311126968,0.6343488100723493,0.24192420655103475,0.8136650133644796,0.4827333633494837,0.5486343614609693,0.18659065642068728,0.09337538780986279,0.648012338974047,0.17240306223510127,0.1550689629519585,0.8134093435793127,0.648012338974047,0.17240306223510127,0.8449310370480415,0.42099693166528923,0.4998895168211474,False,False,0.017603112466615944,-0.0024697352099717212,-0.013663528901697641,0.06952114431593348,0.03126602368356196,-0.017603112466615944,-0.013663528901697641,0.06952114431593348,-0.031266023683561905,0.06173643168419446,0.04874484463982193,structure,structure
Muse-Glimmer-30B (german),culture/muse_glimmer_30b/german,culture/muse_glimmer_30b/base,muse_glimmer_30b,Muse-Glimmer-30B,german,fa,1,marital_status,Single,4,131,0.2068053177291988,0.06797233152611964,0.5591361396850402,0.14485124553836315,0.19088203674475285,0.7931946822708011,0.5591361396850402,0.14749407248677726,0.8091179632552472,0.0,0.0,0.1999282053205216,0.06869794799316879,0.5713949888654042,0.14598746252632389,0.17907980579923416,0.8000717946794784,0.5713949888654042,0.14598746252632389,0.8209201942007658,0.3694544885167203,0.4501043796503418,False,False,0.006877112408677194,-0.0007256164670491477,-0.012258849180364018,-0.0011362169879607364,0.011802230945518688,-0.006877112408677277,-0.012258849180364018,0.0015066099604533756,-0.011802230945518577,-0.3694544885167203,-0.4501043796503418,structure,structure
Muse-Glimmer-30B (german),culture/muse_glimmer_30b/german,culture/muse_glimmer_30b/base,muse_glimmer_30b,Muse-Glimmer-30B,german,fa,1,marital_status,Widowed,4,61,0.22047640064413276,0.08784960215472983,0.6539962173339808,0.1965701254746076,0.21044484247933726,0.7795235993558672,0.6539962173339808,0.1965701254746076,0.7895551575206627,0.39962911603492424,0.4733590917209012,0.18287512887080745,0.0977944153258784,0.7201515730928395,0.12825781199144692,0.15853930388306992,0.8171248711291925,0.7201515730928395,0.13148051811558367,0.8414606961169301,0.0,0.0,False,False,0.03760127177332531,-0.009944813171148578,-0.06615535575885867,0.06831231348316066,0.05190553859626734,-0.037601271773325284,-0.06615535575885867,0.06508960735902392,-0.05190553859626734,0.39962911603492424,0.4733590917209012,structure,structure
Muse-Glimmer-30B (german),culture/muse_glimmer_30b/german,culture/muse_glimmer_30b/base,muse_glimmer_30b,Muse-Glimmer-30B,german,fa,1,population,every retained cell,4,639,0.2079051974924518,0.08745761930372228,0.6272002795360426,0.20345322623752096,0.19146833695798526,0.7920948025075483,0.6272002795360426,0.20345322623752096,0.8085316630420147,0.44631555732698,0.5167048359840187,0.18833443277935472,0.0949207770671899,0.6725491334976059,0.15602624577669844,0.16067379041944446,0.8116655672206452,0.6725491334976059,0.15602624577669844,0.8393262095805556,0.41233531337857005,0.49161953868629976,False,False,0.019570764713097072,-0.0074631577634676205,-0.045348853961563296,0.047426980460822526,0.0307945465385408,-0.019570764713096933,-0.045348853961563296,0.047426980460822526,-0.030794546538540857,0.03398024394840993,0.025085297297718967,structure,structure
Muse-Glimmer-30B (german),culture/muse_glimmer_30b/german,culture/muse_glimmer_30b/base,muse_glimmer_30b,Muse-Glimmer-30B,german,fa,1,sex,Female,4,349,0.2181550382005214,0.08759416089073935,0.6136486330983472,0.204582784359795,0.2033204676435973,0.7818449617994786,0.6136486330983472,0.204582784359795,0.7966795323564027,0.4407913002272462,0.5099423770496395,0.1945137401023694,0.09641723866154187,0.6682753747723129,0.15023476610631,0.16835961478388672,0.8054862598976306,0.6682753747723129,0.15023476610631,0.8316403852161133,0.4035808749994043,0.4826783396862514,False,False,0.02364129809815199,-0.008823077770802518,-0.05462674167396575,0.05434801825348498,0.03496085285971057,-0.023641298098151964,-0.05462674167396575,0.05434801825348498,-0.03496085285971062,0.0372104252278419,0.027264037363388116,structure,structure
Muse-Glimmer-30B (german),culture/muse_glimmer_30b/german,culture/muse_glimmer_30b/base,muse_glimmer_30b,Muse-Glimmer-30B,german,fa,1,sex,Male,4,290,0.19563325292331496,0.08390342894358407,0.6239814792855809,0.20777135423460602,0.17862572431217602,0.8043667470766851,0.6239814792855809,0.20777135423460602,0.821374275687824,0.4528435061346564,0.5245222656793872,0.1809315661822347,0.09015611151777178,0.6669379335383459,0.16672597763407365,0.1514592169547899,0.8190684338177653,0.6669379335383459,0.16672597763407365,0.8485407830452101,0.4266481437420593,0.505715014791603,False,False,0.014701686741080272,-0.006252682574187707,-0.04295645425276495,0.04104537660053237,0.027166507357386127,-0.014701686741080189,-0.04295645425276495,0.04104537660053237,-0.027166507357386127,0.02619536239259712,0.018807250887784233,structure,structure
Muse-Glimmer-30B (german),culture/muse_glimmer_30b/german,culture/muse_glimmer_30b/base,muse_glimmer_30b,Muse-Glimmer-30B,german,fa,1,wave,1995-1997,4,221,0.20353306703414797,0.08889338373126467,0.7007728841900898,0.21672830697675544,0.18850390542493262,0.796466932965852,0.6681890926911761,0.21672830697675544,0.8114960945750673,0.4619336222623015,0.5306746635297781,0.18871214114709703,0.0957575939430276,0.7287955936562008,0.12247319027234946,0.15789709657199535,0.811287858852903,0.7287955936562008,0.12247319027234946,0.8421029034280046,0.3634690249985689,0.44768155150875377,False,False,0.014820925887050945,-0.006864210211762936,-0.028022709466111073,0.09425511670440598,0.03060680885293726,-0.014820925887050973,-0.060606500965024734,0.09425511670440598,-0.030606808852937317,0.09846459726373258,0.08299311202102433,structure,structure
Muse-Glimmer-30B (german),culture/muse_glimmer_30b/german,culture/muse_glimmer_30b/base,muse_glimmer_30b,Muse-Glimmer-30B,german,fa,1,wave,2005-2006,4,173,0.22198644125712463,0.0887262616255366,0.6275191694398808,0.23301069034708044,0.20339149712995575,0.7780135587428754,0.6275191694398808,0.23301069034708044,0.7966085028700443,0.45498178005497525,0.5220359518191863,0.198948694269521,0.09797760965580542,0.6839038964478594,0.17009782452770214,0.1705510444547706,0.801051305730479,0.6839038964478594,0.17009782452770214,0.8294489555452293,0.41536882621719373,0.4927504472563565,False,False,0.023037746987603636,-0.009251348030268822,-0.056384727007978586,0.0629128658193783,0.03284045267518515,-0.023037746987603636,-0.056384727007978586,0.0629128658193783,-0.032840452675185094,0.03961295383778152,0.029285504562829745,structure,structure
Muse-Glimmer-30B (german),culture/muse_glimmer_30b/german,culture/muse_glimmer_30b/base,muse_glimmer_30b,Muse-Glimmer-30B,german,fa,1,wave,2017-2018,4,245,0.1997809881999525,0.08431599345278702,0.6076673143163058,0.19439706011200306,0.18439499564410058,0.8002190118000475,0.6076673143163058,0.19439706011200306,0.8156050043558994,0.42238544196189165,0.49702943817289114,0.17898491786245055,0.09012569778644569,0.6550677063711683,0.1927244637136693,0.15519383067112144,0.8210150821375495,0.6550677063711683,0.1927244637136693,0.8448061693288786,0.4484200484028408,0.5243937244430618,False,False,0.020796070337501943,-0.005809704333658669,-0.04740039205486246,0.0016725963983337533,0.029201164972979143,-0.02079607033750197,-0.04740039205486246,0.0016725963983337533,-0.0292011649729792,-0.026034606440949126,-0.027364286270170624,structure,structure
Muse-Glimmer-30B (german),culture/muse_glimmer_30b/german,culture/muse_glimmer_30b/base,muse_glimmer_30b,Muse-Glimmer-30B,german,ntp,1,age,25-34,4,149,0.1685979399470173,0.05614321639929105,0.3960605809593363,0.26728167428357985,0.13957767082560807,0.8314020600529827,0.3960605809593363,0.26728167428357985,0.860422329174392,0.4299945567235827,0.5104625570932441,0.1616791191490592,0.0548140687856377,0.3728574282960114,0.1548609791320083,0.1288339090996945,0.8383208808509408,0.3728574282960114,0.1548609791320083,0.8711660909003055,0.3286396389707977,0.41868186246596917,False,False,0.0069188207979581084,0.0013291476136533462,0.0232031526633249,0.11242069515157155,0.01074376172591357,-0.006918820797958136,0.0232031526633249,0.11242069515157155,-0.010743761725913514,0.10135491775278505,0.0917806946272749,structure,structure
Muse-Glimmer-30B (german),culture/muse_glimmer_30b/german,culture/muse_glimmer_30b/base,muse_glimmer_30b,Muse-Glimmer-30B,german,ntp,1,age,35-44,4,104,0.16930563996355322,0.05828343264457348,0.4077728089366692,0.3805747004884936,0.14415065136697694,0.8306943600364467,0.4077728089366692,0.3805747004884936,0.855849348633023,0.47993269295147817,0.5536421786398685,0.16007619993529557,0.055141527970408645,0.372463662807815,0.26759335778218035,0.13071916618784105,0.8399238000647045,0.372463662807815,0.26759335778218035,0.8692808338121589,0.4039627938416962,0.48859550589124695,False,False,0.009229440028257652,0.003141904674164836,0.03530914612885416,0.11298134270631327,0.013431485179135894,-0.009229440028257763,0.03530914612885416,0.11298134270631327,-0.013431485179135949,0.07596989910978197,0.06504667274862158,structure,structure
Muse-Glimmer-30B (german),culture/muse_glimmer_30b/german,culture/muse_glimmer_30b/base,muse_glimmer_30b,Muse-Glimmer-30B,german,ntp,1,age,45-54,4,108,0.17296745131398567,0.06342526160809427,0.44075977244821124,0.37813744021202095,0.14798277722402645,0.8270325486860144,0.44075977244821124,0.37813744021202095,0.8520172227759736,0.4957322807426507,0.5665955760479024,0.15703181267217797,0.060967560842055735,0.4101294542746446,0.27745669096150366,0.1287431502204557,0.8429681873278221,0.4101294542746446,0.27745669096150366,0.8712568497795443,0.4140480666827236,0.49803471005328415,False,False,0.015935638641807692,0.0024577007660385314,0.03063031817356665,0.10068074925051729,0.019239627003570736,-0.015935638641807692,0.03063031817356665,0.10068074925051729,-0.019239627003570736,0.0816842140599271,0.0685608659946183,structure,structure
Muse-Glimmer-30B (german),culture/muse_glimmer_30b/german,culture/muse_glimmer_30b/base,muse_glimmer_30b,Muse-Glimmer-30B,german,ntp,1,age,55-64,4,92,0.17077123152654622,0.06787233458893739,0.45905957127815306,0.2963115353002146,0.14298517116715542,0.8292287684734538,0.45905957127815306,0.2963115353002146,0.8570148288328445,0.4764915043860887,0.5507964749105322,0.15621181039881915,0.0632094733439474,0.4133027059763251,0.20402559635347,0.11823010359398828,0.8437881896011808,0.4133027059763251,0.20402559635347,0.8817698964060117,0.4018721695683684,0.48842751582646055,False,False,0.014559421127727068,0.004662861244989991,0.04575686530182793,0.09228593894674458,0.024755067573167144,-0.014559421127727012,0.04575686530182793,0.09228593894674458,-0.024755067573167144,0.07461933481772032,0.06236895908407164,structure,structure
Muse-Glimmer-30B (german),culture/muse_glimmer_30b/german,culture/muse_glimmer_30b/base,muse_glimmer_30b,Muse-Glimmer-30B,german,ntp,1,age,65-74,4,83,0.16666849630100145,0.07013389458900744,0.4890910948815126,0.2931590173777583,0.14131519992257932,0.8333315036989986,0.4890910948815126,0.2931590173777583,0.8586848000774207,0.47090952886570914,0.5463098793204587,0.15011342557477445,0.06669617945184306,0.4495214324270844,0.2274651178461204,0.11373787411336246,0.8498865744252255,0.4495214324270844,0.2274651178461204,0.8862621258866376,0.4117009830022556,0.49808525898405287,False,False,0.016555070726227,0.003437715137164385,0.03956966245442817,0.0656938995316379,0.02757732580921686,-0.016555070726226973,0.03956966245442817,0.0656938995316379,-0.0275773258092169,0.05920854586345353,0.04822462033640584,structure,structure
Muse-Glimmer-30B (german),culture/muse_glimmer_30b/german,culture/muse_glimmer_30b/base,muse_glimmer_30b,Muse-Glimmer-30B,german,ntp,1,age,75+,4,28,0.15749309521083688,0.06040611970799668,0.46841691290891985,0.34589600270167786,0.1333733586852304,0.8425069047891631,0.46841691290891985,0.34589600270167786,0.8666266413147696,0.4788844074874872,0.554579558988795,0.13640180314175643,0.05685929604599182,0.43235480458580144,0.2660887433823925,0.10955432078088377,0.8635981968582436,0.43235480458580144,0.2666635841000231,0.8904456792191162,0.0,0.0,False,False,0.021091292069080447,0.003546823662004865,0.0360621083231184,0.07980725931928534,0.023819037904346627,-0.021091292069080447,0.0360621083231184,0.07923241860165475,-0.023819037904346585,0.4788844074874872,0.554579558988795,structure,structure
Muse-Glimmer-30B (german),culture/muse_glimmer_30b/german,culture/muse_glimmer_30b/base,muse_glimmer_30b,Muse-Glimmer-30B,german,ntp,1,age,<25,4,73,0.17087499504006914,0.04776135884631899,0.39591818234346793,0.21692547479915575,0.14543222621362714,0.8291250049599308,0.39591818234346793,0.21692547479915575,0.8545677737863728,0.3793009335517362,0.4638599511273996,0.16817983262891817,0.04560325185905114,0.3724454378784879,0.16526010537885905,0.14173396709093994,0.8318201673710819,0.3724454378784879,0.1661993019947887,0.8582660329090601,0.0,0.0,False,False,0.0026951624111509753,0.0021581069872678507,0.023472744464980044,0.0516653694202967,0.003698259122687203,-0.0026951624111510863,0.023472744464980044,0.05072617280436706,-0.0036982591226872863,0.3793009335517362,0.4638599511273996,structure,structure
Muse-Glimmer-30B (german),culture/muse_glimmer_30b/german,culture/muse_glimmer_30b/base,muse_glimmer_30b,Muse-Glimmer-30B,german,ntp,1,country,Australia,4,136,0.12590543938652,0.04663291284907586,0.4898218723003722,0.16592435640800524,0.10599876989814766,0.87409456061348,0.4898218723003722,0.16592435640800524,0.8940012301018523,0.4018900199337177,0.49018590530441924,0.11353595098421176,0.045974077799949005,0.4837687089688983,0.1959404647409272,0.08958484254501936,0.8864640490157882,0.4837687089688983,0.1959404647409272,0.9104151574549806,0.4014950968973591,0.4923442705022923,False,False,0.012369488402308226,0.0006588350491268519,0.006053163331473932,-0.030016108332921954,0.0164139273531283,-0.012369488402308226,0.006053163331473932,-0.030016108332921954,-0.0164139273531283,0.0003949230363585743,-0.0021583651978730467,structure,structure
Muse-Glimmer-30B (german),culture/muse_glimmer_30b/german,culture/muse_glimmer_30b/base,muse_glimmer_30b,Muse-Glimmer-30B,german,ntp,1,country,Germany,4,144,0.16449005777909323,0.049001640597370236,0.4660117621969907,0.169267826219281,0.15420400117128247,0.8355099422209068,0.4660117621969907,0.169267826219281,0.8457959988287176,0.34653830242473677,0.4326428056140948,0.15396338590226644,0.05108920568879298,0.46559642395988593,0.176927885205362,0.1367090017256579,0.8460366140977336,0.46559642395988593,0.176927885205362,0.8632909982743421,0.3755689062929656,0.46211010782808204,False,False,0.010526671876826793,-0.002087565091422744,0.0004153382371047676,-0.00766005898608102,0.017494999445624576,-0.010526671876826765,0.0004153382371047676,-0.00766005898608102,-0.017494999445624493,-0.02903060386822881,-0.029467302213987245,structure,structure
Muse-Glimmer-30B (german),culture/muse_glimmer_30b/german,culture/muse_glimmer_30b/base,muse_glimmer_30b,Muse-Glimmer-30B,german,ntp,1,country,Mexico,4,131,0.20903102990769132,0.04541271968636844,0.47002102499742887,0.11764006759562905,0.19336149649023449,0.7909689700923087,0.4679308267010419,0.11764006759562905,0.8066385035097655,0.2380461347106452,0.3218686694929173,0.19823682446055005,0.055496394688340396,0.574722433332028,0.10488215880599404,0.17895662163247364,0.80176317553945,0.44667784895787915,0.11345692604870852,0.8210433783675264,0.0,0.0,False,False,0.01079420544714127,-0.010083675001971958,-0.10470140833459912,0.012757908789635009,0.014404874857760847,-0.01079420544714127,0.02125297774316276,0.004183141546920524,-0.014404874857760874,0.2380461347106452,0.3218686694929173,structure,structure
Muse-Glimmer-30B (german),culture/muse_glimmer_30b/german,culture/muse_glimmer_30b/base,muse_glimmer_30b,Muse-Glimmer-30B,german,ntp,1,country,Russia,4,88,0.18384386708397593,0.03188195495893745,0.3349454681472141,0.09439247172456633,0.1665377807517049,0.8161561329160241,0.3349454681472141,0.09439247172456633,0.8334622192482951,0.2821945460473199,0.36944055844610224,0.17978368322766392,0.04821134779809751,0.5163868268927428,0.06964044446807693,0.16194380137958017,0.8202163167723361,0.5163868268927428,0.06964044446807693,0.8380561986204198,0.26829729583964945,0.35633266416325715,False,False,0.004060183856312016,-0.016329392839160066,-0.18144135874552875,0.024752027256489395,0.004593979372124718,-0.004060183856312016,-0.18144135874552875,0.024752027256489395,-0.00459397937212469,0.013897250207670464,0.01310789428284509,structure,structure
Muse-Glimmer-30B (german),culture/muse_glimmer_30b/german,culture/muse_glimmer_30b/base,muse_glimmer_30b,Muse-Glimmer-30B,german,ntp,1,country,United States,4,140,0.16804581996354243,0.058842594859238845,0.5168093696614546,0.20599090473733034,0.15068929280201468,0.8319541800364576,0.5168093696614546,0.20599090473733034,0.8493107071979853,0.4312870729441081,0.5098399133419241,0.14942850085474288,0.06761591444639695,0.5842423035255038,0.21648135386621242,0.12941601717087026,0.8505714991452571,0.5842423035255038,0.21648135386621242,0.8705839828291297,0.46332195251164526,0.5416156027528525,False,False,0.018617319108799546,-0.008773319587158102,-0.06743293386404914,-0.010490449128882084,0.021273275631144423,-0.01861731910879949,-0.06743293386404914,-0.010490449128882084,-0.02127327563114445,-0.032034879567537144,-0.03177568941092834,structure,structure
Muse-Glimmer-30B (german),culture/muse_glimmer_30b/german,culture/muse_glimmer_30b/base,muse_glimmer_30b,Muse-Glimmer-30B,german,ntp,1,education,High,4,245,0.15452802790213416,0.06058215333112317,0.43808047279898965,0.3156966972322704,0.1295973104502391,0.8454719720978658,0.43808047279898965,0.3156966972322704,0.8704026895497609,0.46671374899742757,0.5448604265444549,0.14621810009765004,0.05796890116044114,0.41390903868830214,0.2110263265323568,0.11700169102839927,0.85378189990235,0.41390903868830214,0.2110263265323568,0.8829983089716007,0.4015065558290538,0.48861809113552446,False,False,0.008309927804484113,0.0026132521706820275,0.024171434110687506,0.10467037069991358,0.012595619421839815,-0.00830992780448414,0.024171434110687506,0.10467037069991358,-0.012595619421839843,0.06520719316837376,0.05624233540893042,structure,structure
Muse-Glimmer-30B (german),culture/muse_glimmer_30b/german,culture/muse_glimmer_30b/base,muse_glimmer_30b,Muse-Glimmer-30B,german,ntp,1,education,Low,4,51,0.20964204705414163,0.06070337499797802,0.42033610813300654,0.2739054468933523,0.18348212685205173,0.7903579529458584,0.42033610813300654,0.2739054468933523,0.8165178731479483,0.42036116505160287,0.49483243501895896,0.18990724379461416,0.060258512772984954,0.41832269761705365,0.1729077169908187,0.1466101514535531,0.8100927562053858,0.41832269761705365,0.1729077169908187,0.8533898485464468,0.3472245193428366,0.433392674382809,False,False,0.019734803259527478,0.0004448622249930631,0.0020134105159528848,0.10099772990253358,0.036871975398498624,-0.019734803259527367,0.0020134105159528848,0.10099772990253358,-0.03687197539849851,0.07313664570876627,0.061439760636149976,structure,structure
Muse-Glimmer-30B (german),culture/muse_glimmer_30b/german,culture/muse_glimmer_30b/base,muse_glimmer_30b,Muse-Glimmer-30B,german,ntp,1,education,Middle,4,343,0.17477419136951816,0.061013925530514344,0.47037731661644266,0.23521529407503153,0.15036476502413593,0.8252258086304818,0.47037731661644266,0.23521529407503153,0.849635234975864,0.4234336643423284,0.5027835710450611,0.16237204928489646,0.05923024801934521,0.4352047326988988,0.15864980489735045,0.13157372764827802,0.8376279507151035,0.4352047326988988,0.15886813892998028,0.868426272351722,0.0,0.0,False,False,0.012402142084621703,0.0017836775111691322,0.035172583917543854,0.07656548917768108,0.01879103737585791,-0.012402142084621759,0.035172583917543854,0.07634715514505125,-0.018791037375857966,0.4234336643423284,0.5027835710450611,structure,structure
Muse-Glimmer-30B (german),culture/muse_glimmer_30b/german,culture/muse_glimmer_30b/base,muse_glimmer_30b,Muse-Glimmer-30B,german,ntp,1,employment,Homemaker,4,72,0.1823444224394084,0.05954169958940839,0.38593777675073326,0.3992997151317264,0.15377573102810416,0.8176555775605916,0.38593777675073326,0.3992997151317264,0.8462242689718958,0.4685768587535995,0.5416951556115559,0.16555299415217317,0.05698007338684996,0.3594928788051825,0.3087817981422027,0.1266913894485614,0.8344470058478268,0.3594928788051825,0.3087817981422027,0.8733086105514386,0.41570939262727336,0.4991723014988463,False,False,0.016791428287235233,0.0025616262025584258,0.02644489794555077,0.09051791698952372,0.02708434157954276,-0.016791428287235233,0.02644489794555077,0.09051791698952372,-0.02708434157954276,0.052867466126326146,0.04252285411270962,adaptability,structure
Muse-Glimmer-30B (german),culture/muse_glimmer_30b/german,culture/muse_glimmer_30b/base,muse_glimmer_30b,Muse-Glimmer-30B,german,ntp,1,employment,Retired,4,147,0.1653418812644186,0.06370858611841712,0.47922896489845196,0.26656491279433353,0.1406505490615949,0.8346581187355815,0.47922896489845196,0.26656491279433353,0.8593494509384051,0.4444356913370878,0.5231749087862445,0.14882653780904687,0.059208638034909486,0.4330274200693066,0.19494749656221977,0.11780043074383756,0.8511734621909531,0.4330274200693066,0.19494749656221977,0.8821995692561624,0.3832088288240996,0.4714814660946233,False,False,0.016515343455371728,0.004499948083507635,0.04620154482914535,0.07161741623211376,0.02285011831775735,-0.016515343455371645,0.04620154482914535,0.07161741623211376,-0.022850118317757295,0.0612268625129882,0.05169344269162118,structure,structure
Muse-Glimmer-30B (german),culture/muse_glimmer_30b/german,culture/muse_glimmer_30b/base,muse_glimmer_30b,Muse-Glimmer-30B,german,ntp,1,employment,Student,4,35,0.16114602874658332,0.04264482010294625,0.37637467935335056,0.16931645603203543,0.13791186908745587,0.8388539712534167,0.37637467935335056,0.16931645603203543,0.8620881309125441,0.33820212824661416,0.42677412236416185,0.16073474651462605,0.04607955541528193,0.3958302358468442,0.0959429933690915,0.13509322504279456,0.839265253485374,0.3958302358468442,0.10427805022423299,0.8649067749572055,0.0,0.0,False,False,0.00041128223195727176,-0.0034347353123356794,-0.01945555649349362,0.07337346266294394,0.0028186440446613115,-0.0004112822319572995,-0.01945555649349362,0.06503840580780244,-0.002818644044661367,0.33820212824661416,0.42677412236416185,structure,structure
Muse-Glimmer-30B (german),culture/muse_glimmer_30b/german,culture/muse_glimmer_30b/base,muse_glimmer_30b,Muse-Glimmer-30B,german,ntp,1,employment,Unemployed,4,31,0.18674646806950146,0.0489147023984068,0.3461744880923385,0.20446656971427377,0.1569853360605193,0.8132535319304985,0.3461744880923385,0.20446656971427377,0.8430146639394807,0.335756283974605,0.4219392433854359,0.17738458754948475,0.04906881873235556,0.3366560016317095,0.12334040585564293,0.1399714807115835,0.8226154124505153,0.3366560016317095,0.14330621729202822,0.8600285192884165,0.0,0.0,False,False,0.009361880520016713,-0.0001541163339487603,0.009518486460628972,0.08112616385863083,0.01701385534893579,-0.009361880520016741,0.009518486460628972,0.061160352422245545,-0.017013855348935847,0.335756283974605,0.4219392433854359,structure,structure
Muse-Glimmer-30B (german),culture/muse_glimmer_30b/german,culture/muse_glimmer_30b/base,muse_glimmer_30b,Muse-Glimmer-30B,german,ntp,1,employment,Working,4,349,0.16799740925154077,0.05562617479230817,0.4010726731761181,0.31718829484943256,0.14264521885320838,0.8320025907484592,0.4010726731761181,0.31718829484943256,0.8573547811467916,0.46177937564340715,0.5381220748872926,0.15843142003455518,0.052289709865422515,0.3665768597943583,0.21540453372004442,0.13054570973562124,0.8415685799654449,0.3665768597943583,0.21540453372004442,0.8694542902643788,0.3885498313967848,0.47460777940104226,False,False,0.009565989216985593,0.003336464926885656,0.03449581338175983,0.10178376112938814,0.012099509117587143,-0.009565989216985704,0.03449581338175983,0.10178376112938814,-0.01209950911758717,0.07322954424662237,0.06351429548625032,structure,structure
Muse-Glimmer-30B (german),culture/muse_glimmer_30b/german,culture/muse_glimmer_30b/base,muse_glimmer_30b,Muse-Glimmer-30B,german,ntp,1,marital_status,Cohabiting,4,37,0.17157575289485688,0.056598034512520885,0.34515036989949044,0.3845610656336504,0.1386182619091576,0.8284242471051431,0.34515036989949044,0.3845610656336504,0.8613817380908424,0.4343859917689849,0.5143962141475152,0.15509085284496713,0.04937998772728718,0.29771862552058054,0.2896004332015601,0.11578882944075056,0.8449091471550328,0.29771862552058054,0.2910671569304636,0.8842111705592495,0.0,0.0,False,False,0.016484900049889756,0.007218046785233703,0.0474317443789099,0.0949606324320903,0.022829432468407046,-0.016484900049889784,0.0474317443789099,0.0934939087031868,-0.022829432468407074,0.4343859917689849,0.5143962141475152,adaptability,structure
Muse-Glimmer-30B (german),culture/muse_glimmer_30b/german,culture/muse_glimmer_30b/base,muse_glimmer_30b,Muse-Glimmer-30B,german,ntp,1,marital_status,Divorced or separated,4,68,0.17385432466993717,0.04048250086665777,0.32732762558193446,0.237789066843411,0.15374759467755753,0.8261456753300629,0.32732762558193446,0.237789066843411,0.8462524053224425,0.3897146982331531,0.4724518042481827,0.1519754887391912,0.03799055807924656,0.30157176497554034,0.18373036207282764,0.12673548441326737,0.8480245112608088,0.30157176497554034,0.18373036207282764,0.8732645155867327,0.3500017427562028,0.43960044992438113,False,False,0.021878835930745966,0.0024919427874112096,0.02575586060639412,0.05405870477058336,0.02701211026429015,-0.02187883593074591,0.02575586060639412,0.05405870477058336,-0.02701211026429018,0.03971295547695025,0.032851354323801596,structure,structure
Muse-Glimmer-30B (german),culture/muse_glimmer_30b/german,culture/muse_glimmer_30b/base,muse_glimmer_30b,Muse-Glimmer-30B,german,ntp,1,marital_status,Married,4,342,0.16776759212972425,0.06597033704205639,0.45421281551467424,0.35689964890623826,0.13984005776525105,0.8322324078702757,0.45421281551467424,0.35689964890623826,0.860159942234749,0.4979802105997048,0.5696790907980969,0.15771002065091538,0.058355139096930506,0.3888830233710037,0.24593066113145387,0.12269812829631604,0.8422899793490846,0.3888830233710037,0.24593066113145387,0.877301871703684,0.39955405502621477,0.48549425753258196,False,False,0.010057571478808869,0.0076151979451258844,0.06532979214367052,0.1109689877747844,0.017141929468935002,-0.010057571478808813,0.06532979214367052,0.1109689877747844,-0.017141929468935002,0.09842615557349005,0.0841848332655149,structure,structure
Muse-Glimmer-30B (german),culture/muse_glimmer_30b/german,culture/muse_glimmer_30b/base,muse_glimmer_30b,Muse-Glimmer-30B,german,ntp,1,marital_status,Single,4,131,0.16755491881479428,0.04472493936709115,0.3600576883816746,0.21298587949921483,0.1404179314329909,0.8324450811852058,0.3600576883816746,0.21298587949921483,0.859582068567009,0.3600983223789912,0.4469249882205909,0.1643872164286505,0.03987919824392466,0.31950203430417207,0.15036341349757343,0.13951539163162913,0.8356127835713496,0.31950203430417207,0.15979489147363568,0.8604846083683708,0.0,0.0,False,False,0.003167702386143778,0.004845741123166485,0.040555654077502556,0.0626224660016414,0.0009025398013617625,-0.0031677023861438336,0.040555654077502556,0.053190988025579145,-0.0009025398013617902,0.3600983223789912,0.4469249882205909,structure,structure
Muse-Glimmer-30B (german),culture/muse_glimmer_30b/german,culture/muse_glimmer_30b/base,muse_glimmer_30b,Muse-Glimmer-30B,german,ntp,1,marital_status,Widowed,4,61,0.1776163414696071,0.053421916628238544,0.3917747795504282,0.31689846116413245,0.15594064768167534,0.822383658530393,0.3917747795504282,0.31689846116413245,0.8440593523183246,0.43194021177939623,0.5100964413749514,0.15667479397893036,0.05087150951655772,0.3622425464988674,0.22390026062976004,0.1249336234828588,0.8433252060210696,0.3622425464988674,0.22390026062976004,0.8750663765171411,0.3721572332469989,0.46049932667356896,False,False,0.020941547490676726,0.002550407111680822,0.02953223305156083,0.09299820053437241,0.03100702419881654,-0.02094154749067667,0.02953223305156083,0.09299820053437241,-0.031007024198816513,0.059782978532397335,0.049597114701382394,structure,structure
Muse-Glimmer-30B (german),culture/muse_glimmer_30b/german,culture/muse_glimmer_30b/base,muse_glimmer_30b,Muse-Glimmer-30B,german,ntp,1,population,every retained cell,4,639,0.16956309083768156,0.0644129793711592,0.4541678968567774,0.293738743304364,0.14273546225923778,0.8304369091623184,0.4541678968567774,0.293738743304364,0.8572645377407622,0.4664627036317746,0.5421594559952985,0.15817960614768853,0.06340662838934669,0.43235045724161625,0.20421881072021605,0.12615738715905814,0.8418203938523114,0.43235045724161625,0.20421881072021605,0.8738426128409418,0.39187850762451937,0.47822559346915233,False,False,0.011383484689993034,0.0010063509818125094,0.02181743961516114,0.08951993258414795,0.01657807510017964,-0.011383484689993062,0.02181743961516114,0.08951993258414795,-0.016578075100179612,0.07458419600725524,0.06393386252614613,structure,structure
Muse-Glimmer-30B (german),culture/muse_glimmer_30b/german,culture/muse_glimmer_30b/base,muse_glimmer_30b,Muse-Glimmer-30B,german,ntp,1,sex,Female,4,349,0.1774724990558268,0.06071313319848755,0.4144667592926396,0.3122967491088098,0.15225686264723848,0.8225275009441733,0.4144667592926396,0.3122967491088098,0.8477431373527615,0.4626671371784773,0.5372786688981802,0.163282027903715,0.06119298482189092,0.4059067747902071,0.20313633539786152,0.1314376561094408,0.836717972096285,0.4059067747902071,0.20313633539786152,0.8685623438905592,0.381148293772451,0.4676581627589424,False,False,0.014190471152111805,-0.00047985162340337395,0.008559984502432505,0.10916041371094826,0.020819206537797674,-0.014190471152111694,0.008559984502432505,0.10916041371094826,-0.020819206537797674,0.08151884340602628,0.06962050613923781,structure,structure
Muse-Glimmer-30B (german),culture/muse_glimmer_30b/german,culture/muse_glimmer_30b/base,muse_glimmer_30b,Muse-Glimmer-30B,german,ntp,1,sex,Male,4,290,0.16010021905655047,0.061542029207584024,0.4449052584846359,0.30420848255529526,0.13378581741671647,0.8398997809434495,0.4449052584846359,0.30420848255529526,0.8662141825832834,0.4745463172934984,0.5507363736068159,0.1520712088179608,0.06156341148311135,0.4353287003752423,0.21787817388735747,0.12017105712207765,0.8479287911820392,0.4353287003752423,0.21787817388735747,0.8798289428779223,0.4137943057910907,0.4990030632187198,False,False,0.008029010238589679,-2.1382275527323524e-05,0.009576558109393618,0.08633030866793778,0.013614760294638817,-0.008029010238589707,0.009576558109393618,0.08633030866793778,-0.013614760294638928,0.060752011502407666,0.05173331038809614,structure,structure
Muse-Glimmer-30B (german),culture/muse_glimmer_30b/german,culture/muse_glimmer_30b/base,muse_glimmer_30b,Muse-Glimmer-30B,german,ntp,1,wave,1995-1997,4,221,0.16921217388700827,0.06360039283404617,0.4869379551139796,0.30852893501460543,0.14796422041056295,0.8307878261129917,0.4869379551139796,0.30852893501460543,0.8520357795894371,0.4689259126418899,0.5435477788379944,0.16348097633150077,0.06011855932546528,0.4327588725238322,0.17626009671517712,0.13069228511759978,0.8365190236684992,0.4327588725238322,0.17626009671517712,0.8693077148824002,0.36407364758906013,0.45200186050751,False,False,0.0057311975555074945,0.0034818335085808894,0.054179082590147365,0.13226883829942832,0.01727193529296317,-0.005731197555507439,0.054179082590147365,0.13226883829942832,-0.017271935292963114,0.10485226505282974,0.09154591833048442,structure,structure
Muse-Glimmer-30B (german),culture/muse_glimmer_30b/german,culture/muse_glimmer_30b/base,muse_glimmer_30b,Muse-Glimmer-30B,german,ntp,1,wave,2005-2006,4,173,0.18122006263492413,0.06628407364968553,0.46141501617993524,0.3545436273071037,0.15354570121944694,0.8187799373650758,0.46141501617993524,0.3545436273071037,0.8464542987805531,0.4994096032161132,0.5686040716761745,0.1662971856627113,0.06416099222548247,0.4313480051708466,0.22923673716680767,0.13247120002077092,0.8337028143372887,0.4313480051708466,0.22923673716680767,0.867528799979229,0.3934731696075606,0.47867988094647296,False,False,0.01492287697221284,0.0021230814242030605,0.03006701100908865,0.12530689014029603,0.021074501198676016,-0.01492287697221284,0.03006701100908865,0.12530689014029603,-0.021074501198675932,0.1059364336085526,0.08992419072970159,structure,structure
Muse-Glimmer-30B (german),culture/muse_glimmer_30b/german,culture/muse_glimmer_30b/base,muse_glimmer_30b,Muse-Glimmer-30B,german,ntp,1,wave,2017-2018,4,245,0.15963143992238166,0.06233823036910571,0.44793724566376214,0.2997618386826362,0.13263176100398893,0.8403685600776183,0.44793724566376214,0.2997618386826362,0.8673682389960111,0.4639198662807175,0.5416653595826768,0.14642160674338434,0.0633935598095936,0.45120755417181974,0.24994439364362256,0.11675040187067935,0.8535783932566157,0.45120755417181974,0.24994439364362256,0.8832495981293207,0.43228079128297076,0.5161509251696412,False,False,0.013209833178997321,-0.00105532944048789,-0.0032703085080575955,0.049817445039013614,0.015881359133309583,-0.013209833178997377,-0.0032703085080575955,0.049817445039013614,-0.01588135913330957,0.03163907499774676,0.02551443441303558,structure,structure
Muse-Glimmer-30B (spanish-mx),culture/muse_glimmer_30b/spanish-mx,culture/muse_glimmer_30b/base,muse_glimmer_30b,Muse-Glimmer-30B,spanish-mx,fa,1,age,25-34,4,149,0.16046842882838383,0.10963435503284728,0.7580227993400022,0.17918698952190446,0.12043898587822302,0.8395315711716163,0.6463776371924688,0.17918698952190446,0.879561014121777,0.37796242805327424,0.46624937048785653,0.1897850698964423,0.08402364172790425,0.6022008289309848,0.1392991291866193,0.16299978189265005,0.8102149301035577,0.6022008289309848,0.1392991291866193,0.8370002181073499,0.3638265941609985,0.44709543833642756,False,False,-0.02931664106805848,0.025610713304943036,0.15582197040901735,0.03988786033528516,-0.04256079601442703,0.029316641068058535,0.04417680826148396,0.03988786033528516,0.04256079601442708,0.01413583389227574,0.019153932151428965,structure,structure
Muse-Glimmer-30B (spanish-mx),culture/muse_glimmer_30b/spanish-mx,culture/muse_glimmer_30b/base,muse_glimmer_30b,Muse-Glimmer-30B,spanish-mx,fa,1,age,35-44,4,104,0.16696832839359418,0.10530107179370696,0.7087651303218169,0.1986514321647296,0.1274424505687955,0.8330316716064058,0.6757622289678517,0.1986514321647296,0.8725575494312046,0.38331928219495875,0.4701519437577447,0.19290619443923446,0.08795161411716189,0.6217745614742356,0.18999203479853366,0.16378275541874535,0.8070938055607656,0.6217745614742356,0.18999203479853366,0.8362172445812547,0.4151560340054004,0.4935350535680128,False,False,-0.025937866045640273,0.01734945767654507,0.08699056884758127,0.008659397366195948,-0.03634030484994985,0.02593786604564019,0.053987667493616054,0.008659397366195948,0.03634030484994988,-0.031836751810441655,-0.023383109810268088,structure,structure
Muse-Glimmer-30B (spanish-mx),culture/muse_glimmer_30b/spanish-mx,culture/muse_glimmer_30b/base,muse_glimmer_30b,Muse-Glimmer-30B,spanish-mx,fa,1,age,45-54,4,108,0.16777186806372546,0.11703448399614244,0.776556002019231,0.2248783602812272,0.12570218942628264,0.8322281319362745,0.678656267031992,0.22921979243342044,0.8742978105737174,0.0,0.0,0.18652390694233217,0.08974843669308194,0.6249323459356105,0.22310604091431974,0.1624079128781296,0.8134760930576678,0.6249323459356105,0.22310604091431974,0.8375920871218704,0.4457796351163402,0.5210367884205395,False,False,-0.018752038878606714,0.0272860473030605,0.1516236560836205,0.001772319366907471,-0.03670572345184697,0.01875203887860677,0.053723921096381466,0.0061137515191007075,0.03670572345184697,-0.4457796351163402,-0.5210367884205395,structure,structure
Muse-Glimmer-30B (spanish-mx),culture/muse_glimmer_30b/spanish-mx,culture/muse_glimmer_30b/base,muse_glimmer_30b,Muse-Glimmer-30B,spanish-mx,fa,1,age,55-64,4,92,0.15341216389754816,0.1198788136247168,0.7831445949427899,0.17075695773223382,0.09750809511842065,0.8465878361024518,0.7758741773793768,0.17075695773223382,0.9024919048815794,0.3884944259731078,0.4792203480912383,0.18159106229954258,0.10362618945738329,0.698578585018631,0.12746106925955428,0.14632997673427686,0.8184089377004574,0.698578585018631,0.12746106925955428,0.853670023265723,0.37789519322499693,0.4625185083524489,False,False,-0.028178898401994418,0.016252624167333515,0.08456600992415886,0.04329588847267954,-0.04882188161585621,0.02817889840199439,0.07729559236074579,0.04329588847267954,0.04882188161585632,0.010599232748110865,0.016701839738789415,structure,structure
Muse-Glimmer-30B (spanish-mx),culture/muse_glimmer_30b/spanish-mx,culture/muse_glimmer_30b/base,muse_glimmer_30b,Muse-Glimmer-30B,spanish-mx,fa,1,age,65-74,4,83,0.14157710051530834,0.11203536164493408,0.7528210996424853,0.20831829978207095,0.09025448557249191,0.8584228994846916,0.6958846910368327,0.20831829978207095,0.9097455144275081,0.42873758788363725,0.5171523947097205,0.17313594599538285,0.10367267920624039,0.7163060483091708,0.17981984362125927,0.14337753120230975,0.8268640540046172,0.7163060483091708,0.17981984362125927,0.8566224687976902,0.42638612540351917,0.5069512773273459,False,False,-0.03155884548007451,0.008362682438693689,0.03651505133331456,0.028498456160811675,-0.053123045629817844,0.03155884548007448,-0.02042135727233807,0.028498456160811675,0.053123045629817844,0.002351462480118083,0.010201117382374614,structure,structure
Muse-Glimmer-30B (spanish-mx),culture/muse_glimmer_30b/spanish-mx,culture/muse_glimmer_30b/base,muse_glimmer_30b,Muse-Glimmer-30B,spanish-mx,fa,1,age,75+,4,28,0.12436807992220976,0.10176812487088269,0.7751897356152168,0.20410955220826038,0.08180874198662128,0.8756319200777902,0.7727999528412733,0.20813152135760196,0.9181912580133786,0.0,0.0,0.17172144267299427,0.10737741500529314,0.8169175921627945,0.14087062747551726,0.14390762886195918,0.8282785573270057,0.7919925648230758,0.1583658077885774,0.8560923711380408,0.0,0.0,False,False,-0.047353362750784514,-0.005609290134410458,-0.04172785654757771,0.06323892473274312,-0.062098886875337905,0.0473533627507845,-0.019192611981802443,0.04976571356902457,0.06209888687533782,0.0,0.0,structure,structure
Muse-Glimmer-30B (spanish-mx),culture/muse_glimmer_30b/spanish-mx,culture/muse_glimmer_30b/base,muse_glimmer_30b,Muse-Glimmer-30B,spanish-mx,fa,1,age,<25,4,73,0.15242992911559602,0.08491796753937657,0.7006728978869242,0.14965385685170815,0.11550159020447531,0.847570070884404,0.6469980188443981,0.14965385685170815,0.8844984097955246,0.28674617104891637,0.37970960965795103,0.21127671242906165,0.07158952175273509,0.6181934193873888,0.16726871006699667,0.1911337626808997,0.7887232875709383,0.6181934193873888,0.16726871006699667,0.8088662373191002,0.4049800845542724,0.48023646008095977,False,False,-0.05884678331346563,0.013328445786641482,0.08247947849953541,-0.017614853215288523,-0.0756321724764244,0.0588467833134656,0.028804599457009306,-0.017614853215288523,0.0756321724764244,-0.11823391350535606,-0.10052685042300874,structure,structure
Muse-Glimmer-30B (spanish-mx),culture/muse_glimmer_30b/spanish-mx,culture/muse_glimmer_30b/base,muse_glimmer_30b,Muse-Glimmer-30B,spanish-mx,fa,1,country,Australia,4,136,0.11923674025822024,0.08373447282214028,0.8459082975037256,0.06595957543984403,0.0756191624929887,0.8807632597417797,0.8459082975037256,0.06595957543984403,0.9243808375070113,0.3119879377877008,0.40914731332166054,0.14658349685840916,0.07127704123750568,0.7565392008024426,0.11059831939301883,0.12622274978287562,0.8534165031415908,0.7565392008024426,0.11059831939301883,0.8737772502171244,0.4076872995379515,0.4927469766002454,False,False,-0.027346756600188912,0.012457431584634596,0.08936909670128301,-0.0446387439531748,-0.050603587289886925,0.027346756600188926,0.08936909670128301,-0.0446387439531748,0.0506035872898869,-0.09569936175025073,-0.08359966327858487,structure,structure
Muse-Glimmer-30B (spanish-mx),culture/muse_glimmer_30b/spanish-mx,culture/muse_glimmer_30b/base,muse_glimmer_30b,Muse-Glimmer-30B,spanish-mx,fa,1,country,Germany,4,144,0.1468364034983674,0.09101576236929006,0.8116626989323985,0.10329409898333979,0.11943842832995427,0.8531635965016326,0.8116626989323985,0.10329409898333979,0.8805615716700457,0.39096193305379673,0.47861245601816393,0.17088639734602873,0.08195774087280197,0.7677132840887742,0.11415716632212608,0.15555043228664953,0.8291136026539713,0.7677132840887742,0.11415716632212608,0.8444495677133504,0.4071570961186255,0.4878369802235309,False,False,-0.024049993847661322,0.009058021496488086,0.04394941484362436,-0.010863067338786295,-0.036112003956695254,0.024049993847661377,0.04394941484362436,-0.010863067338786295,0.03611200395669523,-0.016195163064828766,-0.009224524205366957,structure,structure
Muse-Glimmer-30B (spanish-mx),culture/muse_glimmer_30b/spanish-mx,culture/muse_glimmer_30b/base,muse_glimmer_30b,Muse-Glimmer-30B,spanish-mx,fa,1,country,Mexico,4,131,0.19402649506125041,0.11444231985082678,1.189562700049306,0.14121762440482755,0.1654179197450725,0.8059735049387496,0.5608852105654465,0.14121762440482755,0.8345820802549275,0.3609281235170588,0.44360581790861847,0.2387953413496378,0.1009257120905179,1.048551727060433,0.13461818473077244,0.2231086062015969,0.7612046586503621,0.7038302443117738,0.13461818473077244,0.7768913937984031,0.3487011218391933,0.4244298968159638,False,False,-0.0447688462883874,0.013516607760308885,0.1410109729888731,0.006599439674055102,-0.05769068645652439,0.04476884628838751,-0.14294503374632728,0.006599439674055102,0.05769068645652442,0.012227001677865501,0.019175921092654646,structure,structure
Muse-Glimmer-30B (spanish-mx),culture/muse_glimmer_30b/spanish-mx,culture/muse_glimmer_30b/base,muse_glimmer_30b,Muse-Glimmer-30B,spanish-mx,fa,1,country,Russia,4,88,0.17436003014883766,0.0876218964823958,1.0114900819662846,0.052740833922194856,0.14862747089434167,0.8256399698511623,0.6012413524415859,0.05412045627759329,0.8513725291056583,0.0,0.0,0.2012689098224117,0.08583478496413428,0.9409988812226555,0.04535706086467653,0.17887218118209813,0.7987310901775884,0.7339630849964689,0.04535706086467653,0.8211278188179019,0.2735334730648836,0.3596402214468836,False,False,-0.026908879673574027,0.001787111518261511,0.07049120074362913,0.007383773057518327,-0.030244710287756466,0.026908879673573916,-0.13272173255488295,0.008763395412916763,0.030244710287756438,-0.2735334730648836,-0.3596402214468836,structure,structure
Muse-Glimmer-30B (spanish-mx),culture/muse_glimmer_30b/spanish-mx,culture/muse_glimmer_30b/base,muse_glimmer_30b,Muse-Glimmer-30B,spanish-mx,fa,1,country,United States,4,140,0.15484008132051114,0.11785626899769872,0.9783472942216712,0.13950585107063057,0.1121910193469775,0.8451599186794888,0.6853524850205949,0.13950585107063057,0.8878089806530225,0.3357524202743161,0.4278402538683502,0.18923397024646002,0.09247095818000203,0.8111371205097704,0.13932696442259968,0.17343968983930597,0.81076602975354,0.7754946132589089,0.13932696442259968,0.8265603101606941,0.4211346790634929,0.49737473944020605,False,False,-0.034393888925948884,0.025385310817696682,0.16721017371190083,0.00017888664803089593,-0.06124867049232846,0.03439388892594886,-0.09014212823831402,0.00017888664803089593,0.061248670492328405,-0.08538225878917677,-0.06953448557185588,structure,structure
Muse-Glimmer-30B (spanish-mx),culture/muse_glimmer_30b/spanish-mx,culture/muse_glimmer_30b/base,muse_glimmer_30b,Muse-Glimmer-30B,spanish-mx,fa,1,education,High,4,245,0.14592321931562108,0.10423290951359965,0.7302004726980903,0.16692904354113958,0.09431727497429285,0.854076780684379,0.7302004726980903,0.16692904354113958,0.9056827250257071,0.40263966945972995,0.49280543202669114,0.18064357281293492,0.08312473588330734,0.6143121735554942,0.14578366359623857,0.1531566160717467,0.819356427187065,0.6143121735554942,0.14578366359623857,0.8468433839282533,0.3962792193514235,0.478415958483174,False,False,-0.03472035349731384,0.021108173630292312,0.11588829914259613,0.02114537994490101,-0.05883934109745384,0.03472035349731395,0.11588829914259613,0.02114537994490101,0.05883934109745381,0.006360450108306437,0.014389473543517162,structure,structure
Muse-Glimmer-30B (spanish-mx),culture/muse_glimmer_30b/spanish-mx,culture/muse_glimmer_30b/base,muse_glimmer_30b,Muse-Glimmer-30B,spanish-mx,fa,1,education,Low,4,51,0.19324608524270362,0.12775490953686391,0.9325941661417518,0.20903087480002328,0.14969508472019172,0.8067539147572964,0.6282946927673129,0.2143352231926207,0.8503049152798082,0.0,0.0,0.21729148191079958,0.11425055509866508,0.8219956151077377,0.17381502963540885,0.1879251575697269,0.7827085180892004,0.7072240119532504,0.17381502963540885,0.8120748424302731,0.4224612211992506,0.4960904826451743,False,False,-0.024045396668095964,0.013504354438198835,0.11059855103401417,0.03521584516461443,-0.038230072849535196,0.02404539666809602,-0.07892931918593749,0.04052019355721184,0.03823007284953517,-0.4224612211992506,-0.4960904826451743,structure,structure
Muse-Glimmer-30B (spanish-mx),culture/muse_glimmer_30b/spanish-mx,culture/muse_glimmer_30b/base,muse_glimmer_30b,Muse-Glimmer-30B,spanish-mx,fa,1,education,Middle,4,343,0.16018731228455324,0.11075387282057453,0.8391218551563664,0.1622303487602538,0.1213731706310668,0.8398126877154468,0.6822150727928925,0.1622303487602538,0.8786268293689332,0.38590220294173166,0.473356341507483,0.1897014485768252,0.09292698641283072,0.7174267182326739,0.12951905729081697,0.16211465404487618,0.8102985514231749,0.7174267182326739,0.12951905729081697,0.8378853459551239,0.377232535610223,0.45950781080772996,False,False,-0.029514136292271953,0.01782688640774381,0.12169513692369249,0.032711291469436826,-0.040741483413809385,0.029514136292271953,-0.03521164543978139,0.032711291469436826,0.04074148341380934,0.008669667331508646,0.013848530699753059,structure,structure
Muse-Glimmer-30B (spanish-mx),culture/muse_glimmer_30b/spanish-mx,culture/muse_glimmer_30b/base,muse_glimmer_30b,Muse-Glimmer-30B,spanish-mx,fa,1,employment,Homemaker,4,72,0.15966709520879724,0.12156119594729871,0.7813598074816411,0.2180692402743803,0.12443103985922574,0.8403329047912027,0.6779182049990247,0.2180692402743803,0.8755689601407742,0.38906931834807,0.4758549348479768,0.19334605850425932,0.10049360179488634,0.6678441390531582,0.17872363509360178,0.16683576867791708,0.8066539414957408,0.6678441390531582,0.17872363509360178,0.8331642313220828,0.39387160285191336,0.4737649227285487,False,False,-0.03367896329546208,0.02106759415241237,0.11351566842848293,0.03934560518077851,-0.04240472881869134,0.03367896329546194,0.010074065945866462,0.03934560518077851,0.042404728818691395,-0.004802284503843346,0.0020900121194281085,structure,structure
Muse-Glimmer-30B (spanish-mx),culture/muse_glimmer_30b/spanish-mx,culture/muse_glimmer_30b/base,muse_glimmer_30b,Muse-Glimmer-30B,spanish-mx,fa,1,employment,Retired,4,147,0.13888559524086147,0.10761506323822609,0.7894966344513001,0.159534191916459,0.09095779136553805,0.8611144047591385,0.7420364503029864,0.159534191916459,0.909042208634462,0.41179436772693645,0.501668240812701,0.17360898297685834,0.10011168730887864,0.748756185343962,0.12700434369548436,0.14214463885558762,0.8263910170231417,0.748756185343962,0.12700434369548436,0.8578553611444124,0.3958057895584941,0.4795392232216715,False,False,-0.03472338773599687,0.007503375929347453,0.040740449107338095,0.032529848220974655,-0.051186847490049564,0.034723387735996813,-0.006719735040975672,0.032529848220974655,0.051186847490049536,0.015988578168442347,0.02212901759102953,structure,structure
Muse-Glimmer-30B (spanish-mx),culture/muse_glimmer_30b/spanish-mx,culture/muse_glimmer_30b/base,muse_glimmer_30b,Muse-Glimmer-30B,spanish-mx,fa,1,employment,Student,4,35,0.15439376670301846,0.08365934272763167,0.7313053131463307,0.13408872607692648,0.11675336979997766,0.8456062332969816,0.6482649392947288,0.13691971763713062,0.8832466302000224,0.0,0.0,0.19550173494178213,0.06805692820768706,0.6096242527274902,0.16414469594629216,0.1746150489286743,0.8044982650582179,0.6096242527274902,0.16414469594629216,0.8253849510713257,0.4219812669878927,0.4982158182742143,False,False,-0.04110796823876367,0.01560241451994461,0.12168106041884053,-0.03005596986936568,-0.057861679128696636,0.041107968238763726,0.038640686567238625,-0.02722497830916154,0.057861679128696664,-0.4219812669878927,-0.4982158182742143,structure,structure
Muse-Glimmer-30B (spanish-mx),culture/muse_glimmer_30b/spanish-mx,culture/muse_glimmer_30b/base,muse_glimmer_30b,Muse-Glimmer-30B,spanish-mx,fa,1,employment,Unemployed,4,31,0.21528097210804095,0.11415571975916804,0.8807854315350285,0.14824585457343495,0.17465421918419788,0.784719027891959,0.5706094151825417,0.1497080031053479,0.8253457808158021,0.0,0.0,0.20101646460866926,0.09238776945282792,0.6927417913904211,0.10908178207602928,0.17212848834879496,0.7989835353913307,0.6927417913904211,0.10908178207602928,0.827871511651205,0.27543566690705873,0.3621553531527754,False,False,0.014264507499371692,0.021767950306340114,0.1880436401446074,0.039164072497405666,0.0025257308354029173,-0.014264507499371692,-0.12213237620787942,0.04062622102931862,-0.002525730835402862,-0.27543566690705873,-0.3621553531527754,structure,structure
Muse-Glimmer-30B (spanish-mx),culture/muse_glimmer_30b/spanish-mx,culture/muse_glimmer_30b/base,muse_glimmer_30b,Muse-Glimmer-30B,spanish-mx,fa,1,employment,Working,4,349,0.15921563408245937,0.1036844406750298,0.7204877079637364,0.19115753723222934,0.11652398834477293,0.8407843659175407,0.6645232363582563,0.19115753723222934,0.8834760116552272,0.4033310645467676,0.49013028341706766,0.19140340843375003,0.07948173720706636,0.5831845459559415,0.1540433631990757,0.1661824671030075,0.80859659156625,0.5831845459559415,0.1540433631990757,0.8338175328969926,0.38790637180722853,0.46873125705038504,False,False,-0.032187774351290666,0.024202703467963438,0.1373031620077949,0.037114174033153646,-0.049658478758234564,0.03218777435129072,0.08133869040231478,0.037114174033153646,0.04965847875823459,0.015424692739539059,0.021399026366682616,structure,structure
Muse-Glimmer-30B (spanish-mx),culture/muse_glimmer_30b/spanish-mx,culture/muse_glimmer_30b/base,muse_glimmer_30b,Muse-Glimmer-30B,spanish-mx,fa,1,marital_status,Cohabiting,4,37,0.24607778164695987,0.07877555132673938,0.5037696390434124,0.2224722737808565,0.22083638494194224,0.7539222183530401,0.5037696390434124,0.23179787700770935,0.7791636150580578,0.0,0.0,0.1896984240775112,0.09006832689530263,0.561066040330623,0.23234285908082705,0.16365411043566003,0.8103015759224887,0.561066040330623,0.23234285908082705,0.83634588956434,0.421831310798476,0.4991821754547484,False,False,0.056379357569448674,-0.011292775568563243,-0.057296401287210585,-0.009870585299970563,0.057182274506282216,-0.056379357569448674,-0.057296401287210585,-0.0005449820731177057,-0.057182274506282216,-0.421831310798476,-0.4991821754547484,structure,structure
Muse-Glimmer-30B (spanish-mx),culture/muse_glimmer_30b/spanish-mx,culture/muse_glimmer_30b/base,muse_glimmer_30b,Muse-Glimmer-30B,spanish-mx,fa,1,marital_status,Divorced or separated,4,68,0.2456735705920169,0.0734893812435264,0.5907958425096437,0.1340632595394958,0.218880847698379,0.7543264294079831,0.5907958425096437,0.14201685936605415,0.781119152301621,0.0,0.0,0.17964166250354957,0.07761960437482261,0.6278063718432232,0.10045594474402245,0.1596680896044708,0.8203583374964505,0.6278063718432232,0.10045594474402245,0.8403319103955292,0.3474119721064859,0.432908080311009,False,False,0.06603190808846732,-0.004130223131296212,-0.03701052933357951,0.03360731479547335,0.05921275809390822,-0.06603190808846737,-0.03701052933357951,0.04156091462203171,-0.059212758093908247,-0.3474119721064859,-0.432908080311009,structure,structure
Muse-Glimmer-30B (spanish-mx),culture/muse_glimmer_30b/spanish-mx,culture/muse_glimmer_30b/base,muse_glimmer_30b,Muse-Glimmer-30B,spanish-mx,fa,1,marital_status,Married,4,342,0.13542255991046304,0.10643055394094397,0.7132845679193743,0.18013653212725136,0.08678938836730647,0.864577440089537,0.6834165142209725,0.18013653212725136,0.9132106116326936,0.4072741635336091,0.49815304786470216,0.18659065642068728,0.09337538780986279,0.648012338974047,0.17240306223510127,0.1550689629519585,0.8134093435793127,0.648012338974047,0.17240306223510127,0.8449310370480415,0.42099693166528923,0.4998895168211474,False,False,-0.05116809651022425,0.01305516613108118,0.06527222894532736,0.007733469892150097,-0.06827957458465202,0.05116809651022425,0.03540417524692552,0.007733469892150097,0.06827957458465206,-0.013722768131680108,-0.0017364689564452473,structure,structure
Muse-Glimmer-30B (spanish-mx),culture/muse_glimmer_30b/spanish-mx,culture/muse_glimmer_30b/base,muse_glimmer_30b,Muse-Glimmer-30B,spanish-mx,fa,1,marital_status,Single,4,131,0.14353253648584519,0.0738497778668308,0.5943749185460161,0.13020368195994744,0.10071975287241533,0.8564674635141548,0.5943749185460161,0.13020368195994744,0.8992802471275847,0.26165328429637297,0.3560586176752541,0.1999282053205216,0.06869794799316879,0.5713949888654042,0.14598746252632389,0.17907980579923416,0.8000717946794784,0.5713949888654042,0.14598746252632389,0.8209201942007658,0.3694544885167203,0.4501043796503418,False,False,-0.05639566883467642,0.005151829873662014,0.02297992968061191,-0.015783780566376443,-0.07836005292681883,0.05639566883467639,0.02297992968061191,-0.015783780566376443,0.07836005292681891,-0.10780120422034734,-0.09404576197508768,structure,structure
Muse-Glimmer-30B (spanish-mx),culture/muse_glimmer_30b/spanish-mx,culture/muse_glimmer_30b/base,muse_glimmer_30b,Muse-Glimmer-30B,spanish-mx,fa,1,marital_status,Widowed,4,61,0.15364445788515865,0.10680069141057703,0.76355023970039,0.17701523887180598,0.11118828449774985,0.8463555421148413,0.7393938475374456,0.17701523887180598,0.8888117155022501,0.4169782674269147,0.5035574737850054,0.18287512887080745,0.0977944153258784,0.7201515730928395,0.12825781199144692,0.15853930388306992,0.8171248711291925,0.7201515730928395,0.13148051811558367,0.8414606961169301,0.0,0.0,False,False,-0.0292306709856488,0.00900627608469863,0.04339866660755054,0.048757426880359056,-0.04735101938532006,0.0292306709856488,0.019242274444606133,0.04553472075622231,0.04735101938532005,0.4169782674269147,0.5035574737850054,structure,structure
Muse-Glimmer-30B (spanish-mx),culture/muse_glimmer_30b/spanish-mx,culture/muse_glimmer_30b/base,muse_glimmer_30b,Muse-Glimmer-30B,spanish-mx,fa,1,population,every retained cell,4,639,0.15715735173234546,0.11413473307598158,0.7802069118529154,0.18032034077440412,0.11038672858140353,0.8428426482676545,0.7450606339932111,0.18032034077440412,0.8896132714185965,0.40933973915731925,0.49648883237094793,0.18833443277935472,0.0949207770671899,0.6725491334976059,0.15602624577669844,0.16067379041944446,0.8116655672206452,0.6725491334976059,0.15602624577669844,0.8393262095805556,0.41233531337857005,0.49161953868629976,False,False,-0.031177081047009253,0.01921395600879168,0.10765777835530943,0.024294094997705684,-0.050287061838040936,0.031177081047009336,0.07251150049560517,0.024294094997705684,0.05028706183804088,-0.0029955742212507963,0.004869293684648168,structure,structure
Muse-Glimmer-30B (spanish-mx),culture/muse_glimmer_30b/spanish-mx,culture/muse_glimmer_30b/base,muse_glimmer_30b,Muse-Glimmer-30B,spanish-mx,fa,1,sex,Female,4,349,0.16326712233821244,0.11333893138038154,0.7648553312321885,0.1879341045903579,0.1178363552934189,0.8367328776617875,0.7252679305354698,0.1879341045903579,0.882163644706581,0.4046793388724451,0.49117409018628305,0.1945137401023694,0.09641723866154187,0.6682753747723129,0.15023476610631,0.16835961478388672,0.8054862598976306,0.6682753747723129,0.15023476610631,0.8316403852161133,0.4035808749994043,0.4826783396862514,False,False,-0.031246617764156964,0.01692169271883967,0.0965799564598756,0.037699338484047884,-0.05052325949046782,0.031246617764156936,0.05699255576315687,0.037699338484047884,0.050523259490467765,0.0010984638730408003,0.008495750500031651,structure,structure
Muse-Glimmer-30B (spanish-mx),culture/muse_glimmer_30b/spanish-mx,culture/muse_glimmer_30b/base,muse_glimmer_30b,Muse-Glimmer-30B,spanish-mx,fa,1,sex,Male,4,290,0.1498528050344806,0.11405894728451929,0.8057526514436087,0.18220551197255042,0.1031325464259134,0.8501471949655194,0.749497693367849,0.18220551197255042,0.8968674535740866,0.4127260410589306,0.500625137615478,0.1809315661822347,0.09015611151777178,0.6669379335383459,0.16672597763407365,0.1514592169547899,0.8190684338177653,0.6669379335383459,0.16672597763407365,0.8485407830452101,0.4266481437420593,0.505715014791603,False,False,-0.031078761147754097,0.02390283576674751,0.1388147179052629,0.015479534338476764,-0.0483266705288765,0.031078761147754097,0.08255975982950314,0.015479534338476764,0.048326670528876514,-0.013922102683128657,-0.005089877176124968,structure,structure
Muse-Glimmer-30B (spanish-mx),culture/muse_glimmer_30b/spanish-mx,culture/muse_glimmer_30b/base,muse_glimmer_30b,Muse-Glimmer-30B,spanish-mx,fa,1,wave,1995-1997,4,221,0.1503024385462172,0.11347952738539854,0.841256129209077,0.1778047933796401,0.10357035666005995,0.8496975614537828,0.7034490518123104,0.1778047933796401,0.89642964333994,0.3793902057687708,0.46997270731502006,0.18871214114709703,0.0957575939430276,0.7287955936562008,0.12247319027234946,0.15789709657199535,0.811287858852903,0.7287955936562008,0.12247319027234946,0.8421029034280046,0.3634690249985689,0.44768155150875377,False,False,-0.038409702600879836,0.01772193344237094,0.11246053555287616,0.055331603107290656,-0.0543267399119354,0.038409702600879836,-0.025346541843890402,0.055331603107290656,0.05432673991193537,0.01592118077020188,0.022291155806266283,structure,structure
Muse-Glimmer-30B (spanish-mx),culture/muse_glimmer_30b/spanish-mx,culture/muse_glimmer_30b/base,muse_glimmer_30b,Muse-Glimmer-30B,spanish-mx,fa,1,wave,2005-2006,4,173,0.161359039714009,0.11707129822731359,0.7945027845670014,0.19518854730347632,0.1181764136300334,0.838640960285991,0.6936729683205534,0.19518854730347632,0.8818235863699666,0.41175926867604057,0.4975748619406145,0.198948694269521,0.09797760965580542,0.6839038964478594,0.17009782452770214,0.1705510444547706,0.801051305730479,0.6839038964478594,0.17009782452770214,0.8294489555452293,0.41536882621719373,0.4927504472563565,False,False,-0.037589654555512,0.01909368857150817,0.11059888811914198,0.025090722775774177,-0.0523746308247372,0.037589654555512,0.009769071872693935,0.025090722775774177,0.052374630824737256,-0.0036095575411531633,0.004824414684257983,structure,structure
Muse-Glimmer-30B (spanish-mx),culture/muse_glimmer_30b/spanish-mx,culture/muse_glimmer_30b/base,muse_glimmer_30b,Muse-Glimmer-30B,spanish-mx,fa,1,wave,2017-2018,4,245,0.1599075365273948,0.11235904571064448,0.7574602241911021,0.16789441924376688,0.1150440283568293,0.8400924634726052,0.7574602241911021,0.16789441924376688,0.8849559716431707,0.31777039389577494,0.41000672325042115,0.17898491786245055,0.09012569778644569,0.6550677063711683,0.1927244637136693,0.15519383067112144,0.8210150821375495,0.6550677063711683,0.1927244637136693,0.8448061693288786,0.4484200484028408,0.5243937244430618,False,False,-0.019077381335055738,0.022233347924198787,0.10239251781993386,-0.024830044469902418,-0.040149802314292146,0.019077381335055765,0.10239251781993386,-0.024830044469902418,0.040149802314292105,-0.13064965450706584,-0.11438700119264061,structure,structure
Muse-Glimmer-30B (spanish-mx),culture/muse_glimmer_30b/spanish-mx,culture/muse_glimmer_30b/base,muse_glimmer_30b,Muse-Glimmer-30B,spanish-mx,ntp,1,age,25-34,4,149,0.12090457347210508,0.05039074628000042,0.336447964476177,0.26685750800608427,0.07809289869308726,0.879095426527895,0.336447964476177,0.26685750800608427,0.9219071013069127,0.38904658916956264,0.48258312483944593,0.1616791191490592,0.0548140687856377,0.3728574282960114,0.1548609791320083,0.1288339090996945,0.8383208808509408,0.3728574282960114,0.1548609791320083,0.8711660909003055,0.3286396389707977,0.41868186246596917,False,False,-0.04077454567695411,-0.004423322505637282,-0.0364094638198344,0.11199652887407596,-0.05074101040660724,0.040774545676954155,-0.0364094638198344,0.11199652887407596,0.05074101040660717,0.060406950198764964,0.06390126237347676,structure,structure
Muse-Glimmer-30B (spanish-mx),culture/muse_glimmer_30b/spanish-mx,culture/muse_glimmer_30b/base,muse_glimmer_30b,Muse-Glimmer-30B,spanish-mx,ntp,1,age,35-44,4,104,0.12205612009443101,0.04903016371857711,0.3289842362034494,0.33069901183812017,0.07884852892477433,0.877943879905569,0.3289842362034494,0.33069901183812017,0.9211514710752257,0.41625977591434626,0.5076091285048602,0.16007619993529557,0.055141527970408645,0.372463662807815,0.26759335778218035,0.13071916618784105,0.8399238000647045,0.372463662807815,0.26759335778218035,0.8692808338121589,0.4039627938416962,0.48859550589124695,False,False,-0.03802007984086456,-0.006111364251831536,-0.0434794266043656,0.06310565405593982,-0.05187063726306672,0.03802007984086453,-0.0434794266043656,0.06310565405593982,0.05187063726306673,0.012296982072650064,0.019013622613613224,adaptability,structure
Muse-Glimmer-30B (spanish-mx),culture/muse_glimmer_30b/spanish-mx,culture/muse_glimmer_30b/base,muse_glimmer_30b,Muse-Glimmer-30B,spanish-mx,ntp,1,age,45-54,4,108,0.12077327479710703,0.0547343011480798,0.36198159492592297,0.32051523474667265,0.07791702111233591,0.8792267252028929,0.36198159492592297,0.32051523474667265,0.9220829788876641,0.42768100558520844,0.5181596278660876,0.15703181267217797,0.060967560842055735,0.4101294542746446,0.27745669096150366,0.1287431502204557,0.8429681873278221,0.4101294542746446,0.27745669096150366,0.8712568497795443,0.4140480666827236,0.49803471005328415,False,False,-0.03625853787507094,-0.006233259693975937,-0.04814785934872162,0.04305854378516899,-0.0508261291081198,0.03625853787507083,-0.04814785934872162,0.04305854378516899,0.05082612910811979,0.013632938902484848,0.020124917812803456,structure,structure
Muse-Glimmer-30B (spanish-mx),culture/muse_glimmer_30b/spanish-mx,culture/muse_glimmer_30b/base,muse_glimmer_30b,Muse-Glimmer-30B,spanish-mx,ntp,1,age,55-64,4,92,0.12212344629852095,0.061128943322396004,0.3951197832914062,0.26393135117054883,0.07120005107466296,0.877876553701479,0.3951197832914062,0.26393135117054883,0.928799948925337,0.42988421890751205,0.5210857978792666,0.15621181039881915,0.0632094733439474,0.4133027059763251,0.20402559635347,0.11823010359398828,0.8437881896011808,0.4133027059763251,0.20402559635347,0.8817698964060117,0.4018721695683684,0.48842751582646055,False,False,-0.034088364100298196,-0.0020805300215513967,-0.018182922684918945,0.05990575481707883,-0.04703005251932532,0.03408836410029814,-0.018182922684918945,0.05990575481707883,0.04703005251932535,0.02801204933914364,0.03265828205280602,structure,structure
Muse-Glimmer-30B (spanish-mx),culture/muse_glimmer_30b/spanish-mx,culture/muse_glimmer_30b/base,muse_glimmer_30b,Muse-Glimmer-30B,spanish-mx,ntp,1,age,65-74,4,83,0.11899770581003993,0.05987663227906894,0.3960639393058766,0.2941531961140241,0.07104695076452715,0.88100229418996,0.3960639393058766,0.2941531961140241,0.9289530492354728,0.4364782521928498,0.5271192209347223,0.15011342557477445,0.06669617945184306,0.4495214324270844,0.2274651178461204,0.11373787411336246,0.8498865744252255,0.4495214324270844,0.2274651178461204,0.8862621258866376,0.4117009830022556,0.49808525898405287,False,False,-0.031115719764734512,-0.006819547172774117,-0.053457493121207844,0.06668807826790368,-0.042690923348835313,0.031115719764734484,-0.053457493121207844,0.06668807826790368,0.042690923348835286,0.024777269190594198,0.02903396195066943,structure,structure
Muse-Glimmer-30B (spanish-mx),culture/muse_glimmer_30b/spanish-mx,culture/muse_glimmer_30b/base,muse_glimmer_30b,Muse-Glimmer-30B,spanish-mx,ntp,1,age,75+,4,28,0.10012065232092275,0.046356849536641445,0.3556849638765835,0.35639142970663995,0.06770666308364234,0.8998793476790772,0.3556849638765835,0.35639142970663995,0.9322933369163576,0.44665626404577713,0.5368147995347247,0.13640180314175643,0.05685929604599182,0.43235480458580144,0.2660887433823925,0.10955432078088377,0.8635981968582436,0.43235480458580144,0.2666635841000231,0.8904456792191162,0.0,0.0,False,False,-0.03628115082083368,-0.010502446509350373,-0.07666984070921795,0.09030268632424743,-0.04184765769724143,0.03628115082083361,-0.07666984070921795,0.08972784560661684,0.041847657697241414,0.44665626404577713,0.5368147995347247,adaptability,structure
Muse-Glimmer-30B (spanish-mx),culture/muse_glimmer_30b/spanish-mx,culture/muse_glimmer_30b/base,muse_glimmer_30b,Muse-Glimmer-30B,spanish-mx,ntp,1,age,<25,4,73,0.12040127451589538,0.04435857657462384,0.3461426050272861,0.20672726949382952,0.08526913103922512,0.8795987254841047,0.3461426050272861,0.20672726949382952,0.9147308689607748,0.35060673354610533,0.4454577287162327,0.16817983262891817,0.04560325185905114,0.3724454378784879,0.16526010537885905,0.14173396709093994,0.8318201673710819,0.3724454378784879,0.1661993019947887,0.8582660329090601,0.0,0.0,False,False,-0.047778558113022784,-0.0012446752844273018,-0.026302832851201774,0.04146716411497048,-0.05646483605171482,0.047778558113022784,-0.026302832851201774,0.040527967499040835,0.056464836051714706,0.35060673354610533,0.4454577287162327,structure,structure
Muse-Glimmer-30B (spanish-mx),culture/muse_glimmer_30b/spanish-mx,culture/muse_glimmer_30b/base,muse_glimmer_30b,Muse-Glimmer-30B,spanish-mx,ntp,1,country,Australia,4,136,0.08690524874278117,0.034990173823509815,0.3851746732432354,0.18324223390250396,0.040177763032768474,0.9130947512572188,0.3851746732432354,0.18324223390250396,0.9598222369672316,0.34641648171443035,0.44690694630558875,0.11353595098421176,0.045974077799949005,0.4837687089688983,0.1959404647409272,0.08958484254501936,0.8864640490157882,0.4837687089688983,0.1959404647409272,0.9104151574549806,0.4014950968973591,0.4923442705022923,False,False,-0.02663070224143059,-0.01098390397643919,-0.09859403572566289,-0.012698230838423225,-0.04940707951225089,0.026630702241430604,-0.09859403572566289,-0.012698230838423225,0.049407079512250984,-0.05507861518292878,-0.045437324196703543,structure,structure
Muse-Glimmer-30B (spanish-mx),culture/muse_glimmer_30b/spanish-mx,culture/muse_glimmer_30b/base,muse_glimmer_30b,Muse-Glimmer-30B,spanish-mx,ntp,1,country,Germany,4,144,0.12642792141728149,0.0388510816734292,0.357040889223335,0.16400389149341946,0.09770913359031365,0.8735720785827186,0.357040889223335,0.16400389149341946,0.9022908664096864,0.3342717760024899,0.42841160397238,0.15396338590226644,0.05108920568879298,0.46559642395988593,0.176927885205362,0.1367090017256579,0.8460366140977336,0.46559642395988593,0.176927885205362,0.8632909982743421,0.3755689062929656,0.46211010782808204,False,False,-0.02753546448498495,-0.012238124015363783,-0.10855553473655094,-0.012923993711942555,-0.03899986813534424,0.027535464484985006,-0.10855553473655094,-0.012923993711942555,0.038999868135344284,-0.04129713029047566,-0.033698503855702056,structure,structure
Muse-Glimmer-30B (spanish-mx),culture/muse_glimmer_30b/spanish-mx,culture/muse_glimmer_30b/base,muse_glimmer_30b,Muse-Glimmer-30B,spanish-mx,ntp,1,country,Mexico,4,131,0.14280281391167482,0.044274580755637775,0.45744802991111816,0.09221386935716408,0.1201264622618856,0.8571971860883252,0.38150801530696316,0.09397069691759968,0.8798735377381144,0.0,0.0,0.19823682446055005,0.055496394688340396,0.574722433332028,0.10488215880599404,0.17895662163247364,0.80176317553945,0.44667784895787915,0.11345692604870852,0.8210433783675264,0.0,0.0,False,False,-0.05543401054887523,-0.01122181393270262,-0.11727440342090983,-0.012668289448829959,-0.05883015937058804,0.0554340105488752,-0.065169833650916,-0.01948622913110884,0.058830159370588,0.0,0.0,structure,structure
Muse-Glimmer-30B (spanish-mx),culture/muse_glimmer_30b/spanish-mx,culture/muse_glimmer_30b/base,muse_glimmer_30b,Muse-Glimmer-30B,spanish-mx,ntp,1,country,Russia,4,88,0.13817986155880974,0.03402792498544499,0.3514972434543055,0.06078398084211736,0.11909836666082833,0.8618201384411902,0.3514972434543055,0.06386960421634769,0.8809016333391717,0.0,0.0,0.17978368322766392,0.04821134779809751,0.5163868268927428,0.06964044446807693,0.16194380137958017,0.8202163167723361,0.5163868268927428,0.06964044446807693,0.8380561986204198,0.26829729583964945,0.35633266416325715,False,False,-0.04160382166885418,-0.014183422812652523,-0.16488958343843735,-0.00885646362595957,-0.04284543471875184,0.041603821668854124,-0.16488958343843735,-0.005770840251729248,0.04284543471875191,-0.26829729583964945,-0.35633266416325715,structure,structure
Muse-Glimmer-30B (spanish-mx),culture/muse_glimmer_30b/spanish-mx,culture/muse_glimmer_30b/base,muse_glimmer_30b,Muse-Glimmer-30B,spanish-mx,ntp,1,country,United States,4,140,0.1083535927963106,0.057736203965711885,0.4932288840566571,0.18354660562497063,0.07566189901864466,0.8916464072036894,0.4365336280557928,0.18354660562497063,0.9243381009813554,0.343925219444114,0.4403039237459065,0.14942850085474288,0.06761591444639695,0.5842423035255038,0.21648135386621242,0.12941601717087026,0.8505714991452571,0.5842423035255038,0.21648135386621242,0.8705839828291297,0.46332195251164526,0.5416156027528525,False,False,-0.04107490805843228,-0.009879710480685061,-0.09101341946884667,-0.03293474824124179,-0.0537541181522256,0.04107490805843228,-0.14770867546971095,-0.03293474824124179,0.05375411815222564,-0.11939673306753124,-0.10131167900694599,structure,structure
Muse-Glimmer-30B (spanish-mx),culture/muse_glimmer_30b/spanish-mx,culture/muse_glimmer_30b/base,muse_glimmer_30b,Muse-Glimmer-30B,spanish-mx,ntp,1,education,High,4,245,0.11144317769354364,0.05163508769472623,0.3676475391324022,0.31899637194667546,0.06305738197296536,0.8885568223064564,0.3676475391324022,0.31899637194667546,0.9369426180270346,0.4439143128895496,0.535044029527421,0.14621810009765004,0.05796890116044114,0.41390903868830214,0.2110263265323568,0.11700169102839927,0.85378189990235,0.41390903868830214,0.2110263265323568,0.8829983089716007,0.4015065558290538,0.48861809113552446,False,False,-0.0347749224041064,-0.006333813465714912,-0.04626149955589992,0.10797004541431865,-0.05394430905543392,0.0347749224041064,-0.04626149955589992,0.10797004541431865,0.0539443090554339,0.042407757060495765,0.04642593839189657,structure,structure
Muse-Glimmer-30B (spanish-mx),culture/muse_glimmer_30b/spanish-mx,culture/muse_glimmer_30b/base,muse_glimmer_30b,Muse-Glimmer-30B,spanish-mx,ntp,1,education,Low,4,51,0.14750374949041395,0.057562579495228264,0.3791142831791112,0.32221047118239565,0.09628794385098882,0.852496250509586,0.3791142831791112,0.32221047118239565,0.9037120561490112,0.4256723647746224,0.5131999532555537,0.18990724379461416,0.060258512772984954,0.41832269761705365,0.1729077169908187,0.1466101514535531,0.8100927562053858,0.41832269761705365,0.1729077169908187,0.8533898485464468,0.3472245193428366,0.433392674382809,False,False,-0.04240349430420021,-0.0026959332777566902,-0.03920841443794243,0.14930275419157696,-0.050322207602564284,0.04240349430420021,-0.03920841443794243,0.14930275419157696,0.05032220760256434,0.07844784543178579,0.07980727887274469,structure,structure
Muse-Glimmer-30B (spanish-mx),culture/muse_glimmer_30b/spanish-mx,culture/muse_glimmer_30b/base,muse_glimmer_30b,Muse-Glimmer-30B,spanish-mx,ntp,1,education,Middle,4,343,0.12273493643380803,0.05646225945162923,0.39970600385650246,0.2204974428198364,0.0820775605080481,0.8772650635661919,0.39970600385650246,0.2204974428198364,0.9179224394919518,0.3849246297442439,0.47811226766708104,0.16237204928489646,0.05923024801934521,0.4352047326988988,0.15864980489735045,0.13157372764827802,0.8376279507151035,0.4352047326988988,0.15886813892998028,0.868426272351722,0.0,0.0,False,False,-0.039637112851088424,-0.0027679885677159843,-0.035498728842396354,0.06184763792248596,-0.04949616714022992,0.039637112851088396,-0.035498728842396354,0.06162930388985613,0.04949616714022986,0.3849246297442439,0.47811226766708104,structure,structure
Muse-Glimmer-30B (spanish-mx),culture/muse_glimmer_30b/spanish-mx,culture/muse_glimmer_30b/base,muse_glimmer_30b,Muse-Glimmer-30B,spanish-mx,ntp,1,employment,Homemaker,4,72,0.12696846554570668,0.05872783289280032,0.363160201513728,0.3415182430305625,0.0880283996846577,0.8730315344542934,0.363160201513728,0.3415182430305625,0.9119716003153423,0.40948547104951843,0.49984910737180827,0.16555299415217317,0.05698007338684996,0.3594928788051825,0.3087817981422027,0.1266913894485614,0.8344470058478268,0.3594928788051825,0.3087817981422027,0.8733086105514386,0.41570939262727336,0.4991723014988463,False,False,-0.038584528606466495,0.0017477595059503595,0.0036673227085455284,0.032736444888359806,-0.0386629897639037,0.03858452860646655,0.0036673227085455284,0.032736444888359806,0.0386629897639037,-0.006223921577754921,0.000676805872961983,structure,structure
Muse-Glimmer-30B (spanish-mx),culture/muse_glimmer_30b/spanish-mx,culture/muse_glimmer_30b/base,muse_glimmer_30b,Muse-Glimmer-30B,spanish-mx,ntp,1,employment,Retired,4,147,0.1169408913622538,0.053664965385681815,0.38905187236774474,0.2608249459410045,0.07843561276392633,0.8830591086377462,0.38905187236774474,0.2608249459410045,0.9215643872360737,0.41500033443744555,0.5065417022255134,0.14882653780904687,0.059208638034909486,0.4330274200693066,0.19494749656221977,0.11780043074383756,0.8511734621909531,0.4330274200693066,0.19494749656221977,0.8821995692561624,0.3832088288240996,0.4714814660946233,False,False,-0.031885646446793064,-0.005543672649227671,-0.04397554770156187,0.06587744937878476,-0.03936481797991123,0.03188564644679304,-0.04397554770156187,0.06587744937878476,0.039364817979911315,0.03179150561334593,0.0350602361308901,structure,structure
Muse-Glimmer-30B (spanish-mx),culture/muse_glimmer_30b/spanish-mx,culture/muse_glimmer_30b/base,muse_glimmer_30b,Muse-Glimmer-30B,spanish-mx,ntp,1,employment,Student,4,35,0.1159595289039888,0.04402617999421561,0.36904632322604136,0.2055095821532459,0.07974034763421706,0.8840404710960112,0.36904632322604136,0.2055095821532459,0.920259652365783,0.3493168666458128,0.44494088700264994,0.16073474651462605,0.04607955541528193,0.3958302358468442,0.0959429933690915,0.13509322504279456,0.839265253485374,0.3958302358468442,0.10427805022423299,0.8649067749572055,0.0,0.0,False,False,-0.04477521761063724,-0.002053375421066317,-0.02678391262080282,0.10956658878415441,-0.0553528774085775,0.0447752176106373,-0.02678391262080282,0.10123153192901292,0.05535287740857753,0.3493168666458128,0.44494088700264994,structure,structure
Muse-Glimmer-30B (spanish-mx),culture/muse_glimmer_30b/spanish-mx,culture/muse_glimmer_30b/base,muse_glimmer_30b,Muse-Glimmer-30B,spanish-mx,ntp,1,employment,Unemployed,4,31,0.14728178230653177,0.04886166904055568,0.3249671898283319,0.18611441566705073,0.10689340866246375,0.8527182176934682,0.3249671898283319,0.18611441566705073,0.8931065913375362,0.3336780867015378,0.42661023066848547,0.17738458754948475,0.04906881873235556,0.3366560016317095,0.12334040585564293,0.1399714807115835,0.8226154124505153,0.3366560016317095,0.14330621729202822,0.8600285192884165,0.0,0.0,False,False,-0.030102805242952974,-0.00020714969179987802,-0.011688811803377608,0.0627740098114078,-0.03307807204911975,0.030102805242952946,-0.011688811803377608,0.042808198375022505,0.03307807204911972,0.3336780867015378,0.42661023066848547,structure,structure
Muse-Glimmer-30B (spanish-mx),culture/muse_glimmer_30b/spanish-mx,culture/muse_glimmer_30b/base,muse_glimmer_30b,Muse-Glimmer-30B,spanish-mx,ntp,1,employment,Working,4,349,0.11803213079576219,0.04797181141713653,0.3341500660253458,0.2981300395188,0.07419774261468681,0.8819678692042379,0.3341500660253458,0.2981300395188,0.9258022573853132,0.4226525991594863,0.5141181075050562,0.15843142003455518,0.052289709865422515,0.3665768597943583,0.21540453372004442,0.13054570973562124,0.8415685799654449,0.3665768597943583,0.21540453372004442,0.8694542902643788,0.3885498313967848,0.47460777940104226,False,False,-0.04039928923879299,-0.004317898448285985,-0.032426793769012474,0.0827255057987556,-0.05634796712093443,0.04039928923879299,-0.032426793769012474,0.0827255057987556,0.05634796712093437,0.03410276776270149,0.03951032810401389,structure,structure
Muse-Glimmer-30B (spanish-mx),culture/muse_glimmer_30b/spanish-mx,culture/muse_glimmer_30b/base,muse_glimmer_30b,Muse-Glimmer-30B,spanish-mx,ntp,1,marital_status,Cohabiting,4,37,0.1303901986972117,0.05116502843590523,0.30316083570406194,0.37427475808380944,0.08891778386517657,0.8696098013027883,0.30316083570406194,0.37427475808380944,0.9110822161348234,0.40175410311820187,0.4928534886272388,0.15509085284496713,0.04937998772728718,0.29771862552058054,0.2896004332015601,0.11578882944075056,0.8449091471550328,0.29771862552058054,0.2910671569304636,0.8842111705592495,0.0,0.0,False,False,-0.024700654147755435,0.0017850407086180478,0.0054422101834814,0.08467432488224935,-0.026871045575573987,0.024700654147755463,0.0054422101834814,0.08320760115334586,0.02687104557557396,0.40175410311820187,0.4928534886272388,adaptability,structure
Muse-Glimmer-30B (spanish-mx),culture/muse_glimmer_30b/spanish-mx,culture/muse_glimmer_30b/base,muse_glimmer_30b,Muse-Glimmer-30B,spanish-mx,ntp,1,marital_status,Divorced or separated,4,68,0.129098883665983,0.032450984219302634,0.2556471563707317,0.21027721960843443,0.09460867102940325,0.870901116334017,0.2556471563707317,0.21027721960843443,0.9053913289705968,0.35228093742730243,0.4460016080584715,0.1519754887391912,0.03799055807924656,0.30157176497554034,0.18373036207282764,0.12673548441326737,0.8480245112608088,0.30157176497554034,0.18373036207282764,0.8732645155867327,0.3500017427562028,0.43960044992438113,False,False,-0.02287660507320821,-0.005539573859943928,-0.045924608604808626,0.026546857535606788,-0.032126813383864125,0.02287660507320821,-0.045924608604808626,0.026546857535606788,0.03212681338386414,0.0022791946710996047,0.006401158134090368,structure,structure
Muse-Glimmer-30B (spanish-mx),culture/muse_glimmer_30b/spanish-mx,culture/muse_glimmer_30b/base,muse_glimmer_30b,Muse-Glimmer-30B,spanish-mx,ntp,1,marital_status,Married,4,342,0.11569464202842608,0.05913587095785785,0.3890512353570405,0.28678735708413605,0.06610627874773979,0.884305357971574,0.3890512353570405,0.28678735708413605,0.9338937212522602,0.43043475337520354,0.5222700583928143,0.15771002065091538,0.058355139096930506,0.3888830233710037,0.24593066113145387,0.12269812829631604,0.8422899793490846,0.3888830233710037,0.24593066113145387,0.877301871703684,0.39955405502621477,0.48549425753258196,False,False,-0.0420153786224893,0.0007807318609273431,0.00016821198603678145,0.04085669595268218,-0.056591849548576253,0.042015378622489385,0.00016821198603678145,0.04085669595268218,0.05659184954857621,0.030880698348988767,0.0367758008602323,structure,structure
Muse-Glimmer-30B (spanish-mx),culture/muse_glimmer_30b/spanish-mx,culture/muse_glimmer_30b/base,muse_glimmer_30b,Muse-Glimmer-30B,spanish-mx,ntp,1,marital_status,Single,4,131,0.12105459246047053,0.03802061490202037,0.29604032922887913,0.20414472773041561,0.08453128996087131,0.8789454075395294,0.29604032922887913,0.20414472773041561,0.9154687100391287,0.33591333058017386,0.4315320437682811,0.1643872164286505,0.03987919824392466,0.31950203430417207,0.15036341349757343,0.13951539163162913,0.8356127835713496,0.31950203430417207,0.15979489147363568,0.8604846083683708,0.0,0.0,False,False,-0.04333262396817998,-0.0018585833419042935,-0.023461705075292938,0.05378131423284219,-0.05498410167075782,0.04333262396817983,-0.023461705075292938,0.044349836256779934,0.054984101670757846,0.33591333058017386,0.4315320437682811,structure,structure
Muse-Glimmer-30B (spanish-mx),culture/muse_glimmer_30b/spanish-mx,culture/muse_glimmer_30b/base,muse_glimmer_30b,Muse-Glimmer-30B,spanish-mx,ntp,1,marital_status,Widowed,4,61,0.12702490951542483,0.049260467813752894,0.345092046445879,0.29026610955323245,0.08591485787941491,0.8729750904845752,0.345092046445879,0.29026610955323245,0.9140851421205851,0.403785534072813,0.49518348208577145,0.15667479397893036,0.05087150951655772,0.3622425464988674,0.22390026062976004,0.1249336234828588,0.8433252060210696,0.3622425464988674,0.22390026062976004,0.8750663765171411,0.3721572332469989,0.46049932667356896,False,False,-0.029649884463505527,-0.0016110417028048288,-0.017150500052988404,0.06636584892347241,-0.03901876560344389,0.029649884463505582,-0.017150500052988404,0.06636584892347241,0.03901876560344397,0.03162830082581408,0.03468415541220249,structure,structure
Muse-Glimmer-30B (spanish-mx),culture/muse_glimmer_30b/spanish-mx,culture/muse_glimmer_30b/base,muse_glimmer_30b,Muse-Glimmer-30B,spanish-mx,ntp,1,population,every retained cell,4,639,0.1201875850372361,0.05898464386805565,0.3946388080819805,0.2662160622387899,0.07333202133994947,0.8798124149627639,0.3946388080819805,0.2662160622387899,0.9266679786600505,0.41989521165183125,0.5116846696843819,0.15817960614768853,0.06340662838934669,0.43235045724161625,0.20421881072021605,0.12615738715905814,0.8418203938523114,0.43235045724161625,0.20421881072021605,0.8738426128409418,0.39187850762451937,0.47822559346915233,False,False,-0.037992021110452426,-0.004421984521291035,-0.03771164915963576,0.061997251518573854,-0.05282536581910867,0.03799202111045241,-0.03771164915963576,0.061997251518573854,0.05282536581910868,0.02801670402731188,0.03345907621522953,structure,structure
Muse-Glimmer-30B (spanish-mx),culture/muse_glimmer_30b/spanish-mx,culture/muse_glimmer_30b/base,muse_glimmer_30b,Muse-Glimmer-30B,spanish-mx,ntp,1,sex,Female,4,349,0.12552838771331104,0.0562917028091645,0.3673451332865819,0.2811291996160586,0.07957654113238101,0.8744716122866889,0.3673451332865819,0.2811291996160586,0.920423458867619,0.4130128081801008,0.5045008320049804,0.163282027903715,0.06119298482189092,0.4059067747902071,0.20313633539786152,0.1314376561094408,0.836717972096285,0.4059067747902071,0.20313633539786152,0.8685623438905592,0.381148293772451,0.4676581627589424,False,False,-0.03775364019040395,-0.004901282012726424,-0.03856164150362518,0.07799286421819707,-0.051861114977059794,0.03775364019040395,-0.03856164150362518,0.07799286421819707,0.05186111497705981,0.03186451440764976,0.03684266924603802,structure,structure
Muse-Glimmer-30B (spanish-mx),culture/muse_glimmer_30b/spanish-mx,culture/muse_glimmer_30b/base,muse_glimmer_30b,Muse-Glimmer-30B,spanish-mx,ntp,1,sex,Male,4,290,0.11380294320917185,0.05951726132343396,0.4153123775624049,0.2694716845585678,0.06677642560490432,0.8861970567908282,0.4153123775624049,0.2694716845585678,0.9332235743950957,0.42969137181476363,0.5215527664439619,0.1520712088179608,0.06156341148311135,0.4353287003752423,0.21787817388735747,0.12017105712207765,0.8479287911820392,0.4353287003752423,0.21787817388735747,0.8798289428779223,0.4137943057910907,0.4990030632187198,False,False,-0.038268265608788946,-0.002046150159677386,-0.020016322812837384,0.05159351067121032,-0.05339463151717333,0.03826826560878893,-0.020016322812837384,0.05159351067121032,0.053394631517173385,0.015897066023672912,0.02254970322524208,structure,structure
Muse-Glimmer-30B (spanish-mx),culture/muse_glimmer_30b/spanish-mx,culture/muse_glimmer_30b/base,muse_glimmer_30b,Muse-Glimmer-30B,spanish-mx,ntp,1,wave,1995-1997,4,221,0.12155129949294471,0.05934138787826214,0.41188104827726635,0.2840295919127124,0.07731570857129971,0.8784487005070553,0.41188104827726635,0.2840295919127124,0.9226842914287003,0.42269289874502813,0.5136651645574264,0.16348097633150077,0.06011855932546528,0.4327588725238322,0.17626009671517712,0.13069228511759978,0.8365190236684992,0.4327588725238322,0.17626009671517712,0.8693077148824002,0.36407364758906013,0.45200186050751,False,False,-0.04192967683855606,-0.0007771714472031427,-0.020877824246565868,0.10776949519753526,-0.05337657654630007,0.041929676838556085,-0.020877824246565868,0.10776949519753526,0.053376576546300125,0.058619251155968,0.06166330404991638,structure,structure
Muse-Glimmer-30B (spanish-mx),culture/muse_glimmer_30b/spanish-mx,culture/muse_glimmer_30b/base,muse_glimmer_30b,Muse-Glimmer-30B,spanish-mx,ntp,1,wave,2005-2006,4,173,0.1233240548203626,0.06097676238120331,0.4005366540316562,0.2932470807700385,0.07998708140066829,0.8766759451796373,0.4005366540316562,0.2932470807700385,0.9200129185993318,0.4335688519173926,0.5231379873787039,0.1662971856627113,0.06416099222548247,0.4313480051708466,0.22923673716680767,0.13247120002077092,0.8337028143372887,0.4313480051708466,0.22923673716680767,0.867528799979229,0.3934731696075606,0.47867988094647296,False,False,-0.04297313084234869,-0.0031842298442791572,-0.03081135113919037,0.06401034360323085,-0.05248411862010263,0.04297313084234866,-0.03081135113919037,0.06401034360323085,0.052484118620102715,0.04009568230983196,0.044458106432230915,structure,structure
Muse-Glimmer-30B (spanish-mx),culture/muse_glimmer_30b/spanish-mx,culture/muse_glimmer_30b/base,muse_glimmer_30b,Muse-Glimmer-30B,spanish-mx,ntp,1,wave,2017-2018,4,245,0.11625040526783942,0.0556367060462634,0.39455687771857645,0.2734709333033533,0.06585652611282482,0.8837495947321605,0.39455687771857645,0.2734709333033533,0.9341434738871752,0.426685575306199,0.5189410203143034,0.14642160674338434,0.0633935598095936,0.45120755417181974,0.24994439364362256,0.11675040187067935,0.8535783932566157,0.45120755417181974,0.24994439364362256,0.8832495981293207,0.43228079128297076,0.5161509251696412,False,False,-0.030171201475544918,-0.007756853763330206,-0.05665067645324329,0.023526539659730755,-0.050893875757854534,0.030171201475544862,-0.05665067645324329,0.023526539659730755,0.050893875757854534,-0.005595215976771761,0.002790095144662219,structure,structure
Qwen3-VL-2B-Thinking (german),culture/qwen3_vl_2b/german,culture/qwen3_vl_2b/base,qwen3_vl_2b,Qwen3-VL-2B-Thinking,german,fa,1,age,25-34,4,149,0.3187922786525263,0.01792000693214538,0.11879280523651724,0.02861304543642807,0.31383440230671555,0.6812077213474736,0.11879280523651724,0.03214273639160878,0.6861655976932844,0.0,0.0,0.24350219523905103,0.07835787013408609,0.5798806963420133,0.030655652360821378,0.21809446932358098,0.756497804760949,0.5798806963420133,0.0332880844192001,0.781905530676419,0.0,0.0,False,False,0.07529008341347526,-0.06043786320194071,-0.4610878911054961,-0.0020426069243933073,0.09573993298313457,-0.07529008341347532,-0.4610878911054961,-0.0011453480275913225,-0.09573993298313455,0.0,0.0,structure,structure
Qwen3-VL-2B-Thinking (german),culture/qwen3_vl_2b/german,culture/qwen3_vl_2b/base,qwen3_vl_2b,Qwen3-VL-2B-Thinking,german,fa,1,age,35-44,4,104,0.31267461019767506,0.018724931117048864,0.12607032081929048,0.008330691448900893,0.30731010719900537,0.6873253898023249,0.12607032081929048,0.03205231812071872,0.6926898928009947,0.0,0.0,0.2414806450469841,0.08254735462096333,0.5829959124309531,0.05948963994524415,0.2189522786099713,0.7585193549530159,0.5829959124309531,0.05948963994524415,0.7810477213900286,0.2354856761418132,0.3159709772112875,False,False,0.07119396515069096,-0.06382242350391445,-0.4569255916116626,-0.051158948496343254,0.08835782858903407,-0.07119396515069099,-0.4569255916116626,-0.027437321824525428,-0.08835782858903396,-0.2354856761418132,-0.3159709772112875,structure,structure
Qwen3-VL-2B-Thinking (german),culture/qwen3_vl_2b/german,culture/qwen3_vl_2b/base,qwen3_vl_2b,Qwen3-VL-2B-Thinking,german,fa,1,age,45-54,4,108,0.3150729391241783,0.0277823481216709,0.17482075975895361,0.05836638841814793,0.29978463471053063,0.6849270608758218,0.17482075975895361,0.07367105717625402,0.7002153652894694,0.0,0.0,0.24034878633338994,0.09558919982662867,0.6704468750675597,0.07581128377420798,0.21878219454140269,0.75965121366661,0.6298805922541632,0.08312647539138777,0.7812178054585973,0.0,0.0,False,False,0.07472415279078834,-0.06780685170495776,-0.4956261153086061,-0.01744489535606005,0.08100244016912794,-0.07472415279078826,-0.45505983249520954,-0.009455418215133751,-0.08100244016912794,0.0,0.0,structure,structure
Qwen3-VL-2B-Thinking (german),culture/qwen3_vl_2b/german,culture/qwen3_vl_2b/base,qwen3_vl_2b,Qwen3-VL-2B-Thinking,german,fa,1,age,55-64,4,92,0.30802078567092356,0.03375553119798644,0.2093081149818416,0.04135572948608036,0.2901338322182119,0.6919792143290764,0.2093081149818416,0.04178587578087161,0.7098661677817881,0.0,0.0,0.23901445439162328,0.08978324676854091,0.6375958582037486,0.08527484811819662,0.20938133578158413,0.7609855456083767,0.6375958582037486,0.08527484811819662,0.7906186642184159,0.3036129747826382,0.38385013726619327,False,False,0.06900633127930028,-0.05602771557055447,-0.42828774322190705,-0.04391911863211626,0.08075249643662774,-0.06900633127930034,-0.42828774322190705,-0.04348897233732501,-0.08075249643662774,-0.3036129747826382,-0.38385013726619327,structure,structure
Qwen3-VL-2B-Thinking (german),culture/qwen3_vl_2b/german,culture/qwen3_vl_2b/base,qwen3_vl_2b,Qwen3-VL-2B-Thinking,german,fa,1,age,65-74,4,83,0.2908444199987816,0.042408572517034164,0.27041201171128004,0.047490831583939803,0.2636326576200828,0.7091555800012185,0.27041201171128004,0.047490831583939803,0.7363673423799172,0.18223234571497562,0.2553110837184008,0.21799652011854337,0.10005395789367243,0.709779408203651,0.09460394802633262,0.1923187924061257,0.7820034798814566,0.601847186297351,0.0965803285145578,0.8076812075938743,0.0,0.0,False,False,0.07284789988023821,-0.05764538537663826,-0.439367396492371,-0.04711311644239282,0.0713138652139571,-0.0728478998802381,-0.33143517458607097,-0.049089496930618,-0.0713138652139571,0.18223234571497562,0.2553110837184008,structure,structure
Qwen3-VL-2B-Thinking (german),culture/qwen3_vl_2b/german,culture/qwen3_vl_2b/base,qwen3_vl_2b,Qwen3-VL-2B-Thinking,german,fa,1,age,75+,4,28,0.2878382821608541,0.04942061371711131,0.36655312110660304,0.08142926690453409,0.2625705599160289,0.712161717839146,0.36655312110660304,0.08142926690453409,0.7374294400839712,0.19614068287544908,0.2701421854504239,0.21115869873413093,0.1159724092835706,0.9047009960625745,0.2000326022949506,0.19389356900748694,0.788841301265869,0.5560816528562872,0.2000326022949506,0.806106430992513,0.4348922033085262,0.5060456067343801,False,False,0.07667958342672318,-0.0665517955664593,-0.5381478749559714,-0.11860333539041651,0.06867699090854196,-0.0766795834267231,-0.18952853174968415,-0.11860333539041651,-0.06867699090854185,-0.2387515204330771,-0.23590342128395625,structure,structure
Qwen3-VL-2B-Thinking (german),culture/qwen3_vl_2b/german,culture/qwen3_vl_2b/base,qwen3_vl_2b,Qwen3-VL-2B-Thinking,german,fa,1,age,<25,4,73,0.31806554404000265,0.028692542581431474,0.19370026778729768,-0.02547620240559666,0.30983705921140264,0.6819344559599974,0.19370026778729768,0.006445018496965873,0.6901629407885974,0.0,0.0,0.24207211835335335,0.06928478216801398,0.6214037973192696,0.053123180405247536,0.21243090709439422,0.7579278816466466,0.6102499936925556,0.057344644612944216,0.7875690929056058,0.0,0.0,False,False,0.0759934256866493,-0.04059223958658251,-0.427703529531972,-0.07859938281084419,0.09740615211700843,-0.07599342568664924,-0.41654972590525796,-0.05089962611597834,-0.09740615211700843,0.0,0.0,structure,structure
Qwen3-VL-2B-Thinking (german),culture/qwen3_vl_2b/german,culture/qwen3_vl_2b/base,qwen3_vl_2b,Qwen3-VL-2B-Thinking,german,fa,1,country,Australia,4,136,0.2767022994385793,0.025125810384169004,0.27804290357649397,0.04815819151386657,0.27383568035995476,0.7232977005614207,0.27804290357649397,0.04815819151386657,0.7261643196400452,0.0,0.0,0.17879752960379997,0.08258794710353409,0.8698506091261469,0.04624250360767896,0.15676847319463186,0.8212024703962,0.711997138407734,0.04624250360767896,0.8432315268053682,0.29218307279966294,0.37987841306261083,False,False,0.09790476983477936,-0.05746213671936509,-0.5918077055496529,0.0019156879061876103,0.1170672071653229,-0.09790476983477925,-0.43395423483124007,0.0019156879061876103,-0.11706720716532293,-0.29218307279966294,-0.37987841306261083,structure,structure
Qwen3-VL-2B-Thinking (german),culture/qwen3_vl_2b/german,culture/qwen3_vl_2b/base,qwen3_vl_2b,Qwen3-VL-2B-Thinking,german,fa,1,country,Germany,4,144,0.2805181503113188,0.030754687535338054,0.2754293571457014,0.02796318060696547,0.26729143750349404,0.7194818496886812,0.2754293571457014,0.02796318060696547,0.732708562496506,0.0,0.0,0.19955126197083733,0.09614239300854079,0.8919219120736841,0.09108773273275551,0.1792592810267176,0.8004487380291627,0.7018153919110123,0.09366568068443586,0.8207407189732824,0.0,0.0,False,False,0.08096688834048149,-0.06538770547320273,-0.6164925549279827,-0.06312455212579005,0.08803215647677645,-0.08096688834048149,-0.4263860347653109,-0.06570250007747039,-0.08803215647677642,0.0,0.0,structure,structure
Qwen3-VL-2B-Thinking (german),culture/qwen3_vl_2b/german,culture/qwen3_vl_2b/base,qwen3_vl_2b,Qwen3-VL-2B-Thinking,german,fa,1,country,Mexico,4,131,0.39158919051636054,0.03465950077559181,0.35427441068997123,0.03340916018018117,0.3730722399699099,0.6084108094836395,0.28930326702783093,0.04721722031909544,0.6269277600300901,0.0,0.0,0.342065105714095,0.09080786140065716,0.9654308039278154,0.03805368178322905,0.3226606527774541,0.657934894285905,0.6238823382498887,0.054528708680073645,0.6773393472225459,0.0,0.0,False,False,0.049524084802265556,-0.056148360625065355,-0.6111563932378442,-0.004644521603047881,0.05041158719245581,-0.049524084802265556,-0.33457907122205777,-0.007311488360978204,-0.050411587192455753,0.0,0.0,structure,structure
Qwen3-VL-2B-Thinking (german),culture/qwen3_vl_2b/german,culture/qwen3_vl_2b/base,qwen3_vl_2b,Qwen3-VL-2B-Thinking,german,fa,1,country,Russia,4,88,0.30965014011776093,0.03736924397919974,0.3636285927834863,0.060267984280851686,0.29395200927046083,0.6903498598822391,0.28025642116669736,0.06384278376956949,0.7060479907295392,0.0,0.0,0.22411359423264038,0.0972942832679764,1.1359741106014114,0.044174530742658424,0.20374988327151952,0.7758864057673596,0.563315446815049,0.044174530742658424,0.7962501167284805,0.21978811370002974,0.30186709967893166,False,False,0.08553654588512055,-0.05992503928877666,-0.772345517817925,0.01609345353819326,0.09020212599894131,-0.0855365458851205,-0.2830590256483516,0.019668253026911067,-0.09020212599894128,-0.21978811370002974,-0.30186709967893166,structure,structure
Qwen3-VL-2B-Thinking (german),culture/qwen3_vl_2b/german,culture/qwen3_vl_2b/base,qwen3_vl_2b,Qwen3-VL-2B-Thinking,german,fa,1,country,United States,4,140,0.29926115220650684,0.02572135358564724,0.21818297042469323,0.06132787186335286,0.29212216651655354,0.7007388477934932,0.21818297042469323,0.06132787186335286,0.7078778334834465,0.0,0.0,0.24766339014643002,0.08112778727624659,0.7713951669989257,0.043649416324815685,0.22373875546790206,0.75233660985357,0.6440073204386548,0.04605148856843699,0.776261244532098,0.0,0.0,False,False,0.051597762060076824,-0.05540643369059935,-0.5532121965742325,0.017678455538537176,0.06838341104865148,-0.051597762060076824,-0.4258243500139616,0.015276383294915867,-0.06838341104865153,0.0,0.0,structure,structure
Qwen3-VL-2B-Thinking (german),culture/qwen3_vl_2b/german,culture/qwen3_vl_2b/base,qwen3_vl_2b,Qwen3-VL-2B-Thinking,german,fa,1,education,High,4,245,0.28968140992529057,0.02264937235779023,0.16233386712091302,0.005406192766357934,0.28586975949085175,0.7103185900747094,0.16233386712091302,0.016853767062625827,0.7141302405091483,0.0,0.0,0.2242020298142325,0.08266561207354409,0.6133200337437557,0.04301230821922527,0.20195004542620026,0.7757979701857675,0.6133200337437557,0.04301230821922527,0.7980499545737998,0.2333667187486527,0.3162257974341793,False,False,0.06547938011105806,-0.06001623971575386,-0.45098616662284263,-0.037606115452867336,0.08391971406465148,-0.06547938011105803,-0.45098616662284263,-0.026158541156599442,-0.08391971406465148,-0.2333667187486527,-0.3162257974341793,structure,structure
Qwen3-VL-2B-Thinking (german),culture/qwen3_vl_2b/german,culture/qwen3_vl_2b/base,qwen3_vl_2b,Qwen3-VL-2B-Thinking,german,fa,1,education,Low,4,51,0.3828651367340556,0.04517906203393034,0.3035717021137303,0.08079281767194112,0.3778613717739583,0.6171348632659444,0.3035717021137303,0.08079281767194112,0.6221386282260417,0.22904404384058707,0.2854226830711767,0.30981020793919006,0.102730492209263,0.8480186582652613,0.06590595213159833,0.2885918318596973,0.69018979206081,0.535776993749495,0.07187850006508462,0.7114081681403027,0.0,0.0,False,False,0.07305492879486553,-0.057551430175332666,-0.544446956151531,0.014886865540342784,0.08926953991426101,-0.07305492879486564,-0.23220529163576464,0.0089143176068565,-0.08926953991426101,0.22904404384058707,0.2854226830711767,structure,structure
Qwen3-VL-2B-Thinking (german),culture/qwen3_vl_2b/german,culture/qwen3_vl_2b/base,qwen3_vl_2b,Qwen3-VL-2B-Thinking,german,fa,1,education,Middle,4,343,0.3164020261420638,0.02992177144609858,0.19436913411051646,0.005723028697892131,0.304649347693543,0.6835979738579362,0.19436913411051646,0.018659039657781908,0.695350652306457,0.0,0.0,0.2371550912763527,0.09175572566995602,0.7446443998429122,0.044802625471541464,0.20801744279907908,0.7628449087236473,0.5972883194640584,0.04573899600991095,0.7919825572009209,0.0,0.0,False,False,0.0792469348657111,-0.061833954223857436,-0.5502752657323957,-0.03907959677364933,0.09663190489446394,-0.0792469348657111,-0.4029191853535419,-0.027079956352129043,-0.09663190489446394,0.0,0.0,structure,structure
Qwen3-VL-2B-Thinking (german),culture/qwen3_vl_2b/german,culture/qwen3_vl_2b/base,qwen3_vl_2b,Qwen3-VL-2B-Thinking,german,fa,1,employment,Homemaker,4,72,0.35391187602894364,0.028461792836792843,0.17865712640002382,0.05470353966467878,0.32372681656921665,0.6460881239710563,0.17865712640002382,0.07238138679562106,0.6762731834307834,0.0,0.0,0.2920898517876133,0.07501741896021448,0.5597779323404268,0.08899948455085822,0.27670074752222706,0.7079101482123867,0.5597779323404268,0.08899948455085822,0.7232992524777729,0.29374762573735597,0.3651619170714086,False,False,0.06182202424133032,-0.04655562612342164,-0.381120805940403,-0.034295944886179444,0.04702606904698958,-0.06182202424133043,-0.381120805940403,-0.016618097755237163,-0.04702606904698958,-0.29374762573735597,-0.3651619170714086,structure,structure
Qwen3-VL-2B-Thinking (german),culture/qwen3_vl_2b/german,culture/qwen3_vl_2b/base,qwen3_vl_2b,Qwen3-VL-2B-Thinking,german,fa,1,employment,Retired,4,147,0.28511518192061125,0.03675560869542882,0.25666329148695166,0.022873261355127354,0.2585640376886487,0.7148848180793888,0.25666329148695166,0.025659234773584443,0.7414359623113512,0.0,0.0,0.21075014718628066,0.09846508717351632,0.7477803336718488,0.09098100881913496,0.18222362999901365,0.7892498528137193,0.6209412273732345,0.09098100881913496,0.8177763700009864,0.29351650223149084,0.378024947675619,False,False,0.07436503473433059,-0.0617094784780875,-0.49111704218489716,-0.0681077474640076,0.07634040768963507,-0.07436503473433054,-0.3642779358862829,-0.0653217740455505,-0.07634040768963513,-0.29351650223149084,-0.378024947675619,structure,structure
Qwen3-VL-2B-Thinking (german),culture/qwen3_vl_2b/german,culture/qwen3_vl_2b/base,qwen3_vl_2b,Qwen3-VL-2B-Thinking,german,fa,1,employment,Student,4,35,0.2935608505563694,0.022870532473320715,0.18026807346861812,-0.01775828017082224,0.2852156730645845,0.7064391494436306,0.18026807346861812,0.015299953962676,0.7147843269354155,0.0,0.0,0.21452575747534885,0.06374440231029377,0.5866557012276543,-0.022129007225059186,0.19163945358476975,0.7854742425246511,0.5866557012276543,0.021199544393428135,0.8083605464152303,0.0,0.0,False,False,0.07903509308102052,-0.040873869836973054,-0.4063876277590362,0.004370727054236946,0.09357621947981476,-0.07903509308102052,-0.4063876277590362,-0.005899590430752135,-0.09357621947981476,0.0,0.0,structure,structure
Qwen3-VL-2B-Thinking (german),culture/qwen3_vl_2b/german,culture/qwen3_vl_2b/base,qwen3_vl_2b,Qwen3-VL-2B-Thinking,german,fa,1,employment,Unemployed,4,31,0.3283722859336359,0.04216986036838978,0.3006791859851017,0.053642591933637636,0.30654994249106804,0.6716277140663641,0.3006791859851017,0.06593813718691405,0.693450057508932,0.0,0.0,0.2545175142826164,0.0860260470213827,0.6893446598961956,0.07847884809632662,0.21701618579250367,0.7454824857173836,0.5440323475838831,0.07847884809632662,0.7829838142074963,0.250115129455425,0.33107343937546047,False,False,0.0738547716510195,-0.043856186652992915,-0.38866547391109396,-0.02483625616268898,0.08953375669856437,-0.0738547716510195,-0.2433531615987814,-0.01254071090941257,-0.08953375669856434,-0.250115129455425,-0.33107343937546047,structure,structure
Qwen3-VL-2B-Thinking (german),culture/qwen3_vl_2b/german,culture/qwen3_vl_2b/base,qwen3_vl_2b,Qwen3-VL-2B-Thinking,german,fa,1,employment,Working,4,349,0.3131680067673182,0.016180488409254064,0.11210589475749817,0.04713887622331393,0.30889765728884705,0.6868319932326818,0.11210589475749817,0.05194869025877494,0.691102342711153,0.0,0.0,0.23882951681180498,0.07762092519793026,0.5715737085329115,0.05175005070232104,0.22067801245524477,0.761170483188195,0.5715737085329115,0.05304673394070717,0.7793219875447552,0.0,0.0,False,False,0.07433848995551323,-0.061440436788676195,-0.4594678137754133,-0.004611174479007107,0.08821964483360228,-0.07433848995551318,-0.4594678137754133,-0.0010980436819322328,-0.08821964483360223,0.0,0.0,structure,structure
Qwen3-VL-2B-Thinking (german),culture/qwen3_vl_2b/german,culture/qwen3_vl_2b/base,qwen3_vl_2b,Qwen3-VL-2B-Thinking,german,fa,1,marital_status,Cohabiting,4,37,0.33427225615334905,0.027882856807275442,0.15338807697908044,0.15188342843815494,0.3215805357766618,0.665727743846651,0.15338807697908044,0.15934388161267066,0.6784194642233382,0.0,0.0,0.22709510627126545,0.08329545389945593,0.5383416163972098,0.07554931070571834,0.1949601791490653,0.7729048937287346,0.5383416163972098,0.07554931070571834,0.8050398208509347,0.2706535470336686,0.35421044710659116,False,False,0.1071771498820836,-0.05541259709218049,-0.3849535394181294,0.0763341177324366,0.1266203566275965,-0.1071771498820836,-0.3849535394181294,0.08379457090695232,-0.12662035662759652,-0.2706535470336686,-0.35421044710659116,adaptability,structure
Qwen3-VL-2B-Thinking (german),culture/qwen3_vl_2b/german,culture/qwen3_vl_2b/base,qwen3_vl_2b,Qwen3-VL-2B-Thinking,german,fa,1,marital_status,Divorced or separated,4,68,0.28007959198653554,0.04895035466874546,0.3481793967937965,0.032722978142206496,0.26714595432046234,0.7199204080134645,0.3481793967937965,0.047713026442595285,0.7328540456795377,0.0,0.0,0.1658823133407245,0.07175333925333925,0.5746120940972359,0.05217313570018659,0.13501256113735224,0.8341176866592755,0.5746120940972359,0.05217313570018659,0.8649874388626477,0.2679087535210378,0.3586959150403757,False,False,0.11419727864581103,-0.02280298458459379,-0.2264326973034394,-0.019450157557980095,0.1321333931831101,-0.11419727864581108,-0.2264326973034394,-0.004460109257591306,-0.13213339318311002,-0.2679087535210378,-0.3586959150403757,structure,structure
Qwen3-VL-2B-Thinking (german),culture/qwen3_vl_2b/german,culture/qwen3_vl_2b/base,qwen3_vl_2b,Qwen3-VL-2B-Thinking,german,fa,1,marital_status,Married,4,342,0.3142462363452162,0.023483942458456624,0.15200350688136716,0.03855936568007067,0.3048084457716941,0.6857537636547838,0.15200350688136716,0.047171665857749547,0.6951915542283059,0.0,0.0,0.25906082125456753,0.06760367886216785,0.5106027437276006,0.061255376033345785,0.23558184184419487,0.7409391787454325,0.5106027437276006,0.061255376033345785,0.7644181581558052,0.2585288335552984,0.3363036576307145,False,False,0.05518541509064867,-0.044119736403711224,-0.35859923684623346,-0.022696010353275113,0.06922660392749921,-0.05518541509064867,-0.35859923684623346,-0.014083710175596238,-0.06922660392749924,-0.2585288335552984,-0.3363036576307145,structure,structure
Qwen3-VL-2B-Thinking (german),culture/qwen3_vl_2b/german,culture/qwen3_vl_2b/base,qwen3_vl_2b,Qwen3-VL-2B-Thinking,german,fa,1,marital_status,Single,4,131,0.31436416593611716,0.022102925809822354,0.1558089081332125,-0.01185594037741166,0.3082771396177726,0.6856358340638828,0.1558089081332125,0.014116998636312597,0.6917228603822274,0.0,0.0,0.23554420896024145,0.0645851108835731,0.5508895815889636,0.05055122656522896,0.20785761384733897,0.7644557910397585,0.5508895815889636,0.051740033962550426,0.7921423861526611,0.0,0.0,False,False,0.07881995697587571,-0.04248218507375075,-0.39508067345575115,-0.06240716694264062,0.10041952577043362,-0.07881995697587563,-0.39508067345575115,-0.03762303532623783,-0.10041952577043367,0.0,0.0,structure,structure
Qwen3-VL-2B-Thinking (german),culture/qwen3_vl_2b/german,culture/qwen3_vl_2b/base,qwen3_vl_2b,Qwen3-VL-2B-Thinking,german,fa,1,marital_status,Widowed,4,61,0.3067036569789792,0.03948652237358494,0.271033111929828,0.08633542675532903,0.2940184188919654,0.6932963430210207,0.271033111929828,0.08633542675532903,0.7059815811080346,0.2273160180551758,0.29760700032549703,0.21018056615256744,0.0659401383127751,0.5159847123089661,0.06703166365729686,0.18232056086254528,0.7898194338474326,0.5159847123089661,0.06703166365729686,0.8176794391374547,0.2781449173810188,0.36299734140736933,False,False,0.09652309082641178,-0.02645361593919017,-0.24495160037913816,0.019303763098032167,0.11169785802942012,-0.09652309082641186,-0.24495160037913816,0.019303763098032167,-0.11169785802942012,-0.05082889932584303,-0.0653903410818723,structure,structure
Qwen3-VL-2B-Thinking (german),culture/qwen3_vl_2b/german,culture/qwen3_vl_2b/base,qwen3_vl_2b,Qwen3-VL-2B-Thinking,german,fa,1,population,every retained cell,4,639,0.3109765938717235,0.030846452641868596,0.19837519239561566,0.02669004005172604,0.296210490145007,0.6890234061282765,0.19837519239561566,0.032648999173254166,0.703789509854993,0.0,0.0,0.23756765432136273,0.09178017533995794,0.6724771595974665,0.05575565774066227,0.2078102706872504,0.7624323456786373,0.6535956825419302,0.05685134263662914,0.7921897293127496,0.0,0.0,False,False,0.07340893955036076,-0.060933722698089346,-0.4741019672018508,-0.02906561768893623,0.08840021945775661,-0.07340893955036076,-0.4552204901463146,-0.02420234346337497,-0.08840021945775656,0.0,0.0,structure,structure
Qwen3-VL-2B-Thinking (german),culture/qwen3_vl_2b/german,culture/qwen3_vl_2b/base,qwen3_vl_2b,Qwen3-VL-2B-Thinking,german,fa,1,sex,Female,4,349,0.3127961321126219,0.03220924013258111,0.20563119469143343,0.028503965070841467,0.29343641992043556,0.6872038678873781,0.20563119469143343,0.031229105582053628,0.7065635800795644,0.0,0.0,0.23645921480812188,0.09443376654843678,0.679957104824332,0.06410210225574299,0.20496696327971164,0.7635407851918781,0.6206957705697688,0.06559779736199475,0.7950330367202885,0.0,0.0,False,False,0.07633691730450004,-0.06222452641585567,-0.4743259101328986,-0.03559813718490153,0.08846945664072392,-0.07633691730449998,-0.41506457587833534,-0.034368691779941125,-0.08846945664072403,0.0,0.0,structure,structure
Qwen3-VL-2B-Thinking (german),culture/qwen3_vl_2b/german,culture/qwen3_vl_2b/base,qwen3_vl_2b,Qwen3-VL-2B-Thinking,german,fa,1,sex,Male,4,290,0.30881378837783047,0.029248287540272505,0.19744186493177707,0.017205564873757014,0.2995378396986418,0.6911862116221696,0.19744186493177707,0.028231522772275412,0.7004621603013583,0.0,0.0,0.23889359245999003,0.08288154605374284,0.625834374703959,0.050633197079166484,0.21551650001652917,0.76110640754001,0.625834374703959,0.05216431912712466,0.7844834999834709,0.0,0.0,False,False,0.06992019591784043,-0.05363325851347034,-0.4283925097721819,-0.033427632205409466,0.08402133968211262,-0.06992019591784038,-0.4283925097721819,-0.023932796354849246,-0.08402133968211256,0.0,0.0,structure,structure
Qwen3-VL-2B-Thinking (german),culture/qwen3_vl_2b/german,culture/qwen3_vl_2b/base,qwen3_vl_2b,Qwen3-VL-2B-Thinking,german,fa,1,wave,1995-1997,4,221,0.3150003274205232,0.03011282698782699,0.19437494556183027,0.028006301453481028,0.30181810501841044,0.6849996725794768,0.19437494556183027,0.03042292922013159,0.6981818949815896,0.0,0.0,0.23372356104697578,0.09400499112823957,0.7408574426415632,0.05885157959463525,0.20853522756164414,0.7662764389530242,0.5735878878384699,0.0625942273518695,0.7914647724383559,0.0,0.0,False,False,0.08127676637354742,-0.06389216414041257,-0.5464824970797328,-0.030845278141154224,0.0932828774567663,-0.08127676637354742,-0.37921294227663965,-0.0321712981317379,-0.09328287745676633,0.0,0.0,structure,structure
Qwen3-VL-2B-Thinking (german),culture/qwen3_vl_2b/german,culture/qwen3_vl_2b/base,qwen3_vl_2b,Qwen3-VL-2B-Thinking,german,fa,1,wave,2005-2006,4,173,0.31347119035858967,0.03112787795654212,0.19539350604222755,0.03504221636897283,0.2948600079668838,0.6865288096414104,0.19539350604222755,0.046368743923973894,0.7051399920331163,0.0,0.0,0.25156182869820054,0.0911240468259536,0.6724921390507983,0.06719580638021193,0.22013353084808443,0.7484381713017995,0.6326202375167737,0.07114095760454917,0.7798664691519156,0.0,0.0,False,False,0.06190936166038913,-0.059996168869411476,-0.47709863300857075,-0.032153590011239096,0.07472647711879934,-0.06190936166038907,-0.4372267314745461,-0.02477221368057527,-0.07472647711879932,0.0,0.0,structure,structure
Qwen3-VL-2B-Thinking (german),culture/qwen3_vl_2b/german,culture/qwen3_vl_2b/base,qwen3_vl_2b,Qwen3-VL-2B-Thinking,german,fa,1,wave,2017-2018,4,245,0.30520388460157877,0.03134893103093845,0.21995861474979028,0.027681902189752625,0.29246693344798996,0.6947961153984212,0.21995861474979028,0.03444306450822603,0.7075330665520101,0.0,0.0,0.22871584991585275,0.09095442741459235,0.6735639915769147,0.042657878922114686,0.20054081757634218,0.7712841500841472,0.6223561476404599,0.044034433102115966,0.7994591824236578,0.0,0.0,False,False,0.07648803468572601,-0.0596054963836539,-0.45360537682712443,-0.014975976732362062,0.09192611587164778,-0.07648803468572596,-0.4023975328906696,-0.009591368593889933,-0.09192611587164767,0.0,0.0,structure,structure
Qwen3-VL-2B-Thinking (german),culture/qwen3_vl_2b/german,culture/qwen3_vl_2b/base,qwen3_vl_2b,Qwen3-VL-2B-Thinking,german,ntp,1,age,25-34,4,149,0.29421514251223124,0.019069341906499844,0.12995041761658577,0.03711083319861036,0.2860674587916546,0.7057848574877688,0.12995041761658577,0.03711083319861036,0.7139325412083454,0.12179285606024537,0.18639018241939376,0.20606390016377568,0.057381195028218826,0.41587067255961185,0.0316257126139851,0.17310585117547217,0.7939360998362244,0.41587067255961185,0.03887804598756003,0.8268941488245278,0.0,0.0,False,False,0.08815124234845556,-0.03831185312171898,-0.2859202549430261,0.005485120584625261,0.11296160761618246,-0.08815124234845562,-0.2859202549430261,-0.0017672127889496667,-0.11296160761618246,0.12179285606024537,0.18639018241939376,structure,structure
Qwen3-VL-2B-Thinking (german),culture/qwen3_vl_2b/german,culture/qwen3_vl_2b/base,qwen3_vl_2b,Qwen3-VL-2B-Thinking,german,ntp,1,age,35-44,4,104,0.28645625523578433,0.0261627469117911,0.17423364387661402,0.016069730682757886,0.2773384616217801,0.7135437447642157,0.17423364387661402,0.02944666628330737,0.7226615383782199,0.0,0.0,0.20166041913382407,0.06241510040193586,0.42807391890231306,0.08675826725714628,0.16850973460252633,0.798339580866176,0.42807391890231306,0.0889983853321839,0.8314902653974736,0.0,0.0,False,False,0.08479583610196026,-0.03625235349014476,-0.25384027502569906,-0.0706885365743884,0.10882872701925378,-0.08479583610196029,-0.25384027502569906,-0.05955171904887653,-0.10882872701925372,0.0,0.0,structure,structure
Qwen3-VL-2B-Thinking (german),culture/qwen3_vl_2b/german,culture/qwen3_vl_2b/base,qwen3_vl_2b,Qwen3-VL-2B-Thinking,german,ntp,1,age,45-54,4,108,0.28860085539164443,0.036570835993563054,0.23123826901309352,0.024754595677812515,0.2701531387624398,0.7113991446083555,0.23123826901309352,0.04970680719619061,0.7298468612375602,0.0,0.0,0.20339052419485226,0.07183362468417459,0.4910096476208397,0.09394915718134908,0.17206384864657684,0.7966094758051477,0.4910096476208397,0.09394915718134908,0.8279361513534231,0.28098478451437015,0.3667024561084284,False,False,0.08521033119679217,-0.035262788690611536,-0.2597713786077462,-0.06919456150353656,0.09808929011586295,-0.08521033119679222,-0.2597713786077462,-0.04424234998515847,-0.09808929011586298,-0.28098478451437015,-0.3667024561084284,structure,structure
Qwen3-VL-2B-Thinking (german),culture/qwen3_vl_2b/german,culture/qwen3_vl_2b/base,qwen3_vl_2b,Qwen3-VL-2B-Thinking,german,ntp,1,age,55-64,4,92,0.2843941785795133,0.031505657871335066,0.19876645539830193,0.031873461387363515,0.2643804532627928,0.7156058214204867,0.19876645539830193,0.031873461387363515,0.7356195467372072,0.13910702426791027,0.2079983037954956,0.2019431204979403,0.06302326898469568,0.43773122738535286,0.12139672411294777,0.1684236073229214,0.7980568795020597,0.43773122738535286,0.12139672411294777,0.8315763926770786,0.31189458772288176,0.3971892159328856,False,False,0.08245105808157302,-0.031517611113360613,-0.23896477198705093,-0.08952326272558425,0.09595684593987142,-0.08245105808157305,-0.23896477198705093,-0.08952326272558425,-0.09595684593987142,-0.17278756345497148,-0.18919091213738998,structure,structure
Qwen3-VL-2B-Thinking (german),culture/qwen3_vl_2b/german,culture/qwen3_vl_2b/base,qwen3_vl_2b,Qwen3-VL-2B-Thinking,german,ntp,1,age,65-74,4,83,0.26928509028390085,0.03931692842579784,0.25244023717361697,0.062210689812493676,0.24283160560338424,0.7307149097160992,0.25244023717361697,0.062210689812493676,0.7571683943966158,0.19528600577624317,0.270814908136317,0.19142477761799442,0.07036483164581267,0.4906081128541157,0.14359414427053352,0.15995908539365447,0.8085752223820056,0.4906081128541157,0.14359414427053352,0.8400409146063456,0.29015902454158715,0.37771215436045363,False,False,0.07786031266590643,-0.031047903220014827,-0.23816787568049874,-0.08138345445803985,0.08287252020972977,-0.07786031266590643,-0.23816787568049874,-0.08138345445803985,-0.0828725202097298,-0.09487301876534399,-0.10689724622413666,structure,structure
Qwen3-VL-2B-Thinking (german),culture/qwen3_vl_2b/german,culture/qwen3_vl_2b/base,qwen3_vl_2b,Qwen3-VL-2B-Thinking,german,ntp,1,age,75+,4,28,0.2662404395360825,0.0424166962567052,0.3137463323376464,0.1407524935674212,0.2443862291112469,0.7337595604639175,0.3137463323376464,0.14722740817866803,0.7556137708887531,0.0,0.0,0.18260439370435205,0.0816701169602555,0.635885888953863,0.16191681809421055,0.16243852106900758,0.817395606295648,0.5955756001823834,0.16191681809421055,0.8375614789309924,0.27610046216921036,0.36378255566144657,False,False,0.08363604583173045,-0.0392534207035503,-0.32213955661621657,-0.021164324526789347,0.08194770804223933,-0.08363604583173045,-0.281829267844737,-0.014689409915542517,-0.08194770804223928,-0.27610046216921036,-0.36378255566144657,structure,structure
Qwen3-VL-2B-Thinking (german),culture/qwen3_vl_2b/german,culture/qwen3_vl_2b/base,qwen3_vl_2b,Qwen3-VL-2B-Thinking,german,ntp,1,age,<25,4,73,0.29817390706197483,0.02671722343942003,0.18359246625156592,0.017204438949086093,0.2868679632574621,0.7018260929380251,0.18359246625156592,0.03734869359409551,0.7131320367425379,0.0,0.0,0.20720349552063574,0.04278453819389677,0.3797300126131955,0.07000871925995353,0.17899981691021816,0.7927965044793642,0.3797300126131955,0.07326435848684491,0.8210001830897818,0.0,0.0,False,False,0.09097041154133909,-0.01606731475447674,-0.19613754636162958,-0.05280428031086744,0.10786814634724395,-0.09097041154133911,-0.19613754636162958,-0.0359156648927494,-0.10786814634724395,0.0,0.0,structure,structure
Qwen3-VL-2B-Thinking (german),culture/qwen3_vl_2b/german,culture/qwen3_vl_2b/base,qwen3_vl_2b,Qwen3-VL-2B-Thinking,german,ntp,1,country,Australia,4,136,0.24967820939595037,0.027781047373554107,0.3056367911294288,0.044493726954038665,0.24530721887962065,0.7503217906040496,0.3056367911294288,0.044493726954038665,0.7546927811203794,0.1497849346774949,0.2229526573153946,0.14214413961802544,0.06430030914563638,0.6598960654550288,0.07539978701182669,0.11517354482786557,0.8578558603819746,0.6332710563522521,0.07539978701182669,0.8848264551721344,0.3119618833371573,0.4042300557098529,False,False,0.10753406977792493,-0.03651926177208227,-0.35425927432559995,-0.030906060057788023,0.13013367405175508,-0.10753406977792501,-0.3276342652228233,-0.030906060057788023,-0.13013367405175502,-0.1621769486596624,-0.18127739839445828,structure,structure
Qwen3-VL-2B-Thinking (german),culture/qwen3_vl_2b/german,culture/qwen3_vl_2b/base,qwen3_vl_2b,Qwen3-VL-2B-Thinking,german,ntp,1,country,Germany,4,144,0.2573251467626507,0.0348402149151534,0.2993197585778352,0.036054158601804095,0.24172978783215748,0.7426748532373493,0.2993197585778352,0.039399983787836164,0.7582702121678425,0.0,0.0,0.1650493467131029,0.06845628409068671,0.6131288370215855,0.10765101091105031,0.14991386962640477,0.8349506532868971,0.6131288370215855,0.10765101091105031,0.8500861303735953,0.21737222810850723,0.3051813322936471,False,False,0.09227580004954783,-0.033616069175533315,-0.3138090784437503,-0.07159685230924621,0.09181591820575272,-0.09227580004954783,-0.3138090784437503,-0.06825102712321415,-0.09181591820575274,-0.21737222810850723,-0.3051813322936471,structure,structure
Qwen3-VL-2B-Thinking (german),culture/qwen3_vl_2b/german,culture/qwen3_vl_2b/base,qwen3_vl_2b,Qwen3-VL-2B-Thinking,german,ntp,1,country,Mexico,4,131,0.37160035345877623,0.034752544804154725,0.358551565136785,0.021109749199303487,0.35764984715911263,0.6283996465412238,0.358551565136785,0.022531745295958774,0.6423501528408874,0.0,0.0,0.30180506718183175,0.0665424197707026,0.7072754718000565,0.02888950549746526,0.2888539674120896,0.6981949328181682,0.6189675882054992,0.036242322744703376,0.7111460325879104,0.0,0.0,False,False,0.06979528627694448,-0.03178987496654788,-0.34872390666327147,-0.007779756298161772,0.06879587974702306,-0.06979528627694442,-0.26041602306871425,-0.013710577448744602,-0.06879587974702306,0.0,0.0,structure,structure
Qwen3-VL-2B-Thinking (german),culture/qwen3_vl_2b/german,culture/qwen3_vl_2b/base,qwen3_vl_2b,Qwen3-VL-2B-Thinking,german,ntp,1,country,Russia,4,88,0.28874476604490457,0.038716864205880025,0.39912154572603004,0.057723767727444135,0.26952978002758243,0.7112552339550955,0.39912154572603004,0.057723767727444135,0.7304702199724176,0.1777028780890733,0.2467704811935647,0.20001019345846066,0.0717286364500301,0.8329945887830466,0.044340583276468455,0.17350838693065146,0.7999898065415394,0.5110680139559012,0.044340583276468455,0.8264916130693485,0.21407731642254244,0.2988583015991072,False,False,0.0887345725864439,-0.03301177224415007,-0.4338730430570165,0.01338318445097568,0.09602139309693097,-0.0887345725864439,-0.11194646822987114,0.01338318445097568,-0.09602139309693092,-0.03637443833346912,-0.052087820405542495,structure,structure
Qwen3-VL-2B-Thinking (german),culture/qwen3_vl_2b/german,culture/qwen3_vl_2b/base,qwen3_vl_2b,Qwen3-VL-2B-Thinking,german,ntp,1,country,United States,4,140,0.2715890763477452,0.030111836146111334,0.2618118923990347,0.09111757138800472,0.26293949108870773,0.7284109236522548,0.2618118923990347,0.09111757138800472,0.7370605089112923,0.21414381804484178,0.28854094328896107,0.20644635294114916,0.06439982208724175,0.5957382944093226,0.05187032790805851,0.18563474521451828,0.7935536470588509,0.5957382944093226,0.05187032790805851,0.8143652547854817,0.25843448013678294,0.34301026802258405,False,False,0.06514272340659605,-0.03428798594113042,-0.3339264020102879,0.03924724347994621,0.07730474587418945,-0.0651427234065961,-0.3339264020102879,0.03924724347994621,-0.07730474587418945,-0.04429066209194116,-0.05446932473362298,structure,structure
Qwen3-VL-2B-Thinking (german),culture/qwen3_vl_2b/german,culture/qwen3_vl_2b/base,qwen3_vl_2b,Qwen3-VL-2B-Thinking,german,ntp,1,education,High,4,245,0.2640033413531663,0.02584840835914617,0.18738727488093734,0.008495684208611106,0.2565258723957178,0.7359966586468337,0.18738727488093734,0.014049663743668003,0.7434741276042822,0.0,0.0,0.18525428141038952,0.06315556160053605,0.45398821133345646,0.051137676381450975,0.1570007942242317,0.8147457185896104,0.45398821133345646,0.05696345177580036,0.8429992057757683,0.0,0.0,False,False,0.07874905994277676,-0.037307153241389876,-0.26660093645251914,-0.04264199217283987,0.09952507817148609,-0.0787490599427767,-0.26660093645251914,-0.04291378803213236,-0.09952507817148604,0.0,0.0,structure,structure
Qwen3-VL-2B-Thinking (german),culture/qwen3_vl_2b/german,culture/qwen3_vl_2b/base,qwen3_vl_2b,Qwen3-VL-2B-Thinking,german,ntp,1,education,Low,4,51,0.3624175647191811,0.04097087053740232,0.2928038674107337,0.1385953422774237,0.35440319094456924,0.6375824352808189,0.2928038674107337,0.1385953422774237,0.6455968090554307,0.2540301159050491,0.3121879989116529,0.28267840538023303,0.06871396944254578,0.5699640990167689,0.06412453567487551,0.263533817828515,0.717321594619767,0.44898205673120506,0.07018610940540501,0.7364661821714851,0.0,0.0,False,False,0.07973915933894804,-0.02774309890514346,-0.2771602316060352,0.07447080660254819,0.09086937311605425,-0.07973915933894804,-0.15617818932047134,0.0684092328720187,-0.09086937311605436,0.2540301159050491,0.3121879989116529,structure,structure
Qwen3-VL-2B-Thinking (german),culture/qwen3_vl_2b/german,culture/qwen3_vl_2b/base,qwen3_vl_2b,Qwen3-VL-2B-Thinking,german,ntp,1,education,Middle,4,343,0.2932516440854208,0.0313936383352597,0.21148060768176577,0.014207391927183087,0.27855466705732923,0.7067483559145792,0.21148060768176577,0.023896671469691953,0.7214453329426708,0.0,0.0,0.20279283983084662,0.0677540225269921,0.5390627167422812,0.05482268623042626,0.16824569540626846,0.7972071601691534,0.5279195383364818,0.05839618622796373,0.8317543045937316,0.0,0.0,False,False,0.0904588042545742,-0.036360384191732396,-0.32758210906051544,-0.04061529430324317,0.11030897165106077,-0.0904588042545742,-0.31643893065471596,-0.034499514758271774,-0.1103089716510608,0.0,0.0,structure,structure
Qwen3-VL-2B-Thinking (german),culture/qwen3_vl_2b/german,culture/qwen3_vl_2b/base,qwen3_vl_2b,Qwen3-VL-2B-Thinking,german,ntp,1,employment,Homemaker,4,72,0.3314254939243213,0.023677049040691872,0.15396388048791343,0.0341154001368696,0.3033585766763362,0.6685745060756787,0.15396388048791343,0.04583984868688977,0.6966414233236637,0.0,0.0,0.2575023404658668,0.03875296893908606,0.29197172114617664,0.12071157075933361,0.24218829428887434,0.7424976595341333,0.29197172114617664,0.12071157075933361,0.7578117057111257,0.2352288015081783,0.31365887098422546,False,False,0.07392315345845452,-0.015075919898394186,-0.13800784065826321,-0.08659617062246401,0.06117028238746186,-0.07392315345845457,-0.13800784065826321,-0.07487172207244384,-0.061170282387461916,-0.2352288015081783,-0.31365887098422546,structure,structure
Qwen3-VL-2B-Thinking (german),culture/qwen3_vl_2b/german,culture/qwen3_vl_2b/base,qwen3_vl_2b,Qwen3-VL-2B-Thinking,german,ntp,1,employment,Retired,4,147,0.26391410931121845,0.03623715029900823,0.2537594502483548,0.04679736735351303,0.23593120231450254,0.7360858906887815,0.2537594502483548,0.05026520751449992,0.7640687976854975,0.0,0.0,0.18084822132717387,0.06659305375163962,0.49703324129932563,0.11504320949452285,0.1492517462253547,0.8191517786728262,0.49703324129932563,0.11517514527026017,0.8507482537746454,0.0,0.0,False,False,0.08306588798404457,-0.030355903452631394,-0.24327379105097086,-0.06824584214100982,0.08667945608914784,-0.08306588798404468,-0.24327379105097086,-0.06490993775576025,-0.08667945608914784,0.0,0.0,structure,structure
Qwen3-VL-2B-Thinking (german),culture/qwen3_vl_2b/german,culture/qwen3_vl_2b/base,qwen3_vl_2b,Qwen3-VL-2B-Thinking,german,ntp,1,employment,Student,4,35,0.27437260956952464,0.019161573088918957,0.15291937416487633,-0.038664203968679825,0.26260888856538867,0.7256273904304753,0.15291937416487633,0.007157826556997781,0.7373911114346113,0.0,0.0,0.18652044098989834,0.02549437493346261,0.23226628852473402,0.010808613088763498,0.1606450515553854,0.8134795590101016,0.23226628852473402,0.03983699853683559,0.8393549484446146,0.0,0.0,False,False,0.0878521685796263,-0.006332801844543653,-0.07934691435985769,-0.04947281705744332,0.10196383701000328,-0.0878521685796263,-0.07934691435985769,-0.03267917197983781,-0.10196383701000322,0.0,0.0,structure,structure
Qwen3-VL-2B-Thinking (german),culture/qwen3_vl_2b/german,culture/qwen3_vl_2b/base,qwen3_vl_2b,Qwen3-VL-2B-Thinking,german,ntp,1,employment,Unemployed,4,31,0.30884201964451014,0.03185026111993455,0.2340310046946643,0.0401654674775391,0.28672897574913947,0.6911579803554899,0.2340310046946643,0.06801451121992995,0.7132710242508605,0.0,0.0,0.2174220986256365,0.039316640136849657,0.3000653819439636,0.05561858359754268,0.1826690524833542,0.7825779013743634,0.3000653819439636,0.055791738231836724,0.8173309475166458,0.0,0.0,False,False,0.09141992101887364,-0.007466379016915103,-0.06603437724929928,-0.01545311612000358,0.10405992326578528,-0.09141992101887353,-0.06603437724929928,0.012222772988093225,-0.10405992326578528,0.0,0.0,structure,structure
Qwen3-VL-2B-Thinking (german),culture/qwen3_vl_2b/german,culture/qwen3_vl_2b/base,qwen3_vl_2b,Qwen3-VL-2B-Thinking,german,ntp,1,employment,Working,4,349,0.28699906484315696,0.017509736487540374,0.1253264842803792,0.039227129437693554,0.2794648310674247,0.7130009351568432,0.1253264842803792,0.04051541875468815,0.7205351689325753,0.0,0.0,0.19999492619392248,0.057864272612225036,0.4122111092699434,0.07070466416645078,0.17079783131214205,0.8000050738060775,0.4122111092699434,0.07450618504427065,0.8292021686878579,0.0,0.0,False,False,0.08700413864923448,-0.04035453612468466,-0.28688462498956424,-0.03147753472875723,0.10866699975528266,-0.0870041386492344,-0.28688462498956424,-0.033990766289582496,-0.1086669997552826,0.0,0.0,structure,structure
Qwen3-VL-2B-Thinking (german),culture/qwen3_vl_2b/german,culture/qwen3_vl_2b/base,qwen3_vl_2b,Qwen3-VL-2B-Thinking,german,ntp,1,marital_status,Cohabiting,4,37,0.3101194991075114,0.024000271677563988,0.1303038070680773,0.07543437139163603,0.2925889334203698,0.6898805008924886,0.1303038070680773,0.08008950889110797,0.7074110665796303,0.0,0.0,0.19390166304864276,0.043228622551611064,0.28087415728839094,0.14350201243355049,0.1609290578281491,0.8060983369513572,0.28087415728839094,0.14350201243355049,0.839070942171851,0.2673473585095758,0.35505839487976804,False,False,0.11621783605886865,-0.019228350874047076,-0.15057035022031365,-0.06806764104191446,0.1316598755922207,-0.1162178360588686,-0.15057035022031365,-0.06341250354244252,-0.1316598755922207,-0.2673473585095758,-0.35505839487976804,structure,structure
Qwen3-VL-2B-Thinking (german),culture/qwen3_vl_2b/german,culture/qwen3_vl_2b/base,qwen3_vl_2b,Qwen3-VL-2B-Thinking,german,ntp,1,marital_status,Divorced or separated,4,68,0.25022688950531724,0.03782381671753075,0.2673171755068787,0.03929655453154216,0.23505651439988334,0.7497731104946828,0.2673171755068787,0.041347999873870604,0.7649434856001167,0.0,0.0,0.14619557511731812,0.03430312059205586,0.2692542765285771,0.12409464130754702,0.11216636966465368,0.8538044248826818,0.2692542765285771,0.12409464130754702,0.8878336303353463,0.26882306848331566,0.3621358598360202,False,False,0.10403131438799912,0.003520696125474891,-0.001937101021698362,-0.08479808677600487,0.12289014473522966,-0.10403131438799906,-0.001937101021698362,-0.08274664143367641,-0.12289014473522963,-0.26882306848331566,-0.3621358598360202,structure,structure
Qwen3-VL-2B-Thinking (german),culture/qwen3_vl_2b/german,culture/qwen3_vl_2b/base,qwen3_vl_2b,Qwen3-VL-2B-Thinking,german,ntp,1,marital_status,Married,4,342,0.28998857442619447,0.024398881005923263,0.1587405274349663,0.02873719762366953,0.27671319365319946,0.7100114255738055,0.1587405274349663,0.02875780644344112,0.7232868063468005,0.0,0.0,0.2162075162420635,0.04645490797763534,0.3442707872795698,0.10537807753830775,0.18287291061164898,0.7837924837579365,0.3442707872795698,0.10537807753830775,0.817127089388351,0.282652318349433,0.366506017944301,False,False,0.07378105818413097,-0.022056026971712075,-0.18553025984460347,-0.07664087991463822,0.09384028304155048,-0.07378105818413105,-0.18553025984460347,-0.07662027109486663,-0.09384028304155045,-0.282652318349433,-0.366506017944301,structure,structure
Qwen3-VL-2B-Thinking (german),culture/qwen3_vl_2b/german,culture/qwen3_vl_2b/base,qwen3_vl_2b,Qwen3-VL-2B-Thinking,german,ntp,1,marital_status,Single,4,131,0.2929301208444182,0.020046946942691744,0.14224483084292586,0.01371766324358345,0.2842853314791162,0.7070698791555818,0.14224483084292586,0.03518626351416701,0.7157146685208837,0.0,0.0,0.2007324399759536,0.037295773322877465,0.31453658536400897,0.04821943966401328,0.17219383613046177,0.7992675600240464,0.31453658536400897,0.05360607446684017,0.8278061638695382,0.0,0.0,False,False,0.09219768086846461,-0.01724882638018572,-0.1722917545210831,-0.03450177642042983,0.11209149534865445,-0.09219768086846458,-0.1722917545210831,-0.018419810952673157,-0.11209149534865448,0.0,0.0,structure,structure
Qwen3-VL-2B-Thinking (german),culture/qwen3_vl_2b/german,culture/qwen3_vl_2b/base,qwen3_vl_2b,Qwen3-VL-2B-Thinking,german,ntp,1,marital_status,Widowed,4,61,0.28677766499082047,0.032641252191137365,0.2218136563014587,0.0713151805142738,0.2717922774641408,0.7132223350091795,0.2218136563014587,0.0713151805142738,0.7282077225358592,0.1959966000364345,0.26864533679331304,0.1935424326845284,0.03127462076932358,0.239058653813917,0.13402556499372065,0.16050290365040104,0.8064575673154716,0.239058653813917,0.13402556499372065,0.8394970963495989,0.270534963707511,0.35829436380720076,False,False,0.09323523230629208,0.0013666314218137854,-0.01724499751245831,-0.06271038447944685,0.11128937381373977,-0.09323523230629205,-0.01724499751245831,-0.06271038447944685,-0.11128937381373971,-0.07453836367107652,-0.08964902701388772,structure,structure
Qwen3-VL-2B-Thinking (german),culture/qwen3_vl_2b/german,culture/qwen3_vl_2b/base,qwen3_vl_2b,Qwen3-VL-2B-Thinking,german,ntp,1,population,every retained cell,4,639,0.2870890231507093,0.03342301277635748,0.21819014979643842,0.018961905324614548,0.269570068321804,0.7129109768492907,0.21819014979643842,0.02413384733422895,0.7304299316781959,0.0,0.0,0.20196352033871143,0.06962253342434227,0.49939284998483413,0.06687374304475997,0.16858151118650874,0.7980364796612885,0.49939284998483413,0.0701974185855968,0.8314184888134912,0.0,0.0,False,False,0.08512550281199785,-0.03619952064798479,-0.2812027001883957,-0.04791183772014543,0.10098855713529528,-0.08512550281199782,-0.2812027001883957,-0.046063571251367855,-0.10098855713529531,0.0,0.0,structure,structure
Qwen3-VL-2B-Thinking (german),culture/qwen3_vl_2b/german,culture/qwen3_vl_2b/base,qwen3_vl_2b,Qwen3-VL-2B-Thinking,german,ntp,1,sex,Female,4,349,0.28971117313021666,0.034667176731906064,0.22297432866428063,0.017873962014033924,0.26707214933778134,0.7102888268697833,0.22297432866428063,0.021518832859179618,0.7329278506622187,0.0,0.0,0.20353821195616423,0.0703348208703996,0.4984652282385579,0.07016644536151702,0.16744730799667343,0.7964617880438358,0.4984652282385579,0.07420622008162447,0.8325526920033266,0.0,0.0,False,False,0.08617296117405243,-0.03566764413849354,-0.27549089957427725,-0.0522924833474831,0.09962484134110791,-0.08617296117405249,-0.27549089957427725,-0.052687387222444856,-0.09962484134110794,0.0,0.0,structure,structure
Qwen3-VL-2B-Thinking (german),culture/qwen3_vl_2b/german,culture/qwen3_vl_2b/base,qwen3_vl_2b,Qwen3-VL-2B-Thinking,german,ntp,1,sex,Male,4,290,0.2839627371892106,0.03137934781152465,0.21512118202111194,0.010896083038641395,0.27256545948966515,0.7160372628107894,0.21512118202111194,0.019951973212436375,0.7274345405103348,0.0,0.0,0.20007524110847724,0.0636936333166058,0.4673806340177295,0.05540558336113208,0.1709898542685217,0.7999247588915228,0.4673806340177295,0.059102493355742074,0.8290101457314784,0.0,0.0,False,False,0.08388749608073337,-0.03231428550508115,-0.2522594519966176,-0.04450950032249068,0.10157560522114345,-0.08388749608073343,-0.2522594519966176,-0.039150520143305695,-0.1015756052211435,0.0,0.0,structure,structure
Qwen3-VL-2B-Thinking (german),culture/qwen3_vl_2b/german,culture/qwen3_vl_2b/base,qwen3_vl_2b,Qwen3-VL-2B-Thinking,german,ntp,1,wave,1995-1997,4,221,0.2912439385882535,0.0327334904147358,0.2159554209969595,0.01989085029124791,0.2755055649651471,0.7087560614117465,0.2159554209969595,0.02773414891908365,0.7244944350348529,0.0,0.0,0.19804653601185576,0.07068789185607294,0.5417488293135564,0.07848010925548694,0.1634870603198904,0.8019534639881443,0.5168856547392408,0.08054603494849956,0.8365129396801095,0.0,0.0,False,False,0.09319740257639772,-0.03795440144133714,-0.32579340831659687,-0.058589258964239034,0.1120185046452567,-0.09319740257639775,-0.30093023374228123,-0.05281188602941591,-0.11201850464525664,0.0,0.0,structure,structure
Qwen3-VL-2B-Thinking (german),culture/qwen3_vl_2b/german,culture/qwen3_vl_2b/base,qwen3_vl_2b,Qwen3-VL-2B-Thinking,german,ntp,1,wave,2005-2006,4,173,0.2918198107447797,0.03200594941969624,0.20510525118899936,0.014889841781369994,0.2694473984334312,0.7081801892552203,0.20510525118899936,0.023064746251237746,0.7305526015665689,0.0,0.0,0.21586826583125096,0.06840887725692132,0.4966766922631739,0.0753321836940659,0.18292352143565355,0.784131734168749,0.4966766922631739,0.08100715925093468,0.8170764785643465,0.0,0.0,False,False,0.07595154491352873,-0.03640292783722508,-0.29157144107417454,-0.0604423419126959,0.08652387699777764,-0.07595154491352873,-0.29157144107417454,-0.057942412999696935,-0.08652387699777764,0.0,0.0,structure,structure
Qwen3-VL-2B-Thinking (german),culture/qwen3_vl_2b/german,culture/qwen3_vl_2b/base,qwen3_vl_2b,Qwen3-VL-2B-Thinking,german,ntp,1,wave,2017-2018,4,245,0.27941822719987464,0.03522818373770768,0.2480199836620838,0.023371528456054606,0.2645489456691503,0.7205817728001254,0.2480199836620838,0.02786211978825646,0.7354510543308497,0.0,0.0,0.19326085775507165,0.07013190945079922,0.5109964000546765,0.0529233654492922,0.16472947998168092,0.8067391422449284,0.5109964000546765,0.057115443433936874,0.835270520018319,0.0,0.0,False,False,0.08615736944480298,-0.03490372571309154,-0.2629764163925927,-0.029551836993237594,0.09981946568746941,-0.08615736944480301,-0.2629764163925927,-0.029253323645680413,-0.09981946568746936,0.0,0.0,structure,structure
Qwen3-VL-2B-Thinking (spanish-mx),culture/qwen3_vl_2b/spanish-mx,culture/qwen3_vl_2b/base,qwen3_vl_2b,Qwen3-VL-2B-Thinking,spanish-mx,fa,1,age,25-34,4,149,0.19242119292460133,0.04515124590556727,0.31222059333653274,0.03962603290766201,0.17950163712489375,0.8075788070753986,0.31222059333653274,0.04298021624146149,0.8204983628751062,0.0,0.0,0.24350219523905103,0.07835787013408609,0.5798806963420133,0.030655652360821378,0.21809446932358098,0.756497804760949,0.5798806963420133,0.0332880844192001,0.781905530676419,0.0,0.0,False,False,-0.0510810023144497,-0.03320662422851882,-0.2676601030054806,0.008970380546840628,-0.03859283219868723,0.051081002314449675,-0.2676601030054806,0.00969213182226139,0.038592832198687255,0.0,0.0,structure,structure
Qwen3-VL-2B-Thinking (spanish-mx),culture/qwen3_vl_2b/spanish-mx,culture/qwen3_vl_2b/base,qwen3_vl_2b,Qwen3-VL-2B-Thinking,spanish-mx,fa,1,age,35-44,4,104,0.19338707556143211,0.046070544689610735,0.31093443954391176,0.06487416453754995,0.18106498896296352,0.8066129244385679,0.31093443954391176,0.07542536393015507,0.8189350110370365,0.0,0.0,0.2414806450469841,0.08254735462096333,0.5829959124309531,0.05948963994524415,0.2189522786099713,0.7585193549530159,0.5829959124309531,0.05948963994524415,0.7810477213900286,0.2354856761418132,0.3159709772112875,False,False,-0.04809356948555199,-0.03647680993135259,-0.2720614728870413,0.005384524592305796,-0.03788728964700777,0.04809356948555199,-0.2720614728870413,0.015935723984910923,0.03788728964700783,-0.2354856761418132,-0.3159709772112875,structure,structure
Qwen3-VL-2B-Thinking (spanish-mx),culture/qwen3_vl_2b/spanish-mx,culture/qwen3_vl_2b/base,qwen3_vl_2b,Qwen3-VL-2B-Thinking,spanish-mx,fa,1,age,45-54,4,108,0.19681984233588665,0.04940615683467178,0.3345191628105953,0.0849203389282834,0.18042681854117337,0.8031801576641133,0.3345191628105953,0.0849203389282834,0.8195731814588266,0.23207893662679144,0.31802815612492763,0.24034878633338994,0.09558919982662867,0.6704468750675597,0.07581128377420798,0.21878219454140269,0.75965121366661,0.6298805922541632,0.08312647539138777,0.7812178054585973,0.0,0.0,False,False,-0.04352894399750329,-0.046183042991956885,-0.33592771225696444,0.009109055154075424,-0.03835537600022931,0.04352894399750329,-0.29536142944356786,0.0017938635368956318,0.03835537600022931,0.23207893662679144,0.31802815612492763,structure,structure
Qwen3-VL-2B-Thinking (spanish-mx),culture/qwen3_vl_2b/spanish-mx,culture/qwen3_vl_2b/base,qwen3_vl_2b,Qwen3-VL-2B-Thinking,spanish-mx,fa,1,age,55-64,4,92,0.20628616974734604,0.04554635862349514,0.30681258678619633,0.028134993944433435,0.1899563127591829,0.793713830252654,0.30681258678619633,0.04018604775967924,0.8100436872408171,0.0,0.0,0.23901445439162328,0.08978324676854091,0.6375958582037486,0.08527484811819662,0.20938133578158413,0.7609855456083767,0.6375958582037486,0.08527484811819662,0.7906186642184159,0.3036129747826382,0.38385013726619327,False,False,-0.03272828464427724,-0.04423688814504577,-0.3307832714175523,-0.05713985417376319,-0.019425023022401233,0.03272828464427724,-0.3307832714175523,-0.04508880035851738,0.019425023022401233,-0.3036129747826382,-0.38385013726619327,structure,structure
Qwen3-VL-2B-Thinking (spanish-mx),culture/qwen3_vl_2b/spanish-mx,culture/qwen3_vl_2b/base,qwen3_vl_2b,Qwen3-VL-2B-Thinking,spanish-mx,fa,1,age,65-74,4,83,0.22422667547309316,0.041995312564730075,0.29965494121112946,0.08101492578121808,0.2107811772446359,0.7757733245269068,0.29965494121112946,0.08101492578121808,0.789218822755364,0.2243038544932556,0.3067831580300398,0.21799652011854337,0.10005395789367243,0.709779408203651,0.09460394802633262,0.1923187924061257,0.7820034798814566,0.601847186297351,0.0965803285145578,0.8076812075938743,0.0,0.0,False,False,0.006230155354549793,-0.05805864532894235,-0.4101244669925216,-0.013589022245114546,0.018462384838510204,-0.006230155354549738,-0.30219224508622156,-0.015565402733339728,-0.01846238483851026,0.2243038544932556,0.3067831580300398,structure,structure
Qwen3-VL-2B-Thinking (spanish-mx),culture/qwen3_vl_2b/spanish-mx,culture/qwen3_vl_2b/base,qwen3_vl_2b,Qwen3-VL-2B-Thinking,spanish-mx,fa,1,age,75+,4,28,0.23485347521098587,0.05351055296215528,0.4252779050183093,0.0632682141927858,0.22470420362133176,0.7651465247890141,0.4252779050183093,0.0896992140114203,0.7752957963786682,0.0,0.0,0.21115869873413093,0.1159724092835706,0.9047009960625745,0.2000326022949506,0.19389356900748694,0.788841301265869,0.5560816528562872,0.2000326022949506,0.806106430992513,0.4348922033085262,0.5060456067343801,False,False,0.023694776476854945,-0.062461856321415314,-0.47942309104426517,-0.1367643881021648,0.03081063461384481,-0.023694776476854917,-0.13080374783797788,-0.1103333882835303,-0.03081063461384481,-0.4348922033085262,-0.5060456067343801,structure,structure
Qwen3-VL-2B-Thinking (spanish-mx),culture/qwen3_vl_2b/spanish-mx,culture/qwen3_vl_2b/base,qwen3_vl_2b,Qwen3-VL-2B-Thinking,spanish-mx,fa,1,age,<25,4,73,0.1969708170224993,0.03854823244859331,0.32267937149322534,0.03853853208099093,0.18564633189405297,0.8030291829775007,0.32267937149322534,0.044033878064837204,0.814353668105947,0.0,0.0,0.24207211835335335,0.06928478216801398,0.6214037973192696,0.053123180405247536,0.21243090709439422,0.7579278816466466,0.6102499936925556,0.057344644612944216,0.7875690929056058,0.0,0.0,False,False,-0.04510130133085405,-0.03073654971942067,-0.2987244258260443,-0.014584648324256606,-0.02678457520034125,0.045101301330854104,-0.2875706221993303,-0.013310766548107013,0.026784575200341165,0.0,0.0,structure,structure
Qwen3-VL-2B-Thinking (spanish-mx),culture/qwen3_vl_2b/spanish-mx,culture/qwen3_vl_2b/base,qwen3_vl_2b,Qwen3-VL-2B-Thinking,spanish-mx,fa,1,country,Australia,4,136,0.20881858331895753,0.048137151723393154,0.5127362566867524,0.005389481279059431,0.1989188006272941,0.7911814166810425,0.5127362566867524,0.012683835120509423,0.8010811993727058,0.0,0.0,0.17879752960379997,0.08258794710353409,0.8698506091261469,0.04624250360767896,0.15676847319463186,0.8212024703962,0.711997138407734,0.04624250360767896,0.8432315268053682,0.29218307279966294,0.37987841306261083,False,False,0.030021053715157564,-0.03445079538014094,-0.3571143524393945,-0.04085302232861953,0.042150327432662255,-0.03002105371515751,-0.19926088172098166,-0.03355866848716954,-0.04215032743266234,-0.29218307279966294,-0.37987841306261083,structure,structure
Qwen3-VL-2B-Thinking (spanish-mx),culture/qwen3_vl_2b/spanish-mx,culture/qwen3_vl_2b/base,qwen3_vl_2b,Qwen3-VL-2B-Thinking,spanish-mx,fa,1,country,Germany,4,144,0.19305109237033796,0.050327190523475535,0.4631686523296165,0.09557120761372154,0.17738328875711543,0.8069489076296621,0.4631686523296165,0.09967911766218726,0.8226167112428846,0.0,0.0,0.19955126197083733,0.09614239300854079,0.8919219120736841,0.09108773273275551,0.1792592810267176,0.8004487380291627,0.7018153919110123,0.09366568068443586,0.8207407189732824,0.0,0.0,False,False,-0.0065001696004993725,-0.04581520248506525,-0.4287532597440676,0.0044834748809660235,-0.001875992269602167,0.0065001696004993725,-0.23864673958139576,0.006013436977751405,0.0018759922696022224,0.0,0.0,structure,structure
Qwen3-VL-2B-Thinking (spanish-mx),culture/qwen3_vl_2b/spanish-mx,culture/qwen3_vl_2b/base,qwen3_vl_2b,Qwen3-VL-2B-Thinking,spanish-mx,fa,1,country,Mexico,4,131,0.2366903979368552,0.048087349670381696,0.5030164111885749,0.04699739169228076,0.22225752535546087,0.7633096020631448,0.5030164111885749,0.059386182482667166,0.7777424746445392,0.0,0.0,0.342065105714095,0.09080786140065716,0.9654308039278154,0.03805368178322905,0.3226606527774541,0.657934894285905,0.6238823382498887,0.054528708680073645,0.6773393472225459,0.0,0.0,False,False,-0.10537470777723978,-0.04272051173027547,-0.46241439273924057,0.00894370990905171,-0.10040312742199323,0.10537470777723978,-0.12086592706131383,0.0048574738025935205,0.10040312742199331,0.0,0.0,structure,structure
Qwen3-VL-2B-Thinking (spanish-mx),culture/qwen3_vl_2b/spanish-mx,culture/qwen3_vl_2b/base,qwen3_vl_2b,Qwen3-VL-2B-Thinking,spanish-mx,fa,1,country,Russia,4,88,0.1511718941864641,0.04959047154635219,0.5355368817717484,0.037894281416825965,0.13466634144747536,0.8488281058135358,0.5355368817717484,0.03984848650454527,0.8653336585525246,0.0,0.0,0.22411359423264038,0.0972942832679764,1.1359741106014114,0.044174530742658424,0.20374988327151952,0.7758864057673596,0.563315446815049,0.044174530742658424,0.7962501167284805,0.21978811370002974,0.30186709967893166,False,False,-0.07294170004617628,-0.04770381172162421,-0.600437228829663,-0.00628024932583246,-0.06908354182404416,0.07294170004617628,-0.027778565043300563,-0.004326044238113155,0.06908354182404419,-0.21978811370002974,-0.30186709967893166,structure,structure
Qwen3-VL-2B-Thinking (spanish-mx),culture/qwen3_vl_2b/spanish-mx,culture/qwen3_vl_2b/base,qwen3_vl_2b,Qwen3-VL-2B-Thinking,spanish-mx,fa,1,country,United States,4,140,0.21927974160986885,0.0485877669029843,0.42337186462532916,0.01447367718328461,0.21092642275374357,0.7807202583901311,0.42337186462532916,0.020682023895336868,0.7890735772462564,0.0,0.0,0.24766339014643002,0.08112778727624659,0.7713951669989257,0.043649416324815685,0.22373875546790206,0.75233660985357,0.6440073204386548,0.04605148856843699,0.776261244532098,0.0,0.0,False,False,-0.028383648536561168,-0.032540020373262285,-0.3480233023735966,-0.029175739141531074,-0.012812332714158492,0.028383648536561168,-0.22063545581332566,-0.025369464673100126,0.012812332714158381,0.0,0.0,structure,structure
Qwen3-VL-2B-Thinking (spanish-mx),culture/qwen3_vl_2b/spanish-mx,culture/qwen3_vl_2b/base,qwen3_vl_2b,Qwen3-VL-2B-Thinking,spanish-mx,fa,1,education,High,4,245,0.210686310338568,0.047903801723140266,0.34373808624165136,0.027414429359627675,0.19990002970950202,0.789313689661432,0.34373808624165136,0.03030277263917869,0.800099970290498,0.0,0.0,0.2242020298142325,0.08266561207354409,0.6133200337437557,0.04301230821922527,0.20195004542620026,0.7757979701857675,0.6133200337437557,0.04301230821922527,0.7980499545737998,0.2333667187486527,0.3162257974341793,False,False,-0.013515719475664517,-0.03476181035040382,-0.2695819475021043,-0.015597878859597594,-0.0020500157166982447,0.013515719475664545,-0.2695819475021043,-0.012709535580046578,0.0020500157166981614,-0.2333667187486527,-0.3162257974341793,structure,structure
Qwen3-VL-2B-Thinking (spanish-mx),culture/qwen3_vl_2b/spanish-mx,culture/qwen3_vl_2b/base,qwen3_vl_2b,Qwen3-VL-2B-Thinking,spanish-mx,fa,1,education,Low,4,51,0.2365716933770938,0.05889578726424271,0.44146870932756943,0.09070944051491661,0.22020203400008165,0.7634283066229062,0.44146870932756943,0.09772690778762816,0.7797979659999184,0.0,0.0,0.30981020793919006,0.102730492209263,0.8480186582652613,0.06590595213159833,0.2885918318596973,0.69018979206081,0.535776993749495,0.07187850006508462,0.7114081681403027,0.0,0.0,False,False,-0.07323851456209626,-0.04383470494502029,-0.4065499489376919,0.02480348838331828,-0.06838979785961563,0.07323851456209618,-0.09430828442192551,0.025848407722543543,0.06838979785961563,0.0,0.0,structure,structure
Qwen3-VL-2B-Thinking (spanish-mx),culture/qwen3_vl_2b/spanish-mx,culture/qwen3_vl_2b/base,qwen3_vl_2b,Qwen3-VL-2B-Thinking,spanish-mx,fa,1,education,Middle,4,343,0.19072376520060752,0.04730427512762694,0.3533225183295094,0.04284893852775425,0.17463106023200012,0.8092762347993925,0.3533225183295094,0.044879283832492525,0.8253689397679999,0.0,0.0,0.2371550912763527,0.09175572566995602,0.7446443998429122,0.044802625471541464,0.20801744279907908,0.7628449087236473,0.5972883194640584,0.04573899600991095,0.7919825572009209,0.0,0.0,False,False,-0.04643132607574518,-0.04445145054232908,-0.3913218815134028,-0.001953686943787211,-0.03338638256707896,0.04643132607574518,-0.24396580113454897,-0.0008597121774184258,0.03338638256707893,0.0,0.0,structure,structure
Qwen3-VL-2B-Thinking (spanish-mx),culture/qwen3_vl_2b/spanish-mx,culture/qwen3_vl_2b/base,qwen3_vl_2b,Qwen3-VL-2B-Thinking,spanish-mx,fa,1,employment,Homemaker,4,72,0.22267348092244785,0.044527889784946234,0.3036584671927666,0.08443443292011854,0.20791136519605996,0.7773265190775521,0.3036584671927666,0.08443443292011854,0.79208863480394,0.26139845468528317,0.34440494333477145,0.2920898517876133,0.07501741896021448,0.5597779323404268,0.08899948455085822,0.27670074752222706,0.7079101482123867,0.5597779323404268,0.08899948455085822,0.7232992524777729,0.29374762573735597,0.3651619170714086,False,False,-0.06941637086516547,-0.030489529175268246,-0.2561194651476602,-0.004565051630739683,-0.0687893823261671,0.06941637086516539,-0.2561194651476602,-0.004565051630739683,0.06878938232616705,-0.0323491710520728,-0.020756973736637152,structure,structure
Qwen3-VL-2B-Thinking (spanish-mx),culture/qwen3_vl_2b/spanish-mx,culture/qwen3_vl_2b/base,qwen3_vl_2b,Qwen3-VL-2B-Thinking,spanish-mx,fa,1,employment,Retired,4,147,0.2124596730728981,0.042320021348874866,0.31967366320093626,0.04696474930009407,0.20044281458797525,0.787540326927102,0.31967366320093626,0.050279132718523134,0.7995571854120247,0.0,0.0,0.21075014718628066,0.09846508717351632,0.7477803336718488,0.09098100881913496,0.18222362999901365,0.7892498528137193,0.6209412273732345,0.09098100881913496,0.8177763700009864,0.29351650223149084,0.378024947675619,False,False,0.0017095258866174357,-0.05614506582464145,-0.42810667047091255,-0.04401625951904089,0.0182191845889616,-0.0017095258866173246,-0.3012675641722983,-0.04070187610061182,-0.018219184588961657,-0.29351650223149084,-0.378024947675619,structure,structure
Qwen3-VL-2B-Thinking (spanish-mx),culture/qwen3_vl_2b/spanish-mx,culture/qwen3_vl_2b/base,qwen3_vl_2b,Qwen3-VL-2B-Thinking,spanish-mx,fa,1,employment,Student,4,35,0.19450710222683992,0.033737133261373245,0.2996620105151064,-0.026184126251793442,0.18507230780121758,0.8054928977731601,0.2996620105151064,0.011056406886880732,0.8149276921987825,0.0,0.0,0.21452575747534885,0.06374440231029377,0.5866557012276543,-0.022129007225059186,0.19163945358476975,0.7854742425246511,0.5866557012276543,0.021199544393428135,0.8083605464152303,0.0,0.0,False,False,-0.020018655248508932,-0.030007269048920523,-0.28699369071254793,-0.0040551190267342566,-0.006567145783552164,0.020018655248508987,-0.28699369071254793,-0.010143137506547403,0.0065671457835522196,0.0,0.0,structure,structure
Qwen3-VL-2B-Thinking (spanish-mx),culture/qwen3_vl_2b/spanish-mx,culture/qwen3_vl_2b/base,qwen3_vl_2b,Qwen3-VL-2B-Thinking,spanish-mx,fa,1,employment,Unemployed,4,31,0.20422895517668796,0.04077909838743521,0.30603214062219614,0.12028409243102098,0.18444569523645693,0.7957710448233121,0.30603214062219614,0.12028409243102098,0.8155543047635431,0.29837568156885874,0.38342756212367135,0.2545175142826164,0.0860260470213827,0.6893446598961956,0.07847884809632662,0.21701618579250367,0.7454824857173836,0.5440323475838831,0.07847884809632662,0.7829838142074963,0.250115129455425,0.33107343937546047,False,False,-0.050288559105928415,-0.04524694863394749,-0.3833125192739995,0.04180524433469436,-0.032570490556046744,0.05028855910592844,-0.23800020696168694,0.04180524433469436,0.03257049055604677,0.04826055211343372,0.052354122748210885,structure,structure
Qwen3-VL-2B-Thinking (spanish-mx),culture/qwen3_vl_2b/spanish-mx,culture/qwen3_vl_2b/base,qwen3_vl_2b,Qwen3-VL-2B-Thinking,spanish-mx,fa,1,employment,Working,4,349,0.1943562271006259,0.045092039195304,0.3142513439393757,0.03106278418650965,0.18210392962543104,0.8056437728993742,0.3142513439393757,0.03747495776299509,0.817896070374569,0.0,0.0,0.23882951681180498,0.07762092519793026,0.5715737085329115,0.05175005070232104,0.22067801245524477,0.761170483188195,0.5715737085329115,0.05304673394070717,0.7793219875447552,0.0,0.0,False,False,-0.04447328971117909,-0.03252888600262626,-0.25732236459353575,-0.02068726651581139,-0.03857408282981373,0.04447328971117914,-0.25732236459353575,-0.015571776177712084,0.03857408282981378,0.0,0.0,structure,structure
Qwen3-VL-2B-Thinking (spanish-mx),culture/qwen3_vl_2b/spanish-mx,culture/qwen3_vl_2b/base,qwen3_vl_2b,Qwen3-VL-2B-Thinking,spanish-mx,fa,1,marital_status,Cohabiting,4,37,0.20878766752815126,0.04179375157799112,0.2589931984241805,0.11493117623593926,0.18985692065896362,0.7912123324718487,0.2589931984241805,0.11493117623593926,0.8101430793410365,0.2459269876573935,0.33124953007252106,0.22709510627126545,0.08329545389945593,0.5383416163972098,0.07554931070571834,0.1949601791490653,0.7729048937287346,0.5383416163972098,0.07554931070571834,0.8050398208509347,0.2706535470336686,0.35421044710659116,False,False,-0.01830743874311419,-0.041501702321464815,-0.2793484179730293,0.039381865530220925,-0.005103258490101681,0.018307438743114135,-0.2793484179730293,0.039381865530220925,0.005103258490101736,-0.02472655937627513,-0.022960917034070105,structure,structure
Qwen3-VL-2B-Thinking (spanish-mx),culture/qwen3_vl_2b/spanish-mx,culture/qwen3_vl_2b/base,qwen3_vl_2b,Qwen3-VL-2B-Thinking,spanish-mx,fa,1,marital_status,Divorced or separated,4,68,0.19337862240193396,0.03806014291681586,0.30192218581601266,0.0640077225013879,0.18375313979403404,0.8066213775980661,0.30192218581601266,0.0640077225013879,0.8162468602059659,0.24347421985523834,0.3292525765477114,0.1658823133407245,0.07175333925333925,0.5746120940972359,0.05217313570018659,0.13501256113735224,0.8341176866592755,0.5746120940972359,0.05217313570018659,0.8649874388626477,0.2679087535210378,0.3586959150403757,False,False,0.02749630906120945,-0.033693196336523394,-0.27268990828122325,0.011834586801201315,0.0487405786566818,-0.02749630906120948,-0.27268990828122325,0.011834586801201315,-0.0487405786566818,-0.02443453366579948,-0.029443338492664284,structure,structure
Qwen3-VL-2B-Thinking (spanish-mx),culture/qwen3_vl_2b/spanish-mx,culture/qwen3_vl_2b/base,qwen3_vl_2b,Qwen3-VL-2B-Thinking,spanish-mx,fa,1,marital_status,Married,4,342,0.1980931644597644,0.0449316167371723,0.3061354301314392,0.03851159081351489,0.18278596478867168,0.8019068355402356,0.3061354301314392,0.041966853691095984,0.8172140352113283,0.0,0.0,0.25906082125456753,0.06760367886216785,0.5106027437276006,0.061255376033345785,0.23558184184419487,0.7409391787454325,0.5106027437276006,0.061255376033345785,0.7644181581558052,0.2585288335552984,0.3363036576307145,False,False,-0.06096765679480312,-0.02267206212499555,-0.20446731359616144,-0.022743785219830892,-0.05279587705552319,0.06096765679480309,-0.20446731359616144,-0.0192885223422498,0.05279587705552313,-0.2585288335552984,-0.3363036576307145,structure,structure
Qwen3-VL-2B-Thinking (spanish-mx),culture/qwen3_vl_2b/spanish-mx,culture/qwen3_vl_2b/base,qwen3_vl_2b,Qwen3-VL-2B-Thinking,spanish-mx,fa,1,marital_status,Single,4,131,0.20078671440260595,0.037629020912152894,0.3021656892820248,0.05727989363879268,0.18946456712428167,0.799213285597394,0.3021656892820248,0.05848454543493523,0.8105354328757184,0.0,0.0,0.23554420896024145,0.0645851108835731,0.5508895815889636,0.05055122656522896,0.20785761384733897,0.7644557910397585,0.5508895815889636,0.051740033962550426,0.7921423861526611,0.0,0.0,False,False,-0.03475749455763549,-0.02695608997142021,-0.2487238923069388,0.006728667073563718,-0.018393046723057305,0.03475749455763555,-0.2487238923069388,0.0067445114723848065,0.018393046723057305,0.0,0.0,structure,structure
Qwen3-VL-2B-Thinking (spanish-mx),culture/qwen3_vl_2b/spanish-mx,culture/qwen3_vl_2b/base,qwen3_vl_2b,Qwen3-VL-2B-Thinking,spanish-mx,fa,1,marital_status,Widowed,4,61,0.23039255872155057,0.03926678153978566,0.3001304418158203,0.06428908622543612,0.20906542788723795,0.7696074412784494,0.3001304418158203,0.06428908622543612,0.7909345721127621,0.23916622565201184,0.3219002812011677,0.21018056615256744,0.0659401383127751,0.5159847123089661,0.06703166365729686,0.18232056086254528,0.7898194338474326,0.5159847123089661,0.06703166365729686,0.8176794391374547,0.2781449173810188,0.36299734140736933,False,False,0.020211992568983123,-0.026673356772989446,-0.21585427049314582,-0.0027425774318607377,0.02674486702469267,-0.020211992568983206,-0.21585427049314582,-0.0027425774318607377,-0.026744867024692587,-0.038978691729006976,-0.04109706020620163,structure,structure
Qwen3-VL-2B-Thinking (spanish-mx),culture/qwen3_vl_2b/spanish-mx,culture/qwen3_vl_2b/base,qwen3_vl_2b,Qwen3-VL-2B-Thinking,spanish-mx,fa,1,population,every retained cell,4,639,0.20190416327967387,0.048786171902155645,0.340063266531763,0.04364669565338341,0.18522913485068637,0.7980958367203261,0.340063266531763,0.04981088272635088,0.8147708651493136,0.0,0.0,0.23756765432136273,0.09178017533995794,0.6724771595974665,0.05575565774066227,0.2078102706872504,0.7624323456786373,0.6535956825419302,0.05685134263662914,0.7921897293127496,0.0,0.0,False,False,-0.035663491041688866,-0.0429940034378023,-0.33241389306570346,-0.012108962087278859,-0.022581135836564015,0.035663491041688866,-0.31353241601016724,-0.0070404599102782545,0.02258113583656407,0.0,0.0,structure,structure
Qwen3-VL-2B-Thinking (spanish-mx),culture/qwen3_vl_2b/spanish-mx,culture/qwen3_vl_2b/base,qwen3_vl_2b,Qwen3-VL-2B-Thinking,spanish-mx,fa,1,sex,Female,4,349,0.20892457047435403,0.048433569410580926,0.33358678005497927,0.05993221078189938,0.19402895647528834,0.791075429525646,0.33358678005497927,0.06304681468339755,0.8059710435247117,0.0,0.0,0.23645921480812188,0.09443376654843678,0.679957104824332,0.06410210225574299,0.20496696327971164,0.7635407851918781,0.6206957705697688,0.06559779736199475,0.7950330367202885,0.0,0.0,False,False,-0.027534644333767844,-0.04600019713785586,-0.34637032476935276,-0.004169891473843612,-0.010938006804423306,0.027534644333767955,-0.2871089905147895,-0.0025509826785971995,0.01093800680442325,0.0,0.0,structure,structure
Qwen3-VL-2B-Thinking (spanish-mx),culture/qwen3_vl_2b/spanish-mx,culture/qwen3_vl_2b/base,qwen3_vl_2b,Qwen3-VL-2B-Thinking,spanish-mx,fa,1,sex,Male,4,290,0.193517047173881,0.04816742991509142,0.34748465270990525,0.03285379250128625,0.1786541570657251,0.806482952826119,0.34748465270990525,0.038310529433802094,0.8213458429342749,0.0,0.0,0.23889359245999003,0.08288154605374284,0.625834374703959,0.050633197079166484,0.21551650001652917,0.76110640754001,0.625834374703959,0.05216431912712466,0.7844834999834709,0.0,0.0,False,False,-0.045376545286109043,-0.03471411613865143,-0.2783497219940537,-0.017779404577880235,-0.03686234295080407,0.045376545286109016,-0.2783497219940537,-0.013853789693322564,0.03686234295080404,0.0,0.0,structure,structure
Qwen3-VL-2B-Thinking (spanish-mx),culture/qwen3_vl_2b/spanish-mx,culture/qwen3_vl_2b/base,qwen3_vl_2b,Qwen3-VL-2B-Thinking,spanish-mx,fa,1,wave,1995-1997,4,221,0.1993846320549455,0.04939291124597271,0.36175561012050494,0.043532159604910435,0.18491124538343096,0.8006153679450545,0.36175561012050494,0.047474214435949263,0.815088754616569,0.0,0.0,0.23372356104697578,0.09400499112823957,0.7408574426415632,0.05885157959463525,0.20853522756164414,0.7662764389530242,0.5735878878384699,0.0625942273518695,0.7914647724383559,0.0,0.0,False,False,-0.03433892899203028,-0.044612079882266856,-0.3791018325210582,-0.015319419989724817,-0.023623982178213182,0.03433892899203028,-0.21183227771796498,-0.01512001291592023,0.023623982178213154,0.0,0.0,structure,structure
Qwen3-VL-2B-Thinking (spanish-mx),culture/qwen3_vl_2b/spanish-mx,culture/qwen3_vl_2b/base,qwen3_vl_2b,Qwen3-VL-2B-Thinking,spanish-mx,fa,1,wave,2005-2006,4,173,0.20407940379734096,0.04904027112548902,0.3390390033356746,0.05355725565647823,0.18917027083213392,0.795920596202659,0.3390390033356746,0.05833381849822853,0.8108297291678661,0.0,0.0,0.25156182869820054,0.0911240468259536,0.6724921390507983,0.06719580638021193,0.22013353084808443,0.7484381713017995,0.6326202375167737,0.07114095760454917,0.7798664691519156,0.0,0.0,False,False,-0.04748242490085958,-0.04208377570046458,-0.3334531357151237,-0.013638550723733697,-0.03096326001595051,0.04748242490085952,-0.29358123418109905,-0.012807139106320635,0.03096326001595051,0.0,0.0,structure,structure
Qwen3-VL-2B-Thinking (spanish-mx),culture/qwen3_vl_2b/spanish-mx,culture/qwen3_vl_2b/base,qwen3_vl_2b,Qwen3-VL-2B-Thinking,spanish-mx,fa,1,wave,2017-2018,4,245,0.20239064123976974,0.04816412840399721,0.35063066586992664,0.04320808383853974,0.18613933853342546,0.7976093587602302,0.35063066586992664,0.047836662625914364,0.8138606614665745,0.0,0.0,0.22871584991585275,0.09095442741459235,0.6735639915769147,0.042657878922114686,0.20054081757634218,0.7712841500841472,0.6223561476404599,0.044034433102115966,0.7994591824236578,0.0,0.0,False,False,-0.026325208676083012,-0.04279029901059514,-0.3229333257069881,0.0005502049164250525,-0.01440147904291672,0.026325208676083012,-0.27172548177053324,0.0038022295237983977,0.014401479042916776,0.0,0.0,structure,structure
Qwen3-VL-2B-Thinking (spanish-mx),culture/qwen3_vl_2b/spanish-mx,culture/qwen3_vl_2b/base,qwen3_vl_2b,Qwen3-VL-2B-Thinking,spanish-mx,ntp,1,age,25-34,4,149,0.15958318154903872,0.034243517351296014,0.23627393000308383,0.025807553321364772,0.13946808504713645,0.8404168184509613,0.23627393000308383,0.035248404601306606,0.8605319149528635,0.0,0.0,0.20606390016377568,0.057381195028218826,0.41587067255961185,0.0316257126139851,0.17310585117547217,0.7939360998362244,0.41587067255961185,0.03887804598756003,0.8268941488245278,0.0,0.0,False,False,-0.04648071861473696,-0.023137677676922812,-0.17959674255652802,-0.005818159292620327,-0.03363776612833572,0.046480718614736904,-0.17959674255652802,-0.003629641386253421,0.03363776612833569,0.0,0.0,structure,structure
Qwen3-VL-2B-Thinking (spanish-mx),culture/qwen3_vl_2b/spanish-mx,culture/qwen3_vl_2b/base,qwen3_vl_2b,Qwen3-VL-2B-Thinking,spanish-mx,ntp,1,age,35-44,4,104,0.1612905176800499,0.03554679196981939,0.24172106663548631,0.06113137418825001,0.13955427030014056,0.8387094823199501,0.24172106663548631,0.06481751966080557,0.8604457296998594,0.0,0.0,0.20166041913382407,0.06241510040193586,0.42807391890231306,0.08675826725714628,0.16850973460252633,0.798339580866176,0.42807391890231306,0.0889983853321839,0.8314902653974736,0.0,0.0,False,False,-0.04036990145377417,-0.026868308432116468,-0.18635285226682674,-0.02562689306889627,-0.02895546430238577,0.04036990145377417,-0.18635285226682674,-0.024180865671378338,0.028955464302385825,0.0,0.0,structure,structure
Qwen3-VL-2B-Thinking (spanish-mx),culture/qwen3_vl_2b/spanish-mx,culture/qwen3_vl_2b/base,qwen3_vl_2b,Qwen3-VL-2B-Thinking,spanish-mx,ntp,1,age,45-54,4,108,0.16579522933369406,0.04169470808042034,0.27843397617538906,0.06807125723393816,0.14132671911850397,0.8342047706663059,0.27843397617538906,0.06807125723393816,0.8586732808814961,0.18520347058037812,0.2717238045124991,0.20339052419485226,0.07183362468417459,0.4910096476208397,0.09394915718134908,0.17206384864657684,0.7966094758051477,0.4910096476208397,0.09394915718134908,0.8279361513534231,0.28098478451437015,0.3667024561084284,False,False,-0.0375952948611582,-0.03013891660375425,-0.21257567144545064,-0.025877899947410923,-0.030737129528072865,0.0375952948611582,-0.21257567144545064,-0.025877899947410923,0.03073712952807295,-0.09578131393399203,-0.09497865159592928,structure,structure
Qwen3-VL-2B-Thinking (spanish-mx),culture/qwen3_vl_2b/spanish-mx,culture/qwen3_vl_2b/base,qwen3_vl_2b,Qwen3-VL-2B-Thinking,spanish-mx,ntp,1,age,55-64,4,92,0.1715624910237045,0.03614373423120299,0.24493954446613422,0.06251627935619622,0.14693669382272778,0.8284375089762954,0.24493954446613422,0.06983389894578428,0.8530633061772722,0.0,0.0,0.2019431204979403,0.06302326898469568,0.43773122738535286,0.12139672411294777,0.1684236073229214,0.7980568795020597,0.43773122738535286,0.12139672411294777,0.8315763926770786,0.31189458772288176,0.3971892159328856,False,False,-0.03038062947423581,-0.02687953475349269,-0.19279168291921864,-0.058880444756751554,-0.021486913500193605,0.0303806294742357,-0.19279168291921864,-0.0515628251671635,0.021486913500193605,-0.31189458772288176,-0.3971892159328856,structure,structure
Qwen3-VL-2B-Thinking (spanish-mx),culture/qwen3_vl_2b/spanish-mx,culture/qwen3_vl_2b/base,qwen3_vl_2b,Qwen3-VL-2B-Thinking,spanish-mx,ntp,1,age,65-74,4,83,0.1891306749276463,0.03914958924847477,0.2724477651387319,0.11967868850389117,0.17076759301488045,0.8108693250723537,0.2724477651387319,0.11967868850389117,0.8292324069851196,0.2536179421156939,0.34077227290432405,0.19142477761799442,0.07036483164581267,0.4906081128541157,0.14359414427053352,0.15995908539365447,0.8085752223820056,0.4906081128541157,0.14359414427053352,0.8400409146063456,0.29015902454158715,0.37771215436045363,False,False,-0.002294102690348132,-0.031215242397337903,-0.21816034771538378,-0.02391545576664235,0.010808507621225982,0.002294102690348021,-0.21816034771538378,-0.02391545576664235,-0.010808507621225982,-0.03654108242589327,-0.036939881456129586,structure,structure
Qwen3-VL-2B-Thinking (spanish-mx),culture/qwen3_vl_2b/spanish-mx,culture/qwen3_vl_2b/base,qwen3_vl_2b,Qwen3-VL-2B-Thinking,spanish-mx,ntp,1,age,75+,4,28,0.2019456385281056,0.05110817587031201,0.404216510062237,0.14763277853238327,0.19321438616568437,0.7980543614718945,0.404216510062237,0.15892321283121597,0.8067856138343157,0.0,0.0,0.18260439370435205,0.0816701169602555,0.635885888953863,0.16191681809421055,0.16243852106900758,0.817395606295648,0.5955756001823834,0.16191681809421055,0.8375614789309924,0.27610046216921036,0.36378255566144657,False,False,0.019341244823753545,-0.030561941089943492,-0.23166937889162598,-0.014284039561827278,0.03077586509667679,-0.019341244823753545,-0.1913590901201464,-0.002993605262994581,-0.030775865096676736,-0.27610046216921036,-0.36378255566144657,structure,structure
Qwen3-VL-2B-Thinking (spanish-mx),culture/qwen3_vl_2b/spanish-mx,culture/qwen3_vl_2b/base,qwen3_vl_2b,Qwen3-VL-2B-Thinking,spanish-mx,ntp,1,age,<25,4,73,0.16342127167765969,0.02797990682366023,0.23185516538366127,0.07070253661217688,0.14753705200352513,0.8365787283223403,0.23185516538366127,0.07070253661217688,0.8524629479964749,0.21840263441808133,0.306926889189746,0.20720349552063574,0.04278453819389677,0.3797300126131955,0.07000871925995353,0.17899981691021816,0.7927965044793642,0.3797300126131955,0.07326435848684491,0.8210001830897818,0.0,0.0,False,False,-0.04378222384297606,-0.014804631370236541,-0.14787484722953423,0.0006938173522233471,-0.03146276490669303,0.04378222384297603,-0.14787484722953423,-0.0025618218746680382,0.031462764906693086,0.21840263441808133,0.306926889189746,structure,structure
Qwen3-VL-2B-Thinking (spanish-mx),culture/qwen3_vl_2b/spanish-mx,culture/qwen3_vl_2b/base,qwen3_vl_2b,Qwen3-VL-2B-Thinking,spanish-mx,ntp,1,country,Australia,4,136,0.175257972980593,0.038076255374118656,0.41884688649927154,0.046261343455154647,0.16008295382315382,0.824742027019407,0.41884688649927154,0.046261343455154647,0.8399170461768461,0.22901193425895128,0.31636721815722685,0.14214413961802544,0.06430030914563638,0.6598960654550288,0.07539978701182669,0.11517354482786557,0.8578558603819746,0.6332710563522521,0.07539978701182669,0.8848264551721344,0.3119618833371573,0.4042300557098529,False,False,0.03311383336256757,-0.026224053771517722,-0.24104917895575723,-0.029138443556672042,0.04490940899528825,-0.03311383336256757,-0.21442416985298057,-0.029138443556672042,-0.04490940899528828,-0.08294994907820602,-0.08786283755262603,structure,structure
Qwen3-VL-2B-Thinking (spanish-mx),culture/qwen3_vl_2b/spanish-mx,culture/qwen3_vl_2b/base,qwen3_vl_2b,Qwen3-VL-2B-Thinking,spanish-mx,ntp,1,country,Germany,4,144,0.15947759537979814,0.04268776911706021,0.39138018657747503,0.12171076624396132,0.13978793299067777,0.8405224046202019,0.39138018657747503,0.12171076624396132,0.8602120670093223,0.1955864743946323,0.28302616714483314,0.1650493467131029,0.06845628409068671,0.6131288370215855,0.10765101091105031,0.14991386962640477,0.8349506532868971,0.6131288370215855,0.10765101091105031,0.8500861303735953,0.21737222810850723,0.3051813322936471,False,False,-0.005571751333304759,-0.025768514973626505,-0.22174865044411046,0.014059755332911011,-0.010125936635727001,0.005571751333304786,-0.22174865044411046,0.014059755332911011,0.010125936635727029,-0.021785753713874922,-0.022155165148813938,structure,structure
Qwen3-VL-2B-Thinking (spanish-mx),culture/qwen3_vl_2b/spanish-mx,culture/qwen3_vl_2b/base,qwen3_vl_2b,Qwen3-VL-2B-Thinking,spanish-mx,ntp,1,country,Mexico,4,131,0.2089649221336567,0.03915298785328269,0.4115269211859705,0.04982842790562557,0.18415311461779618,0.7910350778663433,0.4115269211859705,0.05833906877898197,0.8158468853822038,0.0,0.0,0.30180506718183175,0.0665424197707026,0.7072754718000565,0.02888950549746526,0.2888539674120896,0.6981949328181682,0.6189675882054992,0.036242322744703376,0.7111460325879104,0.0,0.0,False,False,-0.09284014504817506,-0.027389431917419917,-0.29574855061408595,0.02093892240816031,-0.10470085279429339,0.09284014504817506,-0.20744066701952873,0.022096746034278594,0.10470085279429342,0.0,0.0,structure,structure
Qwen3-VL-2B-Thinking (spanish-mx),culture/qwen3_vl_2b/spanish-mx,culture/qwen3_vl_2b/base,qwen3_vl_2b,Qwen3-VL-2B-Thinking,spanish-mx,ntp,1,country,Russia,4,88,0.1198847375853314,0.044918153635153196,0.4775720207837548,0.04975001562667289,0.09497908678431081,0.8801152624146686,0.4775720207837548,0.04975001562667289,0.9050209132156892,0.22925168328422776,0.3231277697748524,0.20001019345846066,0.0717286364500301,0.8329945887830466,0.044340583276468455,0.17350838693065146,0.7999898065415394,0.5110680139559012,0.044340583276468455,0.8264916130693485,0.21407731642254244,0.2988583015991072,False,False,-0.08012545587312926,-0.0268104828148769,-0.3554225679992917,0.005409432350204434,-0.07852930014634064,0.08012545587312925,-0.033495993172146354,0.005409432350204434,0.07852930014634074,0.015174366861685329,0.024269468175745212,structure,structure
Qwen3-VL-2B-Thinking (spanish-mx),culture/qwen3_vl_2b/spanish-mx,culture/qwen3_vl_2b/base,qwen3_vl_2b,Qwen3-VL-2B-Thinking,spanish-mx,ntp,1,country,United States,4,140,0.1804215899412175,0.041359593121237916,0.37099335220483004,0.032748506180397305,0.16900347440141447,0.8195784100587825,0.37099335220483004,0.032748506180397305,0.8309965255985855,0.18613536216127183,0.2704233023471525,0.20644635294114916,0.06439982208724175,0.5957382944093226,0.05187032790805851,0.18563474521451828,0.7935536470588509,0.5957382944093226,0.05187032790805851,0.8143652547854817,0.25843448013678294,0.34301026802258405,False,False,-0.026024762999931672,-0.023040228966003835,-0.22474494220449254,-0.019121821727661206,-0.01663127081310381,0.026024762999931617,-0.22474494220449254,-0.019121821727661206,0.016631270813103782,-0.07229911797551111,-0.07258696567543155,structure,structure
Qwen3-VL-2B-Thinking (spanish-mx),culture/qwen3_vl_2b/spanish-mx,culture/qwen3_vl_2b/base,qwen3_vl_2b,Qwen3-VL-2B-Thinking,spanish-mx,ntp,1,education,High,4,245,0.1759874208235378,0.03891221640736796,0.2818983294787546,0.019193751130085826,0.1588282440291622,0.8240125791764622,0.2818983294787546,0.02681502734403428,0.8411717559708378,0.0,0.0,0.18525428141038952,0.06315556160053605,0.45398821133345646,0.051137676381450975,0.1570007942242317,0.8147457185896104,0.45398821133345646,0.05696345177580036,0.8429992057757683,0.0,0.0,False,False,-0.009266860586851722,-0.024243345193168092,-0.17208988185470186,-0.03194392525136515,0.00182744980493052,0.009266860586851777,-0.17208988185470186,-0.03014842443176608,-0.0018274498049304366,0.0,0.0,structure,structure
Qwen3-VL-2B-Thinking (spanish-mx),culture/qwen3_vl_2b/spanish-mx,culture/qwen3_vl_2b/base,qwen3_vl_2b,Qwen3-VL-2B-Thinking,spanish-mx,ntp,1,education,Low,4,51,0.20851554512384762,0.04368568029631903,0.32482768869535006,0.09277705745897562,0.18687247314676173,0.7914844548761524,0.32482768869535006,0.09277705745897562,0.8131275268532383,0.22429365050764336,0.3085230508488989,0.28267840538023303,0.06871396944254578,0.5699640990167689,0.06412453567487551,0.263533817828515,0.717321594619767,0.44898205673120506,0.07018610940540501,0.7364661821714851,0.0,0.0,False,False,-0.07416286025638541,-0.025028289146226748,-0.24513641032141886,0.028652521784100105,-0.07666134468175326,0.07416286025638541,-0.124154368035855,0.022590948053570606,0.07666134468175323,0.22429365050764336,0.3085230508488989,structure,structure
Qwen3-VL-2B-Thinking (spanish-mx),culture/qwen3_vl_2b/spanish-mx,culture/qwen3_vl_2b/base,qwen3_vl_2b,Qwen3-VL-2B-Thinking,spanish-mx,ntp,1,education,Middle,4,343,0.15816076638157928,0.03902891247800799,0.28389663120269526,0.04140974920633433,0.13556563407568537,0.8418392336184207,0.28389663120269526,0.0495502872508819,0.8644343659243147,0.0,0.0,0.20279283983084662,0.0677540225269921,0.5390627167422812,0.05482268623042626,0.16824569540626846,0.7972071601691534,0.5279195383364818,0.05839618622796373,0.8317543045937316,0.0,0.0,False,False,-0.04463207344926734,-0.028725110048984107,-0.255166085539586,-0.01341293702409193,-0.0326800613305831,0.04463207344926734,-0.2440229071337865,-0.00884589897708183,0.0326800613305831,0.0,0.0,structure,structure
Qwen3-VL-2B-Thinking (spanish-mx),culture/qwen3_vl_2b/spanish-mx,culture/qwen3_vl_2b/base,qwen3_vl_2b,Qwen3-VL-2B-Thinking,spanish-mx,ntp,1,employment,Homemaker,4,72,0.19199234694202488,0.027744563300778593,0.1955080619183459,0.11438321910972442,0.1686078216420908,0.8080076530579752,0.1955080619183459,0.11438321910972442,0.8313921783579092,0.2327854695321342,0.31965798810509094,0.2575023404658668,0.03875296893908606,0.29197172114617664,0.12071157075933361,0.24218829428887434,0.7424976595341333,0.29197172114617664,0.12071157075933361,0.7578117057111257,0.2352288015081783,0.31365887098422546,False,False,-0.0655099935238419,-0.011008405638307465,-0.09646365922783073,-0.006328351649609196,-0.07358047264678355,0.0655099935238419,-0.09646365922783073,-0.006328351649609196,0.07358047264678358,-0.0024433319760440997,0.0059991171208654825,structure,structure
Qwen3-VL-2B-Thinking (spanish-mx),culture/qwen3_vl_2b/spanish-mx,culture/qwen3_vl_2b/base,qwen3_vl_2b,Qwen3-VL-2B-Thinking,spanish-mx,ntp,1,employment,Retired,4,147,0.17722672557154892,0.038731044338259676,0.2873991408907245,0.08342537551190077,0.15807630064012596,0.822773274428451,0.2873991408907245,0.08778707950050701,0.8419236993598741,0.0,0.0,0.18084822132717387,0.06659305375163962,0.49703324129932563,0.11504320949452285,0.1492517462253547,0.8191517786728262,0.49703324129932563,0.11517514527026017,0.8507482537746454,0.0,0.0,False,False,-0.003621495755624954,-0.02786200941337995,-0.20963410040860114,-0.03161783398262208,0.008824554414771257,0.0036214957556248706,-0.20963410040860114,-0.027388065769753153,-0.008824554414771257,0.0,0.0,structure,structure
Qwen3-VL-2B-Thinking (spanish-mx),culture/qwen3_vl_2b/spanish-mx,culture/qwen3_vl_2b/base,qwen3_vl_2b,Qwen3-VL-2B-Thinking,spanish-mx,ntp,1,employment,Student,4,35,0.1610825175829226,0.019693057514156113,0.17555912710065646,0.040446217979275945,0.14563820922750617,0.8389174824170774,0.17555912710065646,0.05711062924726039,0.8543617907724939,0.0,0.0,0.18652044098989834,0.02549437493346261,0.23226628852473402,0.010808613088763498,0.1606450515553854,0.8134795590101016,0.23226628852473402,0.03983699853683559,0.8393549484446146,0.0,0.0,False,False,-0.025437923406975732,-0.005801317419306496,-0.05670716142407756,0.029637604890512446,-0.015006842327879216,0.025437923406975815,-0.05670716142407756,0.0172736307104248,0.0150068423278793,0.0,0.0,structure,structure
Qwen3-VL-2B-Thinking (spanish-mx),culture/qwen3_vl_2b/spanish-mx,culture/qwen3_vl_2b/base,qwen3_vl_2b,Qwen3-VL-2B-Thinking,spanish-mx,ntp,1,employment,Unemployed,4,31,0.16921574019797578,0.02551734280210655,0.18611756565282964,0.06848929949435867,0.14248520239885093,0.8307842598020242,0.18611756565282964,0.06848929949435867,0.857514797601149,0.18594711876403996,0.27233421543929126,0.2174220986256365,0.039316640136849657,0.3000653819439636,0.05561858359754268,0.1826690524833542,0.7825779013743634,0.3000653819439636,0.055791738231836724,0.8173309475166458,0.0,0.0,False,False,-0.04820635842766072,-0.013799297334743107,-0.11394781629113396,0.012870715896815987,-0.04018385008450326,0.048206358427660745,-0.11394781629113396,0.012697561262521945,0.0401838500845032,0.18594711876403996,0.27233421543929126,structure,structure
Qwen3-VL-2B-Thinking (spanish-mx),culture/qwen3_vl_2b/spanish-mx,culture/qwen3_vl_2b/base,qwen3_vl_2b,Qwen3-VL-2B-Thinking,spanish-mx,ntp,1,employment,Working,4,349,0.1619524201885152,0.033937204620604206,0.23729064822829626,0.03700942141769882,0.14158928348544736,0.8380475798114848,0.23729064822829626,0.03944262515611639,0.8584107165145527,0.0,0.0,0.19999492619392248,0.057864272612225036,0.4122111092699434,0.07070466416645078,0.17079783131214205,0.8000050738060775,0.4122111092699434,0.07450618504427065,0.8292021686878579,0.0,0.0,False,False,-0.03804250600540729,-0.02392706799162083,-0.17492046104164716,-0.03369524274875196,-0.029208547826694686,0.03804250600540726,-0.17492046104164716,-0.03506355988815425,0.029208547826694797,0.0,0.0,structure,structure
Qwen3-VL-2B-Thinking (spanish-mx),culture/qwen3_vl_2b/spanish-mx,culture/qwen3_vl_2b/base,qwen3_vl_2b,Qwen3-VL-2B-Thinking,spanish-mx,ntp,1,marital_status,Cohabiting,4,37,0.1808684649631845,0.02433657969526807,0.15777590787569465,0.14708925697251327,0.15470037230538397,0.8191315350368155,0.15777590787569465,0.14708925697251327,0.8452996276946161,0.21991287327137854,0.30789232881568845,0.19390166304864276,0.043228622551611064,0.28087415728839094,0.14350201243355049,0.1609290578281491,0.8060983369513572,0.28087415728839094,0.14350201243355049,0.839070942171851,0.2673473585095758,0.35505839487976804,False,False,-0.013033198085458247,-0.018892042856342994,-0.12309824941269629,0.0035872445389627805,-0.0062286855227651206,0.01303319808545822,-0.12309824941269629,0.0035872445389627805,0.0062286855227651206,-0.047434485238197266,-0.04716606606407958,structure,structure
Qwen3-VL-2B-Thinking (spanish-mx),culture/qwen3_vl_2b/spanish-mx,culture/qwen3_vl_2b/base,qwen3_vl_2b,Qwen3-VL-2B-Thinking,spanish-mx,ntp,1,marital_status,Divorced or separated,4,68,0.16100258966122263,0.02174315678436512,0.1693578283831105,0.07773955654180575,0.14707072687636188,0.8389974103387774,0.1693578283831105,0.07773955654180575,0.8529292731236381,0.16359254110151544,0.24709757554211076,0.14619557511731812,0.03430312059205586,0.2692542765285771,0.12409464130754702,0.11216636966465368,0.8538044248826818,0.2692542765285771,0.12409464130754702,0.8878336303353463,0.26882306848331566,0.3621358598360202,False,False,0.014807014543904512,-0.012559963807690741,-0.09989644814546658,-0.04635508476574127,0.034904357211708203,-0.014807014543904429,-0.09989644814546658,-0.04635508476574127,-0.03490435721170826,-0.10523052738180022,-0.11503828429390944,structure,structure
Qwen3-VL-2B-Thinking (spanish-mx),culture/qwen3_vl_2b/spanish-mx,culture/qwen3_vl_2b/base,qwen3_vl_2b,Qwen3-VL-2B-Thinking,spanish-mx,ntp,1,marital_status,Married,4,342,0.164444410806971,0.030468531193113647,0.21360585247538239,0.06528398506024498,0.1398020565362544,0.835555589193029,0.21360585247538239,0.06691776259431005,0.8601979434637456,0.0,0.0,0.2162075162420635,0.04645490797763534,0.3442707872795698,0.10537807753830775,0.18287291061164898,0.7837924837579365,0.3442707872795698,0.10537807753830775,0.817127089388351,0.282652318349433,0.366506017944301,False,False,-0.051763105435092494,-0.01598637678452169,-0.1306649348041874,-0.04009409247806277,-0.04307085407539457,0.05176310543509244,-0.1306649348041874,-0.038460314943997695,0.04307085407539457,-0.282652318349433,-0.366506017944301,structure,structure
Qwen3-VL-2B-Thinking (spanish-mx),culture/qwen3_vl_2b/spanish-mx,culture/qwen3_vl_2b/base,qwen3_vl_2b,Qwen3-VL-2B-Thinking,spanish-mx,ntp,1,marital_status,Single,4,131,0.16595004292185309,0.02268304677679353,0.18475378913350604,0.055678091718888455,0.14991328273179153,0.8340499570781469,0.18475378913350604,0.055678091718888455,0.8500867172682085,0.18965111244433777,0.27590265466592495,0.2007324399759536,0.037295773322877465,0.31453658536400897,0.04821943966401328,0.17219383613046177,0.7992675600240464,0.31453658536400897,0.05360607446684017,0.8278061638695382,0.0,0.0,False,False,-0.03478239705410052,-0.014612726546083935,-0.12978279623050293,0.007458652054875177,-0.022280553398670244,0.03478239705410047,-0.12978279623050293,0.0020720172520482874,0.0222805533986703,0.18965111244433777,0.27590265466592495,structure,structure
Qwen3-VL-2B-Thinking (spanish-mx),culture/qwen3_vl_2b/spanish-mx,culture/qwen3_vl_2b/base,qwen3_vl_2b,Qwen3-VL-2B-Thinking,spanish-mx,ntp,1,marital_status,Widowed,4,61,0.200386658039783,0.023248321129048385,0.1757822548301043,0.059572358295137115,0.18233520860782712,0.7996133419602169,0.1757822548301043,0.059572358295137115,0.8176647913921729,0.17508814725707494,0.2570690079537176,0.1935424326845284,0.03127462076932358,0.239058653813917,0.13402556499372065,0.16050290365040104,0.8064575673154716,0.239058653813917,0.13402556499372065,0.8394970963495989,0.270534963707511,0.35829436380720076,False,False,0.006844225355254613,-0.008026299640275195,-0.06327639898381271,-0.07445320669858353,0.02183230495742608,-0.006844225355254641,-0.06327639898381271,-0.07445320669858353,-0.021832304957426052,-0.09544681645043607,-0.10122535585348313,structure,structure
Qwen3-VL-2B-Thinking (spanish-mx),culture/qwen3_vl_2b/spanish-mx,culture/qwen3_vl_2b/base,qwen3_vl_2b,Qwen3-VL-2B-Thinking,spanish-mx,ntp,1,population,every retained cell,4,639,0.1688388700030488,0.04186920731372215,0.29102849612866866,0.04881789808756795,0.14527581328899997,0.8311611299969511,0.29102849612866866,0.05268749139951552,0.854724186711,0.0,0.0,0.20196352033871143,0.06962253342434227,0.49939284998483413,0.06687374304475997,0.16858151118650874,0.7980364796612885,0.49939284998483413,0.0701974185855968,0.8314184888134912,0.0,0.0,False,False,-0.033124650335662614,-0.02775332611062012,-0.20836435385616547,-0.01805584495719202,-0.023305697897508776,0.03312465033566259,-0.20836435385616547,-0.017509927186081284,0.023305697897508804,0.0,0.0,structure,structure
Qwen3-VL-2B-Thinking (spanish-mx),culture/qwen3_vl_2b/spanish-mx,culture/qwen3_vl_2b/base,qwen3_vl_2b,Qwen3-VL-2B-Thinking,spanish-mx,ntp,1,sex,Female,4,349,0.17622293284169482,0.0432129588421116,0.29729788494296094,0.052873678225889724,0.15357570461536826,0.8237770671583051,0.29729788494296094,0.060200235781682196,0.8464242953846317,0.0,0.0,0.20353821195616423,0.0703348208703996,0.4984652282385579,0.07016644536151702,0.16744730799667343,0.7964617880438358,0.4984652282385579,0.07420622008162447,0.8325526920033266,0.0,0.0,False,False,-0.027315279114469404,-0.027121862028288007,-0.20116734329559693,-0.017292767135627295,-0.013871603381305164,0.027315279114469293,-0.20116734329559693,-0.014005984299942278,0.013871603381305109,0.0,0.0,structure,structure
Qwen3-VL-2B-Thinking (spanish-mx),culture/qwen3_vl_2b/spanish-mx,culture/qwen3_vl_2b/base,qwen3_vl_2b,Qwen3-VL-2B-Thinking,spanish-mx,ntp,1,sex,Male,4,290,0.16001415732842297,0.03917958552134682,0.2814545357086259,0.04066394274714506,0.13776401881077735,0.839985842671577,0.2814545357086259,0.04123233055340236,0.8622359811892226,0.0,0.0,0.20007524110847724,0.0636936333166058,0.4673806340177295,0.05540558336113208,0.1709898542685217,0.7999247588915228,0.4673806340177295,0.059102493355742074,0.8290101457314784,0.0,0.0,False,False,-0.04006108378005427,-0.024514047795258974,-0.18592609830910362,-0.014741640613987014,-0.03322583545774435,0.04006108378005424,-0.18592609830910362,-0.01787016280233971,0.03322583545774427,0.0,0.0,structure,structure
Qwen3-VL-2B-Thinking (spanish-mx),culture/qwen3_vl_2b/spanish-mx,culture/qwen3_vl_2b/base,qwen3_vl_2b,Qwen3-VL-2B-Thinking,spanish-mx,ntp,1,wave,1995-1997,4,221,0.16632999273663623,0.04213536106962268,0.2958368084860715,0.05202922245876278,0.14549549739151404,0.8336700072633638,0.2958368084860715,0.05754736768264074,0.8545045026084859,0.0,0.0,0.19804653601185576,0.07068789185607294,0.5417488293135564,0.07848010925548694,0.1634870603198904,0.8019534639881443,0.5168856547392408,0.08054603494849956,0.8365129396801095,0.0,0.0,False,False,-0.03171654327521953,-0.02855253078645026,-0.24591202082748487,-0.026450886796724166,-0.017991562928376365,0.031716543275219555,-0.22104884625316923,-0.02299866726585882,0.017991562928376337,0.0,0.0,structure,structure
Qwen3-VL-2B-Thinking (spanish-mx),culture/qwen3_vl_2b/spanish-mx,culture/qwen3_vl_2b/base,qwen3_vl_2b,Qwen3-VL-2B-Thinking,spanish-mx,ntp,1,wave,2005-2006,4,173,0.16945435533235503,0.040752602574534336,0.2807511944565118,0.05757402797451574,0.14803444965908832,0.8305456446676449,0.2807511944565118,0.06847027186169402,0.8519655503409117,0.0,0.0,0.21586826583125096,0.06840887725692132,0.4966766922631739,0.0753321836940659,0.18292352143565355,0.784131734168749,0.4966766922631739,0.08100715925093468,0.8170764785643465,0.0,0.0,False,False,-0.04641391049889593,-0.02765627468238699,-0.2159254978066621,-0.01775815571955016,-0.03488907177656522,0.04641391049889587,-0.2159254978066621,-0.012536887389240664,0.034889071776565195,0.0,0.0,structure,structure
Qwen3-VL-2B-Thinking (spanish-mx),culture/qwen3_vl_2b/spanish-mx,culture/qwen3_vl_2b/base,qwen3_vl_2b,Qwen3-VL-2B-Thinking,spanish-mx,ntp,1,wave,2017-2018,4,245,0.1706621249237363,0.04279234811403199,0.31839232255422517,0.03570971067689732,0.14693139883399223,0.8293378750762637,0.31839232255422517,0.038940287118607926,0.8530686011660078,0.0,0.0,0.19326085775507165,0.07013190945079922,0.5109964000546765,0.0529233654492922,0.16472947998168092,0.8067391422449284,0.5109964000546765,0.057115443433936874,0.835270520018319,0.0,0.0,False,False,-0.022598732831335344,-0.02733956133676723,-0.19260407750045133,-0.01721365477239488,-0.017798081147688688,0.02259873283133529,-0.19260407750045133,-0.01817515631532895,0.01779808114768877,0.0,0.0,structure,structure
Qwen3-VL-8B-Thinking (german),culture/qwen3_vl_8b/german,culture/qwen3_vl_8b/base,qwen3_vl_8b,Qwen3-VL-8B-Thinking,german,fa,1,age,25-34,4,149,0.3357216846914376,0.05787370976834921,0.39102785896405456,0.040056877094357624,0.3188247875291865,0.6642783153085624,0.39102785896405456,0.048933554318364755,0.6811752124708135,0.0,0.0,0.1372306031042494,0.10545714946877789,0.7471586425470402,0.021277981500208796,0.044422210360311604,0.8627693968957506,0.7471586425470402,0.02598982151591403,0.9555777896396884,0.0,0.0,False,False,0.1984910815871882,-0.04758343970042868,-0.35613078358298567,0.018778895594148828,0.27440257716887495,-0.1984910815871882,-0.35613078358298567,0.022943732802450725,-0.27440257716887495,0.0,0.0,structure,structure
Qwen3-VL-8B-Thinking (german),culture/qwen3_vl_8b/german,culture/qwen3_vl_8b/base,qwen3_vl_8b,Qwen3-VL-8B-Thinking,german,fa,1,age,35-44,4,104,0.3355203527955595,0.05391000284371443,0.3747225597719561,0.0766591096344503,0.32781220003542705,0.6644796472044405,0.3747225597719561,0.08312883474615729,0.6721877999645729,0.0,0.0,0.1361598762774276,0.10476294543037196,0.723613396506404,0.06789829890632358,0.06120981975150759,0.8638401237225725,0.723613396506404,0.07785443222947239,0.9387901802484924,0.0,0.0,False,False,0.19936047651813188,-0.050852942586657526,-0.3488908367344479,0.00876081072812672,0.26660238028391947,-0.19936047651813193,-0.3488908367344479,0.005274402516684901,-0.26660238028391947,0.0,0.0,structure,structure
Qwen3-VL-8B-Thinking (german),culture/qwen3_vl_8b/german,culture/qwen3_vl_8b/base,qwen3_vl_8b,Qwen3-VL-8B-Thinking,german,fa,1,age,45-54,4,108,0.34017106492424526,0.06704211093962259,0.44920718359053646,0.046414784238495724,0.328704262376822,0.6598289350757547,0.44920718359053646,0.051160977638619716,0.6712957376231781,0.0,0.0,0.14338605892268497,0.11722247368458248,0.7961482147478328,0.07940928406701955,0.05750426772853501,0.856613941077315,0.7961482147478328,0.08644902970447674,0.942495732271465,0.0,0.0,False,False,0.1967850060015603,-0.05018036274495989,-0.34694103115729635,-0.03299449982852383,0.271199994648287,-0.19678500600156035,-0.34694103115729635,-0.03528805206585702,-0.2711999946482869,0.0,0.0,structure,structure
Qwen3-VL-8B-Thinking (german),culture/qwen3_vl_8b/german,culture/qwen3_vl_8b/base,qwen3_vl_8b,Qwen3-VL-8B-Thinking,german,fa,1,age,55-64,4,92,0.3432507185206579,0.05555867743367745,0.37576697618013927,0.07897073617768459,0.3350215903863817,0.6567492814793421,0.37576697618013927,0.07897073617768459,0.6649784096136183,0.22994651946017663,0.296278296529128,0.15414939802894587,0.1085021426412936,0.7443083234588173,0.0515521760776094,0.07395890102447042,0.8458506019710541,0.7443083234588173,0.0515521760776094,0.9260410989755296,0.29761406535061924,0.3952620004751611,False,False,0.18910132049171205,-0.05294346520761615,-0.368541347278678,0.027418560100075186,0.26106268936191124,-0.18910132049171202,-0.368541347278678,0.027418560100075186,-0.26106268936191124,-0.0676675458904426,-0.09898370394603306,structure,structure
Qwen3-VL-8B-Thinking (german),culture/qwen3_vl_8b/german,culture/qwen3_vl_8b/base,qwen3_vl_8b,Qwen3-VL-8B-Thinking,german,fa,1,age,65-74,4,83,0.3249847961236767,0.06789714069509861,0.46391776042994665,0.10210207982369032,0.3103498793591831,0.6750152038763233,0.46391776042994665,0.10210207982369032,0.6896501206408169,0.27935717050718495,0.3464194107238092,0.1547028880807059,0.11722341190976376,0.8077733482225616,0.06870402922050267,0.07944114400513666,0.8452971119192941,0.7964847932857682,0.07135427077026367,0.9205588559948634,0.0,0.0,False,False,0.1702819080429708,-0.04932627121466515,-0.343855587792615,0.03339805060318765,0.23090873535404646,-0.17028190804297083,-0.3325670328558215,0.030747809053426653,-0.23090873535404655,0.27935717050718495,0.3464194107238092,structure,structure
Qwen3-VL-8B-Thinking (german),culture/qwen3_vl_8b/german,culture/qwen3_vl_8b/base,qwen3_vl_8b,Qwen3-VL-8B-Thinking,german,fa,1,age,75+,4,28,0.314097211747128,0.07068967134920946,0.543364102961263,0.13117689911498662,0.2931699334752634,0.685902788252872,0.543364102961263,0.13117689911498662,0.7068300665247367,0.3349784631230382,0.4001754757116255,0.15843727510102348,0.13004525697519975,0.9957493426233817,0.09892919796502883,0.08315858759699386,0.8415627248989765,0.7966547652806054,0.10811381842907045,0.9168414124030061,0.0,0.0,False,False,0.15565993664610453,-0.05935558562599029,-0.45238523966211863,0.032247701149957786,0.21001134587826953,-0.15565993664610456,-0.2532906623193424,0.02306308068591617,-0.21001134587826942,0.3349784631230382,0.4001754757116255,structure,structure
Qwen3-VL-8B-Thinking (german),culture/qwen3_vl_8b/german,culture/qwen3_vl_8b/base,qwen3_vl_8b,Qwen3-VL-8B-Thinking,german,fa,1,age,<25,4,73,0.33139205294508817,0.06567436201483914,0.49224287786261034,0.07436779835763568,0.29084427038443683,0.6686079470549118,0.4732023048655266,0.08186337586629175,0.7091557296155632,0.0,0.0,0.1340661692010765,0.08034760627242209,0.6803082464517497,0.053159953433271824,0.07596223089164836,0.8659338307989235,0.6803082464517497,0.053159953433271824,0.9240377691083517,0.2744779130508542,0.3716164632123455,False,False,0.19732588374401167,-0.014673244257582943,-0.18806536858913936,0.02120784492436386,0.21488203949278847,-0.19732588374401172,-0.20710594158622309,0.028703422433019925,-0.2148820394927885,-0.2744779130508542,-0.3716164632123455,structure,structure
Qwen3-VL-8B-Thinking (german),culture/qwen3_vl_8b/german,culture/qwen3_vl_8b/base,qwen3_vl_8b,Qwen3-VL-8B-Thinking,german,fa,1,country,Australia,4,136,0.3172803247298217,0.051240943324516654,0.5769835951040804,0.07259149737938785,0.3155421709610487,0.6827196752701783,0.4572499680801863,0.07259149737938785,0.6844578290389512,0.14840770330940728,0.21608559030756216,0.1438255422627911,0.11699659546312503,1.2383415388003716,0.06248953692941812,0.10133987463363248,0.8561744577372089,0.7206708727728178,0.06439127297121894,0.8986601253663675,0.0,0.0,False,False,0.1734547824670306,-0.06575565213860837,-0.6613579436962912,0.010101960449969728,0.21420229632741622,-0.1734547824670306,-0.2634209046926315,0.008200224408168907,-0.21420229632741628,0.14840770330940728,0.21608559030756216,structure,structure
Qwen3-VL-8B-Thinking (german),culture/qwen3_vl_8b/german,culture/qwen3_vl_8b/base,qwen3_vl_8b,Qwen3-VL-8B-Thinking,german,fa,1,country,Germany,4,144,0.3287337145476944,0.055342676048611185,0.5210731662581638,0.11491089469133739,0.32561338195252976,0.6712662854523056,0.5210731662581638,0.11491089469133739,0.6743866180474702,0.20377975267875528,0.2718950235260257,0.14276684510117693,0.1140986781180818,1.0530187303052483,0.0840901440500674,0.09712316959523555,0.857233154898823,0.808327736322594,0.0840901440500674,0.9028768304047644,0.2893338248728145,0.3845266410066749,False,False,0.18596686944651747,-0.05875600206947062,-0.5319455640470845,0.03082075064126999,0.22849021235729422,-0.1859668694465174,-0.2872545700644302,0.03082075064126999,-0.22849021235729416,-0.08555407219405922,-0.1126316174806492,structure,structure
Qwen3-VL-8B-Thinking (german),culture/qwen3_vl_8b/german,culture/qwen3_vl_8b/base,qwen3_vl_8b,Qwen3-VL-8B-Thinking,german,fa,1,country,Mexico,4,131,0.33408501525038514,0.0694776349336927,0.7266548701949123,0.07119497842795162,0.30589661245553457,0.6659149847496149,0.5199368766211963,0.08448464289839555,0.6941033875444654,0.0,0.0,0.15756935991452115,0.10028549317750265,1.0511648642262397,0.09717720160289742,0.11947973267875617,0.8424306400854789,0.7887862817443314,0.09717720160289742,0.8805202673212438,0.3831991693464293,0.47146728423672035,False,False,0.176515655335864,-0.030807858243809952,-0.3245099940313274,-0.025982223174945793,0.1864168797767784,-0.176515655335864,-0.26884940512313515,-0.012692558704501866,-0.18641687977677834,-0.3831991693464293,-0.47146728423672035,structure,structure
Qwen3-VL-8B-Thinking (german),culture/qwen3_vl_8b/german,culture/qwen3_vl_8b/base,qwen3_vl_8b,Qwen3-VL-8B-Thinking,german,fa,1,country,Russia,4,88,0.38388407426382004,0.06442043099097489,0.6558098232706912,0.06281255038536714,0.38092204100273913,0.6161159257361799,0.5507097047025644,0.06559214271945331,0.6190779589972608,0.0,0.0,0.1497755148969596,0.1038927508860373,1.103659399556392,0.046176098522845405,0.09929591667245809,0.8502244851030404,0.7235028328163535,0.046176098522845405,0.9007040833275419,0.25130702887114387,0.3456210546187207,False,False,0.23410855936686045,-0.03947231989506242,-0.44784957628570077,0.01663645186252173,0.28162612433028106,-0.23410855936686048,-0.1727931281137891,0.019416044196607904,-0.2816261243302811,-0.25130702887114387,-0.3456210546187207,structure,structure
Qwen3-VL-8B-Thinking (german),culture/qwen3_vl_8b/german,culture/qwen3_vl_8b/base,qwen3_vl_8b,Qwen3-VL-8B-Thinking,german,fa,1,country,United States,4,140,0.31067916690567987,0.08133342221578996,0.6924281907625257,0.07976747727193889,0.27626006200495146,0.6893208330943201,0.33256353070881417,0.07976747727193889,0.7237399379950485,0.0,0.0,0.12466429408923302,0.1112591446372412,1.0072652801971063,0.09080154398277243,0.07363922638214765,0.8753357059107669,0.7310472092310192,0.09080154398277243,0.9263607736178523,0.359489771900327,0.45537903895157655,False,False,0.18601487281644685,-0.029925722421451237,-0.31483708943458055,-0.01103406671083354,0.2026208356228038,-0.1860148728164468,-0.398483678522205,-0.01103406671083354,-0.20262083562280375,-0.359489771900327,-0.45537903895157655,structure,structure
Qwen3-VL-8B-Thinking (german),culture/qwen3_vl_8b/german,culture/qwen3_vl_8b/base,qwen3_vl_8b,Qwen3-VL-8B-Thinking,german,fa,1,education,High,4,245,0.32455306106211845,0.05241729825063158,0.3703332511017864,0.07127226462352595,0.3098269395636265,0.6754469389378815,0.34426828583773983,0.07315260542863225,0.6901730604363735,0.0,0.0,0.15161747749925997,0.11450873172071138,0.8220172958533866,0.032795372271684345,0.08028482374642855,0.84838252250074,0.7386214275191199,0.03576725948353123,0.9197151762535715,0.0,0.0,False,False,0.17293558356285849,-0.0620914334700798,-0.4516840447516002,0.03847689235184161,0.22954211581719797,-0.17293558356285843,-0.39435314168138,0.03738534594510102,-0.22954211581719797,0.0,0.0,structure,structure
Qwen3-VL-8B-Thinking (german),culture/qwen3_vl_8b/german,culture/qwen3_vl_8b/base,qwen3_vl_8b,Qwen3-VL-8B-Thinking,german,fa,1,education,Low,4,51,0.3332572558240933,0.08343323690025341,0.5955923406976382,0.032984763636154185,0.2928267418551555,0.6667427441759066,0.5955923406976382,0.04148888757071266,0.7071732581448446,0.0,0.0,0.15789805803930979,0.10152349644892616,0.727779665536315,0.08739922739272472,0.08675219135758216,0.8421019419606902,0.727779665536315,0.08739922739272472,0.9132478086424178,0.3687561034169246,0.46226333293586114,False,False,0.17535919778478354,-0.018090259548672757,-0.1321873248386768,-0.05441446375657054,0.20607455049757334,-0.1753591977847836,-0.1321873248386768,-0.045910339822012064,-0.20607455049757328,-0.3687561034169246,-0.46226333293586114,structure,structure
Qwen3-VL-8B-Thinking (german),culture/qwen3_vl_8b/german,culture/qwen3_vl_8b/base,qwen3_vl_8b,Qwen3-VL-8B-Thinking,german,fa,1,education,Middle,4,343,0.3423878953763856,0.06595480524202287,0.4684513779914157,0.05751811036340315,0.3278872092319032,0.6576121046236144,0.4684513779914157,0.06329113281900639,0.6721127907680968,0.0,0.0,0.13527591798955252,0.10928512584782607,0.8211088311282352,0.038400792716104,0.042204166640584496,0.8647240820104475,0.8006115662505686,0.042397493031190434,0.9577958333594154,0.0,0.0,False,False,0.20711197738683307,-0.043330320605803205,-0.3526574531368195,0.019117317647299154,0.28568304259131866,-0.20711197738683307,-0.33216018825915294,0.020893639787815957,-0.2856830425913186,0.0,0.0,structure,structure
Qwen3-VL-8B-Thinking (german),culture/qwen3_vl_8b/german,culture/qwen3_vl_8b/base,qwen3_vl_8b,Qwen3-VL-8B-Thinking,german,fa,1,employment,Homemaker,4,72,0.333413497673661,0.04720828562540521,0.3359747083884695,0.05226317498703857,0.31254446641637934,0.666586502326339,0.3359747083884695,0.05226317498703857,0.6874555335836207,0.15836345099374458,0.22382281194168482,0.14344497208849588,0.08856309807422078,0.6392955925427095,0.0721508354926427,0.054396175873571984,0.8565550279115041,0.6392955925427095,0.0721508354926427,0.945603824126428,0.33223059162029606,0.4314922507174435,False,False,0.18996852558516514,-0.041354812448815566,-0.30332088415424,-0.01988766050560413,0.25814829054280736,-0.18996852558516508,-0.30332088415424,-0.01988766050560413,-0.2581482905428073,-0.17386714062655148,-0.2076694387757587,structure,structure
Qwen3-VL-8B-Thinking (german),culture/qwen3_vl_8b/german,culture/qwen3_vl_8b/base,qwen3_vl_8b,Qwen3-VL-8B-Thinking,german,fa,1,employment,Retired,4,147,0.33166916560930104,0.06263939643419406,0.46003511300371996,0.08000634643431488,0.32295523327254977,0.668330834390699,0.46003511300371996,0.08141407242996387,0.6770447667274502,0.0,0.0,0.15267724653502096,0.11473732138230389,0.8515031440527537,0.06913625420270544,0.08450195723057331,0.8473227534649791,0.7987253662749761,0.07098141410685184,0.9154980427694267,0.0,0.0,False,False,0.17899191907428008,-0.05209792494810983,-0.39146803104903377,0.010870092231609438,0.23845327604197647,-0.17899191907428014,-0.3386902532712562,0.010432658323112035,-0.23845327604197653,0.0,0.0,structure,structure
Qwen3-VL-8B-Thinking (german),culture/qwen3_vl_8b/german,culture/qwen3_vl_8b/base,qwen3_vl_8b,Qwen3-VL-8B-Thinking,german,fa,1,employment,Student,4,35,0.321580530132553,0.058712630481986064,0.48540262786131017,0.055612082468648315,0.29150967710203124,0.678419469867447,0.48540262786131017,0.061916291131587656,0.7084903228979688,0.0,0.0,0.1388344218332584,0.07193771618944603,0.6472884880004084,-0.029304225993526174,0.08791356003059062,0.8611655781667416,0.6472884880004084,0.003224014644512478,0.9120864399694094,0.0,0.0,False,False,0.1827461082992946,-0.013225085707459963,-0.16188586013909823,0.08491630846217449,0.20359611707144062,-0.1827461082992946,-0.16188586013909823,0.05869227648707518,-0.20359611707144065,0.0,0.0,structure,structure
Qwen3-VL-8B-Thinking (german),culture/qwen3_vl_8b/german,culture/qwen3_vl_8b/base,qwen3_vl_8b,Qwen3-VL-8B-Thinking,german,fa,1,employment,Unemployed,4,31,0.33924744998547923,0.09066807234910682,0.6011462327653527,0.08221801820266722,0.28845534595946787,0.6607525500145208,0.5869357139948046,0.10055636326604334,0.7115446540405321,0.0,0.0,0.15320780052166874,0.10071372212783827,0.7418201582816544,0.03953958221746591,0.07505248939294443,0.8467921994783312,0.7418201582816544,0.03953958221746591,0.9249475106070556,0.25522120796151676,0.3520345161883189,False,False,0.1860396494638105,-0.010045649778731458,-0.14067392551630165,0.04267843598520131,0.21340285656652344,-0.18603964946381035,-0.15488444428684978,0.061016781048577426,-0.21340285656652347,-0.25522120796151676,-0.3520345161883189,structure,structure
Qwen3-VL-8B-Thinking (german),culture/qwen3_vl_8b/german,culture/qwen3_vl_8b/base,qwen3_vl_8b,Qwen3-VL-8B-Thinking,german,fa,1,employment,Working,4,349,0.3367300130315673,0.060637079834650214,0.42022038768877085,0.055871761540456345,0.3228850990760651,0.6632699869684328,0.42022038768877085,0.0599690474326558,0.6771149009239349,0.0,0.0,0.13933098445126935,0.11174797376587223,0.7963658845604292,0.05446635360913774,0.05897298119518818,0.8606690155487307,0.7780565968898236,0.05803569405043141,0.9410270188048118,0.0,0.0,False,False,0.19739902858029795,-0.051110893931222014,-0.3761454968716584,0.001405407931318603,0.26391211788087693,-0.1973990285802979,-0.3578362092010528,0.0019333533822243898,-0.2639121178808769,0.0,0.0,structure,structure
Qwen3-VL-8B-Thinking (german),culture/qwen3_vl_8b/german,culture/qwen3_vl_8b/base,qwen3_vl_8b,Qwen3-VL-8B-Thinking,german,fa,1,marital_status,Cohabiting,4,37,0.3222827859034334,0.05734440680092856,0.38644829910769785,0.14742795377477366,0.30859085790185203,0.6777172140965666,0.38644829910769785,0.14742795377477366,0.691409142098148,0.30645048571115574,0.3699915323982941,0.15252731533336894,0.0758929878495096,0.4949111696317233,0.08495853932927537,0.061738264012295374,0.8474726846666311,0.4949111696317233,0.08495853932927537,0.9382617359877046,0.3066713223310803,0.40554721566830415,False,False,0.16975547057006446,-0.018548581048581037,-0.10846287052402548,0.06246941444549829,0.24685259388955666,-0.16975547057006446,-0.10846287052402548,0.06246941444549829,-0.2468525938895566,-0.00022083661992455816,-0.035555683270010074,structure,structure
Qwen3-VL-8B-Thinking (german),culture/qwen3_vl_8b/german,culture/qwen3_vl_8b/base,qwen3_vl_8b,Qwen3-VL-8B-Thinking,german,fa,1,marital_status,Divorced or separated,4,68,0.31212232362880826,0.06424788816442367,0.5043922419444749,0.0339229080901804,0.29732165513197695,0.6878776763711918,0.5043922419444749,0.04279811229191342,0.702678344868023,0.0,0.0,0.13795475084350206,0.07343360246283787,0.5869831842423446,0.04822111612954085,0.0842070256971624,0.8620452491564979,0.5869831842423446,0.04822111612954085,0.9157929743028376,0.26827289915466423,0.3644535117586418,False,False,0.1741675727853062,-0.009185714298414194,-0.08259094229786978,-0.014298208039360452,0.21311462943481455,-0.17416757278530615,-0.08259094229786978,-0.005423003837627428,-0.21311462943481452,-0.26827289915466423,-0.3644535117586418,structure,structure
Qwen3-VL-8B-Thinking (german),culture/qwen3_vl_8b/german,culture/qwen3_vl_8b/base,qwen3_vl_8b,Qwen3-VL-8B-Thinking,german,fa,1,marital_status,Married,4,342,0.34814522593933794,0.032864911842025515,0.23068669506366885,0.08526631971446334,0.3442904333250051,0.6518547740606621,0.23068669506366885,0.08526631971446334,0.6557095666749949,0.21454911037037147,0.28025713653843703,0.14339848524572923,0.08090749272688293,0.5811267363414822,0.08053556642662356,0.07357762080279016,0.8566015147542707,0.5811267363414822,0.08053556642662356,0.9264223791972098,0.33157064692175736,0.42855501956614434,False,False,0.2047467406936087,-0.04804258088485741,-0.3504400412778133,0.004730753287839784,0.2707128125222149,-0.20474674069360865,-0.3504400412778133,0.004730753287839784,-0.2707128125222149,-0.11702153655138589,-0.1482978830277073,structure,structure
Qwen3-VL-8B-Thinking (german),culture/qwen3_vl_8b/german,culture/qwen3_vl_8b/base,qwen3_vl_8b,Qwen3-VL-8B-Thinking,german,fa,1,marital_status,Single,4,131,0.32326679208327075,0.06309771693543625,0.482561503834452,0.07585368143233268,0.2826803308521807,0.6767332079167292,0.47551890104716843,0.077150627132247,0.7173196691478193,0.0,0.0,0.13472538820648683,0.07624664527546224,0.6260990338577226,0.04563030692025315,0.08745715811882072,0.8652746117935132,0.6260990338577226,0.04699096043365757,0.9125428418811793,0.0,0.0,False,False,0.18854140387678392,-0.013148928340025984,-0.14353753002327058,0.03022337451207953,0.19522317273335998,-0.18854140387678398,-0.15058013281055416,0.03015966669858943,-0.19522317273335998,0.0,0.0,structure,structure
Qwen3-VL-8B-Thinking (german),culture/qwen3_vl_8b/german,culture/qwen3_vl_8b/base,qwen3_vl_8b,Qwen3-VL-8B-Thinking,german,fa,1,marital_status,Widowed,4,61,0.3192902279813917,0.06439613716547835,0.4658789634082053,0.1307160618468846,0.2895597916655971,0.6807097720186083,0.4658789634082053,0.1307160618468846,0.7104402083344029,0.3169091267658247,0.38253646611212094,0.16198716822715045,0.07207430676196298,0.5444691673394804,0.02034033378335984,0.12662824563497677,0.8380128317728495,0.5444691673394804,0.0257422451154335,0.8733717543650232,0.0,0.0,False,False,0.15730305975424128,-0.007678169596484638,-0.07859020393127508,0.11037572806352478,0.16293154603062032,-0.1573030597542412,-0.07859020393127508,0.10497381673145112,-0.16293154603062032,0.3169091267658247,0.38253646611212094,structure,structure
Qwen3-VL-8B-Thinking (german),culture/qwen3_vl_8b/german,culture/qwen3_vl_8b/base,qwen3_vl_8b,Qwen3-VL-8B-Thinking,german,fa,1,population,every retained cell,4,639,0.3348929947398909,0.06467065633604802,0.4414700944798684,0.06414084895148428,0.31838149834543994,0.6651070052601091,0.4414700944798684,0.06983372732214645,0.68161850165456,0.0,0.0,0.14338050450245984,0.11441703999661265,0.8032996696274655,0.050924455897576125,0.05243099921245015,0.8566194954975401,0.7841507568145551,0.05497795680682477,0.9475690007875499,0.0,0.0,False,False,0.19151249023743108,-0.049746383660564636,-0.36182957514759706,0.013216393053908156,0.2659504991329898,-0.191512490237431,-0.34268066233468675,0.014855770515321678,-0.26595049913298996,0.0,0.0,structure,structure
Qwen3-VL-8B-Thinking (german),culture/qwen3_vl_8b/german,culture/qwen3_vl_8b/base,qwen3_vl_8b,Qwen3-VL-8B-Thinking,german,fa,1,sex,Female,4,349,0.331040580462992,0.06143364882942465,0.413925550390054,0.07261010325220649,0.31250701557340715,0.668959419537008,0.413925550390054,0.07863116232001044,0.6874929844265928,0.0,0.0,0.14285670654918592,0.11476556023547238,0.7976533342952679,0.055898854466478146,0.05034300267646895,0.8571432934508141,0.7961630180195036,0.060253140740892386,0.949656997323531,0.0,0.0,False,False,0.1881838739138061,-0.05333191140604773,-0.38372778390521384,0.01671124878572834,0.2621640128969382,-0.1881838739138061,-0.3822374676294496,0.018378021579118053,-0.26216401289693825,0.0,0.0,structure,structure
Qwen3-VL-8B-Thinking (german),culture/qwen3_vl_8b/german,culture/qwen3_vl_8b/base,qwen3_vl_8b,Qwen3-VL-8B-Thinking,german,fa,1,sex,Male,4,290,0.33951098221003484,0.06702872098247345,0.47791582360386575,0.0680063923001632,0.3254168039588342,0.6604890177899652,0.47791582360386575,0.07022991997014497,0.6745831960411658,0.0,0.0,0.14400579261943497,0.11334327964277499,0.8220651531543018,0.04843620470769707,0.0665180340030729,0.8559942073805651,0.7598726855860802,0.05137553518420538,0.9334819659969271,0.0,0.0,False,False,0.19550518959059987,-0.04631455866030154,-0.3441493295504361,0.019570187592466128,0.25889876995576133,-0.19550518959059993,-0.2819568619822145,0.018854384785939586,-0.25889876995576133,0.0,0.0,structure,structure
Qwen3-VL-8B-Thinking (german),culture/qwen3_vl_8b/german,culture/qwen3_vl_8b/base,qwen3_vl_8b,Qwen3-VL-8B-Thinking,german,fa,1,wave,1995-1997,4,221,0.3419177738980654,0.06578505980240262,0.441224142457937,0.06928057984159175,0.32502199601820514,0.6580822261019346,0.441224142457937,0.07832438702461476,0.6749780039817949,0.0,0.0,0.14703546988680094,0.11476409572401337,0.845896509195607,0.05200204528249932,0.06036318631166097,0.8529645301131991,0.8419450616493745,0.0560004279038413,0.9396368136883391,0.0,0.0,False,False,0.19488230401126444,-0.04897903592161075,-0.40467236673767,0.01727853455909243,0.26465880970654415,-0.1948823040112645,-0.40072091919143754,0.022323959120773465,-0.2646588097065442,0.0,0.0,structure,structure
Qwen3-VL-8B-Thinking (german),culture/qwen3_vl_8b/german,culture/qwen3_vl_8b/base,qwen3_vl_8b,Qwen3-VL-8B-Thinking,german,fa,1,wave,2005-2006,4,173,0.337642635072826,0.059879537744682076,0.40188184408761257,0.06863943927318815,0.3214877195857463,0.662357364927174,0.40188184408761257,0.07799323556576553,0.6785122804142538,0.0,0.0,0.14351541867663783,0.1138192505773587,0.7910068714578334,0.060990686902577224,0.05030339966136554,0.8564845813233621,0.7720900379073439,0.06661707250337551,0.9496966003386345,0.0,0.0,False,False,0.19412721639618816,-0.05393971283267662,-0.38912502737022087,0.007648752370610926,0.27118431992438075,-0.19412721639618813,-0.3702081938197313,0.011376163062390018,-0.27118431992438063,0.0,0.0,structure,structure
Qwen3-VL-8B-Thinking (german),culture/qwen3_vl_8b/german,culture/qwen3_vl_8b/base,qwen3_vl_8b,Qwen3-VL-8B-Thinking,german,fa,1,wave,2017-2018,4,245,0.3265790746754272,0.0690609540148938,0.5156711258541327,0.0693052342312124,0.31010143580941285,0.6734209253245729,0.5043113444954073,0.07859226783863979,0.6898985641905871,0.0,0.0,0.1404838982900179,0.11435699002850913,0.8384419042828677,0.07395069710032973,0.052426312333312575,0.8595161017099822,0.7522554745459533,0.07740836299324601,0.9475736876666874,0.0,0.0,False,False,0.1860951763854093,-0.04529603601361533,-0.32277077842873503,-0.004645462869117323,0.2576751234761003,-0.1860951763854093,-0.24794413005054605,0.0011839048453937823,-0.2576751234761002,0.0,0.0,structure,structure
Qwen3-VL-8B-Thinking (german),culture/qwen3_vl_8b/german,culture/qwen3_vl_8b/base,qwen3_vl_8b,Qwen3-VL-8B-Thinking,german,ntp,1,age,25-34,4,149,0.3026230174914908,0.05236424742654076,0.356064990807061,0.05550384972030271,0.2833442892759765,0.6973769825085092,0.356064990807061,0.06200410087838421,0.7166557107240235,0.0,0.0,0.1217001705608579,0.06485992971459006,0.4557060963668792,0.03316992521031954,0.03683947652937569,0.8782998294391421,0.4557060963668792,0.03701228892045301,0.9631605234706243,0.0,0.0,False,False,0.18092284693063287,-0.012495682288049308,-0.0996411055598182,0.022333924509983165,0.2465048127466008,-0.18092284693063287,-0.0996411055598182,0.024991811957931202,-0.24650481274660085,0.0,0.0,structure,structure
Qwen3-VL-8B-Thinking (german),culture/qwen3_vl_8b/german,culture/qwen3_vl_8b/base,qwen3_vl_8b,Qwen3-VL-8B-Thinking,german,ntp,1,age,35-44,4,104,0.30179224475288335,0.05203249183472132,0.35746713688563414,0.12355758935773227,0.28901353278232816,0.6982077552471166,0.35746713688563414,0.1298180701412533,0.7109864672176718,0.0,0.0,0.12200243193899916,0.06944565261213188,0.47515389229835425,0.1017224354452677,0.04822876244143938,0.8779975680610008,0.47515389229835425,0.11224518803361805,0.9517712375585606,0.0,0.0,False,False,0.17978981281388418,-0.017413160777410563,-0.11768675541272011,0.021835153912464572,0.2407847703408888,-0.17978981281388418,-0.11768675541272011,0.017572882107635246,-0.24078477034088885,0.0,0.0,structure,structure
Qwen3-VL-8B-Thinking (german),culture/qwen3_vl_8b/german,culture/qwen3_vl_8b/base,qwen3_vl_8b,Qwen3-VL-8B-Thinking,german,ntp,1,age,45-54,4,108,0.30272143413008235,0.058480264399672105,0.3917512487219495,0.09576455942957476,0.2884923021760018,0.6972785658699177,0.3917512487219495,0.10392702878907802,0.7115076978239981,0.0,0.0,0.12489179985390964,0.07727514946894981,0.5184606427465475,0.06693522835273494,0.04202040636895488,0.8751082001460904,0.5184606427465475,0.0771484647017219,0.9579795936310451,0.0,0.0,False,False,0.1778296342761727,-0.018794885069277706,-0.12670939402459797,0.028829331076839826,0.24647189580704693,-0.1778296342761727,-0.12670939402459797,0.026778564087356113,-0.24647189580704698,0.0,0.0,structure,structure
Qwen3-VL-8B-Thinking (german),culture/qwen3_vl_8b/german,culture/qwen3_vl_8b/base,qwen3_vl_8b,Qwen3-VL-8B-Thinking,german,ntp,1,age,55-64,4,92,0.3081721824167368,0.04509674322776727,0.31216131085026594,0.08473419197193212,0.2950090957041326,0.6918278175832633,0.31216131085026594,0.08473419197193212,0.7049909042958674,0.21447110649640316,0.2854579394619045,0.1322901907145085,0.06740294984591319,0.4574995230196233,0.07129697076807648,0.053861396473812405,0.8677098092854915,0.4574995230196233,0.07408837087412493,0.9461386035261876,0.0,0.0,False,False,0.17588199170222826,-0.02230620661814592,-0.14533821216935738,0.01343722120385564,0.24114769923032017,-0.17588199170222818,-0.14533821216935738,0.010645821097807193,-0.2411476992303202,0.21447110649640316,0.2854579394619045,structure,structure
Qwen3-VL-8B-Thinking (german),culture/qwen3_vl_8b/german,culture/qwen3_vl_8b/base,qwen3_vl_8b,Qwen3-VL-8B-Thinking,german,ntp,1,age,65-74,4,83,0.28964287076927975,0.05764159938651035,0.3891915117291821,0.1284876980760276,0.27048885089661284,0.7103571292307203,0.3891915117291821,0.1284876980760276,0.7295111491033872,0.27787021741080103,0.35001430145118784,0.12682446514275286,0.0794753410631078,0.5415623987989119,0.07008600842052798,0.054336083989978495,0.8731755348572472,0.5415623987989119,0.07445149997519145,0.9456639160100215,0.0,0.0,False,False,0.16281840562652689,-0.02183374167659745,-0.1523708870697298,0.05840168965549963,0.21615276690663435,-0.16281840562652694,-0.1523708870697298,0.054036198100836166,-0.21615276690663432,0.27787021741080103,0.35001430145118784,structure,structure
Qwen3-VL-8B-Thinking (german),culture/qwen3_vl_8b/german,culture/qwen3_vl_8b/base,qwen3_vl_8b,Qwen3-VL-8B-Thinking,german,ntp,1,age,75+,4,28,0.27062112007690936,0.055617020567850554,0.427515212600228,0.19834524572698017,0.2464797871451077,0.7293788799230907,0.427515212600228,0.19834524572698017,0.7535202128548923,0.3360948784205705,0.4075641582852471,0.12073733230080533,0.09320549294431016,0.7144589000960814,0.175225098242757,0.05666787801227386,0.8792626676991947,0.7144589000960814,0.175225098242757,0.9433321219877262,0.43821292686063357,0.5307469996361267,False,False,0.14988378777610403,-0.037588472376459604,-0.28694368749585336,0.02312014748422317,0.18981190913283386,-0.149883787776104,-0.28694368749585336,0.02312014748422317,-0.18981190913283386,-0.10211804844006306,-0.12318284135087959,structure,structure
Qwen3-VL-8B-Thinking (german),culture/qwen3_vl_8b/german,culture/qwen3_vl_8b/base,qwen3_vl_8b,Qwen3-VL-8B-Thinking,german,ntp,1,age,<25,4,73,0.29480805433483537,0.047913984054997,0.37218471931821456,0.05634132922114473,0.25457352252040133,0.7051919456651646,0.37218471931821456,0.057683387728455805,0.7454264774795987,0.0,0.0,0.10707424186687424,0.04936577746910543,0.40731155112059036,0.07063529299857359,0.04099738054404192,0.8929257581331258,0.40731155112059036,0.07063529299857359,0.959002619455958,0.269209891043571,0.36979465745117407,False,False,0.18773381246796111,-0.001451793414108428,-0.0351268318023758,-0.014293963777428857,0.2135761419763594,-0.18773381246796117,-0.0351268318023758,-0.012951905270117782,-0.21357614197635932,-0.269209891043571,-0.36979465745117407,structure,structure
Qwen3-VL-8B-Thinking (german),culture/qwen3_vl_8b/german,culture/qwen3_vl_8b/base,qwen3_vl_8b,Qwen3-VL-8B-Thinking,german,ntp,1,country,Australia,4,136,0.2786558143912327,0.04433425759911159,0.5084271972000751,0.0972062117211202,0.2729594501559549,0.7213441856087672,0.4974935435225146,0.0972062117211202,0.7270405498440451,0.17976517394681207,0.2533252526641177,0.12045432722586466,0.07136039712414056,0.7649346758847486,0.07326442611344439,0.08889230921861356,0.8795456727741353,0.6343456978294014,0.07326442611344439,0.9111076907813864,0.27889253903844635,0.3747714963933612,False,False,0.15820148716536805,-0.027026139525028976,-0.2565074786846735,0.02394178560767582,0.18406714093734133,-0.15820148716536808,-0.1368521543068868,0.02394178560767582,-0.18406714093734133,-0.09912736509163428,-0.12144624372924351,structure,structure
Qwen3-VL-8B-Thinking (german),culture/qwen3_vl_8b/german,culture/qwen3_vl_8b/base,qwen3_vl_8b,Qwen3-VL-8B-Thinking,german,ntp,1,country,Germany,4,144,0.2989561135157537,0.047622256313805525,0.44129749890694325,0.17497989258392824,0.29297643645931015,0.7010438864842463,0.44129749890694325,0.17497989258392824,0.7070235635406898,0.2853142163805717,0.35459089519779785,0.12315559922726388,0.0703174052458942,0.6269320607105597,0.09673153668115288,0.08615119538289553,0.8768444007727362,0.6151522044273512,0.09673153668115288,0.9138488046171045,0.2624026767567655,0.3584052708467905,False,False,0.1758005142884898,-0.02269514893208867,-0.18563456180361648,0.07824835590277536,0.20682524107641462,-0.17580051428848986,-0.17385470552040794,0.07824835590277536,-0.20682524107641465,0.02291153962380621,-0.003814375648992674,structure,structure
Qwen3-VL-8B-Thinking (german),culture/qwen3_vl_8b/german,culture/qwen3_vl_8b/base,qwen3_vl_8b,Qwen3-VL-8B-Thinking,german,ntp,1,country,Mexico,4,131,0.2948956849234309,0.05711990401538349,0.6018187209265679,0.07511240079438437,0.27151259514209514,0.7051043150765691,0.5425750956214377,0.07511240079438437,0.7284874048579049,0.2430205043848768,0.3106739587763654,0.14046613220259724,0.06021507293692305,0.6329026111873847,0.08617141141854473,0.11617404048466093,0.8595338677974027,0.5857678508656573,0.08617141141854473,0.883825959515339,0.29527292428214624,0.3882338586098733,False,False,0.15442955272083364,-0.0030951689215395553,-0.031083890260816815,-0.011059010624160356,0.1553385546574342,-0.15442955272083358,-0.043192755244219616,-0.011059010624160356,-0.15533855465743418,-0.05225241989726945,-0.07755989983350792,structure,structure
Qwen3-VL-8B-Thinking (german),culture/qwen3_vl_8b/german,culture/qwen3_vl_8b/base,qwen3_vl_8b,Qwen3-VL-8B-Thinking,german,ntp,1,country,Russia,4,88,0.3474725659877915,0.053170013824190294,0.54493367906903,0.08627789430894586,0.3381095518389017,0.6525274340122085,0.54493367906903,0.0872917259772171,0.6618904481610983,0.0,0.0,0.13233862618134995,0.06915224329288988,0.7362323794561343,0.04322056297060535,0.09389792855003891,0.86766137381865,0.6665686907000707,0.04495361472595767,0.906102071449961,0.0,0.0,False,False,0.21513393980644158,-0.015982229468699587,-0.19129870038710428,0.04305733133834051,0.24421162328886276,-0.21513393980644158,-0.12163501163104073,0.04233811125125943,-0.2442116232888627,0.0,0.0,structure,structure
Qwen3-VL-8B-Thinking (german),culture/qwen3_vl_8b/german,culture/qwen3_vl_8b/base,qwen3_vl_8b,Qwen3-VL-8B-Thinking,german,ntp,1,country,United States,4,140,0.27649147282989506,0.07114266342499904,0.6232200107560524,0.12514841757329542,0.24837998062090355,0.7235085271701049,0.38033108120402054,0.12514841757329542,0.7516200193790965,0.2541708073624287,0.32920604520963903,0.10009317120811576,0.07669025614330768,0.6988123879971472,0.10820379904296819,0.046077411764546855,0.8999068287918843,0.6707830006082918,0.10820379904296819,0.9539225882354532,0.3618428277680971,0.4610420165189619,False,False,0.1763983016217793,-0.005547592718308639,-0.0755923772410948,0.016944618530327235,0.2023025688563567,-0.17639830162177939,-0.29045191940427123,0.016944618530327235,-0.20230256885635667,-0.10767202040566842,-0.13183597130932284,structure,structure
Qwen3-VL-8B-Thinking (german),culture/qwen3_vl_8b/german,culture/qwen3_vl_8b/base,qwen3_vl_8b,Qwen3-VL-8B-Thinking,german,ntp,1,education,High,4,245,0.2957961679310252,0.04770931625863026,0.3310171075675271,0.08464340180951468,0.28056188698434625,0.7042038320689747,0.3310171075675271,0.0852019333446356,0.7194381130156537,0.0,0.0,0.12690273123858553,0.07465536978636043,0.530562117518508,0.055259608254125625,0.06515621237986555,0.8730972687614145,0.530562117518508,0.06576651420014089,0.9348437876201345,0.0,0.0,False,False,0.16889343669243967,-0.026946053527730177,-0.1995450099509809,0.02938379355538906,0.2154056746044807,-0.16889343669243972,-0.1995450099509809,0.019435419144494717,-0.2154056746044808,0.0,0.0,structure,structure
Qwen3-VL-8B-Thinking (german),culture/qwen3_vl_8b/german,culture/qwen3_vl_8b/base,qwen3_vl_8b,Qwen3-VL-8B-Thinking,german,ntp,1,education,Low,4,51,0.291401089621363,0.054997619819830056,0.3972345511820162,0.05789908536825327,0.2502089461534619,0.708598910378637,0.3972345511820162,0.059968069905435815,0.749791053846538,0.0,0.0,0.1458858432326868,0.05974358612409237,0.4311252330997847,0.10220699215144258,0.08529537631093007,0.8541141567673132,0.4311252330997847,0.10220699215144258,0.9147046236890699,0.31906271855731516,0.4150431171957319,False,False,0.14551524638867622,-0.004745966304262314,-0.03389068191776845,-0.044307906783189306,0.16491356984253183,-0.1455152463886762,-0.03389068191776845,-0.04223892224600676,-0.16491356984253192,-0.31906271855731516,-0.4150431171957319,structure,structure
Qwen3-VL-8B-Thinking (german),culture/qwen3_vl_8b/german,culture/qwen3_vl_8b/base,qwen3_vl_8b,Qwen3-VL-8B-Thinking,german,ntp,1,education,Middle,4,343,0.30312436408546845,0.054631199085168974,0.38487176048185434,0.06317736766273416,0.2839974038698021,0.6968756359145315,0.38487176048185434,0.0680293434822484,0.7160025961301979,0.0,0.0,0.11675517336634247,0.07065500621474433,0.5214922653246415,0.03702493142083564,0.037684524046950225,0.8832448266336574,0.5214922653246415,0.043515493061055885,0.9623154759530498,0.0,0.0,False,False,0.18636919071912597,-0.01602380712957535,-0.1366205048427872,0.026152436241898516,0.24631287982285188,-0.18636919071912594,-0.1366205048427872,0.024513850421192515,-0.24631287982285188,0.0,0.0,structure,structure
Qwen3-VL-8B-Thinking (german),culture/qwen3_vl_8b/german,culture/qwen3_vl_8b/base,qwen3_vl_8b,Qwen3-VL-8B-Thinking,german,ntp,1,employment,Homemaker,4,72,0.2976860259969397,0.03925049015370676,0.29931456686353886,0.10528622193675122,0.2704670083840124,0.7023139740030604,0.29931456686353886,0.10528622193675122,0.7295329916159876,0.23733870077239527,0.30831329746898867,0.13432006380133327,0.05123065559358026,0.3821028742256308,0.1520235834167098,0.06114250802765273,0.8656799361986667,0.3821028742256308,0.1520235834167098,0.9388574919723472,0.3230783284935758,0.4217698299471998,False,False,0.16336596219560645,-0.0119801654398735,-0.08278830736209192,-0.04673736147995858,0.20932450035635966,-0.16336596219560628,-0.08278830736209192,-0.04673736147995858,-0.20932450035635963,-0.08573962772118054,-0.11345653247821114,structure,structure
Qwen3-VL-8B-Thinking (german),culture/qwen3_vl_8b/german,culture/qwen3_vl_8b/base,qwen3_vl_8b,Qwen3-VL-8B-Thinking,german,ntp,1,employment,Retired,4,147,0.29542435751051505,0.05196714769455202,0.37717864413340535,0.10199501409393993,0.28276448794811626,0.7045756424894849,0.37717864413340535,0.10199501409393993,0.7172355120518837,0.25489915564207366,0.32664085256254255,0.12399731660297003,0.07726724867047899,0.5674167810044409,0.09022107310274885,0.062145904507953105,0.8760026833970299,0.5674167810044409,0.09022107310274885,0.9378540954920469,0.2825437383490272,0.3813573947140268,False,False,0.17142704090754501,-0.02530010097592697,-0.19023813687103558,0.011773940991191084,0.22061858344016316,-0.17142704090754501,-0.19023813687103558,0.011773940991191084,-0.22061858344016316,-0.027644582706953524,-0.05471654215148425,structure,structure
Qwen3-VL-8B-Thinking (german),culture/qwen3_vl_8b/german,culture/qwen3_vl_8b/base,qwen3_vl_8b,Qwen3-VL-8B-Thinking,german,ntp,1,employment,Student,4,35,0.2886159600963464,0.045251417480878985,0.378628995480042,0.028218805992655402,0.2598795692029354,0.7113840399036536,0.378628995480042,0.0542641439027788,0.7401204307970646,0.0,0.0,0.10549588394776664,0.03794255560753647,0.33587975379911067,0.06718996614913167,0.04773748772520434,0.8945041160522333,0.33587975379911067,0.06718996614913167,0.9522625122747956,0.2377693584447438,0.33633903100868723,False,False,0.18312007614857972,0.007308861873342516,0.042749241680931305,-0.03897116015647627,0.2121420814777311,-0.18312007614857972,0.042749241680931305,-0.012925822246352872,-0.21214208147773106,-0.2377693584447438,-0.33633903100868723,structure,structure
Qwen3-VL-8B-Thinking (german),culture/qwen3_vl_8b/german,culture/qwen3_vl_8b/base,qwen3_vl_8b,Qwen3-VL-8B-Thinking,german,ntp,1,employment,Unemployed,4,31,0.3008358575433306,0.06691707133951666,0.45632207352649445,0.038557597574661547,0.24815654145127528,0.6991641424566695,0.45632207352649445,0.05666620902425941,0.7518434585487248,0.0,0.0,0.1316296031024302,0.056527909206746815,0.39472930361688,0.06997818949088692,0.05850353181664994,0.8683703968975698,0.39472930361688,0.07388312085037492,0.9414964681833501,0.0,0.0,False,False,0.1692062544409004,0.010389162132769844,0.06159276990961443,-0.03142059191622538,0.18965300963462534,-0.16920625444090032,0.06159276990961443,-0.01721691182611551,-0.18965300963462528,0.0,0.0,structure,structure
Qwen3-VL-8B-Thinking (german),culture/qwen3_vl_8b/german,culture/qwen3_vl_8b/base,qwen3_vl_8b,Qwen3-VL-8B-Thinking,german,ntp,1,employment,Working,4,349,0.3018989013259098,0.05601451867017358,0.39150330833032065,0.0838788630575038,0.28600766010801654,0.6981010986740902,0.39150330833032065,0.08713084203460283,0.7139923398919834,0.0,0.0,0.12123917454020894,0.07207602359207353,0.5105188980360604,0.0673707388233736,0.044809450300180305,0.8787608254597911,0.5105188980360604,0.0714003409441998,0.9551905496998196,0.0,0.0,False,False,0.18065972678570086,-0.01606150492189995,-0.11901558970573978,0.0165081242341302,0.24119820980783624,-0.18065972678570086,-0.11901558970573978,0.01573050109040304,-0.24119820980783624,0.0,0.0,structure,structure
Qwen3-VL-8B-Thinking (german),culture/qwen3_vl_8b/german,culture/qwen3_vl_8b/base,qwen3_vl_8b,Qwen3-VL-8B-Thinking,german,ntp,1,marital_status,Cohabiting,4,37,0.2931590350550788,0.04388982213071712,0.30252561971624525,0.2468468751226851,0.27460303420700316,0.7068409649449212,0.30252561971624525,0.2468468751226851,0.7253969657929968,0.3016151941925114,0.3705690546065501,0.13546530849956528,0.037259162046203456,0.24527016465428464,0.13510539052912096,0.04339542678663551,0.8645346915004347,0.24527016465428464,0.13510539052912096,0.9566045732133645,0.24450235497223416,0.34386383711021706,False,False,0.1576937265555135,0.0066306600845136635,0.057255455061960614,0.11174148459356414,0.23120760742036767,-0.1576937265555135,0.057255455061960614,0.11174148459356414,-0.2312076074203676,0.05711283922027727,0.026705217496333034,structure,structure
Qwen3-VL-8B-Thinking (german),culture/qwen3_vl_8b/german,culture/qwen3_vl_8b/base,qwen3_vl_8b,Qwen3-VL-8B-Thinking,german,ntp,1,marital_status,Divorced or separated,4,68,0.2772699598020637,0.043913486037061536,0.34090308372001915,0.08366158269231318,0.2601311615720571,0.7227300401979363,0.34090308372001915,0.08366158269231318,0.7398688384279429,0.242174171129141,0.31577665354806667,0.11484154016484363,0.031337047952654476,0.2503804607213173,0.0518748635278345,0.04936080001286655,0.8851584598351564,0.2503804607213173,0.0518748635278345,0.9506391999871334,0.2146842608848053,0.31137435871121943,False,False,0.16242841963722007,0.01257643808440706,0.09052262299870184,0.03178671916447868,0.21077036155919057,-0.1624284196372201,0.09052262299870184,0.03178671916447868,-0.2107703615591905,0.027489910244335697,0.0044022948368472314,structure,structure
Qwen3-VL-8B-Thinking (german),culture/qwen3_vl_8b/german,culture/qwen3_vl_8b/base,qwen3_vl_8b,Qwen3-VL-8B-Thinking,german,ntp,1,marital_status,Married,4,342,0.31072672092352294,0.02923574461076658,0.20997165095288167,0.10341592293215847,0.3020365152993489,0.6892732790764771,0.20997165095288167,0.10341592293215847,0.6979634847006511,0.21931976345836346,0.2895459790236232,0.1271888981227009,0.04424350317074302,0.32044727350110214,0.1263113123816712,0.0646875733431598,0.872811101877299,0.32044727350110214,0.1263113123816712,0.9353124266568402,0.2849207631697361,0.38345949690803605,False,False,0.18353782280082204,-0.01500775855997644,-0.11047562254822046,-0.022895389449512735,0.23734894195618908,-0.18353782280082198,-0.11047562254822046,-0.022895389449512735,-0.23734894195618916,-0.06560099971137262,-0.09391351788441282,structure,structure
Qwen3-VL-8B-Thinking (german),culture/qwen3_vl_8b/german,culture/qwen3_vl_8b/base,qwen3_vl_8b,Qwen3-VL-8B-Thinking,german,ntp,1,marital_status,Single,4,131,0.29067192258865526,0.04476033331269792,0.35586792408450013,0.07766767236045553,0.25048739226920264,0.7093280774113447,0.35586792408450013,0.07766767236045553,0.7495126077307974,0.2319396117797888,0.306534118960478,0.10962899438870546,0.04446848895239988,0.36366923118591,0.06919323127110866,0.04686961023700483,0.8903710056112946,0.36366923118591,0.07269340078183614,0.9531303897629951,0.0,0.0,False,False,0.1810429281999498,0.00029184436029804084,-0.00780130710140986,0.008474441089346876,0.2036177820321978,-0.18104292819994983,-0.00780130710140986,0.004974271578619391,-0.20361778203219771,0.2319396117797888,0.306534118960478,structure,structure
Qwen3-VL-8B-Thinking (german),culture/qwen3_vl_8b/german,culture/qwen3_vl_8b/base,qwen3_vl_8b,Qwen3-VL-8B-Thinking,german,ntp,1,marital_status,Widowed,4,61,0.28460118437454285,0.04291696427033605,0.31480402135772934,0.15639087917615646,0.25370826470375163,0.7153988156254572,0.31480402135772934,0.15639087917615646,0.7462917352962484,0.27733915655675095,0.3507151012341763,0.1288394483067294,0.03321567465455842,0.2490447621218459,0.07267232255403314,0.08270112975961684,0.8711605516932706,0.2490447621218459,0.07267232255403314,0.9172988702403831,0.23876507304856656,0.33425507573309227,False,False,0.15576173606781346,0.009701289615777625,0.06575925923588344,0.08371855662212332,0.17100713494413478,-0.1557617360678134,0.06575925923588344,0.08371855662212332,-0.17100713494413478,0.03857408350818439,0.016460025501084052,structure,structure
Qwen3-VL-8B-Thinking (german),culture/qwen3_vl_8b/german,culture/qwen3_vl_8b/base,qwen3_vl_8b,Qwen3-VL-8B-Thinking,german,ntp,1,population,every retained cell,4,639,0.299484978367417,0.05712272700465569,0.39220896088585916,0.08052017994941188,0.28001240023349017,0.7005150216325831,0.39220896088585916,0.0870839679246765,0.7199875997665098,0.0,0.0,0.12291883525772415,0.07533406826965128,0.5232834567840227,0.06362804409863058,0.03607030667694283,0.8770811647422758,0.5232834567840227,0.06895025567101297,0.9639296933230572,0.0,0.0,False,False,0.17656614310969285,-0.018211341264995587,-0.1310744958981635,0.016892135850781295,0.24394209355654733,-0.17656614310969276,-0.1310744958981635,0.01813371225366353,-0.2439420935565474,0.0,0.0,structure,structure
Qwen3-VL-8B-Thinking (german),culture/qwen3_vl_8b/german,culture/qwen3_vl_8b/base,qwen3_vl_8b,Qwen3-VL-8B-Thinking,german,ntp,1,sex,Female,4,349,0.29834681985252504,0.05419552177838616,0.36887612650063234,0.09255840893771494,0.2751784272838683,0.701653180147475,0.36887612650063234,0.09962270113725108,0.7248215727161317,0.0,0.0,0.12426307096046164,0.07468434681532893,0.5145224896305823,0.059216304946062864,0.028344418913344455,0.8757369290395384,0.5145224896305823,0.06610711567122415,0.9716555810866555,0.0,0.0,False,False,0.1740837488920634,-0.02048882503694277,-0.14564636312995,0.03334210399165208,0.24683400837052386,-0.17408374889206335,-0.14564636312995,0.033515585466026926,-0.24683400837052383,0.0,0.0,structure,structure
Qwen3-VL-8B-Thinking (german),culture/qwen3_vl_8b/german,culture/qwen3_vl_8b/base,qwen3_vl_8b,Qwen3-VL-8B-Thinking,german,ntp,1,sex,Male,4,290,0.30085092815092535,0.05982392800293741,0.42410863401553534,0.07991742688192743,0.28629034528463837,0.6991490718490747,0.42410863401553534,0.08247687177610619,0.7137096547153616,0.0,0.0,0.12130564778649976,0.07540321846898325,0.5391072047432572,0.07532511650982901,0.05006377146104003,0.8786943522135002,0.5391072047432572,0.07804347407592052,0.94993622853896,0.0,0.0,False,False,0.17954528036442557,-0.015579290466045836,-0.1149985707277219,0.004592310372098424,0.23622657382359835,-0.17954528036442552,-0.1149985707277219,0.004433397700185665,-0.23622657382359835,0.0,0.0,structure,structure
Qwen3-VL-8B-Thinking (german),culture/qwen3_vl_8b/german,culture/qwen3_vl_8b/base,qwen3_vl_8b,Qwen3-VL-8B-Thinking,german,ntp,1,wave,1995-1997,4,221,0.30547896482144243,0.05668988397014999,0.3773698730100553,0.08987922918476908,0.2848743446638896,0.6945210351785576,0.3773698730100553,0.08987922918476908,0.7151256553361104,0.2252767151679294,0.29686553923232856,0.12493327599468865,0.07407689341144996,0.5286877532604499,0.06600002043279819,0.04669442800621481,0.8750667240053114,0.5286877532604499,0.07113205869447801,0.9533055719937852,0.0,0.0,False,False,0.1805456888267538,-0.01738700944129997,-0.1513178802503946,0.023879208751970887,0.2381799166576748,-0.18054568882675381,-0.1513178802503946,0.018747170490291065,-0.2381799166576748,0.2252767151679294,0.29686553923232856,structure,structure
Qwen3-VL-8B-Thinking (german),culture/qwen3_vl_8b/german,culture/qwen3_vl_8b/base,qwen3_vl_8b,Qwen3-VL-8B-Thinking,german,ntp,1,wave,2005-2006,4,173,0.30218996249371705,0.05269263264507741,0.3563680400863166,0.0983525579659684,0.2833958131663227,0.697810037506283,0.3563680400863166,0.10644346096130894,0.7166041868336773,0.0,0.0,0.12160684445579578,0.07220549522434505,0.500155908178849,0.06597120079679414,0.033152205456871565,0.8783931555442042,0.500155908178849,0.07037990844813068,0.9668477945431284,0.0,0.0,False,False,0.18058311803792126,-0.01951286257926764,-0.1437878680925324,0.03238135716917426,0.2502436077094511,-0.18058311803792115,-0.1437878680925324,0.03606355251317826,-0.2502436077094511,0.0,0.0,structure,structure
Qwen3-VL-8B-Thinking (german),culture/qwen3_vl_8b/german,culture/qwen3_vl_8b/base,qwen3_vl_8b,Qwen3-VL-8B-Thinking,german,ntp,1,wave,2017-2018,4,245,0.2921080070467539,0.0617243738467182,0.4701916265652924,0.10243159644469549,0.2745057770780329,0.7078919929532461,0.4701916265652924,0.11313256601973833,0.7254942229219671,0.0,0.0,0.12260980516828285,0.07867620901009864,0.5767434964415373,0.0883616530281995,0.036553984610915115,0.8773901948317171,0.5767434964415373,0.09273820207297968,0.9634460153890849,0.0,0.0,False,False,0.16949820187847103,-0.01695183516338044,-0.10655186987624493,0.014069943416495992,0.2379517924671178,-0.16949820187847098,-0.10655186987624493,0.020394363946758642,-0.23795179246711784,0.0,0.0,structure,structure
Qwen3-VL-8B-Thinking (spanish-mx),culture/qwen3_vl_8b/spanish-mx,culture/qwen3_vl_8b/base,qwen3_vl_8b,Qwen3-VL-8B-Thinking,spanish-mx,fa,1,age,25-34,4,149,0.17829642239961915,0.0848350555293999,0.5727349250601063,0.013159771851375214,0.1359416937687813,0.8217035776003809,0.5103510762014941,0.021770761897195446,0.8640583062312187,0.0,0.0,0.1372306031042494,0.10545714946877789,0.7471586425470402,0.021277981500208796,0.044422210360311604,0.8627693968957506,0.7471586425470402,0.02598982151591403,0.9555777896396884,0.0,0.0,False,False,0.04106581929536976,-0.020622093939377986,-0.17442371748693397,-0.008118209648833582,0.09151948340846969,-0.04106581929536968,-0.23680756634554612,-0.004219059618718584,-0.09151948340846972,0.0,0.0,structure,structure
Qwen3-VL-8B-Thinking (spanish-mx),culture/qwen3_vl_8b/spanish-mx,culture/qwen3_vl_8b/base,qwen3_vl_8b,Qwen3-VL-8B-Thinking,spanish-mx,fa,1,age,35-44,4,104,0.18734617421560298,0.07499667621119499,0.5111667320605793,0.036769561816833884,0.15450924287860762,0.812653825784397,0.5111667320605793,0.04385677649091777,0.8454907571213923,0.0,0.0,0.1361598762774276,0.10476294543037196,0.723613396506404,0.06789829890632358,0.06120981975150759,0.8638401237225725,0.723613396506404,0.07785443222947239,0.9387901802484924,0.0,0.0,False,False,0.05118629793817539,-0.029766269219176966,-0.21244666444582472,-0.031128737089489697,0.09329942312710003,-0.05118629793817542,-0.21244666444582472,-0.033997655738554615,-0.09329942312710005,0.0,0.0,structure,structure
Qwen3-VL-8B-Thinking (spanish-mx),culture/qwen3_vl_8b/spanish-mx,culture/qwen3_vl_8b/base,qwen3_vl_8b,Qwen3-VL-8B-Thinking,spanish-mx,fa,1,age,45-54,4,108,0.19043305652800196,0.08610659064693212,0.5668925541833039,0.048514463741959266,0.1516595025343224,0.8095669434719981,0.5453028987472106,0.0541860082414747,0.8483404974656776,0.0,0.0,0.14338605892268497,0.11722247368458248,0.7961482147478328,0.07940928406701955,0.05750426772853501,0.856613941077315,0.7961482147478328,0.08644902970447674,0.942495732271465,0.0,0.0,False,False,0.047046997605317,-0.031115883037650366,-0.22925566056452895,-0.030894820325060288,0.09415523480578739,-0.04704699760531694,-0.2508453160006222,-0.032263021463002035,-0.09415523480578736,0.0,0.0,structure,structure
Qwen3-VL-8B-Thinking (spanish-mx),culture/qwen3_vl_8b/spanish-mx,culture/qwen3_vl_8b/base,qwen3_vl_8b,Qwen3-VL-8B-Thinking,spanish-mx,fa,1,age,55-64,4,92,0.19412645540269569,0.08157273695186903,0.5437975280564742,0.06646811928129312,0.1556409425119386,0.8058735445973043,0.5437975280564742,0.06646811928129312,0.8443590574880614,0.3015256825907783,0.3896484530839032,0.15414939802894587,0.1085021426412936,0.7443083234588173,0.0515521760776094,0.07395890102447042,0.8458506019710541,0.7443083234588173,0.0515521760776094,0.9260410989755296,0.29761406535061924,0.3952620004751611,False,False,0.03997705737374982,-0.026929405689424563,-0.20051079540234307,0.014915943203683717,0.08168204148746819,-0.03997705737374979,-0.20051079540234307,0.014915943203683717,-0.08168204148746816,0.003911617240159038,-0.005613547391257856,structure,structure
Qwen3-VL-8B-Thinking (spanish-mx),culture/qwen3_vl_8b/spanish-mx,culture/qwen3_vl_8b/base,qwen3_vl_8b,Qwen3-VL-8B-Thinking,spanish-mx,fa,1,age,65-74,4,83,0.1970491385777509,0.0979663871695758,0.6463167156871938,0.049212097140702835,0.1504046372435368,0.8029508614222491,0.5323641318595081,0.05423200396657893,0.8495953627564632,0.0,0.0,0.1547028880807059,0.11722341190976376,0.8077733482225616,0.06870402922050267,0.07944114400513666,0.8452971119192941,0.7964847932857682,0.07135427077026367,0.9205588559948634,0.0,0.0,False,False,0.04234625049704499,-0.019257024740187964,-0.1614566325353678,-0.019491932079799837,0.07096349323840015,-0.04234625049704499,-0.26412066142626,-0.01712226680368474,-0.07096349323840023,0.0,0.0,structure,structure
Qwen3-VL-8B-Thinking (spanish-mx),culture/qwen3_vl_8b/spanish-mx,culture/qwen3_vl_8b/base,qwen3_vl_8b,Qwen3-VL-8B-Thinking,spanish-mx,fa,1,age,75+,4,28,0.19141887936732616,0.10632064832150645,0.7986850008230475,-0.03896949882498874,0.1399149156104917,0.8085811206326738,0.4780471263405726,0.005264466928990994,0.8600850843895083,0.0,0.0,0.15843727510102348,0.13004525697519975,0.9957493426233817,0.09892919796502883,0.08315858759699386,0.8415627248989765,0.7966547652806054,0.10811381842907045,0.9168414124030061,0.0,0.0,False,False,0.03298160426630267,-0.023724608653693302,-0.19706434180033416,-0.13789869679001757,0.05675632801349785,-0.0329816042663027,-0.3186076389400328,-0.10284935150007946,-0.056756328013497837,0.0,0.0,structure,structure
Qwen3-VL-8B-Thinking (spanish-mx),culture/qwen3_vl_8b/spanish-mx,culture/qwen3_vl_8b/base,qwen3_vl_8b,Qwen3-VL-8B-Thinking,spanish-mx,fa,1,age,<25,4,73,0.15893890271965552,0.0808411628545598,0.6428094105633165,0.027781578579606253,0.11487968096761357,0.8410610972803445,0.6428094105633165,0.03211150619800225,0.8851203190323864,0.0,0.0,0.1340661692010765,0.08034760627242209,0.6803082464517497,0.053159953433271824,0.07596223089164836,0.8659338307989235,0.6803082464517497,0.053159953433271824,0.9240377691083517,0.2744779130508542,0.3716164632123455,False,False,0.02487273351857902,0.0004935565821377191,-0.03749883588843317,-0.02537837485366557,0.03891745007596521,-0.024872733518578993,-0.03749883588843317,-0.021048447235269573,-0.038917450075965254,-0.2744779130508542,-0.3716164632123455,structure,structure
Qwen3-VL-8B-Thinking (spanish-mx),culture/qwen3_vl_8b/spanish-mx,culture/qwen3_vl_8b/base,qwen3_vl_8b,Qwen3-VL-8B-Thinking,spanish-mx,fa,1,country,Australia,4,136,0.2332912211520751,0.08201215269202629,0.8861381738891652,0.010215441657541792,0.21709149158126895,0.7667087788479249,0.5181172610179322,0.023562279234975655,0.782908508418731,0.0,0.0,0.1438255422627911,0.11699659546312503,1.2383415388003716,0.06248953692941812,0.10133987463363248,0.8561744577372089,0.7206708727728178,0.06439127297121894,0.8986601253663675,0.0,0.0,False,False,0.089465678889284,-0.034984442771098745,-0.3522033649112064,-0.05227409527187633,0.11575161694763647,-0.08946567888928403,-0.20255361175488562,-0.04082899373624328,-0.11575161694763647,0.0,0.0,structure,structure
Qwen3-VL-8B-Thinking (spanish-mx),culture/qwen3_vl_8b/spanish-mx,culture/qwen3_vl_8b/base,qwen3_vl_8b,Qwen3-VL-8B-Thinking,spanish-mx,fa,1,country,Germany,4,144,0.18331230211224214,0.08754469687148911,0.7926264023656229,0.10268473014449009,0.1610099252009973,0.8166876978877579,0.6084986507749502,0.10268473014449009,0.8389900747990027,0.32635337674503423,0.4123749846083743,0.14276684510117693,0.1140986781180818,1.0530187303052483,0.0840901440500674,0.09712316959523555,0.857233154898823,0.808327736322594,0.0840901440500674,0.9028768304047644,0.2893338248728145,0.3845266410066749,False,False,0.04054545701106521,-0.026553981246592695,-0.2603923279396254,0.018594586094422688,0.06388675560576175,-0.040545457011065156,-0.19982908554764378,0.018594586094422688,-0.06388675560576174,0.037019551872219725,0.02784834360169941,structure,structure
Qwen3-VL-8B-Thinking (spanish-mx),culture/qwen3_vl_8b/spanish-mx,culture/qwen3_vl_8b/base,qwen3_vl_8b,Qwen3-VL-8B-Thinking,spanish-mx,fa,1,country,Mexico,4,131,0.16198248688687084,0.08855927795563565,0.9170893228059094,0.07624537157700614,0.13903253718355993,0.8380175131131291,0.5151706226978087,0.07624537157700614,0.8609674628164401,0.3188093886673524,0.4086474073722262,0.15756935991452115,0.10028549317750265,1.0511648642262397,0.09717720160289742,0.11947973267875617,0.8424306400854789,0.7887862817443314,0.09717720160289742,0.8805202673212438,0.3831991693464293,0.47146728423672035,False,False,0.00441312697234969,-0.011726215221867009,-0.1340755414203303,-0.020931830025891274,0.01955280450480376,-0.004413126972349746,-0.27361565904652274,-0.020931830025891274,-0.019552804504803678,-0.06438978067907686,-0.06281987686449414,structure,structure
Qwen3-VL-8B-Thinking (spanish-mx),culture/qwen3_vl_8b/spanish-mx,culture/qwen3_vl_8b/base,qwen3_vl_8b,Qwen3-VL-8B-Thinking,spanish-mx,fa,1,country,Russia,4,88,0.17312447952237237,0.09188972187248817,0.9473367870455902,0.027221407894941346,0.1429019367502155,0.8268755204776277,0.5529366192433376,0.02872151056651126,0.8570980632497844,0.0,0.0,0.1497755148969596,0.1038927508860373,1.103659399556392,0.046176098522845405,0.09929591667245809,0.8502244851030404,0.7235028328163535,0.046176098522845405,0.9007040833275419,0.25130702887114387,0.3456210546187207,False,False,0.023348964625412777,-0.012003029013549132,-0.1563226125108017,-0.01895469062790406,0.04360602007775742,-0.023348964625412694,-0.17056621357301593,-0.017454587956334144,-0.04360602007775749,-0.25130702887114387,-0.3456210546187207,structure,structure
Qwen3-VL-8B-Thinking (spanish-mx),culture/qwen3_vl_8b/spanish-mx,culture/qwen3_vl_8b/base,qwen3_vl_8b,Qwen3-VL-8B-Thinking,spanish-mx,fa,1,country,United States,4,140,0.1713340783637692,0.10015568626447832,0.8504625994814238,0.07535108805682379,0.1250071086488183,0.8286659216362308,0.5285337722431932,0.07535108805682379,0.8749928913511817,0.2991607506222797,0.39082590157227814,0.12466429408923302,0.1112591446372412,1.0072652801971063,0.09080154398277243,0.07363922638214765,0.8753357059107669,0.7310472092310192,0.09080154398277243,0.9263607736178523,0.359489771900327,0.45537903895157655,False,False,0.04666978427453619,-0.011103458372762873,-0.15680268071568249,-0.015450455925948639,0.05136788226667066,-0.046669784274536164,-0.20251343698782598,-0.015450455925948639,-0.05136788226667055,-0.06032902127804729,-0.06455313737929841,structure,structure
Qwen3-VL-8B-Thinking (spanish-mx),culture/qwen3_vl_8b/spanish-mx,culture/qwen3_vl_8b/base,qwen3_vl_8b,Qwen3-VL-8B-Thinking,spanish-mx,fa,1,education,High,4,245,0.1971698613773777,0.09344975577687346,0.6595825234448188,0.016336728420702266,0.15521157020299695,0.8028301386226223,0.4932043183166137,0.021983400986158176,0.8447884297970031,0.0,0.0,0.15161747749925997,0.11450873172071138,0.8220172958533866,0.032795372271684345,0.08028482374642855,0.84838252250074,0.7386214275191199,0.03576725948353123,0.9197151762535715,0.0,0.0,False,False,0.04555238387811772,-0.021058975943837918,-0.16243477240856774,-0.01645864385098208,0.0749267464565684,-0.045552383878117664,-0.24541710920250615,-0.013783858497373055,-0.07492674645656838,0.0,0.0,structure,structure
Qwen3-VL-8B-Thinking (spanish-mx),culture/qwen3_vl_8b/spanish-mx,culture/qwen3_vl_8b/base,qwen3_vl_8b,Qwen3-VL-8B-Thinking,spanish-mx,fa,1,education,Low,4,51,0.167430354356863,0.08766549640237797,0.5783836625558766,0.026090335382364424,0.11992037729351403,0.8325696456431371,0.5783836625558766,0.03129552955056312,0.880079622706486,0.0,0.0,0.15789805803930979,0.10152349644892616,0.727779665536315,0.08739922739272472,0.08675219135758216,0.8421019419606902,0.727779665536315,0.08739922739272472,0.9132478086424178,0.3687561034169246,0.46226333293586114,False,False,0.009532296317553202,-0.013858000046548191,-0.14939600298043842,-0.0613088920103603,0.03316818593593186,-0.009532296317553146,-0.14939600298043842,-0.056103697842161605,-0.03316818593593185,-0.3687561034169246,-0.46226333293586114,structure,structure
Qwen3-VL-8B-Thinking (spanish-mx),culture/qwen3_vl_8b/spanish-mx,culture/qwen3_vl_8b/base,qwen3_vl_8b,Qwen3-VL-8B-Thinking,spanish-mx,fa,1,education,Middle,4,343,0.17838231674178223,0.09160471450486156,0.6466956325373536,0.014724121583989808,0.13275366716064224,0.8216176832582177,0.5365997153992776,0.022377409142522713,0.8672463328393578,0.0,0.0,0.13527591798955252,0.10928512584782607,0.8211088311282352,0.038400792716104,0.042204166640584496,0.8647240820104475,0.8006115662505686,0.042397493031190434,0.9577958333594154,0.0,0.0,False,False,0.04310639875222971,-0.01768041134296451,-0.17441319859088156,-0.02367667113211419,0.09054950052005775,-0.04310639875222977,-0.264011850851291,-0.02002008388866772,-0.09054950052005761,0.0,0.0,structure,structure
Qwen3-VL-8B-Thinking (spanish-mx),culture/qwen3_vl_8b/spanish-mx,culture/qwen3_vl_8b/base,qwen3_vl_8b,Qwen3-VL-8B-Thinking,spanish-mx,fa,1,employment,Homemaker,4,72,0.17617388723772037,0.06675501658763683,0.4514322002595852,0.07817325761615654,0.12989388675471045,0.8238261127622797,0.4514322002595852,0.07817325761615654,0.8701061132452895,0.2938932116956339,0.3854468673117441,0.14344497208849588,0.08856309807422078,0.6392955925427095,0.0721508354926427,0.054396175873571984,0.8565550279115041,0.6392955925427095,0.0721508354926427,0.945603824126428,0.33223059162029606,0.4314922507174435,False,False,0.03272891514922449,-0.021808081486583947,-0.18786339228312432,0.0060224221235138375,0.07549771088113846,-0.03272891514922438,-0.18786339228312432,0.0060224221235138375,-0.07549771088113844,-0.03833737992466213,-0.046045383405699414,structure,structure
Qwen3-VL-8B-Thinking (spanish-mx),culture/qwen3_vl_8b/spanish-mx,culture/qwen3_vl_8b/base,qwen3_vl_8b,Qwen3-VL-8B-Thinking,spanish-mx,fa,1,employment,Retired,4,147,0.1926759712215822,0.09307692674243054,0.6699813306006391,0.035972010143940386,0.15518021789423936,0.8073240287784178,0.5330735722468596,0.035972010143940386,0.8448197821057606,0.2280177971507072,0.3159347333591421,0.15267724653502096,0.11473732138230389,0.8515031440527537,0.06913625420270544,0.08450195723057331,0.8473227534649791,0.7987253662749761,0.07098141410685184,0.9154980427694267,0.0,0.0,False,False,0.03999872468656124,-0.021660394639873348,-0.1815218134521146,-0.03316424405876506,0.07067826066366605,-0.03999872468656129,-0.26565179402811656,-0.03500940396291145,-0.07067826066366611,0.2280177971507072,0.3159347333591421,structure,structure
Qwen3-VL-8B-Thinking (spanish-mx),culture/qwen3_vl_8b/spanish-mx,culture/qwen3_vl_8b/base,qwen3_vl_8b,Qwen3-VL-8B-Thinking,spanish-mx,fa,1,employment,Student,4,35,0.15331484481190696,0.07254955170009988,0.6287485780908428,-0.06813309986521995,0.10704569834982634,0.846685155188093,0.6287485780908428,0.004730515352387509,0.8929543016501736,0.0,0.0,0.1388344218332584,0.07193771618944603,0.6472884880004084,-0.029304225993526174,0.08791356003059062,0.8611655781667416,0.6472884880004084,0.003224014644512478,0.9120864399694094,0.0,0.0,False,False,0.014480422978648572,0.0006118355106538576,-0.018539909909565555,-0.03882887387169378,0.019132138319235728,-0.0144804229786486,-0.018539909909565555,0.0015065007078750312,-0.01913213831923577,0.0,0.0,structure,structure
Qwen3-VL-8B-Thinking (spanish-mx),culture/qwen3_vl_8b/spanish-mx,culture/qwen3_vl_8b/base,qwen3_vl_8b,Qwen3-VL-8B-Thinking,spanish-mx,fa,1,employment,Unemployed,4,31,0.16928897181933206,0.10330606167758673,0.6983605718897243,0.062340228110268306,0.10091315627518632,0.830711028180668,0.6127995026482207,0.062340228110268306,0.8990868437248136,0.27005581294783193,0.36474070033582995,0.15320780052166874,0.10071372212783827,0.7418201582816544,0.03953958221746591,0.07505248939294443,0.8467921994783312,0.7418201582816544,0.03953958221746591,0.9249475106070556,0.25522120796151676,0.3520345161883189,False,False,0.016081171297663316,0.002592339549748454,-0.04345958639193004,0.022800645892802396,0.025860666882241895,-0.016081171297663177,-0.12902065563343368,0.022800645892802396,-0.02586066688224198,0.01483460498631517,0.012706184147511068,structure,structure
Qwen3-VL-8B-Thinking (spanish-mx),culture/qwen3_vl_8b/spanish-mx,culture/qwen3_vl_8b/base,qwen3_vl_8b,Qwen3-VL-8B-Thinking,spanish-mx,fa,1,employment,Working,4,349,0.18808614420068526,0.08854960008821694,0.6071559237152454,0.02810550507319756,0.14596907610500978,0.8119138557993147,0.5033285875312925,0.030442771439636623,0.8540309238949902,0.0,0.0,0.13933098445126935,0.11174797376587223,0.7963658845604292,0.05446635360913774,0.05897298119518818,0.8606690155487307,0.7780565968898236,0.05803569405043141,0.9410270188048118,0.0,0.0,False,False,0.04875515974941591,-0.023198373677655287,-0.18920996084518382,-0.026360848535940184,0.0869960949098216,-0.04875515974941591,-0.27472800935853114,-0.027592922610794785,-0.08699609490982152,0.0,0.0,structure,structure
Qwen3-VL-8B-Thinking (spanish-mx),culture/qwen3_vl_8b/spanish-mx,culture/qwen3_vl_8b/base,qwen3_vl_8b,Qwen3-VL-8B-Thinking,spanish-mx,fa,1,marital_status,Cohabiting,4,37,0.18679474167509566,0.06892721732285055,0.4289674588176578,0.1041140463543782,0.14059527337408464,0.8132052583249043,0.4289674588176578,0.11476280830830896,0.8594047266259154,0.0,0.0,0.15252731533336894,0.0758929878495096,0.4949111696317233,0.08495853932927537,0.061738264012295374,0.8474726846666311,0.4949111696317233,0.08495853932927537,0.9382617359877046,0.3066713223310803,0.40554721566830415,False,False,0.03426742634172672,-0.006965770526659046,-0.06594371081406553,0.019155507025102825,0.07885700936178927,-0.03426742634172675,-0.06594371081406553,0.029804268979033585,-0.07885700936178919,-0.3066713223310803,-0.40554721566830415,structure,structure
Qwen3-VL-8B-Thinking (spanish-mx),culture/qwen3_vl_8b/spanish-mx,culture/qwen3_vl_8b/base,qwen3_vl_8b,Qwen3-VL-8B-Thinking,spanish-mx,fa,1,marital_status,Divorced or separated,4,68,0.16170102539595752,0.0746707891544848,0.5845173653762262,0.04873174294798174,0.10391518969189466,0.8382989746040425,0.5845173653762262,0.05095998116167086,0.8960848103081054,0.0,0.0,0.13795475084350206,0.07343360246283787,0.5869831842423446,0.04822111612954085,0.0842070256971624,0.8620452491564979,0.5869831842423446,0.04822111612954085,0.9157929743028376,0.26827289915466423,0.3644535117586418,False,False,0.023746274552455454,0.0012371866916469354,-0.0024658188661184077,0.0005106268184408916,0.019708163994732256,-0.023746274552455482,-0.0024658188661184077,0.002738865032130007,-0.019708163994732186,-0.26827289915466423,-0.3644535117586418,structure,structure
Qwen3-VL-8B-Thinking (spanish-mx),culture/qwen3_vl_8b/spanish-mx,culture/qwen3_vl_8b/base,qwen3_vl_8b,Qwen3-VL-8B-Thinking,spanish-mx,fa,1,marital_status,Married,4,342,0.2004768397925712,0.058119498636740055,0.4147725384693205,0.08434750309068198,0.17980117096121676,0.7995231602074288,0.4147725384693205,0.08434750309068198,0.8201988290387833,0.2886307605218794,0.3741859836842377,0.14339848524572923,0.08090749272688293,0.5811267363414822,0.08053556642662356,0.07357762080279016,0.8566015147542707,0.5811267363414822,0.08053556642662356,0.9264223791972098,0.33157064692175736,0.42855501956614434,False,False,0.05707835454684196,-0.02278799409014287,-0.16635419787216166,0.0038119366640584212,0.10622355015842659,-0.05707835454684196,-0.16635419787216166,0.0038119366640584212,-0.10622355015842655,-0.04293988639987795,-0.05436903588190661,structure,structure
Qwen3-VL-8B-Thinking (spanish-mx),culture/qwen3_vl_8b/spanish-mx,culture/qwen3_vl_8b/base,qwen3_vl_8b,Qwen3-VL-8B-Thinking,spanish-mx,fa,1,marital_status,Single,4,131,0.16203798896428173,0.07658164393151352,0.5972260892735807,0.02547543674204944,0.11383571578508589,0.8379620110357182,0.5972260892735807,0.03627292342936215,0.8861642842149141,0.0,0.0,0.13472538820648683,0.07624664527546224,0.6260990338577226,0.04563030692025315,0.08745715811882072,0.8652746117935132,0.6260990338577226,0.04699096043365757,0.9125428418811793,0.0,0.0,False,False,0.027312600757794903,0.00033499865605128576,-0.028872944584141913,-0.020154870178203707,0.026378557666265165,-0.027312600757794958,-0.028872944584141913,-0.010718037004295425,-0.02637855766626518,0.0,0.0,structure,structure
Qwen3-VL-8B-Thinking (spanish-mx),culture/qwen3_vl_8b/spanish-mx,culture/qwen3_vl_8b/base,qwen3_vl_8b,Qwen3-VL-8B-Thinking,spanish-mx,fa,1,marital_status,Widowed,4,61,0.1723132594189023,0.0694852254777884,0.5006215088256984,0.035380895777786685,0.11823896226412006,0.8276867405810977,0.5006215088256984,0.060449076184347576,0.88176103773588,0.0,0.0,0.16198716822715045,0.07207430676196298,0.5444691673394804,0.02034033378335984,0.12662824563497677,0.8380128317728495,0.5444691673394804,0.0257422451154335,0.8733717543650232,0.0,0.0,False,False,0.010326091191751846,-0.0025890812841745797,-0.04384765851378192,0.015040561994426844,-0.008389283370856704,-0.010326091191751763,-0.04384765851378192,0.034706831068914076,0.00838928337085676,0.0,0.0,structure,structure
Qwen3-VL-8B-Thinking (spanish-mx),culture/qwen3_vl_8b/spanish-mx,culture/qwen3_vl_8b/base,qwen3_vl_8b,Qwen3-VL-8B-Thinking,spanish-mx,fa,1,population,every retained cell,4,639,0.1849547688522415,0.093687670354337,0.6300326180188563,0.030833534663121286,0.13732858147867816,0.8150452311477585,0.521565849062508,0.03433542457206308,0.8626714185213219,0.0,0.0,0.14338050450245984,0.11441703999661265,0.8032996696274655,0.050924455897576125,0.05243099921245015,0.8566194954975401,0.7841507568145551,0.05497795680682477,0.9475690007875499,0.0,0.0,False,False,0.04157426434978165,-0.020729369642275647,-0.1732670516086091,-0.02009092123445484,0.08489758226622801,-0.04157426434978162,-0.2625849077520471,-0.020642532234761687,-0.08489758226622801,0.0,0.0,structure,structure
Qwen3-VL-8B-Thinking (spanish-mx),culture/qwen3_vl_8b/spanish-mx,culture/qwen3_vl_8b/base,qwen3_vl_8b,Qwen3-VL-8B-Thinking,spanish-mx,fa,1,sex,Female,4,349,0.1871037906151201,0.08698185750631385,0.575454710803857,0.04363718505843418,0.13646730303591176,0.8128962093848799,0.4796608317420375,0.04596772753709553,0.8635326969640882,0.0,0.0,0.14285670654918592,0.11476556023547238,0.7976533342952679,0.055898854466478146,0.05034300267646895,0.8571432934508141,0.7961630180195036,0.060253140740892386,0.949656997323531,0.0,0.0,False,False,0.044247084065934195,-0.027783702729158533,-0.22219862349141084,-0.012261669408043963,0.08612430035944281,-0.04424708406593414,-0.3165021862774661,-0.014285413203796858,-0.08612430035944285,0.0,0.0,structure,structure
Qwen3-VL-8B-Thinking (spanish-mx),culture/qwen3_vl_8b/spanish-mx,culture/qwen3_vl_8b/base,qwen3_vl_8b,Qwen3-VL-8B-Thinking,spanish-mx,fa,1,sex,Male,4,290,0.18239630968161713,0.0950093540698665,0.6643446186952827,0.03300607253165623,0.1383807721133511,0.8176036903183829,0.5165935973240183,0.03841141282278729,0.8616192278866489,0.0,0.0,0.14400579261943497,0.11334327964277499,0.8220651531543018,0.04843620470769707,0.0665180340030729,0.8559942073805651,0.7598726855860802,0.05137553518420538,0.9334819659969271,0.0,0.0,False,False,0.03839051706218216,-0.018333925572908485,-0.15772053445901912,-0.01543013217604084,0.07186273811027818,-0.03839051706218222,-0.2432790882620619,-0.012964122361418091,-0.07186273811027821,0.0,0.0,structure,structure
Qwen3-VL-8B-Thinking (spanish-mx),culture/qwen3_vl_8b/spanish-mx,culture/qwen3_vl_8b/base,qwen3_vl_8b,Qwen3-VL-8B-Thinking,spanish-mx,fa,1,wave,1995-1997,4,221,0.18709803315380055,0.09189361716126689,0.6428560949742352,0.03182895175812381,0.13966299838434204,0.8129019668461994,0.5773139522790638,0.03407131082414935,0.860337001615658,0.0,0.0,0.14703546988680094,0.11476409572401337,0.845896509195607,0.05200204528249932,0.06036318631166097,0.8529645301131991,0.8419450616493745,0.0560004279038413,0.9396368136883391,0.0,0.0,False,False,0.04006256326699961,-0.022870478562746488,-0.20304041422137176,-0.02017309352437551,0.07929981207268108,-0.04006256326699964,-0.26463110937031076,-0.021929117079691945,-0.07929981207268111,0.0,0.0,structure,structure
Qwen3-VL-8B-Thinking (spanish-mx),culture/qwen3_vl_8b/spanish-mx,culture/qwen3_vl_8b/base,qwen3_vl_8b,Qwen3-VL-8B-Thinking,spanish-mx,fa,1,wave,2005-2006,4,173,0.182266309243659,0.09159006774708713,0.6065697504936423,0.05717445668900192,0.13400873347600953,0.817733690756341,0.5117011553055862,0.06255681738181523,0.8659912665239904,0.0,0.0,0.14351541867663783,0.1138192505773587,0.7910068714578334,0.060990686902577224,0.05030339966136554,0.8564845813233621,0.7720900379073439,0.06661707250337551,0.9496966003386345,0.0,0.0,False,False,0.03875089056702116,-0.022229182830271574,-0.18443712096419118,-0.0038162302135753,0.08370533381464398,-0.03875089056702119,-0.26038888260175763,-0.0040602551215602745,-0.08370533381464407,0.0,0.0,structure,structure
Qwen3-VL-8B-Thinking (spanish-mx),culture/qwen3_vl_8b/spanish-mx,culture/qwen3_vl_8b/base,qwen3_vl_8b,Qwen3-VL-8B-Thinking,spanish-mx,fa,1,wave,2017-2018,4,245,0.18615203548843196,0.0963956329408473,0.6871611532858213,0.04401695782360718,0.13907131578882628,0.813847964511568,0.4987646202522323,0.050426394627686756,0.8609286842111737,0.0,0.0,0.1404838982900179,0.11435699002850913,0.8384419042828677,0.07395069710032973,0.052426312333312575,0.8595161017099822,0.7522554745459533,0.07740836299324601,0.9475736876666874,0.0,0.0,False,False,0.04566813719841406,-0.017961357087661833,-0.1512807509970464,-0.02993373927672255,0.08664500345551371,-0.045668137198414116,-0.25349085429372104,-0.02698196836555925,-0.08664500345551363,0.0,0.0,structure,structure
Qwen3-VL-8B-Thinking (spanish-mx),culture/qwen3_vl_8b/spanish-mx,culture/qwen3_vl_8b/base,qwen3_vl_8b,Qwen3-VL-8B-Thinking,spanish-mx,ntp,1,age,25-34,4,149,0.13586911857874628,0.057759625840237985,0.38204778494967273,0.08141779719312126,0.08708276074497014,0.8641308814212537,0.38204778494967273,0.08962039642923754,0.9129172392550299,0.0,0.0,0.1217001705608579,0.06485992971459006,0.4557060963668792,0.03316992521031954,0.03683947652937569,0.8782998294391421,0.4557060963668792,0.03701228892045301,0.9631605234706243,0.0,0.0,False,False,0.014168948017888386,-0.007100303874352079,-0.07365831141720647,0.04824787198280171,0.050243284215594444,-0.014168948017888372,-0.07365831141720647,0.05260810750878453,-0.05024328421559443,0.0,0.0,structure,structure
Qwen3-VL-8B-Thinking (spanish-mx),culture/qwen3_vl_8b/spanish-mx,culture/qwen3_vl_8b/base,qwen3_vl_8b,Qwen3-VL-8B-Thinking,spanish-mx,ntp,1,age,35-44,4,104,0.14302697843824283,0.0518417123266087,0.3407609547314557,0.1089830858529914,0.10246827963467442,0.8569730215617571,0.3407609547314557,0.11406098104185777,0.8975317203653256,0.0,0.0,0.12200243193899916,0.06944565261213188,0.47515389229835425,0.1017224354452677,0.04822876244143938,0.8779975680610008,0.47515389229835425,0.11224518803361805,0.9517712375585606,0.0,0.0,False,False,0.021024546499243665,-0.017603940285523187,-0.13439293756689857,0.0072606504077236955,0.05423951719323504,-0.02102454649924368,-0.13439293756689857,0.0018157930082397244,-0.054239517193235054,0.0,0.0,structure,structure
Qwen3-VL-8B-Thinking (spanish-mx),culture/qwen3_vl_8b/spanish-mx,culture/qwen3_vl_8b/base,qwen3_vl_8b,Qwen3-VL-8B-Thinking,spanish-mx,ntp,1,age,45-54,4,108,0.14440310945170007,0.05799217722139874,0.37049297308362367,0.0968209603586419,0.0993146996206585,0.8555968905482999,0.37049297308362367,0.10178426280249513,0.9006853003793415,0.0,0.0,0.12489179985390964,0.07727514946894981,0.5184606427465475,0.06693522835273494,0.04202040636895488,0.8751082001460904,0.5184606427465475,0.0771484647017219,0.9579795936310451,0.0,0.0,False,False,0.019511309597790433,-0.019282972247551072,-0.1479676696629238,0.029885732005906968,0.057294293251703626,-0.01951130959779046,-0.1479676696629238,0.024635798100773224,-0.057294293251703654,0.0,0.0,structure,structure
Qwen3-VL-8B-Thinking (spanish-mx),culture/qwen3_vl_8b/spanish-mx,culture/qwen3_vl_8b/base,qwen3_vl_8b,Qwen3-VL-8B-Thinking,spanish-mx,ntp,1,age,55-64,4,92,0.15332106302023443,0.05342624489596168,0.34823039971104697,0.08754303959572399,0.10606332652112344,0.8466789369797656,0.34823039971104697,0.08754303959572399,0.8939366734788765,0.2783765379898314,0.37247541568610626,0.1322901907145085,0.06740294984591319,0.4574995230196233,0.07129697076807648,0.053861396473812405,0.8677098092854915,0.4574995230196233,0.07408837087412493,0.9461386035261876,0.0,0.0,False,False,0.021030872305725923,-0.013976704949951513,-0.10926912330857635,0.01624606882764751,0.05220193004731103,-0.021030872305725867,-0.10926912330857635,0.013454668721599061,-0.05220193004731111,0.2783765379898314,0.37247541568610626,structure,structure
Qwen3-VL-8B-Thinking (spanish-mx),culture/qwen3_vl_8b/spanish-mx,culture/qwen3_vl_8b/base,qwen3_vl_8b,Qwen3-VL-8B-Thinking,spanish-mx,ntp,1,age,65-74,4,83,0.1496465526258638,0.07129152177262965,0.45543823634070824,0.10066300851420854,0.09982870546157327,0.8503534473741362,0.45543823634070824,0.10066300851420854,0.9001712945384268,0.3042632219021459,0.39895321040500015,0.12682446514275286,0.0794753410631078,0.5415623987989119,0.07008600842052798,0.054336083989978495,0.8731755348572472,0.5415623987989119,0.07445149997519145,0.9456639160100215,0.0,0.0,False,False,0.02282208748311093,-0.00818381929047815,-0.08612416245820365,0.030577000093680556,0.045492621471594774,-0.022822087483110987,-0.08612416245820365,0.02621150853901709,-0.04549262147159472,0.3042632219021459,0.39895321040500015,structure,structure
Qwen3-VL-8B-Thinking (spanish-mx),culture/qwen3_vl_8b/spanish-mx,culture/qwen3_vl_8b/base,qwen3_vl_8b,Qwen3-VL-8B-Thinking,spanish-mx,ntp,1,age,75+,4,28,0.14574424102045314,0.08212573223695319,0.6121096767170746,0.17303319150621882,0.09904508535558286,0.8542557589795469,0.4582564803216651,0.17303319150621882,0.9009549146444171,0.37942259427089947,0.4708224592288228,0.12073733230080533,0.09320549294431016,0.7144589000960814,0.175225098242757,0.05666787801227386,0.8792626676991947,0.7144589000960814,0.175225098242757,0.9433321219877262,0.43821292686063357,0.5307469996361267,False,False,0.025006908719647808,-0.011079760707356973,-0.10234922337900676,-0.002191906736538185,0.042377207343309,-0.025006908719647836,-0.25620241977441627,-0.002191906736538185,-0.042377207343309076,-0.058790332589734096,-0.05992454040730388,structure,structure
Qwen3-VL-8B-Thinking (spanish-mx),culture/qwen3_vl_8b/spanish-mx,culture/qwen3_vl_8b/base,qwen3_vl_8b,Qwen3-VL-8B-Thinking,spanish-mx,ntp,1,age,<25,4,73,0.12041370961717038,0.054919090366476755,0.42612155958372455,0.06469917003013655,0.0628420736520775,0.8795862903828295,0.42612155958372455,0.08367563410829557,0.9371579263479225,0.0,0.0,0.10707424186687424,0.04936577746910543,0.40731155112059036,0.07063529299857359,0.04099738054404192,0.8929257581331258,0.40731155112059036,0.07063529299857359,0.959002619455958,0.269209891043571,0.36979465745117407,False,False,0.013339467750296138,0.005553312897371328,0.018810008463134187,-0.005936122968437041,0.02184469310803558,-0.013339467750296263,0.018810008463134187,0.013040341109721978,-0.021844693108035496,-0.269209891043571,-0.36979465745117407,structure,structure
Qwen3-VL-8B-Thinking (spanish-mx),culture/qwen3_vl_8b/spanish-mx,culture/qwen3_vl_8b/base,qwen3_vl_8b,Qwen3-VL-8B-Thinking,spanish-mx,ntp,1,country,Australia,4,136,0.1747854166536168,0.05611679197538704,0.5951412839331117,0.08803557739465323,0.16231596715434807,0.8252145833463832,0.45147619811921624,0.08803557739465323,0.837684032845652,0.2769867210899081,0.36458514625633376,0.12045432722586466,0.07136039712414056,0.7649346758847486,0.07326442611344439,0.08889230921861356,0.8795456727741353,0.6343456978294014,0.07326442611344439,0.9111076907813864,0.27889253903844635,0.3747714963933612,False,False,0.05433108942775214,-0.015243605148753524,-0.1697933919516369,0.014771151281208844,0.07342365793573451,-0.05433108942775211,-0.18286949971018518,0.014771151281208844,-0.07342365793573447,-0.0019058179485382798,-0.010186350137027456,structure,structure
Qwen3-VL-8B-Thinking (spanish-mx),culture/qwen3_vl_8b/spanish-mx,culture/qwen3_vl_8b/base,qwen3_vl_8b,Qwen3-VL-8B-Thinking,spanish-mx,ntp,1,country,Germany,4,144,0.1380548251245075,0.06126040254904236,0.5244987395387445,0.11661630005304158,0.11216615275102848,0.8619451748754925,0.49788849998726814,0.11661630005304158,0.8878338472489715,0.2706059391868677,0.36368900100802654,0.12315559922726388,0.0703174052458942,0.6269320607105597,0.09673153668115288,0.08615119538289553,0.8768444007727362,0.6151522044273512,0.09673153668115288,0.9138488046171045,0.2624026767567655,0.3584052708467905,False,False,0.014899225897243629,-0.009057002696851835,-0.10243332117181525,0.0198847633718887,0.026014957368132946,-0.014899225897243684,-0.11726370444008305,0.0198847633718887,-0.026014957368132974,0.00820326243010222,0.005283730161236011,structure,structure
Qwen3-VL-8B-Thinking (spanish-mx),culture/qwen3_vl_8b/spanish-mx,culture/qwen3_vl_8b/base,qwen3_vl_8b,Qwen3-VL-8B-Thinking,spanish-mx,ntp,1,country,Mexico,4,131,0.13683391760333186,0.05540617404382273,0.5755718219098007,0.08414757107729605,0.10750662543526515,0.8631660823966681,0.41721312182894055,0.08414757107729605,0.8924933745647349,0.2746407938190348,0.36859279948817564,0.14046613220259724,0.06021507293692305,0.6329026111873847,0.08617141141854473,0.11617404048466093,0.8595338677974027,0.5857678508656573,0.08617141141854473,0.883825959515339,0.29527292428214624,0.3882338586098733,False,False,-0.003632214599265382,-0.004808898893100315,-0.05733078927758395,-0.002023840341248681,-0.008667415049395777,0.0036322145992654375,-0.16855472903671675,-0.002023840341248681,0.008667415049395832,-0.020632130463111464,-0.019641059121697668,structure,structure
Qwen3-VL-8B-Thinking (spanish-mx),culture/qwen3_vl_8b/spanish-mx,culture/qwen3_vl_8b/base,qwen3_vl_8b,Qwen3-VL-8B-Thinking,spanish-mx,ntp,1,country,Russia,4,88,0.1395318655028935,0.059928866813677484,0.6252726637656268,0.05655327292149191,0.11536855370414432,0.8604681344971065,0.4376827598674341,0.05903111318413551,0.8846314462958557,0.0,0.0,0.13233862618134995,0.06915224329288988,0.7362323794561343,0.04322056297060535,0.09389792855003891,0.86766137381865,0.6665686907000707,0.04495361472595767,0.906102071449961,0.0,0.0,False,False,0.00719323932154356,-0.009223376479212397,-0.11095971569050744,0.013332709950886562,0.021470625154105416,-0.0071932393215435875,-0.22888593083263664,0.014077498458177837,-0.02147062515410536,0.0,0.0,structure,structure
Qwen3-VL-8B-Thinking (spanish-mx),culture/qwen3_vl_8b/spanish-mx,culture/qwen3_vl_8b/base,qwen3_vl_8b,Qwen3-VL-8B-Thinking,spanish-mx,ntp,1,country,United States,4,140,0.11914849577568433,0.07374941148341595,0.6242261417550294,0.12574481454130448,0.07584146149919671,0.8808515042243157,0.4567561054880453,0.12574481454130448,0.9241585385008033,0.33028684848425327,0.42708638294938056,0.10009317120811576,0.07669025614330768,0.6988123879971472,0.10820379904296819,0.046077411764546855,0.8999068287918843,0.6707830006082918,0.10820379904296819,0.9539225882354532,0.3618428277680971,0.4610420165189619,False,False,0.019055324567568574,-0.0029408446598917365,-0.07458624624211774,0.017541015498336296,0.029764049734649856,-0.019055324567568643,-0.21402689512024647,0.017541015498336296,-0.029764049734649856,-0.03155597928384385,-0.03395563356958131,structure,structure
Qwen3-VL-8B-Thinking (spanish-mx),culture/qwen3_vl_8b/spanish-mx,culture/qwen3_vl_8b/base,qwen3_vl_8b,Qwen3-VL-8B-Thinking,spanish-mx,ntp,1,education,High,4,245,0.148594740044999,0.06533608396933843,0.44934990258724855,0.05304100493313222,0.10362475724006823,0.851405259955001,0.44934990258724855,0.05779831544728478,0.8963752427599317,0.0,0.0,0.12690273123858553,0.07465536978636043,0.530562117518508,0.055259608254125625,0.06515621237986555,0.8730972687614145,0.530562117518508,0.06576651420014089,0.9348437876201345,0.0,0.0,False,False,0.021692008806413476,-0.009319285817022002,-0.08121221493125946,-0.002218603320993405,0.03846854486020268,-0.02169200880641342,-0.08121221493125946,-0.007968198752856107,-0.03846854486020279,0.0,0.0,structure,structure
Qwen3-VL-8B-Thinking (spanish-mx),culture/qwen3_vl_8b/spanish-mx,culture/qwen3_vl_8b/base,qwen3_vl_8b,Qwen3-VL-8B-Thinking,spanish-mx,ntp,1,education,Low,4,51,0.14278127842073815,0.05009269833949599,0.3280779701203087,0.05851320991639044,0.07849956326550157,0.8572187215792618,0.3280779701203087,0.05851320991639044,0.9215004367344983,0.19825565526226605,0.29100721926635026,0.1458858432326868,0.05974358612409237,0.4311252330997847,0.10220699215144258,0.08529537631093007,0.8541141567673132,0.4311252330997847,0.10220699215144258,0.9147046236890699,0.31906271855731516,0.4150431171957319,False,False,-0.0031045648119486513,-0.009650887784596378,-0.10304726297947597,-0.04369378223505214,-0.006795813045428492,0.0031045648119486513,-0.10304726297947597,-0.04369378223505214,0.006795813045428423,-0.12080706329504912,-0.12403589792938163,structure,structure
Qwen3-VL-8B-Thinking (spanish-mx),culture/qwen3_vl_8b/spanish-mx,culture/qwen3_vl_8b/base,qwen3_vl_8b,Qwen3-VL-8B-Thinking,spanish-mx,ntp,1,education,Middle,4,343,0.1361141599208046,0.06033523810932551,0.414362457622559,0.0450594046837319,0.08820375726539136,0.8638858400791953,0.414362457622559,0.04922477472916936,0.9117962427346087,0.0,0.0,0.11675517336634247,0.07065500621474433,0.5214922653246415,0.03702493142083564,0.037684524046950225,0.8832448266336574,0.5214922653246415,0.043515493061055885,0.9623154759530498,0.0,0.0,False,False,0.019358986554462138,-0.010319768105418813,-0.10712980770208252,0.00803447326289626,0.05051923321844113,-0.01935898655446211,-0.10712980770208252,0.005709281668113478,-0.050519233218441095,0.0,0.0,structure,structure
Qwen3-VL-8B-Thinking (spanish-mx),culture/qwen3_vl_8b/spanish-mx,culture/qwen3_vl_8b/base,qwen3_vl_8b,Qwen3-VL-8B-Thinking,spanish-mx,ntp,1,employment,Homemaker,4,72,0.1428836049142317,0.03749292033757981,0.2504027294975351,0.19720756136616066,0.0815303124708144,0.8571163950857683,0.2504027294975351,0.19720756136616066,0.9184696875291856,0.3063721809783724,0.4030992931648177,0.13432006380133327,0.05123065559358026,0.3821028742256308,0.1520235834167098,0.06114250802765273,0.8656799361986667,0.3821028742256308,0.1520235834167098,0.9388574919723472,0.3230783284935758,0.4217698299471998,False,False,0.00856354111289842,-0.013737735256000451,-0.13170014472809566,0.045183977949450865,0.020387804443161663,-0.008563541112898365,-0.13170014472809566,0.045183977949450865,-0.020387804443161683,-0.01670614751520344,-0.01867053678238212,structure,structure
Qwen3-VL-8B-Thinking (spanish-mx),culture/qwen3_vl_8b/spanish-mx,culture/qwen3_vl_8b/base,qwen3_vl_8b,Qwen3-VL-8B-Thinking,spanish-mx,ntp,1,employment,Retired,4,147,0.14645356755306596,0.06822177171754408,0.47751353795057694,0.10820903781128877,0.10483734824092554,0.8535464324469341,0.47751353795057694,0.10820903781128877,0.8951626517590745,0.3209456553890017,0.41458592807112227,0.12399731660297003,0.07726724867047899,0.5674167810044409,0.09022107310274885,0.062145904507953105,0.8760026833970299,0.5674167810044409,0.09022107310274885,0.9378540954920469,0.2825437383490272,0.3813573947140268,False,False,0.02245625095009593,-0.009045476952934908,-0.08990324305386399,0.017987964708539916,0.042691443732972435,-0.022456250950095846,-0.08990324305386399,0.017987964708539916,-0.0426914437329724,0.03840191703997453,0.03322853335709547,structure,structure
Qwen3-VL-8B-Thinking (spanish-mx),culture/qwen3_vl_8b/spanish-mx,culture/qwen3_vl_8b/base,qwen3_vl_8b,Qwen3-VL-8B-Thinking,spanish-mx,ntp,1,employment,Student,4,35,0.11414336557893945,0.047283997116959964,0.3984775549194636,0.04835554347381835,0.05927574097764038,0.8858566344210606,0.3984775549194636,0.06318230223091159,0.9407242590223597,0.0,0.0,0.10549588394776664,0.03794255560753647,0.33587975379911067,0.06718996614913167,0.04773748772520434,0.8945041160522333,0.33587975379911067,0.06718996614913167,0.9522625122747956,0.2377693584447438,0.33633903100868723,False,False,0.008647481631172807,0.009341441509423495,0.0625978011203529,-0.018834422675313316,0.011538253252436036,-0.008647481631172793,0.0625978011203529,-0.004007663918220078,-0.01153825325243596,-0.2377693584447438,-0.33633903100868723,structure,structure
Qwen3-VL-8B-Thinking (spanish-mx),culture/qwen3_vl_8b/spanish-mx,culture/qwen3_vl_8b/base,qwen3_vl_8b,Qwen3-VL-8B-Thinking,spanish-mx,ntp,1,employment,Unemployed,4,31,0.13209244425943623,0.06558422521684143,0.41993670124457533,0.09099575513750133,0.051464455958172985,0.8679075557405638,0.41993670124457533,0.09929845050534683,0.948535544041827,0.0,0.0,0.1316296031024302,0.056527909206746815,0.39472930361688,0.06997818949088692,0.05850353181664994,0.8683703968975698,0.39472930361688,0.07388312085037492,0.9414964681833501,0.0,0.0,False,False,0.00046284115700603867,0.009056316010094614,0.025207397627695305,0.021017565646614403,-0.007039075858476955,-0.0004628411570060109,0.025207397627695305,0.02541532965497191,0.007039075858476962,0.0,0.0,structure,structure
Qwen3-VL-8B-Thinking (spanish-mx),culture/qwen3_vl_8b/spanish-mx,culture/qwen3_vl_8b/base,qwen3_vl_8b,Qwen3-VL-8B-Thinking,spanish-mx,ntp,1,employment,Working,4,349,0.14296263138196902,0.060554106000190885,0.4061981767020746,0.07586855011229837,0.09686376198504085,0.857037368618031,0.4061981767020746,0.07867585276378368,0.9031362380149591,0.0,0.0,0.12123917454020894,0.07207602359207353,0.5105188980360604,0.0673707388233736,0.044809450300180305,0.8787608254597911,0.5105188980360604,0.0714003409441998,0.9551905496998196,0.0,0.0,False,False,0.02172345684176008,-0.011521917591882647,-0.10432072133398584,0.008497811288924767,0.05205431168486054,-0.021723456841760025,-0.10432072133398584,0.007275511819583885,-0.05205431168486052,0.0,0.0,structure,structure
Qwen3-VL-8B-Thinking (spanish-mx),culture/qwen3_vl_8b/spanish-mx,culture/qwen3_vl_8b/base,qwen3_vl_8b,Qwen3-VL-8B-Thinking,spanish-mx,ntp,1,marital_status,Cohabiting,4,37,0.1516545091159696,0.04086172907366917,0.25323376801198116,0.24343325251447182,0.09287704267979416,0.8483454908840304,0.25323376801198116,0.24343325251447182,0.9071229573202059,0.3427577286553786,0.4371408925970425,0.13546530849956528,0.037259162046203456,0.24527016465428464,0.13510539052912096,0.04339542678663551,0.8645346915004347,0.24527016465428464,0.13510539052912096,0.9566045732133645,0.24450235497223416,0.34386383711021706,False,False,0.016189200616404303,0.0036025670274657112,0.007963603357696525,0.10832786198535085,0.04948161589315865,-0.016189200616404276,0.007963603357696525,0.10832786198535085,-0.04948161589315858,0.09825537368314446,0.09327705548682541,structure,structure
Qwen3-VL-8B-Thinking (spanish-mx),culture/qwen3_vl_8b/spanish-mx,culture/qwen3_vl_8b/base,qwen3_vl_8b,Qwen3-VL-8B-Thinking,spanish-mx,ntp,1,marital_status,Divorced or separated,4,68,0.1248798275568602,0.039782610413018143,0.3022316354024557,0.1131885481513844,0.07297918299720704,0.8751201724431398,0.3022316354024557,0.1131885481513844,0.9270208170027929,0.27507678024187543,0.3726448839716584,0.11484154016484363,0.031337047952654476,0.2503804607213173,0.0518748635278345,0.04936080001286655,0.8851584598351564,0.2503804607213173,0.0518748635278345,0.9506391999871334,0.2146842608848053,0.31137435871121943,False,False,0.010038287392016565,0.008445562460363668,0.05185117468113837,0.061313684623549906,0.02361838298434049,-0.01003828739201662,0.05185117468113837,0.061313684623549906,-0.02361838298434049,0.06039251935707013,0.06127052526043897,structure,structure
Qwen3-VL-8B-Thinking (spanish-mx),culture/qwen3_vl_8b/spanish-mx,culture/qwen3_vl_8b/base,qwen3_vl_8b,Qwen3-VL-8B-Thinking,spanish-mx,ntp,1,marital_status,Married,4,342,0.15204352860709666,0.03980131712579243,0.27422328142532965,0.13349172296812234,0.11876235985067475,0.8479564713929033,0.27422328142532965,0.13349172296812234,0.8812376401493253,0.29176632634455085,0.38439785461728493,0.1271888981227009,0.04424350317074302,0.32044727350110214,0.1263113123816712,0.0646875733431598,0.872811101877299,0.32044727350110214,0.1263113123816712,0.9353124266568402,0.2849207631697361,0.38345949690803605,False,False,0.024854630484395762,-0.004442186044950593,-0.04622399207577249,0.007180410586451136,0.054074786507514946,-0.024854630484395734,-0.04622399207577249,0.007180410586451136,-0.05407478650751496,0.006845563174814773,0.0009383577092488826,structure,structure
Qwen3-VL-8B-Thinking (spanish-mx),culture/qwen3_vl_8b/spanish-mx,culture/qwen3_vl_8b/base,qwen3_vl_8b,Qwen3-VL-8B-Thinking,spanish-mx,ntp,1,marital_status,Single,4,131,0.12255629080043448,0.05136306057141388,0.3955218709896807,0.08160813438244534,0.06096311828158553,0.8774437091995655,0.3955218709896807,0.08160813438244534,0.9390368817184145,0.25661241770842147,0.3549087230081132,0.10962899438870546,0.04446848895239988,0.36366923118591,0.06919323127110866,0.04686961023700483,0.8903710056112946,0.36366923118591,0.07269340078183614,0.9531303897629951,0.0,0.0,False,False,0.012927296411729017,0.006894571619013995,0.03185263980377073,0.012414903111336681,0.014093508044580698,-0.012927296411729072,0.03185263980377073,0.008914733600609195,-0.01409350804458065,0.25661241770842147,0.3549087230081132,structure,structure
Qwen3-VL-8B-Thinking (spanish-mx),culture/qwen3_vl_8b/spanish-mx,culture/qwen3_vl_8b/base,qwen3_vl_8b,Qwen3-VL-8B-Thinking,spanish-mx,ntp,1,marital_status,Widowed,4,61,0.13632780360878521,0.03660183013002796,0.2579778317625791,0.12341030891469151,0.07017162078546113,0.8636721963912148,0.2579778317625791,0.12341030891469151,0.9298283792145389,0.26637915937548406,0.36398040170458357,0.1288394483067294,0.03321567465455842,0.2490447621218459,0.07267232255403314,0.08270112975961684,0.8711605516932706,0.2490447621218459,0.07267232255403314,0.9172988702403831,0.23876507304856656,0.33425507573309227,False,False,0.007488355302055827,0.0033861554754695405,0.008933069640733204,0.05073798636065838,-0.01252950897415571,-0.007488355302055716,0.008933069640733204,0.05073798636065838,0.012529508974155723,0.027614086326917503,0.0297253259714913,structure,structure
Qwen3-VL-8B-Thinking (spanish-mx),culture/qwen3_vl_8b/spanish-mx,culture/qwen3_vl_8b/base,qwen3_vl_8b,Qwen3-VL-8B-Thinking,spanish-mx,ntp,1,population,every retained cell,4,639,0.14155784695766027,0.0644204298976242,0.424217243646796,0.08107157031306317,0.09046056777621624,0.8584421530423397,0.424217243646796,0.08543757319907283,0.9095394322237838,0.0,0.0,0.12291883525772415,0.07533406826965128,0.5232834567840227,0.06362804409863058,0.03607030667694283,0.8770811647422758,0.5232834567840227,0.06895025567101297,0.9639296933230572,0.0,0.0,False,False,0.01863901169993612,-0.010913638372027079,-0.09906621313722663,0.017443526214432584,0.054390261099273404,-0.018639011699936092,-0.09906621313722663,0.01648731752805986,-0.054390261099273474,0.0,0.0,structure,structure
Qwen3-VL-8B-Thinking (spanish-mx),culture/qwen3_vl_8b/spanish-mx,culture/qwen3_vl_8b/base,qwen3_vl_8b,Qwen3-VL-8B-Thinking,spanish-mx,ntp,1,sex,Female,4,349,0.1435063601130727,0.05585419177183883,0.36065898133590557,0.13167525608164926,0.09145856819175083,0.8564936398869273,0.36065898133590557,0.134839790067533,0.9085414318082492,0.0,0.0,0.12426307096046164,0.07468434681532893,0.5145224896305823,0.059216304946062864,0.028344418913344455,0.8757369290395384,0.5145224896305823,0.06610711567122415,0.9716555810866555,0.0,0.0,False,False,0.019243289152611046,-0.018830155043490095,-0.15386350829467677,0.0724589511355864,0.06311414927840638,-0.019243289152611087,-0.15386350829467677,0.06873267439630884,-0.0631141492784063,0.0,0.0,structure,structure
Qwen3-VL-8B-Thinking (spanish-mx),culture/qwen3_vl_8b/spanish-mx,culture/qwen3_vl_8b/base,qwen3_vl_8b,Qwen3-VL-8B-Thinking,spanish-mx,ntp,1,sex,Male,4,290,0.13923323413625596,0.06287365155837855,0.4273478258739032,0.11880211041899438,0.09015107423369974,0.8607667658637441,0.4273478258739032,0.1238976475442498,0.9098489257663003,0.0,0.0,0.12130564778649976,0.07540321846898325,0.5391072047432572,0.07532511650982901,0.05006377146104003,0.8786943522135002,0.5391072047432572,0.07804347407592052,0.94993622853896,0.0,0.0,False,False,0.017927586349756205,-0.012529566910604695,-0.11175937886935405,0.04347699390916537,0.040087302772659705,-0.01792758634975611,-0.11175937886935405,0.045854173468329276,-0.040087302772659705,0.0,0.0,structure,structure
Qwen3-VL-8B-Thinking (spanish-mx),culture/qwen3_vl_8b/spanish-mx,culture/qwen3_vl_8b/base,qwen3_vl_8b,Qwen3-VL-8B-Thinking,spanish-mx,ntp,1,wave,1995-1997,4,221,0.1444040038790129,0.06299131094071511,0.4232537783536746,0.08543328464089467,0.09370157959623543,0.8555959961209871,0.4232537783536746,0.08543328464089467,0.9062984204037645,0.27190242259475345,0.3673146483659852,0.12493327599468865,0.07407689341144996,0.5286877532604499,0.06600002043279819,0.04669442800621481,0.8750667240053114,0.5286877532604499,0.07113205869447801,0.9533055719937852,0.0,0.0,False,False,0.019470727884324246,-0.01108558247073485,-0.10543397490677531,0.019433264208096476,0.04700715159002062,-0.019470727884324246,-0.10543397490677531,0.014301225946416654,-0.04700715159002067,0.27190242259475345,0.3673146483659852,structure,structure
Qwen3-VL-8B-Thinking (spanish-mx),culture/qwen3_vl_8b/spanish-mx,culture/qwen3_vl_8b/base,qwen3_vl_8b,Qwen3-VL-8B-Thinking,spanish-mx,ntp,1,wave,2005-2006,4,173,0.13829685623646812,0.061909759378949325,0.4054207099720503,0.10831699195793576,0.08647739192790885,0.8617031437635319,0.4054207099720503,0.11317140735857724,0.9135226080720912,0.0,0.0,0.12160684445579578,0.07220549522434505,0.500155908178849,0.06597120079679414,0.033152205456871565,0.8783931555442042,0.500155908178849,0.07037990844813068,0.9668477945431284,0.0,0.0,False,False,0.016690011780672337,-0.010295735845395726,-0.09473519820679871,0.04234579116114162,0.05332518647103728,-0.01669001178067231,-0.09473519820679871,0.04279149891044656,-0.053325186471037234,0.0,0.0,structure,structure
Qwen3-VL-8B-Thinking (spanish-mx),culture/qwen3_vl_8b/spanish-mx,culture/qwen3_vl_8b/base,qwen3_vl_8b,Qwen3-VL-8B-Thinking,spanish-mx,ntp,1,wave,2017-2018,4,245,0.14250378317251483,0.06742579861886006,0.47518052930316546,0.11278274284015342,0.09281784650522479,0.8574962168274852,0.47518052930316546,0.12161674804478735,0.9071821534947753,0.0,0.0,0.12260980516828285,0.07867620901009864,0.5767434964415373,0.0883616530281995,0.036553984610915115,0.8773901948317171,0.5767434964415373,0.09273820207297968,0.9634460153890849,0.0,0.0,False,False,0.019893978004231982,-0.011250410391238586,-0.10156296713837187,0.024421089811953928,0.05626386189430967,-0.01989397800423187,-0.10156296713837187,0.028878545971807668,-0.05626386189430965,0.0,0.0,structure,structure
