question,question_label,model_key,model_label,arm,series,source,mode,replicate,group,level,n_cells,score_accuracy,null_accuracy,null_accuracy_loo,null_score_center,null_adaptability_ratio,null_model_flat,null_pfs,accuracy_gap,above_null
d_happy,Happiness,qwen3_vl_2b,Qwen3-VL-2B-Thinking,base,Qwen3-VL-2B-Thinking (as released),culture/qwen3_vl_2b/base,ntp,1,population,every retained cell,687,0.8941416714483637,0.9008653684903929,0.9007208573657433,0.9999999999999944,0.0,True,0.0,-0.006723697042029242,-0.06782389705435735
d_happy,Happiness,qwen3_vl_2b,Qwen3-VL-2B-Thinking,base,Qwen3-VL-2B-Thinking (as released),culture/qwen3_vl_2b/base,ntp,1,country,Australia,136,0.9148322234222032,0.941500980200289,0.9410676541276987,0.9999999999999992,0.0,True,0.0,-0.02666875677808589,-0.45588382282975726
d_happy,Happiness,qwen3_vl_2b,Qwen3-VL-2B-Thinking,base,Qwen3-VL-2B-Thinking (as released),culture/qwen3_vl_2b/base,ntp,1,country,Germany,144,0.9144288278941196,0.9297007937385644,0.9292091908975753,0.9999999999999983,0.0,True,0.0,-0.01527196584444479,-0.21724236526440857
d_happy,Happiness,qwen3_vl_2b,Qwen3-VL-2B-Thinking,base,Qwen3-VL-2B-Thinking (as released),culture/qwen3_vl_2b/base,ntp,1,country,Mexico,131,0.8676041397610423,0.9164663416525959,0.9158237750499235,0.9999999999999996,0.0,True,0.0,-0.04886220189155355,-0.5849402846496066
d_happy,Happiness,qwen3_vl_2b,Qwen3-VL-2B-Thinking,base,Qwen3-VL-2B-Thinking (as released),culture/qwen3_vl_2b/base,ntp,1,country,Russia,136,0.8544898631445192,0.9107762615672034,0.9101153449862197,0.9999999999999988,0.0,True,0.0,-0.056286398422684125,-0.6308455508740992
d_happy,Happiness,qwen3_vl_2b,Qwen3-VL-2B-Thinking,base,Qwen3-VL-2B-Thinking (as released),culture/qwen3_vl_2b/base,ntp,1,country,United States,140,0.9165259356178703,0.938969291808151,0.9385302219650442,0.9999999999999993,0.0,True,0.0,-0.022443356190280705,-0.36773874751265223
d_happy,Happiness,qwen3_vl_2b,Qwen3-VL-2B-Thinking,base,Qwen3-VL-2B-Thinking (as released),culture/qwen3_vl_2b/base,ntp,1,wave,1995-1997,221,0.8952390323544293,0.8830590520739414,0.8825275023106411,0.9999999999999989,0.0,True,0.0,0.012179980280487834,0.10415496450558277
d_happy,Happiness,qwen3_vl_2b,Qwen3-VL-2B-Thinking,base,Qwen3-VL-2B-Thinking (as released),culture/qwen3_vl_2b/base,ntp,1,wave,2005-2006,221,0.8937737751352363,0.8976858347363059,0.8972207703487436,0.9999999999999989,0.0,True,0.0,-0.003912059601069662,-0.03823575739475681
d_happy,Happiness,qwen3_vl_2b,Qwen3-VL-2B-Thinking,base,Qwen3-VL-2B-Thinking (as released),culture/qwen3_vl_2b/base,ntp,1,wave,2017-2018,245,0.8934836646114686,0.9241418576618534,0.9238309636358775,0.9999999999999973,0.0,True,0.0,-0.030658193050384863,-0.40415164549801874
d_happy,Happiness,qwen3_vl_2b,Qwen3-VL-2B-Thinking,base,Qwen3-VL-2B-Thinking (as released),culture/qwen3_vl_2b/base,ntp,1,sex,Female,374,0.8934105419761104,0.8976550902487672,0.8973807071127049,0.999999999999993,0.0,True,0.0,-0.004244548272656856,-0.04147297880250199
d_happy,Happiness,qwen3_vl_2b,Qwen3-VL-2B-Thinking,base,Qwen3-VL-2B-Thinking (as released),culture/qwen3_vl_2b/base,ntp,1,sex,Male,313,0.8950152894120147,0.9048226805288649,0.9045176250177395,0.9999999999999971,0.0,True,0.0,-0.00980739111685025,-0.10304336339105023
d_happy,Happiness,qwen3_vl_2b,Qwen3-VL-2B-Thinking,base,Qwen3-VL-2B-Thinking (as released),culture/qwen3_vl_2b/base,ntp,1,age,<25,79,0.8940575905664695,0.9146097535092126,0.9135150067593306,0.9999999999999999,0.0,True,0.0,-0.02055216294274309,-0.24068513427889476
d_happy,Happiness,qwen3_vl_2b,Qwen3-VL-2B-Thinking,base,Qwen3-VL-2B-Thinking (as released),culture/qwen3_vl_2b/base,ntp,1,age,25-34,160,0.89993373910476,0.9071714697720343,0.9065876425378961,0.9999999999999991,0.0,True,0.0,-0.007237730667274289,-0.07796881680125793
d_happy,Happiness,qwen3_vl_2b,Qwen3-VL-2B-Thinking,base,Qwen3-VL-2B-Thinking (as released),culture/qwen3_vl_2b/base,ntp,1,age,35-44,114,0.8959378501144237,0.8986103428317934,0.897713089228535,0.9999999999999996,0.0,True,0.0,-0.00267249271736969,-0.026358632547065372
d_happy,Happiness,qwen3_vl_2b,Qwen3-VL-2B-Thinking,base,Qwen3-VL-2B-Thinking (as released),culture/qwen3_vl_2b/base,ntp,1,age,45-54,117,0.8970625889218063,0.8955692213494753,0.894668956016281,0.9999999999999979,0.0,True,0.0,0.0014933675723310946,0.014300071220656274
d_happy,Happiness,qwen3_vl_2b,Qwen3-VL-2B-Thinking,base,Qwen3-VL-2B-Thinking (as released),culture/qwen3_vl_2b/base,ntp,1,age,55-64,99,0.8952382332856917,0.9011064476245481,0.9000973297431658,0.9999999999999993,0.0,True,0.0,-0.005868214338856315,-0.059338694969490895
d_happy,Happiness,qwen3_vl_2b,Qwen3-VL-2B-Thinking,base,Qwen3-VL-2B-Thinking (as released),culture/qwen3_vl_2b/base,ntp,1,age,65-74,88,0.8830993605534458,0.8890162274959167,0.8877405519498928,0.9999999999999991,0.0,True,0.0,-0.005916866942470844,-0.053312901597872345
d_happy,Happiness,qwen3_vl_2b,Qwen3-VL-2B-Thinking,base,Qwen3-VL-2B-Thinking (as released),culture/qwen3_vl_2b/base,ntp,1,age,75+,28,0.8735512716651839,0.9026915719923543,0.8990875561402193,1.0,0.0,True,0.0,-0.02914030032717041,-0.2994632728511532
d_happy,Happiness,qwen3_vl_2b,Qwen3-VL-2B-Thinking,base,Qwen3-VL-2B-Thinking (as released),culture/qwen3_vl_2b/base,ntp,1,education,Low,51,0.8528721450687385,0.8874859136440821,0.8852356319169639,0.9999999999999997,0.0,True,0.0,-0.034613768575343595,-0.3076394227283616
d_happy,Happiness,qwen3_vl_2b,Qwen3-VL-2B-Thinking,base,Qwen3-VL-2B-Thinking (as released),culture/qwen3_vl_2b/base,ntp,1,education,Middle,369,0.8960664742962534,0.8990162814236187,0.8987418691448785,0.9999999999999986,0.0,True,0.0,-0.002949807127365256,-0.029210719994769277
d_happy,Happiness,qwen3_vl_2b,Qwen3-VL-2B-Thinking,base,Qwen3-VL-2B-Thinking (as released),culture/qwen3_vl_2b/base,ntp,1,education,High,267,0.8993644938996355,0.9080387496120751,0.9076930306256543,0.9999999999999982,0.0,True,0.0,-0.008674255712439627,-0.09432511711018025
d_happy,Happiness,qwen3_vl_2b,Qwen3-VL-2B-Thinking,base,Qwen3-VL-2B-Thinking (as released),culture/qwen3_vl_2b/base,ntp,1,employment,Working,377,0.9034340831027788,0.9089375410438361,0.9086953536529953,0.9999999999999971,0.0,True,0.0,-0.0055034579410572215,-0.060436078754544736
d_happy,Happiness,qwen3_vl_2b,Qwen3-VL-2B-Thinking,base,Qwen3-VL-2B-Thinking (as released),culture/qwen3_vl_2b/base,ntp,1,employment,Student,39,0.8858467999544957,0.9136144369109342,0.9113411326191168,0.9999999999999997,0.0,True,0.0,-0.02776763695643858,-0.321438397383709
d_happy,Happiness,qwen3_vl_2b,Qwen3-VL-2B-Thinking,base,Qwen3-VL-2B-Thinking (as released),culture/qwen3_vl_2b/base,ntp,1,employment,Homemaker,75,0.86606460167585,0.9178598700712074,0.9167498683154129,0.9999999999999996,0.0,True,0.0,-0.05179526839535742,-0.630572029046689
d_happy,Happiness,qwen3_vl_2b,Qwen3-VL-2B-Thinking,base,Qwen3-VL-2B-Thinking (as released),culture/qwen3_vl_2b/base,ntp,1,employment,Unemployed,34,0.8729809672010549,0.8887425422827504,0.8853711041701064,0.9999999999999999,0.0,True,0.0,-0.01576157508169551,-0.1416675826060315
d_happy,Happiness,qwen3_vl_2b,Qwen3-VL-2B-Thinking,base,Qwen3-VL-2B-Thinking (as released),culture/qwen3_vl_2b/base,ntp,1,employment,Retired,157,0.8912091733187038,0.8924744615872037,0.8917851953153267,0.9999999999999989,0.0,True,0.0,-0.00126528826849992,-0.011767327903464294
d_happy,Happiness,qwen3_vl_2b,Qwen3-VL-2B-Thinking,base,Qwen3-VL-2B-Thinking (as released),culture/qwen3_vl_2b/base,ntp,1,marital_status,Single,139,0.8964528909473661,0.9155991318024043,0.9149875313082187,0.9999999999999998,0.0,True,0.0,-0.019146240855038132,-0.22684886143841276
d_happy,Happiness,qwen3_vl_2b,Qwen3-VL-2B-Thinking,base,Qwen3-VL-2B-Thinking (as released),culture/qwen3_vl_2b/base,ntp,1,marital_status,Cohabiting,39,0.8922354941005066,0.9173171403257355,0.9151412755974654,0.9999999999999998,0.0,True,0.0,-0.025081646225228904,-0.30334759010561546
d_happy,Happiness,qwen3_vl_2b,Qwen3-VL-2B-Thinking,base,Qwen3-VL-2B-Thinking (as released),culture/qwen3_vl_2b/base,ntp,1,marital_status,Married,367,0.8987723064467938,0.908759505932939,0.9085102149655426,0.999999999999999,0.0,True,0.0,-0.009987199486145126,-0.10946016446167658
d_happy,Happiness,qwen3_vl_2b,Qwen3-VL-2B-Thinking,base,Qwen3-VL-2B-Thinking (as released),culture/qwen3_vl_2b/base,ntp,1,marital_status,Divorced or separated,75,0.8961533705178958,0.9042318186538659,0.9029376540410803,0.999999999999999,0.0,True,0.0,-0.00807844813597014,-0.08435419804801636
d_happy,Happiness,qwen3_vl_2b,Qwen3-VL-2B-Thinking,base,Qwen3-VL-2B-Thinking (as released),culture/qwen3_vl_2b/base,ntp,1,marital_status,Widowed,67,0.8628395958000996,0.8903527024123241,0.8886913797216018,0.9999999999999994,0.0,True,0.0,-0.027513106612224503,-0.2509237091796498
d_happy,Happiness,qwen3_vl_2b,Qwen3-VL-2B-Thinking,base,Qwen3-VL-2B-Thinking (as released),culture/qwen3_vl_2b/base,fa,1,population,every retained cell,687,0.8915774973912728,0.9008653684903929,0.9007208573657433,0.9999999999999944,0.0,True,0.0,-0.009287871099120104,-0.09368947014464889
d_happy,Happiness,qwen3_vl_2b,Qwen3-VL-2B-Thinking,base,Qwen3-VL-2B-Thinking (as released),culture/qwen3_vl_2b/base,fa,1,country,Australia,136,0.9170761835440527,0.941500980200289,0.9410676541276987,0.9999999999999992,0.0,True,0.0,-0.024424796656236314,-0.4175248874231052
d_happy,Happiness,qwen3_vl_2b,Qwen3-VL-2B-Thinking,base,Qwen3-VL-2B-Thinking (as released),culture/qwen3_vl_2b/base,fa,1,country,Germany,144,0.9091681167177664,0.9297007937385644,0.9292091908975753,0.9999999999999983,0.0,True,0.0,-0.020532677020797974,-0.2920755171038352
d_happy,Happiness,qwen3_vl_2b,Qwen3-VL-2B-Thinking,base,Qwen3-VL-2B-Thinking (as released),culture/qwen3_vl_2b/base,fa,1,country,Mexico,131,0.8698219940552403,0.9164663416525959,0.9158237750499235,0.9999999999999996,0.0,True,0.0,-0.046644347597355584,-0.55838985769507
d_happy,Happiness,qwen3_vl_2b,Qwen3-VL-2B-Thinking,base,Qwen3-VL-2B-Thinking (as released),culture/qwen3_vl_2b/base,fa,1,country,Russia,136,0.84649304967323,0.9107762615672034,0.9101153449862197,0.9999999999999988,0.0,True,0.0,-0.06428321189397335,-0.7204720741710626
d_happy,Happiness,qwen3_vl_2b,Qwen3-VL-2B-Thinking,base,Qwen3-VL-2B-Thinking (as released),culture/qwen3_vl_2b/base,fa,1,country,United States,140,0.9128673925832792,0.938969291808151,0.9385302219650442,0.9999999999999993,0.0,True,0.0,-0.026101899224871827,-0.4276846852705848
d_happy,Happiness,qwen3_vl_2b,Qwen3-VL-2B-Thinking,base,Qwen3-VL-2B-Thinking (as released),culture/qwen3_vl_2b/base,fa,1,wave,1995-1997,221,0.8881106840770727,0.8830590520739414,0.8825275023106411,0.9999999999999989,0.0,True,0.0,0.005051632003131301,0.04319814481344408
d_happy,Happiness,qwen3_vl_2b,Qwen3-VL-2B-Thinking,base,Qwen3-VL-2B-Thinking (as released),culture/qwen3_vl_2b/base,fa,1,wave,2005-2006,221,0.888906299708388,0.8976858347363059,0.8972207703487436,0.9999999999999989,0.0,True,0.0,-0.00877953502791795,-0.08580957490383148
d_happy,Happiness,qwen3_vl_2b,Qwen3-VL-2B-Thinking,base,Qwen3-VL-2B-Thinking (as released),culture/qwen3_vl_2b/base,fa,1,wave,2017-2018,245,0.8971142338417044,0.9241418576618534,0.9238309636358775,0.9999999999999973,0.0,True,0.0,-0.027027623820149005,-0.35629166477172874
d_happy,Happiness,qwen3_vl_2b,Qwen3-VL-2B-Thinking,base,Qwen3-VL-2B-Thinking (as released),culture/qwen3_vl_2b/base,fa,1,sex,Female,374,0.8949440571832945,0.8976550902487672,0.8973807071127049,0.999999999999993,0.0,True,0.0,-0.002711033065472712,-0.026489183214508202
d_happy,Happiness,qwen3_vl_2b,Qwen3-VL-2B-Thinking,base,Qwen3-VL-2B-Thinking (as released),culture/qwen3_vl_2b/base,fa,1,sex,Male,313,0.8875548348921797,0.9048226805288649,0.9045176250177395,0.9999999999999971,0.0,True,0.0,-0.017267845636685264,-0.18142815675663337
d_happy,Happiness,qwen3_vl_2b,Qwen3-VL-2B-Thinking,base,Qwen3-VL-2B-Thinking (as released),culture/qwen3_vl_2b/base,fa,1,age,<25,79,0.8981872850394604,0.9146097535092126,0.9135150067593306,0.9999999999999999,0.0,True,0.0,-0.01642246846975215,-0.19232253266213417
d_happy,Happiness,qwen3_vl_2b,Qwen3-VL-2B-Thinking,base,Qwen3-VL-2B-Thinking (as released),culture/qwen3_vl_2b/base,fa,1,age,25-34,160,0.8960506008844392,0.9071714697720343,0.9065876425378961,0.9999999999999991,0.0,True,0.0,-0.011120868887595114,-0.1198001181348536
d_happy,Happiness,qwen3_vl_2b,Qwen3-VL-2B-Thinking,base,Qwen3-VL-2B-Thinking (as released),culture/qwen3_vl_2b/base,fa,1,age,35-44,114,0.8890123575321598,0.8986103428317934,0.897713089228535,0.9999999999999996,0.0,True,0.0,-0.009597985299633627,-0.0946643431657971
d_happy,Happiness,qwen3_vl_2b,Qwen3-VL-2B-Thinking,base,Qwen3-VL-2B-Thinking (as released),culture/qwen3_vl_2b/base,fa,1,age,45-54,117,0.8898618100394248,0.8955692213494753,0.894668956016281,0.9999999999999979,0.0,True,0.0,-0.005707411310050481,-0.05465257832798704
d_happy,Happiness,qwen3_vl_2b,Qwen3-VL-2B-Thinking,base,Qwen3-VL-2B-Thinking (as released),culture/qwen3_vl_2b/base,fa,1,age,55-64,99,0.888264049104907,0.9011064476245481,0.9000973297431658,0.9999999999999993,0.0,True,0.0,-0.012842398519641085,-0.12986082723456616
d_happy,Happiness,qwen3_vl_2b,Qwen3-VL-2B-Thinking,base,Qwen3-VL-2B-Thinking (as released),culture/qwen3_vl_2b/base,fa,1,age,65-74,88,0.8955884160365021,0.8890162274959167,0.8877405519498928,0.9999999999999991,0.0,True,0.0,0.006572188540585389,0.05921756300312809
d_happy,Happiness,qwen3_vl_2b,Qwen3-VL-2B-Thinking,base,Qwen3-VL-2B-Thinking (as released),culture/qwen3_vl_2b/base,fa,1,age,75+,28,0.866692070411631,0.9026915719923543,0.8990875561402193,1.0,0.0,True,0.0,-0.03599950158072329,-0.36995255516710984
d_happy,Happiness,qwen3_vl_2b,Qwen3-VL-2B-Thinking,base,Qwen3-VL-2B-Thinking (as released),culture/qwen3_vl_2b/base,fa,1,education,Low,51,0.8566539901919038,0.8874859136440821,0.8852356319169639,0.9999999999999997,0.0,True,0.0,-0.030831923452178334,-0.27402723028516757
d_happy,Happiness,qwen3_vl_2b,Qwen3-VL-2B-Thinking,base,Qwen3-VL-2B-Thinking (as released),culture/qwen3_vl_2b/base,fa,1,education,Middle,369,0.8937882283989846,0.8990162814236187,0.8987418691448785,0.9999999999999986,0.0,True,0.0,-0.005228053024634027,-0.05177124687362023
d_happy,Happiness,qwen3_vl_2b,Qwen3-VL-2B-Thinking,base,Qwen3-VL-2B-Thinking (as released),culture/qwen3_vl_2b/base,fa,1,education,High,267,0.8951929997333032,0.9080387496120751,0.9076930306256543,0.9999999999999982,0.0,True,0.0,-0.01284574987877185,-0.13968655085249448
d_happy,Happiness,qwen3_vl_2b,Qwen3-VL-2B-Thinking,base,Qwen3-VL-2B-Thinking (as released),culture/qwen3_vl_2b/base,fa,1,employment,Working,377,0.8969475854585287,0.9089375410438361,0.9086953536529953,0.9999999999999971,0.0,True,0.0,-0.011989955585307355,-0.1316673821764371
d_happy,Happiness,qwen3_vl_2b,Qwen3-VL-2B-Thinking,base,Qwen3-VL-2B-Thinking (as released),culture/qwen3_vl_2b/base,fa,1,employment,Student,39,0.8956369495446013,0.9136144369109342,0.9113411326191168,0.9999999999999997,0.0,True,0.0,-0.017977487366332978,-0.20810754393992573
d_happy,Happiness,qwen3_vl_2b,Qwen3-VL-2B-Thinking,base,Qwen3-VL-2B-Thinking (as released),culture/qwen3_vl_2b/base,fa,1,employment,Homemaker,75,0.872410646037185,0.9178598700712074,0.9167498683154129,0.9999999999999996,0.0,True,0.0,-0.045449224034022406,-0.5533132717640258
d_happy,Happiness,qwen3_vl_2b,Qwen3-VL-2B-Thinking,base,Qwen3-VL-2B-Thinking (as released),culture/qwen3_vl_2b/base,fa,1,employment,Unemployed,34,0.8455137038866721,0.8887425422827504,0.8853711041701064,0.9999999999999999,0.0,True,0.0,-0.04322883839607827,-0.38854778172210547
d_happy,Happiness,qwen3_vl_2b,Qwen3-VL-2B-Thinking,base,Qwen3-VL-2B-Thinking (as released),culture/qwen3_vl_2b/base,fa,1,employment,Retired,157,0.8958606640842639,0.8924744615872037,0.8917851953153267,0.9999999999999989,0.0,True,0.0,0.003386202497060231,0.03149207664564689
d_happy,Happiness,qwen3_vl_2b,Qwen3-VL-2B-Thinking,base,Qwen3-VL-2B-Thinking (as released),culture/qwen3_vl_2b/base,fa,1,marital_status,Single,139,0.8960290746825434,0.9155991318024043,0.9149875313082187,0.9999999999999998,0.0,True,0.0,-0.019570057119860818,-0.23187032950945752
d_happy,Happiness,qwen3_vl_2b,Qwen3-VL-2B-Thinking,base,Qwen3-VL-2B-Thinking (as released),culture/qwen3_vl_2b/base,fa,1,marital_status,Cohabiting,39,0.8912902743652029,0.9173171403257355,0.9151412755974654,0.9999999999999998,0.0,True,0.0,-0.026026865960532608,-0.3147794604960141
d_happy,Happiness,qwen3_vl_2b,Qwen3-VL-2B-Thinking,base,Qwen3-VL-2B-Thinking (as released),culture/qwen3_vl_2b/base,fa,1,marital_status,Married,367,0.8931246518404584,0.908759505932939,0.9085102149655426,0.999999999999999,0.0,True,0.0,-0.015634854092480555,-0.17135871799410757
d_happy,Happiness,qwen3_vl_2b,Qwen3-VL-2B-Thinking,base,Qwen3-VL-2B-Thinking (as released),culture/qwen3_vl_2b/base,fa,1,marital_status,Divorced or separated,75,0.897527547205833,0.9042318186538659,0.9029376540410803,0.999999999999999,0.0,True,0.0,-0.0067042714480328724,-0.07000520792810803
d_happy,Happiness,qwen3_vl_2b,Qwen3-VL-2B-Thinking,base,Qwen3-VL-2B-Thinking (as released),culture/qwen3_vl_2b/base,fa,1,marital_status,Widowed,67,0.8673741098627197,0.8903527024123241,0.8886913797216018,0.9999999999999994,0.0,True,0.0,-0.022978592549604437,-0.20956825252560699
d_happy,Happiness,qwen3_vl_2b,Qwen3-VL-2B-Thinking,german,Qwen3-VL-2B-Thinking (german),culture/qwen3_vl_2b/german,ntp,1,population,every retained cell,687,0.8556067368032282,0.9008653684903929,0.9007208573657433,0.9999999999999944,0.0,True,0.0,-0.04525863168716471,-0.456537044602609
d_happy,Happiness,qwen3_vl_2b,Qwen3-VL-2B-Thinking,german,Qwen3-VL-2B-Thinking (german),culture/qwen3_vl_2b/german,ntp,1,country,Australia,136,0.8681293859972907,0.941500980200289,0.9410676541276987,0.9999999999999992,0.0,True,0.0,-0.07337159420299832,-1.2542363009535564
d_happy,Happiness,qwen3_vl_2b,Qwen3-VL-2B-Thinking,german,Qwen3-VL-2B-Thinking (german),culture/qwen3_vl_2b/german,ntp,1,country,Germany,144,0.8808057303864252,0.9297007937385644,0.9292091908975753,0.9999999999999983,0.0,True,0.0,-0.04889506335213922,-0.6955279576031549
d_happy,Happiness,qwen3_vl_2b,Qwen3-VL-2B-Thinking,german,Qwen3-VL-2B-Thinking (german),culture/qwen3_vl_2b/german,ntp,1,country,Mexico,131,0.798871198885275,0.9164663416525959,0.9158237750499235,0.9999999999999996,0.0,True,0.0,-0.11759514276732086,-1.4077576044647784
d_happy,Happiness,qwen3_vl_2b,Qwen3-VL-2B-Thinking,german,Qwen3-VL-2B-Thinking (german),culture/qwen3_vl_2b/german,ntp,1,country,Russia,136,0.8523549984984682,0.9107762615672034,0.9101153449862197,0.9999999999999988,0.0,True,0.0,-0.058421263068735185,-0.6547726434119112
d_happy,Happiness,qwen3_vl_2b,Qwen3-VL-2B-Thinking,german,Qwen3-VL-2B-Thinking (german),culture/qwen3_vl_2b/german,ntp,1,country,United States,140,0.8737699975912736,0.938969291808151,0.9385302219650442,0.9999999999999993,0.0,True,0.0,-0.06519929421687742,-1.0683030911573985
d_happy,Happiness,qwen3_vl_2b,Qwen3-VL-2B-Thinking,german,Qwen3-VL-2B-Thinking (german),culture/qwen3_vl_2b/german,ntp,1,wave,1995-1997,221,0.8366587288764831,0.8830590520739414,0.8825275023106411,0.9999999999999989,0.0,True,0.0,-0.04640032319745835,-0.3967842233226734
d_happy,Happiness,qwen3_vl_2b,Qwen3-VL-2B-Thinking,german,Qwen3-VL-2B-Thinking (german),culture/qwen3_vl_2b/german,ntp,1,wave,2005-2006,221,0.8539400026296444,0.8976858347363059,0.8972207703487436,0.9999999999999989,0.0,True,0.0,-0.0437458321066615,-0.4275637883954334
d_happy,Happiness,qwen3_vl_2b,Qwen3-VL-2B-Thinking,german,Qwen3-VL-2B-Thinking (german),culture/qwen3_vl_2b/german,ntp,1,wave,2017-2018,245,0.8742020755957698,0.9241418576618534,0.9238309636358775,0.9999999999999973,0.0,True,0.0,-0.04993978206608363,-0.6583312025157587
d_happy,Happiness,qwen3_vl_2b,Qwen3-VL-2B-Thinking,german,Qwen3-VL-2B-Thinking (german),culture/qwen3_vl_2b/german,ntp,1,sex,Female,374,0.8523498770772996,0.8976550902487672,0.8973807071127049,0.999999999999993,0.0,True,0.0,-0.04530521317146763,-0.44267187573461036
d_happy,Happiness,qwen3_vl_2b,Qwen3-VL-2B-Thinking,german,Qwen3-VL-2B-Thinking (german),culture/qwen3_vl_2b/german,ntp,1,sex,Male,313,0.8594983199901205,0.9048226805288649,0.9045176250177395,0.9999999999999971,0.0,True,0.0,-0.045324360538744446,-0.47620967674436565
d_happy,Happiness,qwen3_vl_2b,Qwen3-VL-2B-Thinking,german,Qwen3-VL-2B-Thinking (german),culture/qwen3_vl_2b/german,ntp,1,age,<25,79,0.8466595935908847,0.9146097535092126,0.9135150067593306,0.9999999999999999,0.0,True,0.0,-0.06795015991832787,-0.7957602034286068
d_happy,Happiness,qwen3_vl_2b,Qwen3-VL-2B-Thinking,german,Qwen3-VL-2B-Thinking (german),culture/qwen3_vl_2b/german,ntp,1,age,25-34,160,0.8550083147791304,0.9071714697720343,0.9065876425378961,0.9999999999999991,0.0,True,0.0,-0.052163154992903915,-0.5619302046989554
d_happy,Happiness,qwen3_vl_2b,Qwen3-VL-2B-Thinking,german,Qwen3-VL-2B-Thinking (german),culture/qwen3_vl_2b/german,ntp,1,age,35-44,114,0.8539292839339034,0.8986103428317934,0.897713089228535,0.9999999999999996,0.0,True,0.0,-0.04468105889788998,-0.44068655665502054
d_happy,Happiness,qwen3_vl_2b,Qwen3-VL-2B-Thinking,german,Qwen3-VL-2B-Thinking (german),culture/qwen3_vl_2b/german,ntp,1,age,45-54,117,0.8534897770153196,0.8955692213494753,0.894668956016281,0.9999999999999979,0.0,True,0.0,-0.04207944433415567,-0.40294101871033233
d_happy,Happiness,qwen3_vl_2b,Qwen3-VL-2B-Thinking,german,Qwen3-VL-2B-Thinking (german),culture/qwen3_vl_2b/german,ntp,1,age,55-64,99,0.8605739676436557,0.9011064476245481,0.9000973297431658,0.9999999999999993,0.0,True,0.0,-0.04053247998089238,-0.40985968253026006
d_happy,Happiness,qwen3_vl_2b,Qwen3-VL-2B-Thinking,german,Qwen3-VL-2B-Thinking (german),culture/qwen3_vl_2b/german,ntp,1,age,65-74,88,0.8603046269304279,0.8890162274959167,0.8877405519498928,0.9999999999999991,0.0,True,0.0,-0.028711600565488826,-0.2587008885865046
d_happy,Happiness,qwen3_vl_2b,Qwen3-VL-2B-Thinking,german,Qwen3-VL-2B-Thinking (german),culture/qwen3_vl_2b/german,ntp,1,age,75+,28,0.869061679428644,0.9026915719923543,0.8990875561402193,1.0,0.0,True,0.0,-0.033629892563710295,-0.345601026059818
d_happy,Happiness,qwen3_vl_2b,Qwen3-VL-2B-Thinking,german,Qwen3-VL-2B-Thinking (german),culture/qwen3_vl_2b/german,ntp,1,education,Low,51,0.838995969848448,0.8874859136440821,0.8852356319169639,0.9999999999999997,0.0,True,0.0,-0.048489943795634094,-0.4309677602699894
d_happy,Happiness,qwen3_vl_2b,Qwen3-VL-2B-Thinking,german,Qwen3-VL-2B-Thinking (german),culture/qwen3_vl_2b/german,ntp,1,education,Middle,369,0.8481636613425358,0.8990162814236187,0.8987418691448785,0.9999999999999986,0.0,True,0.0,-0.05085262008108282,-0.5035724649277922
d_happy,Happiness,qwen3_vl_2b,Qwen3-VL-2B-Thinking,german,Qwen3-VL-2B-Thinking (german),culture/qwen3_vl_2b/german,ntp,1,education,High,267,0.8690660774762217,0.9080387496120751,0.9076930306256543,0.9999999999999982,0.0,True,0.0,-0.038972672135853426,-0.4237945000905597
d_happy,Happiness,qwen3_vl_2b,Qwen3-VL-2B-Thinking,german,Qwen3-VL-2B-Thinking (german),culture/qwen3_vl_2b/german,ntp,1,employment,Working,377,0.8600675265955648,0.9089375410438361,0.9086953536529953,0.9999999999999971,0.0,True,0.0,-0.048870014448271215,-0.536664779410322
d_happy,Happiness,qwen3_vl_2b,Qwen3-VL-2B-Thinking,german,Qwen3-VL-2B-Thinking (german),culture/qwen3_vl_2b/german,ntp,1,employment,Student,39,0.852919785327134,0.9136144369109342,0.9113411326191168,0.9999999999999997,0.0,True,0.0,-0.060694651583800274,-0.7026017937884195
d_happy,Happiness,qwen3_vl_2b,Qwen3-VL-2B-Thinking,german,Qwen3-VL-2B-Thinking (german),culture/qwen3_vl_2b/german,ntp,1,employment,Homemaker,75,0.8389708281195737,0.9178598700712074,0.9167498683154129,0.9999999999999996,0.0,True,0.0,-0.07888904195163371,-0.9604202235864824
d_happy,Happiness,qwen3_vl_2b,Qwen3-VL-2B-Thinking,german,Qwen3-VL-2B-Thinking (german),culture/qwen3_vl_2b/german,ntp,1,employment,Unemployed,34,0.8178747476182613,0.8887425422827504,0.8853711041701064,0.9999999999999999,0.0,True,0.0,-0.07086779466448911,-0.6369711848404174
d_happy,Happiness,qwen3_vl_2b,Qwen3-VL-2B-Thinking,german,Qwen3-VL-2B-Thinking (german),culture/qwen3_vl_2b/german,ntp,1,employment,Retired,157,0.8615964416029929,0.8924744615872037,0.8917851953153267,0.9999999999999989,0.0,True,0.0,-0.030878019984210803,-0.2871691733890085
d_happy,Happiness,qwen3_vl_2b,Qwen3-VL-2B-Thinking,german,Qwen3-VL-2B-Thinking (german),culture/qwen3_vl_2b/german,ntp,1,marital_status,Single,139,0.8545726209853075,0.9155991318024043,0.9149875313082187,0.9999999999999998,0.0,True,0.0,-0.06102651081709676,-0.7230554865173197
d_happy,Happiness,qwen3_vl_2b,Qwen3-VL-2B-Thinking,german,Qwen3-VL-2B-Thinking (german),culture/qwen3_vl_2b/german,ntp,1,marital_status,Cohabiting,39,0.8341644971446751,0.9173171403257355,0.9151412755974654,0.9999999999999998,0.0,True,0.0,-0.08315264318106041,-1.0056817520420398
d_happy,Happiness,qwen3_vl_2b,Qwen3-VL-2B-Thinking,german,Qwen3-VL-2B-Thinking (german),culture/qwen3_vl_2b/german,ntp,1,marital_status,Married,367,0.8619623318833919,0.908759505932939,0.9085102149655426,0.999999999999999,0.0,True,0.0,-0.046797174049547086,-0.5128991740789077
d_happy,Happiness,qwen3_vl_2b,Qwen3-VL-2B-Thinking,german,Qwen3-VL-2B-Thinking (german),culture/qwen3_vl_2b/german,ntp,1,marital_status,Divorced or separated,75,0.8511503417739691,0.9042318186538659,0.9029376540410803,0.999999999999999,0.0,True,0.0,-0.05308147687989684,-0.5542704908224678
d_happy,Happiness,qwen3_vl_2b,Qwen3-VL-2B-Thinking,german,Qwen3-VL-2B-Thinking (german),culture/qwen3_vl_2b/german,ntp,1,marital_status,Widowed,67,0.8404084633427642,0.8903527024123241,0.8886913797216018,0.9999999999999994,0.0,True,0.0,-0.049944239069559915,-0.4554990425516291
d_happy,Happiness,qwen3_vl_2b,Qwen3-VL-2B-Thinking,german,Qwen3-VL-2B-Thinking (german),culture/qwen3_vl_2b/german,fa,1,population,every retained cell,687,0.8446494616529483,0.9008653684903929,0.9007208573657433,0.9999999999999944,0.0,True,0.0,-0.056215906837444596,-0.567066281292393
d_happy,Happiness,qwen3_vl_2b,Qwen3-VL-2B-Thinking,german,Qwen3-VL-2B-Thinking (german),culture/qwen3_vl_2b/german,fa,1,country,Australia,136,0.8564505212535183,0.941500980200289,0.9410676541276987,0.9999999999999992,0.0,True,0.0,-0.08505045894677077,-1.4538783596369083
d_happy,Happiness,qwen3_vl_2b,Qwen3-VL-2B-Thinking,german,Qwen3-VL-2B-Thinking (german),culture/qwen3_vl_2b/german,fa,1,country,Germany,144,0.8701780900363983,0.9297007937385644,0.9292091908975753,0.9999999999999983,0.0,True,0.0,-0.05952270370216606,-0.8467052029123512
d_happy,Happiness,qwen3_vl_2b,Qwen3-VL-2B-Thinking,german,Qwen3-VL-2B-Thinking (german),culture/qwen3_vl_2b/german,fa,1,country,Mexico,131,0.7866245868603156,0.9164663416525959,0.9158237750499235,0.9999999999999996,0.0,True,0.0,-0.12984175479228033,-1.5543645203743826
d_happy,Happiness,qwen3_vl_2b,Qwen3-VL-2B-Thinking,german,Qwen3-VL-2B-Thinking (german),culture/qwen3_vl_2b/german,fa,1,country,Russia,136,0.8459787450696469,0.9107762615672034,0.9101153449862197,0.9999999999999988,0.0,True,0.0,-0.0647975164975565,-0.7262362868415564
d_happy,Happiness,qwen3_vl_2b,Qwen3-VL-2B-Thinking,german,Qwen3-VL-2B-Thinking (german),culture/qwen3_vl_2b/german,fa,1,country,United States,140,0.8599309577977308,0.938969291808151,0.9385302219650442,0.9999999999999993,0.0,True,0.0,-0.07903833401042026,-1.2950584443812225
d_happy,Happiness,qwen3_vl_2b,Qwen3-VL-2B-Thinking,german,Qwen3-VL-2B-Thinking (german),culture/qwen3_vl_2b/german,fa,1,wave,1995-1997,221,0.8262268628818386,0.8830590520739414,0.8825275023106411,0.9999999999999989,0.0,True,0.0,-0.05683218919210287,-0.4859904952030806
d_happy,Happiness,qwen3_vl_2b,Qwen3-VL-2B-Thinking,german,Qwen3-VL-2B-Thinking (german),culture/qwen3_vl_2b/german,fa,1,wave,2005-2006,221,0.8430826947205224,0.8976858347363059,0.8972207703487436,0.9999999999999989,0.0,True,0.0,-0.05460314001578348,-0.5336811366740365
d_happy,Happiness,qwen3_vl_2b,Qwen3-VL-2B-Thinking,german,Qwen3-VL-2B-Thinking (german),culture/qwen3_vl_2b/german,fa,1,wave,2017-2018,245,0.8626806854100151,0.9241418576618534,0.9238309636358775,0.9999999999999973,0.0,True,0.0,-0.061461172251838336,-0.8102119345062253
d_happy,Happiness,qwen3_vl_2b,Qwen3-VL-2B-Thinking,german,Qwen3-VL-2B-Thinking (german),culture/qwen3_vl_2b/german,fa,1,sex,Female,374,0.8417625054874287,0.8976550902487672,0.8973807071127049,0.999999999999993,0.0,True,0.0,-0.055892584761338515,-0.5461198304556155
d_happy,Happiness,qwen3_vl_2b,Qwen3-VL-2B-Thinking,german,Qwen3-VL-2B-Thinking (german),culture/qwen3_vl_2b/german,fa,1,sex,Male,313,0.8480990514481698,0.9048226805288649,0.9045176250177395,0.9999999999999971,0.0,True,0.0,-0.05672362908069517,-0.5959784263297944
d_happy,Happiness,qwen3_vl_2b,Qwen3-VL-2B-Thinking,german,Qwen3-VL-2B-Thinking (german),culture/qwen3_vl_2b/german,fa,1,age,<25,79,0.8402361035203472,0.9146097535092126,0.9135150067593306,0.9999999999999999,0.0,True,0.0,-0.07437364998886542,-0.870985306230372
d_happy,Happiness,qwen3_vl_2b,Qwen3-VL-2B-Thinking,german,Qwen3-VL-2B-Thinking (german),culture/qwen3_vl_2b/german,fa,1,age,25-34,160,0.8465779357137787,0.9071714697720343,0.9065876425378961,0.9999999999999991,0.0,True,0.0,-0.06059353405825563,-0.6527468862153882
d_happy,Happiness,qwen3_vl_2b,Qwen3-VL-2B-Thinking,german,Qwen3-VL-2B-Thinking (german),culture/qwen3_vl_2b/german,fa,1,age,35-44,114,0.8433798529922526,0.8986103428317934,0.897713089228535,0.9999999999999996,0.0,True,0.0,-0.05523048983954082,-0.5447349501134303
d_happy,Happiness,qwen3_vl_2b,Qwen3-VL-2B-Thinking,german,Qwen3-VL-2B-Thinking (german),culture/qwen3_vl_2b/german,fa,1,age,45-54,117,0.8429273907356688,0.8955692213494753,0.894668956016281,0.9999999999999979,0.0,True,0.0,-0.05264183061380645,-0.5040834828012837
d_happy,Happiness,qwen3_vl_2b,Qwen3-VL-2B-Thinking,german,Qwen3-VL-2B-Thinking (german),culture/qwen3_vl_2b/german,fa,1,age,55-64,99,0.8500829601285897,0.9011064476245481,0.9000973297431658,0.9999999999999993,0.0,True,0.0,-0.05102348749595831,-0.5159435197781784
d_happy,Happiness,qwen3_vl_2b,Qwen3-VL-2B-Thinking,german,Qwen3-VL-2B-Thinking (german),culture/qwen3_vl_2b/german,fa,1,age,65-74,88,0.8430093720897838,0.8890162274959167,0.8877405519498928,0.9999999999999991,0.0,True,0.0,-0.04600685540613292,-0.4145367774774482
d_happy,Happiness,qwen3_vl_2b,Qwen3-VL-2B-Thinking,german,Qwen3-VL-2B-Thinking (german),culture/qwen3_vl_2b/german,fa,1,age,75+,28,0.8475237670593738,0.9026915719923543,0.8990875561402193,1.0,0.0,True,0.0,-0.05516780493298046,-0.5669375825149062
d_happy,Happiness,qwen3_vl_2b,Qwen3-VL-2B-Thinking,german,Qwen3-VL-2B-Thinking (german),culture/qwen3_vl_2b/german,fa,1,education,Low,51,0.8167402626882554,0.8874859136440821,0.8852356319169639,0.9999999999999997,0.0,True,0.0,-0.07074565095582674,-0.6287715009482078
d_happy,Happiness,qwen3_vl_2b,Qwen3-VL-2B-Thinking,german,Qwen3-VL-2B-Thinking (german),culture/qwen3_vl_2b/german,fa,1,education,Middle,369,0.8387749617128172,0.8990162814236187,0.8987418691448785,0.9999999999999986,0.0,True,0.0,-0.06024131971080149,-0.5965448743624607
d_happy,Happiness,qwen3_vl_2b,Qwen3-VL-2B-Thinking,german,Qwen3-VL-2B-Thinking (german),culture/qwen3_vl_2b/german,fa,1,education,High,267,0.8580991231702056,0.9080387496120751,0.9076930306256543,0.9999999999999982,0.0,True,0.0,-0.049939626441869445,-0.5430507548691055
d_happy,Happiness,qwen3_vl_2b,Qwen3-VL-2B-Thinking,german,Qwen3-VL-2B-Thinking (german),culture/qwen3_vl_2b/german,fa,1,employment,Working,377,0.8521619335440144,0.9089375410438361,0.9086953536529953,0.9999999999999971,0.0,True,0.0,-0.05677560749982169,-0.6234798417551254
d_happy,Happiness,qwen3_vl_2b,Qwen3-VL-2B-Thinking,german,Qwen3-VL-2B-Thinking (german),culture/qwen3_vl_2b/german,fa,1,employment,Student,39,0.8445729664255979,0.9136144369109342,0.9113411326191168,0.9999999999999997,0.0,True,0.0,-0.06904147048533638,-0.7992246391234705
d_happy,Happiness,qwen3_vl_2b,Qwen3-VL-2B-Thinking,german,Qwen3-VL-2B-Thinking (german),culture/qwen3_vl_2b/german,fa,1,employment,Homemaker,75,0.8229013157159268,0.9178598700712074,0.9167498683154129,0.9999999999999996,0.0,True,0.0,-0.09495855435528056,-1.156055565502517
d_happy,Happiness,qwen3_vl_2b,Qwen3-VL-2B-Thinking,german,Qwen3-VL-2B-Thinking (german),culture/qwen3_vl_2b/german,fa,1,employment,Unemployed,34,0.803100401519519,0.8887425422827504,0.8853711041701064,0.9999999999999999,0.0,True,0.0,-0.0856421407632314,-0.769765393892811
d_happy,Happiness,qwen3_vl_2b,Qwen3-VL-2B-Thinking,german,Qwen3-VL-2B-Thinking (german),culture/qwen3_vl_2b/german,fa,1,employment,Retired,157,0.8458886174522432,0.8924744615872037,0.8917851953153267,0.9999999999999989,0.0,True,0.0,-0.046585844134960475,-0.4332537629908433
d_happy,Happiness,qwen3_vl_2b,Qwen3-VL-2B-Thinking,german,Qwen3-VL-2B-Thinking (german),culture/qwen3_vl_2b/german,fa,1,marital_status,Single,139,0.8489965764989266,0.9155991318024043,0.9149875313082187,0.9999999999999998,0.0,True,0.0,-0.0666025553034777,-0.78912168471479
d_happy,Happiness,qwen3_vl_2b,Qwen3-VL-2B-Thinking,german,Qwen3-VL-2B-Thinking (german),culture/qwen3_vl_2b/german,fa,1,marital_status,Cohabiting,39,0.827940203351202,0.9173171403257355,0.9151412755974654,0.9999999999999998,0.0,True,0.0,-0.08937693697453353,-1.0809608826622699
d_happy,Happiness,qwen3_vl_2b,Qwen3-VL-2B-Thinking,german,Qwen3-VL-2B-Thinking (german),culture/qwen3_vl_2b/german,fa,1,marital_status,Married,367,0.8483484077403054,0.908759505932939,0.9085102149655426,0.999999999999999,0.0,True,0.0,-0.06041109819263357,-0.6621084071315079
d_happy,Happiness,qwen3_vl_2b,Qwen3-VL-2B-Thinking,german,Qwen3-VL-2B-Thinking (german),culture/qwen3_vl_2b/german,fa,1,marital_status,Divorced or separated,75,0.8442681108472823,0.9042318186538659,0.9029376540410803,0.999999999999999,0.0,True,0.0,-0.059963707806583666,-0.6261339305364626
d_happy,Happiness,qwen3_vl_2b,Qwen3-VL-2B-Thinking,german,Qwen3-VL-2B-Thinking (german),culture/qwen3_vl_2b/german,fa,1,marital_status,Widowed,67,0.8255225990640236,0.8903527024123241,0.8886913797216018,0.9999999999999994,0.0,True,0.0,-0.06483010334830053,-0.591260384657098
d_happy,Happiness,qwen3_vl_2b,Qwen3-VL-2B-Thinking,global,Qwen3-VL-2B-Thinking (distribution-matched),culture/qwen3_vl_2b/global,ntp,1,population,every retained cell,687,0.8993439378163598,0.9008653684903929,0.9007208573657433,0.9999999999999944,0.0,True,0.0,-0.0015214306740330974,-0.015347115845038027
d_happy,Happiness,qwen3_vl_2b,Qwen3-VL-2B-Thinking,global,Qwen3-VL-2B-Thinking (distribution-matched),culture/qwen3_vl_2b/global,ntp,1,country,Australia,136,0.9178571624560197,0.941500980200289,0.9410676541276987,0.9999999999999992,0.0,True,0.0,-0.02364381774426938,-0.40417459686027435
d_happy,Happiness,qwen3_vl_2b,Qwen3-VL-2B-Thinking,global,Qwen3-VL-2B-Thinking (distribution-matched),culture/qwen3_vl_2b/global,ntp,1,country,Germany,144,0.9344539342358305,0.9297007937385644,0.9292091908975753,0.9999999999999983,0.0,True,0.0,0.004753140497266051,0.06761300375980925
d_happy,Happiness,qwen3_vl_2b,Qwen3-VL-2B-Thinking,global,Qwen3-VL-2B-Thinking (distribution-matched),culture/qwen3_vl_2b/global,ntp,1,country,Mexico,131,0.845034572272529,0.9164663416525959,0.9158237750499235,0.9999999999999996,0.0,True,0.0,-0.0714317693800669,-0.8551255959962001
d_happy,Happiness,qwen3_vl_2b,Qwen3-VL-2B-Thinking,global,Qwen3-VL-2B-Thinking (distribution-matched),culture/qwen3_vl_2b/global,ntp,1,country,Russia,136,0.8747425443412679,0.9107762615672034,0.9101153449862197,0.9999999999999988,0.0,True,0.0,-0.03603371722593551,-0.4038579626774564
d_happy,Happiness,qwen3_vl_2b,Qwen3-VL-2B-Thinking,global,Qwen3-VL-2B-Thinking (distribution-matched),culture/qwen3_vl_2b/global,ntp,1,country,United States,140,0.9199630689839086,0.938969291808151,0.9385302219650442,0.9999999999999993,0.0,True,0.0,-0.01900622282424247,-0.31142065015035936
d_happy,Happiness,qwen3_vl_2b,Qwen3-VL-2B-Thinking,global,Qwen3-VL-2B-Thinking (distribution-matched),culture/qwen3_vl_2b/global,ntp,1,wave,1995-1997,221,0.8954733815964592,0.8830590520739414,0.8825275023106411,0.9999999999999989,0.0,True,0.0,0.012414329522517753,0.10615896093443075
d_happy,Happiness,qwen3_vl_2b,Qwen3-VL-2B-Thinking,global,Qwen3-VL-2B-Thinking (distribution-matched),culture/qwen3_vl_2b/global,ntp,1,wave,2005-2006,221,0.896213597004237,0.8976858347363059,0.8972207703487436,0.9999999999999989,0.0,True,0.0,-0.0014722377320689484,-0.01438938321272087
d_happy,Happiness,qwen3_vl_2b,Qwen3-VL-2B-Thinking,global,Qwen3-VL-2B-Thinking (distribution-matched),culture/qwen3_vl_2b/global,ntp,1,wave,2017-2018,245,0.9056590326901443,0.9241418576618534,0.9238309636358775,0.9999999999999973,0.0,True,0.0,-0.018482824971709166,-0.24364984960111205
d_happy,Happiness,qwen3_vl_2b,Qwen3-VL-2B-Thinking,global,Qwen3-VL-2B-Thinking (distribution-matched),culture/qwen3_vl_2b/global,ntp,1,sex,Female,374,0.8932042564904774,0.8976550902487672,0.8973807071127049,0.999999999999993,0.0,True,0.0,-0.004450833758289807,-0.043488569867405596
d_happy,Happiness,qwen3_vl_2b,Qwen3-VL-2B-Thinking,global,Qwen3-VL-2B-Thinking (distribution-matched),culture/qwen3_vl_2b/global,ntp,1,sex,Male,313,0.9066801704549542,0.9048226805288649,0.9045176250177395,0.9999999999999971,0.0,True,0.0,0.0018574899260892508,0.019516098335303315
d_happy,Happiness,qwen3_vl_2b,Qwen3-VL-2B-Thinking,global,Qwen3-VL-2B-Thinking (distribution-matched),culture/qwen3_vl_2b/global,ntp,1,age,<25,79,0.894040704447089,0.9146097535092126,0.9135150067593306,0.9999999999999999,0.0,True,0.0,-0.020569049062123534,-0.24088288659926388
d_happy,Happiness,qwen3_vl_2b,Qwen3-VL-2B-Thinking,global,Qwen3-VL-2B-Thinking (distribution-matched),culture/qwen3_vl_2b/global,ntp,1,age,25-34,160,0.903790747099048,0.9071714697720343,0.9065876425378961,0.9999999999999991,0.0,True,0.0,-0.0033807226729862805,-0.03641900463881091
d_happy,Happiness,qwen3_vl_2b,Qwen3-VL-2B-Thinking,global,Qwen3-VL-2B-Thinking (distribution-matched),culture/qwen3_vl_2b/global,ntp,1,age,35-44,114,0.900579634046408,0.8986103428317934,0.897713089228535,0.9999999999999996,0.0,True,0.0,0.0019692912146145325,0.01942299904759966
d_happy,Happiness,qwen3_vl_2b,Qwen3-VL-2B-Thinking,global,Qwen3-VL-2B-Thinking (distribution-matched),culture/qwen3_vl_2b/global,ntp,1,age,45-54,117,0.9056462044676831,0.8955692213494753,0.894668956016281,0.9999999999999979,0.0,True,0.0,0.010076983118207816,0.09649437884524652
d_happy,Happiness,qwen3_vl_2b,Qwen3-VL-2B-Thinking,global,Qwen3-VL-2B-Thinking (distribution-matched),culture/qwen3_vl_2b/global,ntp,1,age,55-64,99,0.9049286246273613,0.9011064476245481,0.9000973297431658,0.9999999999999993,0.0,True,0.0,0.0038221770028132873,0.0386494054567106
d_happy,Happiness,qwen3_vl_2b,Qwen3-VL-2B-Thinking,global,Qwen3-VL-2B-Thinking (distribution-matched),culture/qwen3_vl_2b/global,ntp,1,age,65-74,88,0.8875430316602908,0.8890162274959167,0.8877405519498928,0.9999999999999991,0.0,True,0.0,-0.0014731958356258845,-0.013273975126153536
d_happy,Happiness,qwen3_vl_2b,Qwen3-VL-2B-Thinking,global,Qwen3-VL-2B-Thinking (distribution-matched),culture/qwen3_vl_2b/global,ntp,1,age,75+,28,0.8786351030427406,0.9026915719923543,0.8990875561402193,1.0,0.0,True,0.0,-0.024056468949613663,-0.2472187604112102
d_happy,Happiness,qwen3_vl_2b,Qwen3-VL-2B-Thinking,global,Qwen3-VL-2B-Thinking (distribution-matched),culture/qwen3_vl_2b/global,ntp,1,education,Low,51,0.8446499843046973,0.8874859136440821,0.8852356319169639,0.9999999999999997,0.0,True,0.0,-0.04283592933938485,-0.3807161460999752
d_happy,Happiness,qwen3_vl_2b,Qwen3-VL-2B-Thinking,global,Qwen3-VL-2B-Thinking (distribution-matched),culture/qwen3_vl_2b/global,ntp,1,education,Middle,369,0.8985736283737152,0.8990162814236187,0.8987418691448785,0.9999999999999986,0.0,True,0.0,-0.0004426530499034298,-0.00438341007980033
d_happy,Happiness,qwen3_vl_2b,Qwen3-VL-2B-Thinking,global,Qwen3-VL-2B-Thinking (distribution-matched),culture/qwen3_vl_2b/global,ntp,1,education,High,267,0.9108556824359503,0.9080387496120751,0.9076930306256543,0.9999999999999982,0.0,True,0.0,0.0028169328238751845,0.030631736867347614
d_happy,Happiness,qwen3_vl_2b,Qwen3-VL-2B-Thinking,global,Qwen3-VL-2B-Thinking (distribution-matched),culture/qwen3_vl_2b/global,ntp,1,employment,Working,377,0.9142656301777938,0.9089375410438361,0.9086953536529953,0.9999999999999971,0.0,True,0.0,0.00532808913395777,0.05851027080789274
d_happy,Happiness,qwen3_vl_2b,Qwen3-VL-2B-Thinking,global,Qwen3-VL-2B-Thinking (distribution-matched),culture/qwen3_vl_2b/global,ntp,1,employment,Student,39,0.8867267825705241,0.9136144369109342,0.9113411326191168,0.9999999999999997,0.0,True,0.0,-0.026887654340410183,-0.3112517112690267
d_happy,Happiness,qwen3_vl_2b,Qwen3-VL-2B-Thinking,global,Qwen3-VL-2B-Thinking (distribution-matched),culture/qwen3_vl_2b/global,ntp,1,employment,Homemaker,75,0.8411791512783553,0.9178598700712074,0.9167498683154129,0.9999999999999996,0.0,True,0.0,-0.0766807187928521,-0.9335353968800235
d_happy,Happiness,qwen3_vl_2b,Qwen3-VL-2B-Thinking,global,Qwen3-VL-2B-Thinking (distribution-matched),culture/qwen3_vl_2b/global,ntp,1,employment,Unemployed,34,0.8803329702320604,0.8887425422827504,0.8853711041701064,0.9999999999999999,0.0,True,0.0,-0.00840957205069004,-0.07558659188548222
d_happy,Happiness,qwen3_vl_2b,Qwen3-VL-2B-Thinking,global,Qwen3-VL-2B-Thinking (distribution-matched),culture/qwen3_vl_2b/global,ntp,1,employment,Retired,157,0.8985047354303004,0.8924744615872037,0.8917851953153267,0.9999999999999989,0.0,True,0.0,0.006030273843096734,0.056082247362911945
d_happy,Happiness,qwen3_vl_2b,Qwen3-VL-2B-Thinking,global,Qwen3-VL-2B-Thinking (distribution-matched),culture/qwen3_vl_2b/global,ntp,1,marital_status,Single,139,0.9040775027539987,0.9155991318024043,0.9149875313082187,0.9999999999999998,0.0,True,0.0,-0.01152162904840559,-0.136510788270941
d_happy,Happiness,qwen3_vl_2b,Qwen3-VL-2B-Thinking,global,Qwen3-VL-2B-Thinking (distribution-matched),culture/qwen3_vl_2b/global,ntp,1,marital_status,Cohabiting,39,0.8886516542324494,0.9173171403257355,0.9151412755974654,0.9999999999999998,0.0,True,0.0,-0.02866548609328612,-0.3466920012952626
d_happy,Happiness,qwen3_vl_2b,Qwen3-VL-2B-Thinking,global,Qwen3-VL-2B-Thinking (distribution-matched),culture/qwen3_vl_2b/global,ntp,1,marital_status,Married,367,0.9009732615644075,0.908759505932939,0.9085102149655426,0.999999999999999,0.0,True,0.0,-0.007786244368531481,-0.08533759541907625
d_happy,Happiness,qwen3_vl_2b,Qwen3-VL-2B-Thinking,global,Qwen3-VL-2B-Thinking (distribution-matched),culture/qwen3_vl_2b/global,ntp,1,marital_status,Divorced or separated,75,0.9108237266716073,0.9042318186538659,0.9029376540410803,0.999999999999999,0.0,True,0.0,0.006591908017741344,0.06883192230534554
d_happy,Happiness,qwen3_vl_2b,Qwen3-VL-2B-Thinking,global,Qwen3-VL-2B-Thinking (distribution-matched),culture/qwen3_vl_2b/global,ntp,1,marital_status,Widowed,67,0.8739721102605937,0.8903527024123241,0.8886913797216018,0.9999999999999994,0.0,True,0.0,-0.016380592151730378,-0.14939348722782858
d_happy,Happiness,qwen3_vl_2b,Qwen3-VL-2B-Thinking,global,Qwen3-VL-2B-Thinking (distribution-matched),culture/qwen3_vl_2b/global,fa,1,population,every retained cell,687,0.893590177926786,0.9008653684903929,0.9007208573657433,0.9999999999999944,0.0,True,0.0,-0.007275190563606926,-0.07338697337975064
d_happy,Happiness,qwen3_vl_2b,Qwen3-VL-2B-Thinking,global,Qwen3-VL-2B-Thinking (distribution-matched),culture/qwen3_vl_2b/global,fa,1,country,Australia,136,0.9157080945801592,0.941500980200289,0.9410676541276987,0.9999999999999992,0.0,True,0.0,-0.025792885620129824,-0.44091141541242146
d_happy,Happiness,qwen3_vl_2b,Qwen3-VL-2B-Thinking,global,Qwen3-VL-2B-Thinking (distribution-matched),culture/qwen3_vl_2b/global,fa,1,country,Germany,144,0.9267381175791527,0.9297007937385644,0.9292091908975753,0.9999999999999983,0.0,True,0.0,-0.0029626761594117035,-0.04214380669383111
d_happy,Happiness,qwen3_vl_2b,Qwen3-VL-2B-Thinking,global,Qwen3-VL-2B-Thinking (distribution-matched),culture/qwen3_vl_2b/global,fa,1,country,Mexico,131,0.8420879283036626,0.9164663416525959,0.9158237750499235,0.9999999999999996,0.0,True,0.0,-0.07437841334893325,-0.8904005262118946
d_happy,Happiness,qwen3_vl_2b,Qwen3-VL-2B-Thinking,global,Qwen3-VL-2B-Thinking (distribution-matched),culture/qwen3_vl_2b/global,fa,1,country,Russia,136,0.8682513165892093,0.9107762615672034,0.9101153449862197,0.9999999999999988,0.0,True,0.0,-0.042524944977994084,-0.4766102129874764
d_happy,Happiness,qwen3_vl_2b,Qwen3-VL-2B-Thinking,global,Qwen3-VL-2B-Thinking (distribution-matched),culture/qwen3_vl_2b/global,fa,1,country,United States,140,0.9108154626963572,0.938969291808151,0.9385302219650442,0.9999999999999993,0.0,True,0.0,-0.02815382911179387,-0.4613059547546589
d_happy,Happiness,qwen3_vl_2b,Qwen3-VL-2B-Thinking,global,Qwen3-VL-2B-Thinking (distribution-matched),culture/qwen3_vl_2b/global,fa,1,wave,1995-1997,221,0.8865743817202435,0.8830590520739414,0.8825275023106411,0.9999999999999989,0.0,True,0.0,0.003515329646302079,0.03006072473882127
d_happy,Happiness,qwen3_vl_2b,Qwen3-VL-2B-Thinking,global,Qwen3-VL-2B-Thinking (distribution-matched),culture/qwen3_vl_2b/global,fa,1,wave,2005-2006,221,0.8904175930648404,0.8976858347363059,0.8972207703487436,0.9999999999999989,0.0,True,0.0,-0.0072682416714655584,-0.07103846913800387
d_happy,Happiness,qwen3_vl_2b,Qwen3-VL-2B-Thinking,global,Qwen3-VL-2B-Thinking (distribution-matched),culture/qwen3_vl_2b/global,fa,1,wave,2017-2018,245,0.9027805135028506,0.9241418576618534,0.9238309636358775,0.9999999999999973,0.0,True,0.0,-0.021361344159002815,-0.2815959302533684
d_happy,Happiness,qwen3_vl_2b,Qwen3-VL-2B-Thinking,global,Qwen3-VL-2B-Thinking (distribution-matched),culture/qwen3_vl_2b/global,fa,1,sex,Female,374,0.8884337403341799,0.8976550902487672,0.8973807071127049,0.999999999999993,0.0,True,0.0,-0.00922134991458734,-0.09010071860927373
d_happy,Happiness,qwen3_vl_2b,Qwen3-VL-2B-Thinking,global,Qwen3-VL-2B-Thinking (distribution-matched),culture/qwen3_vl_2b/global,fa,1,sex,Male,313,0.8997515442514973,0.9048226805288649,0.9045176250177395,0.9999999999999971,0.0,True,0.0,-0.0050711362773676605,-0.05328093190211783
d_happy,Happiness,qwen3_vl_2b,Qwen3-VL-2B-Thinking,global,Qwen3-VL-2B-Thinking (distribution-matched),culture/qwen3_vl_2b/global,fa,1,age,<25,79,0.8949024462697325,0.9146097535092126,0.9135150067593306,0.9999999999999999,0.0,True,0.0,-0.01970730723948011,-0.23079108035607196
d_happy,Happiness,qwen3_vl_2b,Qwen3-VL-2B-Thinking,global,Qwen3-VL-2B-Thinking (distribution-matched),culture/qwen3_vl_2b/global,fa,1,age,25-34,160,0.8974305358958229,0.9071714697720343,0.9065876425378961,0.9999999999999991,0.0,True,0.0,-0.009740933876211444,-0.10493469897982803
d_happy,Happiness,qwen3_vl_2b,Qwen3-VL-2B-Thinking,global,Qwen3-VL-2B-Thinking (distribution-matched),culture/qwen3_vl_2b/global,fa,1,age,35-44,114,0.8930989829781198,0.8986103428317934,0.897713089228535,0.9999999999999996,0.0,True,0.0,-0.00551135985367357,-0.054358205832870723
d_happy,Happiness,qwen3_vl_2b,Qwen3-VL-2B-Thinking,global,Qwen3-VL-2B-Thinking (distribution-matched),culture/qwen3_vl_2b/global,fa,1,age,45-54,117,0.8968944387622226,0.8955692213494753,0.894668956016281,0.9999999999999979,0.0,True,0.0,0.0013252174127473815,0.01268991220665118
d_happy,Happiness,qwen3_vl_2b,Qwen3-VL-2B-Thinking,global,Qwen3-VL-2B-Thinking (distribution-matched),culture/qwen3_vl_2b/global,fa,1,age,55-64,99,0.8940270338148778,0.9011064476245481,0.9000973297431658,0.9999999999999993,0.0,True,0.0,-0.007079413809670254,-0.0715862019274328
d_happy,Happiness,qwen3_vl_2b,Qwen3-VL-2B-Thinking,global,Qwen3-VL-2B-Thinking (distribution-matched),culture/qwen3_vl_2b/global,fa,1,age,65-74,88,0.890708080118453,0.8890162274959167,0.8877405519498928,0.9999999999999991,0.0,True,0.0,0.0016918526225363495,0.015244144115520157
d_happy,Happiness,qwen3_vl_2b,Qwen3-VL-2B-Thinking,global,Qwen3-VL-2B-Thinking (distribution-matched),culture/qwen3_vl_2b/global,fa,1,age,75+,28,0.8709415386507069,0.9026915719923543,0.8990875561402193,1.0,0.0,True,0.0,-0.03175003334164739,-0.3262824607458742
d_happy,Happiness,qwen3_vl_2b,Qwen3-VL-2B-Thinking,global,Qwen3-VL-2B-Thinking (distribution-matched),culture/qwen3_vl_2b/global,fa,1,education,Low,51,0.8438651947692832,0.8874859136440821,0.8852356319169639,0.9999999999999997,0.0,True,0.0,-0.0436207188747989,-0.3876911797231565
d_happy,Happiness,qwen3_vl_2b,Qwen3-VL-2B-Thinking,global,Qwen3-VL-2B-Thinking (distribution-matched),culture/qwen3_vl_2b/global,fa,1,education,Middle,369,0.8918098916543653,0.8990162814236187,0.8987418691448785,0.9999999999999986,0.0,True,0.0,-0.007206389769253363,-0.0713618974508514
d_happy,Happiness,qwen3_vl_2b,Qwen3-VL-2B-Thinking,global,Qwen3-VL-2B-Thinking (distribution-matched),culture/qwen3_vl_2b/global,fa,1,education,High,267,0.9055486040524633,0.9080387496120751,0.9076930306256543,0.9999999999999982,0.0,True,0.0,-0.0024901455596118005,-0.027078204668895763
d_happy,Happiness,qwen3_vl_2b,Qwen3-VL-2B-Thinking,global,Qwen3-VL-2B-Thinking (distribution-matched),culture/qwen3_vl_2b/global,fa,1,employment,Working,377,0.9051998278612235,0.9089375410438361,0.9086953536529953,0.9999999999999971,0.0,True,0.0,-0.003737713182612512,-0.041045599091627756
d_happy,Happiness,qwen3_vl_2b,Qwen3-VL-2B-Thinking,global,Qwen3-VL-2B-Thinking (distribution-matched),culture/qwen3_vl_2b/global,fa,1,employment,Student,39,0.8983461037765036,0.9136144369109342,0.9113411326191168,0.9999999999999997,0.0,True,0.0,-0.015268333134430656,-0.17674635191864882
d_happy,Happiness,qwen3_vl_2b,Qwen3-VL-2B-Thinking,global,Qwen3-VL-2B-Thinking (distribution-matched),culture/qwen3_vl_2b/global,fa,1,employment,Homemaker,75,0.8450792499195895,0.9178598700712074,0.9167498683154129,0.9999999999999996,0.0,True,0.0,-0.0727806201516179,-0.8860543587490247
d_happy,Happiness,qwen3_vl_2b,Qwen3-VL-2B-Thinking,global,Qwen3-VL-2B-Thinking (distribution-matched),culture/qwen3_vl_2b/global,fa,1,employment,Unemployed,34,0.851967022360968,0.8887425422827504,0.8853711041701064,0.9999999999999999,0.0,True,0.0,-0.03677551992178241,-0.33054431295063336
d_happy,Happiness,qwen3_vl_2b,Qwen3-VL-2B-Thinking,global,Qwen3-VL-2B-Thinking (distribution-matched),culture/qwen3_vl_2b/global,fa,1,employment,Retired,157,0.8963541778134251,0.8924744615872037,0.8917851953153267,0.9999999999999989,0.0,True,0.0,0.003879716226221408,0.036081811665308466
d_happy,Happiness,qwen3_vl_2b,Qwen3-VL-2B-Thinking,global,Qwen3-VL-2B-Thinking (distribution-matched),culture/qwen3_vl_2b/global,fa,1,marital_status,Single,139,0.8997391681952464,0.9155991318024043,0.9149875313082187,0.9999999999999998,0.0,True,0.0,-0.015859963607157912,-0.18791232775031694
d_happy,Happiness,qwen3_vl_2b,Qwen3-VL-2B-Thinking,global,Qwen3-VL-2B-Thinking (distribution-matched),culture/qwen3_vl_2b/global,fa,1,marital_status,Cohabiting,39,0.8774554676961516,0.9173171403257355,0.9151412755974654,0.9999999999999998,0.0,True,0.0,-0.039861672629583955,-0.4821032168773806
d_happy,Happiness,qwen3_vl_2b,Qwen3-VL-2B-Thinking,global,Qwen3-VL-2B-Thinking (distribution-matched),culture/qwen3_vl_2b/global,fa,1,marital_status,Married,367,0.8951938023439424,0.908759505932939,0.9085102149655426,0.999999999999999,0.0,True,0.0,-0.013565703588996558,-0.14868073356799094
d_happy,Happiness,qwen3_vl_2b,Qwen3-VL-2B-Thinking,global,Qwen3-VL-2B-Thinking (distribution-matched),culture/qwen3_vl_2b/global,fa,1,marital_status,Divorced or separated,75,0.9008239891790181,0.9042318186538659,0.9029376540410803,0.999999999999999,0.0,True,0.0,-0.0034078294748478566,-0.035584151509894184
d_happy,Happiness,qwen3_vl_2b,Qwen3-VL-2B-Thinking,global,Qwen3-VL-2B-Thinking (distribution-matched),culture/qwen3_vl_2b/global,fa,1,marital_status,Widowed,67,0.8733435816083516,0.8903527024123241,0.8886913797216018,0.9999999999999994,0.0,True,0.0,-0.017009120803972544,-0.15512576395575783
d_happy,Happiness,qwen3_vl_2b,Qwen3-VL-2B-Thinking,spanish-mx,Qwen3-VL-2B-Thinking (spanish-mx),culture/qwen3_vl_2b/spanish-mx,ntp,1,population,every retained cell,687,0.8794243879099934,0.9008653684903929,0.9007208573657433,0.9999999999999944,0.0,True,0.0,-0.02144098058039945,-0.21628143721219772
d_happy,Happiness,qwen3_vl_2b,Qwen3-VL-2B-Thinking,spanish-mx,Qwen3-VL-2B-Thinking (spanish-mx),culture/qwen3_vl_2b/spanish-mx,ntp,1,country,Australia,136,0.887574735174489,0.941500980200289,0.9410676541276987,0.9999999999999992,0.0,True,0.0,-0.05392624502580001,-0.9218316000923227
d_happy,Happiness,qwen3_vl_2b,Qwen3-VL-2B-Thinking,spanish-mx,Qwen3-VL-2B-Thinking (spanish-mx),culture/qwen3_vl_2b/spanish-mx,ntp,1,country,Germany,144,0.9171217889660134,0.9297007937385644,0.9292091908975753,0.9999999999999983,0.0,True,0.0,-0.012579004772551028,-0.17893523186835122
d_happy,Happiness,qwen3_vl_2b,Qwen3-VL-2B-Thinking,spanish-mx,Qwen3-VL-2B-Thinking (spanish-mx),culture/qwen3_vl_2b/spanish-mx,ntp,1,country,Mexico,131,0.8135661590268675,0.9164663416525959,0.9158237750499235,0.9999999999999996,0.0,True,0.0,-0.10290018262572842,-1.2318409687958571
d_happy,Happiness,qwen3_vl_2b,Qwen3-VL-2B-Thinking,spanish-mx,Qwen3-VL-2B-Thinking (spanish-mx),culture/qwen3_vl_2b/spanish-mx,ntp,1,country,Russia,136,0.8885115858589665,0.9107762615672034,0.9101153449862197,0.9999999999999988,0.0,True,0.0,-0.02226467570823687,-0.2495375793405769
d_happy,Happiness,qwen3_vl_2b,Qwen3-VL-2B-Thinking,spanish-mx,Qwen3-VL-2B-Thinking (spanish-mx),culture/qwen3_vl_2b/spanish-mx,ntp,1,country,United States,140,0.8855293599285002,0.938969291808151,0.9385302219650442,0.9999999999999993,0.0,True,0.0,-0.05343993187965079,-0.8756236567280736
d_happy,Happiness,qwen3_vl_2b,Qwen3-VL-2B-Thinking,spanish-mx,Qwen3-VL-2B-Thinking (spanish-mx),culture/qwen3_vl_2b/spanish-mx,ntp,1,wave,1995-1997,221,0.8673579254508537,0.8830590520739414,0.8825275023106411,0.9999999999999989,0.0,True,0.0,-0.015701126623087758,-0.1342654297023104
d_happy,Happiness,qwen3_vl_2b,Qwen3-VL-2B-Thinking,spanish-mx,Qwen3-VL-2B-Thinking (spanish-mx),culture/qwen3_vl_2b/spanish-mx,ntp,1,wave,2005-2006,221,0.8793239036892551,0.8976858347363059,0.8972207703487436,0.9999999999999989,0.0,True,0.0,-0.01836193104705086,-0.17946616677882965
d_happy,Happiness,qwen3_vl_2b,Qwen3-VL-2B-Thinking,spanish-mx,Qwen3-VL-2B-Thinking (spanish-mx),culture/qwen3_vl_2b/spanish-mx,ntp,1,wave,2017-2018,245,0.8903994704253123,0.9241418576618534,0.9238309636358775,0.9999999999999973,0.0,True,0.0,-0.033742387236541105,-0.444809036927512
d_happy,Happiness,qwen3_vl_2b,Qwen3-VL-2B-Thinking,spanish-mx,Qwen3-VL-2B-Thinking (spanish-mx),culture/qwen3_vl_2b/spanish-mx,ntp,1,sex,Female,374,0.8750572374685052,0.8976550902487672,0.8973807071127049,0.999999999999993,0.0,True,0.0,-0.02259785278026205,-0.22080094491450614
d_happy,Happiness,qwen3_vl_2b,Qwen3-VL-2B-Thinking,spanish-mx,Qwen3-VL-2B-Thinking (spanish-mx),culture/qwen3_vl_2b/spanish-mx,ntp,1,sex,Male,313,0.8846426443480659,0.9048226805288649,0.9045176250177395,0.9999999999999971,0.0,True,0.0,-0.020180036180799,-0.21202568314522777
d_happy,Happiness,qwen3_vl_2b,Qwen3-VL-2B-Thinking,spanish-mx,Qwen3-VL-2B-Thinking (spanish-mx),culture/qwen3_vl_2b/spanish-mx,ntp,1,age,<25,79,0.8747303970402566,0.9146097535092126,0.9135150067593306,0.9999999999999999,0.0,True,0.0,-0.03987935646895602,-0.46702472598270955
d_happy,Happiness,qwen3_vl_2b,Qwen3-VL-2B-Thinking,spanish-mx,Qwen3-VL-2B-Thinking (spanish-mx),culture/qwen3_vl_2b/spanish-mx,ntp,1,age,25-34,160,0.8814077489507801,0.9071714697720343,0.9065876425378961,0.9999999999999991,0.0,True,0.0,-0.02576372082125422,-0.2775409753659183
d_happy,Happiness,qwen3_vl_2b,Qwen3-VL-2B-Thinking,spanish-mx,Qwen3-VL-2B-Thinking (spanish-mx),culture/qwen3_vl_2b/spanish-mx,ntp,1,age,35-44,114,0.8821317842126599,0.8986103428317934,0.897713089228535,0.9999999999999996,0.0,True,0.0,-0.0164785586191335,-0.16252701783768125
d_happy,Happiness,qwen3_vl_2b,Qwen3-VL-2B-Thinking,spanish-mx,Qwen3-VL-2B-Thinking (spanish-mx),culture/qwen3_vl_2b/spanish-mx,ntp,1,age,45-54,117,0.8836316206856055,0.8955692213494753,0.894668956016281,0.9999999999999979,0.0,True,0.0,-0.01193760066386973,-0.11431113334717767
d_happy,Happiness,qwen3_vl_2b,Qwen3-VL-2B-Thinking,spanish-mx,Qwen3-VL-2B-Thinking (spanish-mx),culture/qwen3_vl_2b/spanish-mx,ntp,1,age,55-64,99,0.8855386487951074,0.9011064476245481,0.9000973297431658,0.9999999999999993,0.0,True,0.0,-0.015567798829440704,-0.15741975543903156
d_happy,Happiness,qwen3_vl_2b,Qwen3-VL-2B-Thinking,spanish-mx,Qwen3-VL-2B-Thinking (spanish-mx),culture/qwen3_vl_2b/spanish-mx,ntp,1,age,65-74,88,0.8716814756062903,0.8890162274959167,0.8877405519498928,0.9999999999999991,0.0,True,0.0,-0.01733475188962641,-0.15619177018864294
d_happy,Happiness,qwen3_vl_2b,Qwen3-VL-2B-Thinking,spanish-mx,Qwen3-VL-2B-Thinking (spanish-mx),culture/qwen3_vl_2b/spanish-mx,ntp,1,age,75+,28,0.8563988717903813,0.9026915719923543,0.8990875561402193,1.0,0.0,True,0.0,-0.04629270020197296,-0.4757316621982183
d_happy,Happiness,qwen3_vl_2b,Qwen3-VL-2B-Thinking,spanish-mx,Qwen3-VL-2B-Thinking (spanish-mx),culture/qwen3_vl_2b/spanish-mx,ntp,1,education,Low,51,0.83329813796549,0.8874859136440821,0.8852356319169639,0.9999999999999997,0.0,True,0.0,-0.05418777567859212,-0.48160881391489896
d_happy,Happiness,qwen3_vl_2b,Qwen3-VL-2B-Thinking,spanish-mx,Qwen3-VL-2B-Thinking (spanish-mx),culture/qwen3_vl_2b/spanish-mx,ntp,1,education,Middle,369,0.8760819578296141,0.8990162814236187,0.8987418691448785,0.9999999999999986,0.0,True,0.0,-0.022934323594004602,-0.2271091213249164
d_happy,Happiness,qwen3_vl_2b,Qwen3-VL-2B-Thinking,spanish-mx,Qwen3-VL-2B-Thinking (spanish-mx),culture/qwen3_vl_2b/spanish-mx,ntp,1,education,High,267,0.8928543334037375,0.9080387496120751,0.9076930306256543,0.9999999999999982,0.0,True,0.0,-0.015184416208337548,-0.1651175483617756
d_happy,Happiness,qwen3_vl_2b,Qwen3-VL-2B-Thinking,spanish-mx,Qwen3-VL-2B-Thinking (spanish-mx),culture/qwen3_vl_2b/spanish-mx,ntp,1,employment,Working,377,0.8880472435537728,0.9089375410438361,0.9086953536529953,0.9999999999999971,0.0,True,0.0,-0.020890297490063214,-0.2294062529117458
d_happy,Happiness,qwen3_vl_2b,Qwen3-VL-2B-Thinking,spanish-mx,Qwen3-VL-2B-Thinking (spanish-mx),culture/qwen3_vl_2b/spanish-mx,ntp,1,employment,Student,39,0.8875718850869507,0.9136144369109342,0.9113411326191168,0.9999999999999997,0.0,True,0.0,-0.026042551823983517,-0.30146879747872884
d_happy,Happiness,qwen3_vl_2b,Qwen3-VL-2B-Thinking,spanish-mx,Qwen3-VL-2B-Thinking (spanish-mx),culture/qwen3_vl_2b/spanish-mx,ntp,1,employment,Homemaker,75,0.8423562260045714,0.9178598700712074,0.9167498683154129,0.9999999999999996,0.0,True,0.0,-0.07550364406663601,-0.9192053157462768
d_happy,Happiness,qwen3_vl_2b,Qwen3-VL-2B-Thinking,spanish-mx,Qwen3-VL-2B-Thinking (spanish-mx),culture/qwen3_vl_2b/spanish-mx,ntp,1,employment,Unemployed,34,0.8580728006972238,0.8887425422827504,0.8853711041701064,0.9999999999999999,0.0,True,0.0,-0.0306697415855266,-0.27566459107371366
d_happy,Happiness,qwen3_vl_2b,Qwen3-VL-2B-Thinking,spanish-mx,Qwen3-VL-2B-Thinking (spanish-mx),culture/qwen3_vl_2b/spanish-mx,ntp,1,employment,Retired,157,0.8789815936244887,0.8924744615872037,0.8917851953153267,0.9999999999999989,0.0,True,0.0,-0.013492867962714983,-0.12548523971035733
d_happy,Happiness,qwen3_vl_2b,Qwen3-VL-2B-Thinking,spanish-mx,Qwen3-VL-2B-Thinking (spanish-mx),culture/qwen3_vl_2b/spanish-mx,ntp,1,marital_status,Single,139,0.8834431477743838,0.9155991318024043,0.9149875313082187,0.9999999999999998,0.0,True,0.0,-0.032155984028020446,-0.3809911522798346
d_happy,Happiness,qwen3_vl_2b,Qwen3-VL-2B-Thinking,spanish-mx,Qwen3-VL-2B-Thinking (spanish-mx),culture/qwen3_vl_2b/spanish-mx,ntp,1,marital_status,Cohabiting,39,0.8628836802656381,0.9173171403257355,0.9151412755974654,0.9999999999999998,0.0,True,0.0,-0.054433460060097416,-0.6583403171412098
d_happy,Happiness,qwen3_vl_2b,Qwen3-VL-2B-Thinking,spanish-mx,Qwen3-VL-2B-Thinking (spanish-mx),culture/qwen3_vl_2b/spanish-mx,ntp,1,marital_status,Married,367,0.8790054001445095,0.908759505932939,0.9085102149655426,0.999999999999999,0.0,True,0.0,-0.02975410578842952,-0.326106364204478
d_happy,Happiness,qwen3_vl_2b,Qwen3-VL-2B-Thinking,spanish-mx,Qwen3-VL-2B-Thinking (spanish-mx),culture/qwen3_vl_2b/spanish-mx,ntp,1,marital_status,Divorced or separated,75,0.8947171338930549,0.9042318186538659,0.9029376540410803,0.999999999999999,0.0,True,0.0,-0.009514684760811076,-0.09935121067426599
d_happy,Happiness,qwen3_vl_2b,Qwen3-VL-2B-Thinking,spanish-mx,Qwen3-VL-2B-Thinking (spanish-mx),culture/qwen3_vl_2b/spanish-mx,ntp,1,marital_status,Widowed,67,0.8658914407186895,0.8903527024123241,0.8886913797216018,0.9999999999999994,0.0,True,0.0,-0.024461261693634606,-0.22309042020917075
d_happy,Happiness,qwen3_vl_2b,Qwen3-VL-2B-Thinking,spanish-mx,Qwen3-VL-2B-Thinking (spanish-mx),culture/qwen3_vl_2b/spanish-mx,fa,1,population,every retained cell,687,0.8597719215499702,0.9008653684903929,0.9007208573657433,0.9999999999999944,0.0,True,0.0,-0.04109344694042272,-0.4145216087925879
d_happy,Happiness,qwen3_vl_2b,Qwen3-VL-2B-Thinking,spanish-mx,Qwen3-VL-2B-Thinking (spanish-mx),culture/qwen3_vl_2b/spanish-mx,fa,1,country,Australia,136,0.8693717345419341,0.941500980200289,0.9410676541276987,0.9999999999999992,0.0,True,0.0,-0.07212924565835499,-1.2329992178554654
d_happy,Happiness,qwen3_vl_2b,Qwen3-VL-2B-Thinking,spanish-mx,Qwen3-VL-2B-Thinking (spanish-mx),culture/qwen3_vl_2b/spanish-mx,fa,1,country,Germany,144,0.8939544627527074,0.9297007937385644,0.9292091908975753,0.9999999999999983,0.0,True,0.0,-0.035746330985857,-0.508488401034288
d_happy,Happiness,qwen3_vl_2b,Qwen3-VL-2B-Thinking,spanish-mx,Qwen3-VL-2B-Thinking (spanish-mx),culture/qwen3_vl_2b/spanish-mx,fa,1,country,Mexico,131,0.7944165195909934,0.9164663416525959,0.9158237750499235,0.9999999999999996,0.0,True,0.0,-0.12204982206160253,-1.461085560912649
d_happy,Happiness,qwen3_vl_2b,Qwen3-VL-2B-Thinking,spanish-mx,Qwen3-VL-2B-Thinking (spanish-mx),culture/qwen3_vl_2b/spanish-mx,fa,1,country,Russia,136,0.868462460963447,0.9107762615672034,0.9101153449862197,0.9999999999999988,0.0,True,0.0,-0.042313800603756335,-0.4742437533664554
d_happy,Happiness,qwen3_vl_2b,Qwen3-VL-2B-Thinking,spanish-mx,Qwen3-VL-2B-Thinking (spanish-mx),culture/qwen3_vl_2b/spanish-mx,fa,1,country,United States,140,0.8679989486663406,0.938969291808151,0.9385302219650442,0.9999999999999993,0.0,True,0.0,-0.07097034314181039,-1.1628628479734553
d_happy,Happiness,qwen3_vl_2b,Qwen3-VL-2B-Thinking,spanish-mx,Qwen3-VL-2B-Thinking (spanish-mx),culture/qwen3_vl_2b/spanish-mx,fa,1,wave,1995-1997,221,0.8459897966216599,0.8830590520739414,0.8825275023106411,0.9999999999999989,0.0,True,0.0,-0.03706925545228157,-0.3169912345478878
d_happy,Happiness,qwen3_vl_2b,Qwen3-VL-2B-Thinking,spanish-mx,Qwen3-VL-2B-Thinking (spanish-mx),culture/qwen3_vl_2b/spanish-mx,fa,1,wave,2005-2006,221,0.8601807262019608,0.8976858347363059,0.8972207703487436,0.9999999999999989,0.0,True,0.0,-0.03750510853434508,-0.36656809384783856
d_happy,Happiness,qwen3_vl_2b,Qwen3-VL-2B-Thinking,spanish-mx,Qwen3-VL-2B-Thinking (spanish-mx),culture/qwen3_vl_2b/spanish-mx,fa,1,wave,2017-2018,245,0.8718352022890177,0.9241418576618534,0.9238309636358775,0.9999999999999973,0.0,True,0.0,-0.05230665537283574,-0.6895325110872433
d_happy,Happiness,qwen3_vl_2b,Qwen3-VL-2B-Thinking,spanish-mx,Qwen3-VL-2B-Thinking (spanish-mx),culture/qwen3_vl_2b/spanish-mx,fa,1,sex,Female,374,0.8563686135907823,0.8976550902487672,0.8973807071127049,0.999999999999993,0.0,True,0.0,-0.041286476657984905,-0.4034052769047226
d_happy,Happiness,qwen3_vl_2b,Qwen3-VL-2B-Thinking,spanish-mx,Qwen3-VL-2B-Thinking (spanish-mx),culture/qwen3_vl_2b/spanish-mx,fa,1,sex,Male,313,0.8638384939996069,0.9048226805288649,0.9045176250177395,0.9999999999999971,0.0,True,0.0,-0.04098418652925806,-0.4306087496158952
d_happy,Happiness,qwen3_vl_2b,Qwen3-VL-2B-Thinking,spanish-mx,Qwen3-VL-2B-Thinking (spanish-mx),culture/qwen3_vl_2b/spanish-mx,fa,1,age,<25,79,0.856794337845243,0.9146097535092126,0.9135150067593306,0.9999999999999999,0.0,True,0.0,-0.05781541566396964,-0.6770728278692488
d_happy,Happiness,qwen3_vl_2b,Qwen3-VL-2B-Thinking,spanish-mx,Qwen3-VL-2B-Thinking (spanish-mx),culture/qwen3_vl_2b/spanish-mx,fa,1,age,25-34,160,0.860174825970551,0.9071714697720343,0.9065876425378961,0.9999999999999991,0.0,True,0.0,-0.046996643801483384,-0.5062737036347593
d_happy,Happiness,qwen3_vl_2b,Qwen3-VL-2B-Thinking,spanish-mx,Qwen3-VL-2B-Thinking (spanish-mx),culture/qwen3_vl_2b/spanish-mx,fa,1,age,35-44,114,0.8617813394708216,0.8986103428317934,0.897713089228535,0.9999999999999996,0.0,True,0.0,-0.036829003360971835,-0.36324221217034103
d_happy,Happiness,qwen3_vl_2b,Qwen3-VL-2B-Thinking,spanish-mx,Qwen3-VL-2B-Thinking (spanish-mx),culture/qwen3_vl_2b/spanish-mx,fa,1,age,45-54,117,0.8646085486158013,0.8955692213494753,0.894668956016281,0.9999999999999979,0.0,True,0.0,-0.030960672733673977,-0.2964707640195155
d_happy,Happiness,qwen3_vl_2b,Qwen3-VL-2B-Thinking,spanish-mx,Qwen3-VL-2B-Thinking (spanish-mx),culture/qwen3_vl_2b/spanish-mx,fa,1,age,55-64,99,0.8612503561359941,0.9011064476245481,0.9000973297431658,0.9999999999999993,0.0,True,0.0,-0.03985609148855396,-0.4030201214457265
d_happy,Happiness,qwen3_vl_2b,Qwen3-VL-2B-Thinking,spanish-mx,Qwen3-VL-2B-Thinking (spanish-mx),culture/qwen3_vl_2b/spanish-mx,fa,1,age,65-74,88,0.8559710785749499,0.8890162274959167,0.8877405519498928,0.9999999999999991,0.0,True,0.0,-0.03304514892096677,-0.2977475731395865
d_happy,Happiness,qwen3_vl_2b,Qwen3-VL-2B-Thinking,spanish-mx,Qwen3-VL-2B-Thinking (spanish-mx),culture/qwen3_vl_2b/spanish-mx,fa,1,age,75+,28,0.8446950454801645,0.9026915719923543,0.8990875561402193,1.0,0.0,True,0.0,-0.05799652651218978,-0.5960072287637087
d_happy,Happiness,qwen3_vl_2b,Qwen3-VL-2B-Thinking,spanish-mx,Qwen3-VL-2B-Thinking (spanish-mx),culture/qwen3_vl_2b/spanish-mx,fa,1,education,Low,51,0.8133179898773643,0.8874859136440821,0.8852356319169639,0.9999999999999997,0.0,True,0.0,-0.07416792376671788,-0.659187895212526
d_happy,Happiness,qwen3_vl_2b,Qwen3-VL-2B-Thinking,spanish-mx,Qwen3-VL-2B-Thinking (spanish-mx),culture/qwen3_vl_2b/spanish-mx,fa,1,education,Middle,369,0.8561159257429194,0.8990162814236187,0.8987418691448785,0.9999999999999986,0.0,True,0.0,-0.042900355680699276,-0.42482447948528074
d_happy,Happiness,qwen3_vl_2b,Qwen3-VL-2B-Thinking,spanish-mx,Qwen3-VL-2B-Thinking (spanish-mx),culture/qwen3_vl_2b/spanish-mx,fa,1,education,High,267,0.8736978128162797,0.9080387496120751,0.9076930306256543,0.9999999999999982,0.0,True,0.0,-0.03434093679579542,-0.37342833694554245
d_happy,Happiness,qwen3_vl_2b,Qwen3-VL-2B-Thinking,spanish-mx,Qwen3-VL-2B-Thinking (spanish-mx),culture/qwen3_vl_2b/spanish-mx,fa,1,employment,Working,377,0.867099730900274,0.9089375410438361,0.9086953536529953,0.9999999999999971,0.0,True,0.0,-0.041837810143562026,-0.4594408126372043
d_happy,Happiness,qwen3_vl_2b,Qwen3-VL-2B-Thinking,spanish-mx,Qwen3-VL-2B-Thinking (spanish-mx),culture/qwen3_vl_2b/spanish-mx,fa,1,employment,Student,39,0.8699893516108603,0.9136144369109342,0.9113411326191168,0.9999999999999997,0.0,True,0.0,-0.04362508530007392,-0.5050043518856886
d_happy,Happiness,qwen3_vl_2b,Qwen3-VL-2B-Thinking,spanish-mx,Qwen3-VL-2B-Thinking (spanish-mx),culture/qwen3_vl_2b/spanish-mx,fa,1,employment,Homemaker,75,0.8249906966928476,0.9178598700712074,0.9167498683154129,0.9999999999999996,0.0,True,0.0,-0.09286917337835976,-1.1306187786514117
d_happy,Happiness,qwen3_vl_2b,Qwen3-VL-2B-Thinking,spanish-mx,Qwen3-VL-2B-Thinking (spanish-mx),culture/qwen3_vl_2b/spanish-mx,fa,1,employment,Unemployed,34,0.8371300208290842,0.8887425422827504,0.8853711041701064,0.9999999999999999,0.0,True,0.0,-0.05161252145366624,-0.46390167915605823
d_happy,Happiness,qwen3_vl_2b,Qwen3-VL-2B-Thinking,spanish-mx,Qwen3-VL-2B-Thinking (spanish-mx),culture/qwen3_vl_2b/spanish-mx,fa,1,employment,Retired,157,0.8609144696893767,0.8924744615872037,0.8917851953153267,0.9999999999999989,0.0,True,0.0,-0.03155999189782699,-0.2935115914199516
d_happy,Happiness,qwen3_vl_2b,Qwen3-VL-2B-Thinking,spanish-mx,Qwen3-VL-2B-Thinking (spanish-mx),culture/qwen3_vl_2b/spanish-mx,fa,1,marital_status,Single,139,0.8650591551119546,0.9155991318024043,0.9149875313082187,0.9999999999999998,0.0,True,0.0,-0.05053997669044963,-0.5988087299306871
d_happy,Happiness,qwen3_vl_2b,Qwen3-VL-2B-Thinking,spanish-mx,Qwen3-VL-2B-Thinking (spanish-mx),culture/qwen3_vl_2b/spanish-mx,fa,1,marital_status,Cohabiting,39,0.844395110293985,0.9173171403257355,0.9151412755974654,0.9999999999999998,0.0,True,0.0,-0.07292203003175057,-0.8819485721591217
d_happy,Happiness,qwen3_vl_2b,Qwen3-VL-2B-Thinking,spanish-mx,Qwen3-VL-2B-Thinking (spanish-mx),culture/qwen3_vl_2b/spanish-mx,fa,1,marital_status,Married,367,0.858476507917521,0.908759505932939,0.9085102149655426,0.999999999999999,0.0,True,0.0,-0.05028299801541802,-0.5511039646328573
d_happy,Happiness,qwen3_vl_2b,Qwen3-VL-2B-Thinking,spanish-mx,Qwen3-VL-2B-Thinking (spanish-mx),culture/qwen3_vl_2b/spanish-mx,fa,1,marital_status,Divorced or separated,75,0.8733086366591174,0.9042318186538659,0.9029376540410803,0.999999999999999,0.0,True,0.0,-0.030923181994748528,-0.32289620164116045
d_happy,Happiness,qwen3_vl_2b,Qwen3-VL-2B-Thinking,spanish-mx,Qwen3-VL-2B-Thinking (spanish-mx),culture/qwen3_vl_2b/spanish-mx,fa,1,marital_status,Widowed,67,0.849696299815499,0.8903527024123241,0.8886913797216018,0.9999999999999994,0.0,True,0.0,-0.040656402596825125,-0.37079256389621057
d_happy,Happiness,qwen3_vl_2b,Qwen3-VL-2B-Thinking,subpop,Qwen3-VL-2B-Thinking (subgroup-matched),culture/qwen3_vl_2b/subpop,ntp,1,population,every retained cell,687,0.8969858421574332,0.9008653684903929,0.9007208573657433,0.9999999999999944,0.0,True,0.0,-0.0038795263329597374,-0.03913391590691265
d_happy,Happiness,qwen3_vl_2b,Qwen3-VL-2B-Thinking,subpop,Qwen3-VL-2B-Thinking (subgroup-matched),culture/qwen3_vl_2b/subpop,ntp,1,country,Australia,136,0.9097131292476718,0.941500980200289,0.9410676541276987,0.9999999999999992,0.0,True,0.0,-0.03178785095261727,-0.5433911723897694
d_happy,Happiness,qwen3_vl_2b,Qwen3-VL-2B-Thinking,subpop,Qwen3-VL-2B-Thinking (subgroup-matched),culture/qwen3_vl_2b/subpop,ntp,1,country,Germany,144,0.9266437613531109,0.9297007937385644,0.9292091908975753,0.9999999999999983,0.0,True,0.0,-0.0030570323854535175,-0.043486015675407844
d_happy,Happiness,qwen3_vl_2b,Qwen3-VL-2B-Thinking,subpop,Qwen3-VL-2B-Thinking (subgroup-matched),culture/qwen3_vl_2b/subpop,ntp,1,country,Mexico,131,0.8647898195219711,0.9164663416525959,0.9158237750499235,0.9999999999999996,0.0,True,0.0,-0.05167652213062479,-0.618631138070235
d_happy,Happiness,qwen3_vl_2b,Qwen3-VL-2B-Thinking,subpop,Qwen3-VL-2B-Thinking (subgroup-matched),culture/qwen3_vl_2b/subpop,ntp,1,country,Russia,136,0.8661350129872956,0.9107762615672034,0.9101153449862197,0.9999999999999988,0.0,True,0.0,-0.04464124857990781,-0.5003292774325033
d_happy,Happiness,qwen3_vl_2b,Qwen3-VL-2B-Thinking,subpop,Qwen3-VL-2B-Thinking (subgroup-matched),culture/qwen3_vl_2b/subpop,ntp,1,country,United States,140,0.9142125587569634,0.938969291808151,0.9385302219650442,0.9999999999999993,0.0,True,0.0,-0.02475673305118764,-0.40564387641325217
d_happy,Happiness,qwen3_vl_2b,Qwen3-VL-2B-Thinking,subpop,Qwen3-VL-2B-Thinking (subgroup-matched),culture/qwen3_vl_2b/subpop,ntp,1,wave,1995-1997,221,0.8851727250335768,0.8830590520739414,0.8825275023106411,0.9999999999999989,0.0,True,0.0,0.002113672959635382,0.018074703490276574
d_happy,Happiness,qwen3_vl_2b,Qwen3-VL-2B-Thinking,subpop,Qwen3-VL-2B-Thinking (subgroup-matched),culture/qwen3_vl_2b/subpop,ntp,1,wave,2005-2006,221,0.8931555434510358,0.8976858347363059,0.8972207703487436,0.9999999999999989,0.0,True,0.0,-0.0045302912852701605,-0.0442782411760312
d_happy,Happiness,qwen3_vl_2b,Qwen3-VL-2B-Thinking,subpop,Qwen3-VL-2B-Thinking (subgroup-matched),culture/qwen3_vl_2b/subpop,ntp,1,wave,2017-2018,245,0.9110968417430907,0.9241418576618534,0.9238309636358775,0.9999999999999973,0.0,True,0.0,-0.013045015918762726,-0.17196592899168336
d_happy,Happiness,qwen3_vl_2b,Qwen3-VL-2B-Thinking,subpop,Qwen3-VL-2B-Thinking (subgroup-matched),culture/qwen3_vl_2b/subpop,ntp,1,sex,Female,374,0.8934868409847027,0.8976550902487672,0.8973807071127049,0.999999999999993,0.0,True,0.0,-0.004168249264064561,-0.0407274702200258
d_happy,Happiness,qwen3_vl_2b,Qwen3-VL-2B-Thinking,subpop,Qwen3-VL-2B-Thinking (subgroup-matched),culture/qwen3_vl_2b/subpop,ntp,1,sex,Male,313,0.9011667572967343,0.9048226805288649,0.9045176250177395,0.9999999999999971,0.0,True,0.0,-0.003655923232130598,-0.038411706196867096
d_happy,Happiness,qwen3_vl_2b,Qwen3-VL-2B-Thinking,subpop,Qwen3-VL-2B-Thinking (subgroup-matched),culture/qwen3_vl_2b/subpop,ntp,1,age,<25,79,0.9030434376668178,0.9146097535092126,0.9135150067593306,0.9999999999999999,0.0,True,0.0,-0.011566315842394759,-0.135452423640007
d_happy,Happiness,qwen3_vl_2b,Qwen3-VL-2B-Thinking,subpop,Qwen3-VL-2B-Thinking (subgroup-matched),culture/qwen3_vl_2b/subpop,ntp,1,age,25-34,160,0.8996260688949735,0.9071714697720343,0.9065876425378961,0.9999999999999991,0.0,True,0.0,-0.007545400877060793,-0.08128320957501979
d_happy,Happiness,qwen3_vl_2b,Qwen3-VL-2B-Thinking,subpop,Qwen3-VL-2B-Thinking (subgroup-matched),culture/qwen3_vl_2b/subpop,ntp,1,age,35-44,114,0.8945206189917849,0.8986103428317934,0.897713089228535,0.9999999999999996,0.0,True,0.0,-0.004089723840008497,-0.04033669660430549
d_happy,Happiness,qwen3_vl_2b,Qwen3-VL-2B-Thinking,subpop,Qwen3-VL-2B-Thinking (subgroup-matched),culture/qwen3_vl_2b/subpop,ntp,1,age,45-54,117,0.8971429385851335,0.8955692213494753,0.894668956016281,0.9999999999999979,0.0,True,0.0,0.0015737172356582452,0.015069477178990062
d_happy,Happiness,qwen3_vl_2b,Qwen3-VL-2B-Thinking,subpop,Qwen3-VL-2B-Thinking (subgroup-matched),culture/qwen3_vl_2b/subpop,ntp,1,age,55-64,99,0.8995231777706995,0.9011064476245481,0.9000973297431658,0.9999999999999993,0.0,True,0.0,-0.0015832698538486012,-0.016009839022039334
d_happy,Happiness,qwen3_vl_2b,Qwen3-VL-2B-Thinking,subpop,Qwen3-VL-2B-Thinking (subgroup-matched),culture/qwen3_vl_2b/subpop,ntp,1,age,65-74,88,0.8873056687208698,0.8890162274959167,0.8877405519498928,0.9999999999999991,0.0,True,0.0,-0.0017105587750468887,-0.015412692652738523
d_happy,Happiness,qwen3_vl_2b,Qwen3-VL-2B-Thinking,subpop,Qwen3-VL-2B-Thinking (subgroup-matched),culture/qwen3_vl_2b/subpop,ntp,1,age,75+,28,0.892963992033793,0.9026915719923543,0.8990875561402193,1.0,0.0,True,0.0,-0.009727579958561328,-0.09996646906881501
d_happy,Happiness,qwen3_vl_2b,Qwen3-VL-2B-Thinking,subpop,Qwen3-VL-2B-Thinking (subgroup-matched),culture/qwen3_vl_2b/subpop,ntp,1,education,Low,51,0.8825533298660784,0.8874859136440821,0.8852356319169639,0.9999999999999997,0.0,True,0.0,-0.004932583778003763,-0.043839699879003866
d_happy,Happiness,qwen3_vl_2b,Qwen3-VL-2B-Thinking,subpop,Qwen3-VL-2B-Thinking (subgroup-matched),culture/qwen3_vl_2b/subpop,ntp,1,education,Middle,369,0.896166882379574,0.8990162814236187,0.8987418691448785,0.9999999999999986,0.0,True,0.0,-0.002849399044044687,-0.02821642027263513
d_happy,Happiness,qwen3_vl_2b,Qwen3-VL-2B-Thinking,subpop,Qwen3-VL-2B-Thinking (subgroup-matched),culture/qwen3_vl_2b/subpop,ntp,1,education,High,267,0.9008744349847333,0.9080387496120751,0.9076930306256543,0.9999999999999982,0.0,True,0.0,-0.007164314627341795,-0.07790579833484423
d_happy,Happiness,qwen3_vl_2b,Qwen3-VL-2B-Thinking,subpop,Qwen3-VL-2B-Thinking (subgroup-matched),culture/qwen3_vl_2b/subpop,ntp,1,employment,Working,377,0.9034261379979662,0.9089375410438361,0.9086953536529953,0.9999999999999971,0.0,True,0.0,-0.005511403045869834,-0.06052332771425531
d_happy,Happiness,qwen3_vl_2b,Qwen3-VL-2B-Thinking,subpop,Qwen3-VL-2B-Thinking (subgroup-matched),culture/qwen3_vl_2b/subpop,ntp,1,employment,Student,39,0.9028686152059044,0.9136144369109342,0.9113411326191168,0.9999999999999997,0.0,True,0.0,-0.010745821705029801,-0.12439372183000741
d_happy,Happiness,qwen3_vl_2b,Qwen3-VL-2B-Thinking,subpop,Qwen3-VL-2B-Thinking (subgroup-matched),culture/qwen3_vl_2b/subpop,ntp,1,employment,Homemaker,75,0.8749540006299545,0.9178598700712074,0.9167498683154129,0.9999999999999996,0.0,True,0.0,-0.04290586944125285,-0.5223496660943684
d_happy,Happiness,qwen3_vl_2b,Qwen3-VL-2B-Thinking,subpop,Qwen3-VL-2B-Thinking (subgroup-matched),culture/qwen3_vl_2b/subpop,ntp,1,employment,Unemployed,34,0.8823192006202899,0.8887425422827504,0.8853711041701064,0.9999999999999999,0.0,True,0.0,-0.006423341662460502,-0.057734032344913214
d_happy,Happiness,qwen3_vl_2b,Qwen3-VL-2B-Thinking,subpop,Qwen3-VL-2B-Thinking (subgroup-matched),culture/qwen3_vl_2b/subpop,ntp,1,employment,Retired,157,0.8932808423491211,0.8924744615872037,0.8917851953153267,0.9999999999999989,0.0,True,0.0,0.0008063807619174135,0.0074994347744781744
d_happy,Happiness,qwen3_vl_2b,Qwen3-VL-2B-Thinking,subpop,Qwen3-VL-2B-Thinking (subgroup-matched),culture/qwen3_vl_2b/subpop,ntp,1,marital_status,Single,139,0.907625256873488,0.9155991318024043,0.9149875313082187,0.9999999999999998,0.0,True,0.0,-0.007973874928916214,-0.09447621925224887
d_happy,Happiness,qwen3_vl_2b,Qwen3-VL-2B-Thinking,subpop,Qwen3-VL-2B-Thinking (subgroup-matched),culture/qwen3_vl_2b/subpop,ntp,1,marital_status,Cohabiting,39,0.9028205084963535,0.9173171403257355,0.9151412755974654,0.9999999999999998,0.0,True,0.0,-0.01449663182938199,-0.17532813797796293
d_happy,Happiness,qwen3_vl_2b,Qwen3-VL-2B-Thinking,subpop,Qwen3-VL-2B-Thinking (subgroup-matched),culture/qwen3_vl_2b/subpop,ntp,1,marital_status,Married,367,0.8936879212598,0.908759505932939,0.9085102149655426,0.999999999999999,0.0,True,0.0,-0.01507158467313896,-0.16518525932204473
d_happy,Happiness,qwen3_vl_2b,Qwen3-VL-2B-Thinking,subpop,Qwen3-VL-2B-Thinking (subgroup-matched),culture/qwen3_vl_2b/subpop,ntp,1,marital_status,Divorced or separated,75,0.8999775732870505,0.9042318186538659,0.9029376540410803,0.999999999999999,0.0,True,0.0,-0.004254245366815401,-0.044422325943930384
d_happy,Happiness,qwen3_vl_2b,Qwen3-VL-2B-Thinking,subpop,Qwen3-VL-2B-Thinking (subgroup-matched),culture/qwen3_vl_2b/subpop,ntp,1,marital_status,Widowed,67,0.8862325063657996,0.8903527024123241,0.8886913797216018,0.9999999999999994,0.0,True,0.0,-0.004120196046524471,-0.03757681344795471
d_happy,Happiness,qwen3_vl_2b,Qwen3-VL-2B-Thinking,subpop,Qwen3-VL-2B-Thinking (subgroup-matched),culture/qwen3_vl_2b/subpop,fa,1,population,every retained cell,687,0.8980561476501032,0.9008653684903929,0.9007208573657433,0.9999999999999944,0.0,True,0.0,-0.0028092208402896723,-0.028337431607010428
d_happy,Happiness,qwen3_vl_2b,Qwen3-VL-2B-Thinking,subpop,Qwen3-VL-2B-Thinking (subgroup-matched),culture/qwen3_vl_2b/subpop,fa,1,country,Australia,136,0.9233404226327885,0.941500980200289,0.9410676541276987,0.9999999999999992,0.0,True,0.0,-0.018160557567500568,-0.31044208312684074
d_happy,Happiness,qwen3_vl_2b,Qwen3-VL-2B-Thinking,subpop,Qwen3-VL-2B-Thinking (subgroup-matched),culture/qwen3_vl_2b/subpop,fa,1,country,Germany,144,0.9219148228266749,0.9297007937385644,0.9292091908975753,0.9999999999999983,0.0,True,0.0,-0.007785970911889484,-0.11075474853776086
d_happy,Happiness,qwen3_vl_2b,Qwen3-VL-2B-Thinking,subpop,Qwen3-VL-2B-Thinking (subgroup-matched),culture/qwen3_vl_2b/subpop,fa,1,country,Mexico,131,0.8672416758916504,0.9164663416525959,0.9158237750499235,0.9999999999999996,0.0,True,0.0,-0.04922466576094553,-0.5892794202335475
d_happy,Happiness,qwen3_vl_2b,Qwen3-VL-2B-Thinking,subpop,Qwen3-VL-2B-Thinking (subgroup-matched),culture/qwen3_vl_2b/subpop,fa,1,country,Russia,136,0.8560912001110919,0.9107762615672034,0.9101153449862197,0.9999999999999988,0.0,True,0.0,-0.05468506145611152,-0.6128981190056314
d_happy,Happiness,qwen3_vl_2b,Qwen3-VL-2B-Thinking,subpop,Qwen3-VL-2B-Thinking (subgroup-matched),culture/qwen3_vl_2b/subpop,fa,1,country,United States,140,0.9185534193828987,0.938969291808151,0.9385302219650442,0.9999999999999993,0.0,True,0.0,-0.020415872425252335,-0.3345180324808848
d_happy,Happiness,qwen3_vl_2b,Qwen3-VL-2B-Thinking,subpop,Qwen3-VL-2B-Thinking (subgroup-matched),culture/qwen3_vl_2b/subpop,fa,1,wave,1995-1997,221,0.8787468418711224,0.8830590520739414,0.8825275023106411,0.9999999999999989,0.0,True,0.0,-0.004312210202819022,-0.03687510901267553
d_happy,Happiness,qwen3_vl_2b,Qwen3-VL-2B-Thinking,subpop,Qwen3-VL-2B-Thinking (subgroup-matched),culture/qwen3_vl_2b/subpop,fa,1,wave,2005-2006,221,0.8933580395108831,0.8976858347363059,0.8972207703487436,0.9999999999999989,0.0,True,0.0,-0.004327795225422815,-0.04229908160095718
d_happy,Happiness,qwen3_vl_2b,Qwen3-VL-2B-Thinking,subpop,Qwen3-VL-2B-Thinking (subgroup-matched),culture/qwen3_vl_2b/subpop,fa,1,wave,2017-2018,245,0.9197118148987662,0.9241418576618534,0.9238309636358775,0.9999999999999973,0.0,True,0.0,-0.0044300427630872274,-0.058399040980199476
d_happy,Happiness,qwen3_vl_2b,Qwen3-VL-2B-Thinking,subpop,Qwen3-VL-2B-Thinking (subgroup-matched),culture/qwen3_vl_2b/subpop,fa,1,sex,Female,374,0.8945160156998395,0.8976550902487672,0.8973807071127049,0.999999999999993,0.0,True,0.0,-0.0031390745489277005,-0.030671525887880215
d_happy,Happiness,qwen3_vl_2b,Qwen3-VL-2B-Thinking,subpop,Qwen3-VL-2B-Thinking (subgroup-matched),culture/qwen3_vl_2b/subpop,fa,1,sex,Male,313,0.9022862094692683,0.9048226805288649,0.9045176250177395,0.9999999999999971,0.0,True,0.0,-0.0025364710595966455,-0.026649952674553886
d_happy,Happiness,qwen3_vl_2b,Qwen3-VL-2B-Thinking,subpop,Qwen3-VL-2B-Thinking (subgroup-matched),culture/qwen3_vl_2b/subpop,fa,1,age,<25,79,0.9064213022087542,0.9146097535092126,0.9135150067593306,0.9999999999999999,0.0,True,0.0,-0.008188451300458421,-0.09589445676728263
d_happy,Happiness,qwen3_vl_2b,Qwen3-VL-2B-Thinking,subpop,Qwen3-VL-2B-Thinking (subgroup-matched),culture/qwen3_vl_2b/subpop,fa,1,age,25-34,160,0.9015074765963872,0.9071714697720343,0.9065876425378961,0.9999999999999991,0.0,True,0.0,-0.005663993175647142,-0.06101565070283531
d_happy,Happiness,qwen3_vl_2b,Qwen3-VL-2B-Thinking,subpop,Qwen3-VL-2B-Thinking (subgroup-matched),culture/qwen3_vl_2b/subpop,fa,1,age,35-44,114,0.8939553171247285,0.8986103428317934,0.897713089228535,0.9999999999999996,0.0,True,0.0,-0.004655025707064886,-0.04591223441403047
d_happy,Happiness,qwen3_vl_2b,Qwen3-VL-2B-Thinking,subpop,Qwen3-VL-2B-Thinking (subgroup-matched),culture/qwen3_vl_2b/subpop,fa,1,age,45-54,117,0.895949810503605,0.8955692213494753,0.894668956016281,0.9999999999999979,0.0,True,0.0,0.00038058915412975125,0.0036444155549522836
d_happy,Happiness,qwen3_vl_2b,Qwen3-VL-2B-Thinking,subpop,Qwen3-VL-2B-Thinking (subgroup-matched),culture/qwen3_vl_2b/subpop,fa,1,age,55-64,99,0.8996361375862999,0.9011064476245481,0.9000973297431658,0.9999999999999993,0.0,True,0.0,-0.001470310038248157,-0.014867602618480998
d_happy,Happiness,qwen3_vl_2b,Qwen3-VL-2B-Thinking,subpop,Qwen3-VL-2B-Thinking (subgroup-matched),culture/qwen3_vl_2b/subpop,fa,1,age,65-74,88,0.8931664174663183,0.8890162274959167,0.8877405519498928,0.9999999999999991,0.0,True,0.0,0.004150189970401619,0.03739456568075234
d_happy,Happiness,qwen3_vl_2b,Qwen3-VL-2B-Thinking,subpop,Qwen3-VL-2B-Thinking (subgroup-matched),culture/qwen3_vl_2b/subpop,fa,1,age,75+,28,0.8896698774207934,0.9026915719923543,0.8990875561402193,1.0,0.0,True,0.0,-0.013021694571560882,-0.13381877436698228
d_happy,Happiness,qwen3_vl_2b,Qwen3-VL-2B-Thinking,subpop,Qwen3-VL-2B-Thinking (subgroup-matched),culture/qwen3_vl_2b/subpop,fa,1,education,Low,51,0.8778702068165554,0.8874859136440821,0.8852356319169639,0.9999999999999997,0.0,True,0.0,-0.009615706827526771,-0.08546224867443913
d_happy,Happiness,qwen3_vl_2b,Qwen3-VL-2B-Thinking,subpop,Qwen3-VL-2B-Thinking (subgroup-matched),culture/qwen3_vl_2b/subpop,fa,1,education,Middle,369,0.895707040566196,0.8990162814236187,0.8987418691448785,0.9999999999999986,0.0,True,0.0,-0.0033092408574226795,-0.03277004356815856
d_happy,Happiness,qwen3_vl_2b,Qwen3-VL-2B-Thinking,subpop,Qwen3-VL-2B-Thinking (subgroup-matched),culture/qwen3_vl_2b/subpop,fa,1,education,High,267,0.9051584079365179,0.9080387496120751,0.9076930306256543,0.9999999999999982,0.0,True,0.0,-0.0028803416755571742,-0.03132125393474838
d_happy,Happiness,qwen3_vl_2b,Qwen3-VL-2B-Thinking,subpop,Qwen3-VL-2B-Thinking (subgroup-matched),culture/qwen3_vl_2b/subpop,fa,1,employment,Working,377,0.9068438922919628,0.9089375410438361,0.9086953536529953,0.9999999999999971,0.0,True,0.0,-0.002093648751873234,-0.022991348749774966
d_happy,Happiness,qwen3_vl_2b,Qwen3-VL-2B-Thinking,subpop,Qwen3-VL-2B-Thinking (subgroup-matched),culture/qwen3_vl_2b/subpop,fa,1,employment,Student,39,0.9027170776638782,0.9136144369109342,0.9113411326191168,0.9999999999999997,0.0,True,0.0,-0.010897359247056038,-0.1261479216824758
d_happy,Happiness,qwen3_vl_2b,Qwen3-VL-2B-Thinking,subpop,Qwen3-VL-2B-Thinking (subgroup-matched),culture/qwen3_vl_2b/subpop,fa,1,employment,Homemaker,75,0.8821225719239274,0.9178598700712074,0.9167498683154129,0.9999999999999996,0.0,True,0.0,-0.035737298147279994,-0.43507720499420577
d_happy,Happiness,qwen3_vl_2b,Qwen3-VL-2B-Thinking,subpop,Qwen3-VL-2B-Thinking (subgroup-matched),culture/qwen3_vl_2b/subpop,fa,1,employment,Unemployed,34,0.8515484930544523,0.8887425422827504,0.8853711041701064,0.9999999999999999,0.0,True,0.0,-0.037194049228298054,-0.33430612195744436
d_happy,Happiness,qwen3_vl_2b,Qwen3-VL-2B-Thinking,subpop,Qwen3-VL-2B-Thinking (subgroup-matched),culture/qwen3_vl_2b/subpop,fa,1,employment,Retired,157,0.8930193498089397,0.8924744615872037,0.8917851953153267,0.9999999999999989,0.0,True,0.0,0.0005448882217360396,0.005067523769508453
d_happy,Happiness,qwen3_vl_2b,Qwen3-VL-2B-Thinking,subpop,Qwen3-VL-2B-Thinking (subgroup-matched),culture/qwen3_vl_2b/subpop,fa,1,marital_status,Single,139,0.9059158464484496,0.9155991318024043,0.9149875313082187,0.9999999999999998,0.0,True,0.0,-0.009683285353954685,-0.11472968893263737
d_happy,Happiness,qwen3_vl_2b,Qwen3-VL-2B-Thinking,subpop,Qwen3-VL-2B-Thinking (subgroup-matched),culture/qwen3_vl_2b/subpop,fa,1,marital_status,Cohabiting,39,0.9032402844389515,0.9173171403257355,0.9151412755974654,0.9999999999999998,0.0,True,0.0,-0.014076855886783979,-0.1702511976755623
d_happy,Happiness,qwen3_vl_2b,Qwen3-VL-2B-Thinking,subpop,Qwen3-VL-2B-Thinking (subgroup-matched),culture/qwen3_vl_2b/subpop,fa,1,marital_status,Married,367,0.898890588626278,0.908759505932939,0.9085102149655426,0.999999999999999,0.0,True,0.0,-0.009868917306660951,-0.1081637863491552
d_happy,Happiness,qwen3_vl_2b,Qwen3-VL-2B-Thinking,subpop,Qwen3-VL-2B-Thinking (subgroup-matched),culture/qwen3_vl_2b/subpop,fa,1,marital_status,Divorced or separated,75,0.8907001894092687,0.9042318186538659,0.9029376540410803,0.999999999999999,0.0,True,0.0,-0.013531629244597276,-0.14129566892045314
d_happy,Happiness,qwen3_vl_2b,Qwen3-VL-2B-Thinking,subpop,Qwen3-VL-2B-Thinking (subgroup-matched),culture/qwen3_vl_2b/subpop,fa,1,marital_status,Widowed,67,0.8823961112631065,0.8903527024123241,0.8886913797216018,0.9999999999999994,0.0,True,0.0,-0.007956591149217651,-0.07256531920319717
d_polpos,Politics,qwen3_vl_2b,Qwen3-VL-2B-Thinking,base,Qwen3-VL-2B-Thinking (as released),culture/qwen3_vl_2b/base,ntp,1,population,every retained cell,639,0.9039165038946088,0.9132721113111437,0.9131361741815374,0.9999999999999967,0.0,True,0.0,-0.009355607416534961,-0.10787311391954903
d_polpos,Politics,qwen3_vl_2b,Qwen3-VL-2B-Thinking,base,Qwen3-VL-2B-Thinking (as released),culture/qwen3_vl_2b/base,ntp,1,country,Australia,136,0.9217486049148688,0.9354250473944337,0.9349467144121703,0.9999999999999994,0.0,True,0.0,-0.013676442479564899,-0.21179175404282052
d_polpos,Politics,qwen3_vl_2b,Qwen3-VL-2B-Thinking,base,Qwen3-VL-2B-Thinking (as released),culture/qwen3_vl_2b/base,ntp,1,country,Germany,144,0.9036584931624361,0.9429379843153768,0.9425389492406591,0.9999999999999997,0.0,True,0.0,-0.039279491152940715,-0.6883649426272468
d_polpos,Politics,qwen3_vl_2b,Qwen3-VL-2B-Thinking,base,Qwen3-VL-2B-Thinking (as released),culture/qwen3_vl_2b/base,ntp,1,country,Mexico,131,0.87671021115603,0.9215779880320797,0.9209747417861727,0.9999999999999998,0.0,True,0.0,-0.0448677768760497,-0.5721324376936865
d_polpos,Politics,qwen3_vl_2b,Qwen3-VL-2B-Thinking,base,Qwen3-VL-2B-Thinking (as released),culture/qwen3_vl_2b/base,ntp,1,country,Russia,88,0.9047406734800246,0.9167419656538811,0.915784976753351,0.9999999999999999,0.0,True,0.0,-0.012001292173856482,-0.1441457544381232
d_polpos,Politics,qwen3_vl_2b,Qwen3-VL-2B-Thinking,base,Qwen3-VL-2B-Thinking (as released),culture/qwen3_vl_2b/base,ntp,1,country,United States,140,0.9117985412654283,0.9231137226171049,0.922560583930897,0.999999999999999,0.0,True,0.0,-0.01131518135167664,-0.14716776174930182
d_polpos,Politics,qwen3_vl_2b,Qwen3-VL-2B-Thinking,base,Qwen3-VL-2B-Thinking (as released),culture/qwen3_vl_2b/base,ntp,1,wave,1995-1997,221,0.914062755558963,0.9247631005171164,0.924421114610376,0.9999999999999991,0.0,True,0.0,-0.010700344958153418,-0.1422220350878195
d_polpos,Politics,qwen3_vl_2b,Qwen3-VL-2B-Thinking,base,Qwen3-VL-2B-Thinking (as released),culture/qwen3_vl_2b/base,ntp,1,wave,2005-2006,173,0.8976545968425766,0.9014186949010933,0.9008455477784252,0.9999999999999991,0.0,True,0.0,-0.0037640980585166295,-0.038182676266459506
d_polpos,Politics,qwen3_vl_2b,Qwen3-VL-2B-Thinking,base,Qwen3-VL-2B-Thinking (as released),culture/qwen3_vl_2b/base,ntp,1,wave,2017-2018,245,0.8991858439035038,0.9143164832726606,0.91396532131886,0.999999999999999,0.0,True,0.0,-0.015130639369156818,-0.17658751586148444
d_polpos,Politics,qwen3_vl_2b,Qwen3-VL-2B-Thinking,base,Qwen3-VL-2B-Thinking (as released),culture/qwen3_vl_2b/base,ntp,1,sex,Female,349,0.9007862444380837,0.910474527899133,0.9102172707953948,0.9999999999999997,0.0,True,0.0,-0.009688283461049219,-0.10821817784030864
d_polpos,Politics,qwen3_vl_2b,Qwen3-VL-2B-Thinking,base,Qwen3-VL-2B-Thinking (as released),culture/qwen3_vl_2b/base,ntp,1,sex,Male,290,0.9076836092405646,0.917785459854196,0.9175009804765288,0.9999999999999984,0.0,True,0.0,-0.010101850613631447,-0.12287182529655029
d_polpos,Politics,qwen3_vl_2b,Qwen3-VL-2B-Thinking,base,Qwen3-VL-2B-Thinking (as released),culture/qwen3_vl_2b/base,ntp,1,age,<25,73,0.9058019106523293,0.9150536078577886,0.9138737968558134,0.9999999999999996,0.0,True,0.0,-0.009251697205459264,-0.10891218534591444
d_polpos,Politics,qwen3_vl_2b,Qwen3-VL-2B-Thinking,base,Qwen3-VL-2B-Thinking (as released),culture/qwen3_vl_2b/base,ntp,1,age,25-34,149,0.9031998851416703,0.913113611340122,0.9125265411464742,0.9999999999999988,0.0,True,0.0,-0.009913726198451767,-0.11409987630237055
d_polpos,Politics,qwen3_vl_2b,Qwen3-VL-2B-Thinking,base,Qwen3-VL-2B-Thinking (as released),culture/qwen3_vl_2b/base,ntp,1,age,35-44,104,0.9046443747398829,0.9195486816234103,0.9187676008624726,0.9999999999999997,0.0,True,0.0,-0.014904306883527396,-0.18525870283145487
d_polpos,Politics,qwen3_vl_2b,Qwen3-VL-2B-Thinking,base,Qwen3-VL-2B-Thinking (as released),culture/qwen3_vl_2b/base,ntp,1,age,45-54,108,0.9076068353718711,0.9172984442759664,0.9165255325402277,0.9999999999999994,0.0,True,0.0,-0.009691608904095261,-0.11718774597705445
d_polpos,Politics,qwen3_vl_2b,Qwen3-VL-2B-Thinking,base,Qwen3-VL-2B-Thinking (as released),culture/qwen3_vl_2b/base,ntp,1,age,55-64,92,0.8981851794403295,0.9076706429404334,0.9066560346210976,0.9999999999999998,0.0,True,0.0,-0.00948546350010393,-0.10273507584358411
d_polpos,Politics,qwen3_vl_2b,Qwen3-VL-2B-Thinking,base,Qwen3-VL-2B-Thinking (as released),culture/qwen3_vl_2b/base,ntp,1,age,65-74,83,0.9061746361272575,0.9161762786606462,0.9151540381565078,0.9999999999999996,0.0,True,0.0,-0.010001642533388755,-0.1193175675522432
d_polpos,Politics,qwen3_vl_2b,Qwen3-VL-2B-Thinking,base,Qwen3-VL-2B-Thinking (as released),culture/qwen3_vl_2b/base,ntp,1,age,75+,28,0.9082877278680012,0.9141404902852096,0.9109605084439211,0.9999999999999999,0.0,True,0.0,-0.005852762417208446,-0.06816673466515535
d_polpos,Politics,qwen3_vl_2b,Qwen3-VL-2B-Thinking,base,Qwen3-VL-2B-Thinking (as released),culture/qwen3_vl_2b/base,ntp,1,education,Low,51,0.8626006621597676,0.8921166455159315,0.8899589784262502,0.9999999999999997,0.0,True,0.0,-0.0295159833561639,-0.2735916351259047
d_polpos,Politics,qwen3_vl_2b,Qwen3-VL-2B-Thinking,base,Qwen3-VL-2B-Thinking (as released),culture/qwen3_vl_2b/base,ntp,1,education,Middle,343,0.9109278861760308,0.9208350033699649,0.9206035267716315,0.9999999999999986,0.0,True,0.0,-0.009907117193934112,-0.12514517293840657
d_polpos,Politics,qwen3_vl_2b,Qwen3-VL-2B-Thinking,base,Qwen3-VL-2B-Thinking (as released),culture/qwen3_vl_2b/base,ntp,1,education,High,245,0.9027010092250133,0.9160577730639875,0.915713747543758,0.9999999999999998,0.0,True,0.0,-0.013356763838974217,-0.15911853100056322
d_polpos,Politics,qwen3_vl_2b,Qwen3-VL-2B-Thinking,base,Qwen3-VL-2B-Thinking (as released),culture/qwen3_vl_2b/base,ntp,1,employment,Working,349,0.9062102380341581,0.9159808605481979,0.9157394262394284,0.9999999999999993,0.0,True,0.0,-0.009770622514039817,-0.1162904378429724
d_polpos,Politics,qwen3_vl_2b,Qwen3-VL-2B-Thinking,base,Qwen3-VL-2B-Thinking (as released),culture/qwen3_vl_2b/base,ntp,1,employment,Student,35,0.9083418915416164,0.9197242000745331,0.9173631471355489,0.9999999999999998,0.0,True,0.0,-0.011382308532916774,-0.14179003564567194
d_polpos,Politics,qwen3_vl_2b,Qwen3-VL-2B-Thinking,base,Qwen3-VL-2B-Thinking (as released),culture/qwen3_vl_2b/base,ntp,1,employment,Homemaker,72,0.883661005768405,0.9019801278118775,0.9005995662317632,0.9999999999999997,0.0,True,0.0,-0.018319122043472524,-0.18689191930707638
d_polpos,Politics,qwen3_vl_2b,Qwen3-VL-2B-Thinking,base,Qwen3-VL-2B-Thinking (as released),culture/qwen3_vl_2b/base,ntp,1,employment,Unemployed,31,0.8932182525421503,0.9067606499870013,0.9036526716532347,1.0,0.0,True,0.0,-0.013542397444851084,-0.1452433703469953
d_polpos,Politics,qwen3_vl_2b,Qwen3-VL-2B-Thinking,base,Qwen3-VL-2B-Thinking (as released),culture/qwen3_vl_2b/base,ntp,1,employment,Retired,147,0.9093898779392834,0.9185015931574811,0.9179433848914365,0.9999999999999998,0.0,True,0.0,-0.009111715218197758,-0.11180237223292626
d_polpos,Politics,qwen3_vl_2b,Qwen3-VL-2B-Thinking,base,Qwen3-VL-2B-Thinking (as released),culture/qwen3_vl_2b/base,ntp,1,marital_status,Single,131,0.9040353315760689,0.9143810767728675,0.9137224696711204,0.9999999999999999,0.0,True,0.0,-0.01034574519679865,-0.12083479687490511
d_polpos,Politics,qwen3_vl_2b,Qwen3-VL-2B-Thinking,base,Qwen3-VL-2B-Thinking (as released),culture/qwen3_vl_2b/base,ntp,1,marital_status,Cohabiting,37,0.8827361575984725,0.8980717972404287,0.8952404582748851,0.9999999999999999,0.0,True,0.0,-0.015335639641956278,-0.15045531292384365
d_polpos,Politics,qwen3_vl_2b,Qwen3-VL-2B-Thinking,base,Qwen3-VL-2B-Thinking (as released),culture/qwen3_vl_2b/base,ntp,1,marital_status,Married,342,0.9057799588248296,0.9158601031707815,0.9156133586052999,0.9999999999999988,0.0,True,0.0,-0.010080144345951836,-0.11980219522269955
d_polpos,Politics,qwen3_vl_2b,Qwen3-VL-2B-Thinking,base,Qwen3-VL-2B-Thinking (as released),culture/qwen3_vl_2b/base,ntp,1,marital_status,Divorced or separated,68,0.9075673297887662,0.9186355927404262,0.9174211986022236,0.9999999999999997,0.0,True,0.0,-0.011068262951659968,-0.1360332278504691
d_polpos,Politics,qwen3_vl_2b,Qwen3-VL-2B-Thinking,base,Qwen3-VL-2B-Thinking (as released),culture/qwen3_vl_2b/base,ntp,1,marital_status,Widowed,61,0.9019910717593221,0.9121140590433208,0.9106492933607095,0.9999999999999999,0.0,True,0.0,-0.01012298728399863,-0.11518323834057209
d_polpos,Politics,qwen3_vl_2b,Qwen3-VL-2B-Thinking,base,Qwen3-VL-2B-Thinking (as released),culture/qwen3_vl_2b/base,fa,1,population,every retained cell,639,0.8832357369969431,0.9132721113111437,0.9131361741815374,0.9999999999999967,0.0,True,0.0,-0.030036374314200587,-0.3463289002913313
d_polpos,Politics,qwen3_vl_2b,Qwen3-VL-2B-Thinking,base,Qwen3-VL-2B-Thinking (as released),culture/qwen3_vl_2b/base,fa,1,country,Australia,136,0.9001487042392557,0.9354250473944337,0.9349467144121703,0.9999999999999994,0.0,True,0.0,-0.035276343155177914,-0.5462852349370072
d_polpos,Politics,qwen3_vl_2b,Qwen3-VL-2B-Thinking,base,Qwen3-VL-2B-Thinking (as released),culture/qwen3_vl_2b/base,fa,1,country,Germany,144,0.8826974182707227,0.9429379843153768,0.9425389492406591,0.9999999999999997,0.0,True,0.0,-0.06024056604465411,-1.0557034363734794
d_polpos,Politics,qwen3_vl_2b,Qwen3-VL-2B-Thinking,base,Qwen3-VL-2B-Thinking (as released),culture/qwen3_vl_2b/base,fa,1,country,Mexico,131,0.846419935695301,0.9215779880320797,0.9209747417861727,0.9999999999999998,0.0,True,0.0,-0.07515805233677864,-0.9583795474097649
d_polpos,Politics,qwen3_vl_2b,Qwen3-VL-2B-Thinking,base,Qwen3-VL-2B-Thinking (as released),culture/qwen3_vl_2b/base,fa,1,country,Russia,88,0.8994257773447003,0.9167419656538811,0.915784976753351,0.9999999999999999,0.0,True,0.0,-0.017316188309180802,-0.20798218988925726
d_polpos,Politics,qwen3_vl_2b,Qwen3-VL-2B-Thinking,base,Qwen3-VL-2B-Thinking (as released),culture/qwen3_vl_2b/base,fa,1,country,United States,140,0.8916321710793267,0.9231137226171049,0.922560583930897,0.999999999999999,0.0,True,0.0,-0.03148155153777821,-0.40945605131848806
d_polpos,Politics,qwen3_vl_2b,Qwen3-VL-2B-Thinking,base,Qwen3-VL-2B-Thinking (as released),culture/qwen3_vl_2b/base,fa,1,wave,1995-1997,221,0.8960633138333746,0.9247631005171164,0.924421114610376,0.9999999999999991,0.0,True,0.0,-0.028699786683741846,-0.3814589234936649
d_polpos,Politics,qwen3_vl_2b,Qwen3-VL-2B-Thinking,base,Qwen3-VL-2B-Thinking (as released),culture/qwen3_vl_2b/base,fa,1,wave,2005-2006,173,0.8770294166393029,0.9014186949010933,0.9008455477784252,0.9999999999999991,0.0,True,0.0,-0.02438927826179038,-0.2474026717065735
d_polpos,Politics,qwen3_vl_2b,Qwen3-VL-2B-Thinking,base,Qwen3-VL-2B-Thinking (as released),culture/qwen3_vl_2b/base,fa,1,wave,2017-2018,245,0.8760471612460061,0.9143164832726606,0.91396532131886,0.999999999999999,0.0,True,0.0,-0.03826932202665445,-0.446635753156986
d_polpos,Politics,qwen3_vl_2b,Qwen3-VL-2B-Thinking,base,Qwen3-VL-2B-Thinking (as released),culture/qwen3_vl_2b/base,fa,1,sex,Female,349,0.8839258540476518,0.910474527899133,0.9102172707953948,0.9999999999999997,0.0,True,0.0,-0.026548673851481186,-0.296548828266096
d_polpos,Politics,qwen3_vl_2b,Qwen3-VL-2B-Thinking,base,Qwen3-VL-2B-Thinking (as released),culture/qwen3_vl_2b/base,fa,1,sex,Male,290,0.8824052168221248,0.917785459854196,0.9175009804765288,0.9999999999999984,0.0,True,0.0,-0.03538024303207121,-0.43034046008559873
d_polpos,Politics,qwen3_vl_2b,Qwen3-VL-2B-Thinking,base,Qwen3-VL-2B-Thinking (as released),culture/qwen3_vl_2b/base,fa,1,age,<25,73,0.884503487716279,0.9150536078577886,0.9138737968558134,0.9999999999999996,0.0,True,0.0,-0.030550120141509596,-0.3596399961326747
d_polpos,Politics,qwen3_vl_2b,Qwen3-VL-2B-Thinking,base,Qwen3-VL-2B-Thinking (as released),culture/qwen3_vl_2b/base,fa,1,age,25-34,149,0.8828135352721513,0.913113611340122,0.9125265411464742,0.9999999999999988,0.0,True,0.0,-0.030300076067970694,-0.34873213785627777
d_polpos,Politics,qwen3_vl_2b,Qwen3-VL-2B-Thinking,base,Qwen3-VL-2B-Thinking (as released),culture/qwen3_vl_2b/base,fa,1,age,35-44,104,0.88315671578893,0.9195486816234103,0.9187676008624726,0.9999999999999997,0.0,True,0.0,-0.036391965834480344,-0.452347662770806
d_polpos,Politics,qwen3_vl_2b,Qwen3-VL-2B-Thinking,base,Qwen3-VL-2B-Thinking (as released),culture/qwen3_vl_2b/base,fa,1,age,45-54,108,0.8835564026727611,0.9172984442759664,0.9165255325402277,0.9999999999999994,0.0,True,0.0,-0.033742041603205264,-0.40799766470897975
d_polpos,Politics,qwen3_vl_2b,Qwen3-VL-2B-Thinking,base,Qwen3-VL-2B-Thinking (as released),culture/qwen3_vl_2b/base,fa,1,age,55-64,92,0.8731122680231216,0.9076706429404334,0.9066560346210976,0.9999999999999998,0.0,True,0.0,-0.03455837491731184,-0.3742945474538114
d_polpos,Politics,qwen3_vl_2b,Qwen3-VL-2B-Thinking,base,Qwen3-VL-2B-Thinking (as released),culture/qwen3_vl_2b/base,fa,1,age,65-74,83,0.8911497494028466,0.9161762786606462,0.9151540381565078,0.9999999999999996,0.0,True,0.0,-0.02502652925779958,-0.29856141982150414
d_polpos,Politics,qwen3_vl_2b,Qwen3-VL-2B-Thinking,base,Qwen3-VL-2B-Thinking (as released),culture/qwen3_vl_2b/base,fa,1,age,75+,28,0.9014966405604552,0.9141404902852096,0.9109605084439211,0.9999999999999999,0.0,True,0.0,-0.012643849724754408,-0.14726207692956747
d_polpos,Politics,qwen3_vl_2b,Qwen3-VL-2B-Thinking,base,Qwen3-VL-2B-Thinking (as released),culture/qwen3_vl_2b/base,fa,1,education,Low,51,0.8425868251651916,0.8921166455159315,0.8899589784262502,0.9999999999999997,0.0,True,0.0,-0.04952982035073994,-0.4591053048693826
d_polpos,Politics,qwen3_vl_2b,Qwen3-VL-2B-Thinking,base,Qwen3-VL-2B-Thinking (as released),culture/qwen3_vl_2b/base,fa,1,education,Middle,343,0.8916120567435508,0.9208350033699649,0.9206035267716315,0.9999999999999986,0.0,True,0.0,-0.029222946626414115,-0.3691397444628574
d_polpos,Politics,qwen3_vl_2b,Qwen3-VL-2B-Thinking,base,Qwen3-VL-2B-Thinking (as released),culture/qwen3_vl_2b/base,fa,1,education,High,245,0.8799704995697305,0.9160577730639875,0.915713747543758,0.9999999999999998,0.0,True,0.0,-0.036087273494257,-0.4299060772090978
d_polpos,Politics,qwen3_vl_2b,Qwen3-VL-2B-Thinking,base,Qwen3-VL-2B-Thinking (as released),culture/qwen3_vl_2b/base,fa,1,employment,Working,349,0.8827795094718309,0.9159808605481979,0.9157394262394284,0.9999999999999993,0.0,True,0.0,-0.033201351076367014,-0.3951641410873187
d_polpos,Politics,qwen3_vl_2b,Qwen3-VL-2B-Thinking,base,Qwen3-VL-2B-Thinking (as released),culture/qwen3_vl_2b/base,fa,1,employment,Student,35,0.8914732952388429,0.9197242000745331,0.9173631471355489,0.9999999999999998,0.0,True,0.0,-0.02825090483569026,-0.35192305603831037
d_polpos,Politics,qwen3_vl_2b,Qwen3-VL-2B-Thinking,base,Qwen3-VL-2B-Thinking (as released),culture/qwen3_vl_2b/base,fa,1,employment,Homemaker,72,0.8663378165832689,0.9019801278118775,0.9005995662317632,0.9999999999999997,0.0,True,0.0,-0.035642311228608614,-0.3636233187511497
d_polpos,Politics,qwen3_vl_2b,Qwen3-VL-2B-Thinking,base,Qwen3-VL-2B-Thinking (as released),culture/qwen3_vl_2b/base,fa,1,employment,Unemployed,31,0.8700526763422607,0.9067606499870013,0.9036526716532347,1.0,0.0,True,0.0,-0.036707973644740655,-0.3936961555354379
d_polpos,Politics,qwen3_vl_2b,Qwen3-VL-2B-Thinking,base,Qwen3-VL-2B-Thinking (as released),culture/qwen3_vl_2b/base,fa,1,employment,Retired,147,0.8927190742746409,0.9185015931574811,0.9179433848914365,0.9999999999999998,0.0,True,0.0,-0.025782518882840222,-0.3163561090545039
d_polpos,Politics,qwen3_vl_2b,Qwen3-VL-2B-Thinking,base,Qwen3-VL-2B-Thinking (as released),culture/qwen3_vl_2b/base,fa,1,marital_status,Single,131,0.8817915341951361,0.9143810767728675,0.9137224696711204,0.9999999999999999,0.0,True,0.0,-0.03258954257773139,-0.38063481003232025
d_polpos,Politics,qwen3_vl_2b,Qwen3-VL-2B-Thinking,base,Qwen3-VL-2B-Thinking (as released),culture/qwen3_vl_2b/base,fa,1,marital_status,Cohabiting,37,0.8584683689415646,0.8980717972404287,0.8952404582748851,0.9999999999999999,0.0,True,0.0,-0.039603428298864096,-0.38854239775306204
d_polpos,Politics,qwen3_vl_2b,Qwen3-VL-2B-Thinking,base,Qwen3-VL-2B-Thinking (as released),culture/qwen3_vl_2b/base,fa,1,marital_status,Married,342,0.8830855540317064,0.9158601031707815,0.9156133586052999,0.9999999999999988,0.0,True,0.0,-0.03277454913907507,-0.389524475001421
d_polpos,Politics,qwen3_vl_2b,Qwen3-VL-2B-Thinking,base,Qwen3-VL-2B-Thinking (as released),culture/qwen3_vl_2b/base,fa,1,marital_status,Divorced or separated,68,0.8934162235169085,0.9186355927404262,0.9174211986022236,0.9999999999999997,0.0,True,0.0,-0.02521936922351764,-0.30995579114908595
d_polpos,Politics,qwen3_vl_2b,Qwen3-VL-2B-Thinking,base,Qwen3-VL-2B-Thinking (as released),culture/qwen3_vl_2b/base,fa,1,marital_status,Widowed,61,0.890853321846763,0.9121140590433208,0.9106492933607095,0.9999999999999999,0.0,True,0.0,-0.021260737196557744,-0.24191283571780375
d_polpos,Politics,qwen3_vl_2b,Qwen3-VL-2B-Thinking,german,Qwen3-VL-2B-Thinking (german),culture/qwen3_vl_2b/german,ntp,1,population,every retained cell,639,0.8594629578675288,0.9132721113111437,0.9131361741815374,0.9999999999999967,0.0,True,0.0,-0.05380915344361492,-0.6204365661045879
d_polpos,Politics,qwen3_vl_2b,Qwen3-VL-2B-Thinking,german,Qwen3-VL-2B-Thinking (german),culture/qwen3_vl_2b/german,ntp,1,country,Australia,136,0.8818056842639687,0.9354250473944337,0.9349467144121703,0.9999999999999994,0.0,True,0.0,-0.053619363130465,-0.8303430504700523
d_polpos,Politics,qwen3_vl_2b,Qwen3-VL-2B-Thinking,german,Qwen3-VL-2B-Thinking (german),culture/qwen3_vl_2b/german,ntp,1,country,Germany,144,0.875037131869287,0.9429379843153768,0.9425389492406591,0.9999999999999997,0.0,True,0.0,-0.06790085244608979,-1.1899483681293679
d_polpos,Politics,qwen3_vl_2b,Qwen3-VL-2B-Thinking,german,Qwen3-VL-2B-Thinking (german),culture/qwen3_vl_2b/german,ntp,1,country,Mexico,131,0.8012564987019878,0.9215779880320797,0.9209747417861727,0.9999999999999998,0.0,True,0.0,-0.1203214893300919,-1.5342821015521917
d_polpos,Politics,qwen3_vl_2b,Qwen3-VL-2B-Thinking,german,Qwen3-VL-2B-Thinking (german),culture/qwen3_vl_2b/german,ntp,1,country,Russia,88,0.8801043011154677,0.9167419656538811,0.915784976753351,0.9999999999999999,0.0,True,0.0,-0.03663766453841344,-0.44004959792953985
d_polpos,Politics,qwen3_vl_2b,Qwen3-VL-2B-Thinking,german,Qwen3-VL-2B-Thinking (german),culture/qwen3_vl_2b/german,ntp,1,country,United States,140,0.8632295014296588,0.9231137226171049,0.922560583930897,0.999999999999999,0.0,True,0.0,-0.059884221187446074,-0.7788674809839151
d_polpos,Politics,qwen3_vl_2b,Qwen3-VL-2B-Thinking,german,Qwen3-VL-2B-Thinking (german),culture/qwen3_vl_2b/german,ntp,1,wave,1995-1997,221,0.8776204070151385,0.9247631005171164,0.924421114610376,0.9999999999999991,0.0,True,0.0,-0.04714269350197786,-0.6265900618712077
d_polpos,Politics,qwen3_vl_2b,Qwen3-VL-2B-Thinking,german,Qwen3-VL-2B-Thinking (german),culture/qwen3_vl_2b/german,ntp,1,wave,2005-2006,173,0.8524300110315003,0.9014186949010933,0.9008455477784252,0.9999999999999991,0.0,True,0.0,-0.048988683869592986,-0.496936856541335
d_polpos,Politics,qwen3_vl_2b,Qwen3-VL-2B-Thinking,german,Qwen3-VL-2B-Thinking (german),culture/qwen3_vl_2b/german,ntp,1,wave,2017-2018,245,0.848050319259411,0.9143164832726606,0.91396532131886,0.999999999999999,0.0,True,0.0,-0.06626616401324958,-0.773382869241007
d_polpos,Politics,qwen3_vl_2b,Qwen3-VL-2B-Thinking,german,Qwen3-VL-2B-Thinking (german),culture/qwen3_vl_2b/german,ntp,1,sex,Female,349,0.8626825720355534,0.910474527899133,0.9102172707953948,0.9999999999999997,0.0,True,0.0,-0.04779195586357954,-0.5338364014403972
d_polpos,Politics,qwen3_vl_2b,Qwen3-VL-2B-Thinking,german,Qwen3-VL-2B-Thinking (german),culture/qwen3_vl_2b/german,ntp,1,sex,Male,290,0.8555883187480784,0.917785459854196,0.9175009804765288,0.9999999999999984,0.0,True,0.0,-0.062197141106117626,-0.7565223985418351
d_polpos,Politics,qwen3_vl_2b,Qwen3-VL-2B-Thinking,german,Qwen3-VL-2B-Thinking (german),culture/qwen3_vl_2b/german,ntp,1,age,<25,73,0.8577538408609209,0.9150536078577886,0.9138737968558134,0.9999999999999996,0.0,True,0.0,-0.057299766996867674,-0.6745403253965198
d_polpos,Politics,qwen3_vl_2b,Qwen3-VL-2B-Thinking,german,Qwen3-VL-2B-Thinking (german),culture/qwen3_vl_2b/german,ntp,1,age,25-34,149,0.8598065048182446,0.913113611340122,0.9125265411464742,0.9999999999999988,0.0,True,0.0,-0.05330710652187742,-0.613526552824647
d_polpos,Politics,qwen3_vl_2b,Qwen3-VL-2B-Thinking,german,Qwen3-VL-2B-Thinking (german),culture/qwen3_vl_2b/german,ntp,1,age,35-44,104,0.864659380758389,0.9195486816234103,0.9187676008624726,0.9999999999999997,0.0,True,0.0,-0.05488930086502131,-0.6822672638885354
d_polpos,Politics,qwen3_vl_2b,Qwen3-VL-2B-Thinking,german,Qwen3-VL-2B-Thinking (german),culture/qwen3_vl_2b/german,ntp,1,age,45-54,108,0.856675304504595,0.9172984442759664,0.9165255325402277,0.9999999999999994,0.0,True,0.0,-0.06062313977137146,-0.733035058901002
d_polpos,Politics,qwen3_vl_2b,Qwen3-VL-2B-Thinking,german,Qwen3-VL-2B-Thinking (german),culture/qwen3_vl_2b/german,ntp,1,age,55-64,92,0.8536685918077955,0.9076706429404334,0.9066560346210976,0.9999999999999998,0.0,True,0.0,-0.054002051132637896,-0.5848849472416265
d_polpos,Politics,qwen3_vl_2b,Qwen3-VL-2B-Thinking,german,Qwen3-VL-2B-Thinking (german),culture/qwen3_vl_2b/german,ntp,1,age,65-74,83,0.8643671285483895,0.9161762786606462,0.9151540381565078,0.9999999999999996,0.0,True,0.0,-0.05180915011225673,-0.6180726563368791
d_polpos,Politics,qwen3_vl_2b,Qwen3-VL-2B-Thinking,german,Qwen3-VL-2B-Thinking (german),culture/qwen3_vl_2b/german,ntp,1,age,75+,28,0.8729559856300994,0.9141404902852096,0.9109605084439211,0.9999999999999999,0.0,True,0.0,-0.041184504655110254,-0.47967318695293804
d_polpos,Politics,qwen3_vl_2b,Qwen3-VL-2B-Thinking,german,Qwen3-VL-2B-Thinking (german),culture/qwen3_vl_2b/german,ntp,1,education,Low,51,0.807497379679132,0.8921166455159315,0.8899589784262502,0.9999999999999997,0.0,True,0.0,-0.08461926583679946,-0.7843588683488284
d_polpos,Politics,qwen3_vl_2b,Qwen3-VL-2B-Thinking,german,Qwen3-VL-2B-Thinking (german),culture/qwen3_vl_2b/german,ntp,1,education,Middle,343,0.86894711567783,0.9208350033699649,0.9206035267716315,0.9999999999999986,0.0,True,0.0,-0.051887887692134926,-0.6554397764282699
d_polpos,Politics,qwen3_vl_2b,Qwen3-VL-2B-Thinking,german,Qwen3-VL-2B-Thinking (german),culture/qwen3_vl_2b/german,ntp,1,education,High,245,0.8570024613723243,0.9160577730639875,0.915713747543758,0.9999999999999998,0.0,True,0.0,-0.059055311691663226,-0.7035232903301448
d_polpos,Politics,qwen3_vl_2b,Qwen3-VL-2B-Thinking,german,Qwen3-VL-2B-Thinking (german),culture/qwen3_vl_2b/german,ntp,1,employment,Working,349,0.8612368616426402,0.9159808605481979,0.9157394262394284,0.9999999999999993,0.0,True,0.0,-0.0547439989055577,-0.6515658130129008
d_polpos,Politics,qwen3_vl_2b,Qwen3-VL-2B-Thinking,german,Qwen3-VL-2B-Thinking (german),culture/qwen3_vl_2b/german,ntp,1,employment,Student,35,0.8644427400250092,0.9197242000745331,0.9173631471355489,0.9999999999999998,0.0,True,0.0,-0.055281460049523945,-0.6886441505516079
d_polpos,Politics,qwen3_vl_2b,Qwen3-VL-2B-Thinking,german,Qwen3-VL-2B-Thinking (german),culture/qwen3_vl_2b/german,ntp,1,employment,Homemaker,72,0.8302113589462953,0.9019801278118775,0.9005995662317632,0.9999999999999997,0.0,True,0.0,-0.07176876886558226,-0.7321859054033618
d_polpos,Politics,qwen3_vl_2b,Qwen3-VL-2B-Thinking,german,Qwen3-VL-2B-Thinking (german),culture/qwen3_vl_2b/german,ntp,1,employment,Unemployed,31,0.8463802936646978,0.9067606499870013,0.9036526716532347,1.0,0.0,True,0.0,-0.06038035632230354,-0.6475844835242396
d_polpos,Politics,qwen3_vl_2b,Qwen3-VL-2B-Thinking,german,Qwen3-VL-2B-Thinking (german),culture/qwen3_vl_2b/german,ntp,1,employment,Retired,147,0.8705754965008891,0.9185015931574811,0.9179433848914365,0.9999999999999998,0.0,True,0.0,-0.04792609665659209,-0.588061761123757
d_polpos,Politics,qwen3_vl_2b,Qwen3-VL-2B-Thinking,german,Qwen3-VL-2B-Thinking (german),culture/qwen3_vl_2b/german,ntp,1,marital_status,Single,131,0.8577086054954826,0.9143810767728675,0.9137224696711204,0.9999999999999999,0.0,True,0.0,-0.05667247127738495,-0.6619152535595723
d_polpos,Politics,qwen3_vl_2b,Qwen3-VL-2B-Thinking,german,Qwen3-VL-2B-Thinking (german),culture/qwen3_vl_2b/german,ntp,1,marital_status,Cohabiting,37,0.8331500125056434,0.8980717972404287,0.8952404582748851,0.9999999999999999,0.0,True,0.0,-0.06492178473478538,-0.6369364216881485
d_polpos,Politics,qwen3_vl_2b,Qwen3-VL-2B-Thinking,german,Qwen3-VL-2B-Thinking (german),culture/qwen3_vl_2b/german,ntp,1,marital_status,Married,342,0.8605635505347956,0.9158601031707815,0.9156133586052999,0.9999999999999988,0.0,True,0.0,-0.055296552635985874,-0.6571977708532621
d_polpos,Politics,qwen3_vl_2b,Qwen3-VL-2B-Thinking,german,Qwen3-VL-2B-Thinking (german),culture/qwen3_vl_2b/german,ntp,1,marital_status,Divorced or separated,68,0.8689026157209911,0.9186355927404262,0.9174211986022236,0.9999999999999997,0.0,True,0.0,-0.04973297701943502,-0.6112375016851503
d_polpos,Politics,qwen3_vl_2b,Qwen3-VL-2B-Thinking,german,Qwen3-VL-2B-Thinking (german),culture/qwen3_vl_2b/german,ntp,1,marital_status,Widowed,61,0.8624973793902686,0.9121140590433208,0.9106492933607095,0.9999999999999999,0.0,True,0.0,-0.049616679653052165,-0.564557642700887
d_polpos,Politics,qwen3_vl_2b,Qwen3-VL-2B-Thinking,german,Qwen3-VL-2B-Thinking (german),culture/qwen3_vl_2b/german,fa,1,population,every retained cell,639,0.8166387613382358,0.9132721113111437,0.9131361741815374,0.9999999999999967,0.0,True,0.0,-0.09663334997290796,-1.114213103002984
d_polpos,Politics,qwen3_vl_2b,Qwen3-VL-2B-Thinking,german,Qwen3-VL-2B-Thinking (german),culture/qwen3_vl_2b/german,fa,1,country,Australia,136,0.8321693505381479,0.9354250473944337,0.9349467144121703,0.9999999999999994,0.0,True,0.0,-0.10325569685628577,-1.5990053835112714
d_polpos,Politics,qwen3_vl_2b,Qwen3-VL-2B-Thinking,german,Qwen3-VL-2B-Thinking (german),culture/qwen3_vl_2b/german,fa,1,country,Germany,144,0.830545257618851,0.9429379843153768,0.9425389492406591,0.9999999999999997,0.0,True,0.0,-0.11239272669652578,-1.9696592443861531
d_polpos,Politics,qwen3_vl_2b,Qwen3-VL-2B-Thinking,german,Qwen3-VL-2B-Thinking (german),culture/qwen3_vl_2b/german,fa,1,country,Mexico,131,0.7678371188044055,0.9215779880320797,0.9209747417861727,0.9999999999999998,0.0,True,0.0,-0.15374086922767416,-1.960430054900455
d_polpos,Politics,qwen3_vl_2b,Qwen3-VL-2B-Thinking,german,Qwen3-VL-2B-Thinking (german),culture/qwen3_vl_2b/german,fa,1,country,Russia,88,0.842274536240541,0.9167419656538811,0.915784976753351,0.9999999999999999,0.0,True,0.0,-0.07446742941334006,-0.894417337596097
d_polpos,Politics,qwen3_vl_2b,Qwen3-VL-2B-Thinking,german,Qwen3-VL-2B-Thinking (german),culture/qwen3_vl_2b/german,fa,1,country,United States,140,0.8167985569448949,0.9231137226171049,0.922560583930897,0.999999999999999,0.0,True,0.0,-0.10631516567221,-1.382758657214713
d_polpos,Politics,qwen3_vl_2b,Qwen3-VL-2B-Thinking,german,Qwen3-VL-2B-Thinking (german),culture/qwen3_vl_2b/german,fa,1,wave,1995-1997,221,0.8343892133602057,0.9247631005171164,0.924421114610376,0.9999999999999991,0.0,True,0.0,-0.09037388715691075,-1.2011910083757615
d_polpos,Politics,qwen3_vl_2b,Qwen3-VL-2B-Thinking,german,Qwen3-VL-2B-Thinking (german),culture/qwen3_vl_2b/german,fa,1,wave,2005-2006,173,0.814452330780178,0.9014186949010933,0.9008455477784252,0.9999999999999991,0.0,True,0.0,-0.0869663641209153,-0.8821790707037389
d_polpos,Politics,qwen3_vl_2b,Qwen3-VL-2B-Thinking,german,Qwen3-VL-2B-Thinking (german),culture/qwen3_vl_2b/german,fa,1,wave,2017-2018,245,0.8021710168063527,0.9143164832726606,0.91396532131886,0.999999999999999,0.0,True,0.0,-0.11214546646630785,-1.3088336094230957
d_polpos,Politics,qwen3_vl_2b,Qwen3-VL-2B-Thinking,german,Qwen3-VL-2B-Thinking (german),culture/qwen3_vl_2b/german,fa,1,sex,Female,349,0.8219374121859658,0.910474527899133,0.9102172707953948,0.9999999999999997,0.0,True,0.0,-0.08853711571316714,-0.9889600538873861
d_polpos,Politics,qwen3_vl_2b,Qwen3-VL-2B-Thinking,german,Qwen3-VL-2B-Thinking (german),culture/qwen3_vl_2b/german,fa,1,sex,Male,290,0.81026210911114,0.917785459854196,0.9175009804765288,0.9999999999999984,0.0,True,0.0,-0.10752335074305597,-1.3078386201804193
d_polpos,Politics,qwen3_vl_2b,Qwen3-VL-2B-Thinking,german,Qwen3-VL-2B-Thinking (german),culture/qwen3_vl_2b/german,fa,1,age,<25,73,0.8135729308901932,0.9150536078577886,0.9138737968558134,0.9999999999999996,0.0,True,0.0,-0.10148067696759533,-1.1946437560020597
d_polpos,Politics,qwen3_vl_2b,Qwen3-VL-2B-Thinking,german,Qwen3-VL-2B-Thinking (german),culture/qwen3_vl_2b/german,fa,1,age,25-34,149,0.8117148901152577,0.913113611340122,0.9125265411464742,0.9999999999999988,0.0,True,0.0,-0.10139872122486437,-1.167026536478525
d_polpos,Politics,qwen3_vl_2b,Qwen3-VL-2B-Thinking,german,Qwen3-VL-2B-Thinking (german),culture/qwen3_vl_2b/german,fa,1,age,35-44,104,0.8166516034474358,0.9195486816234103,0.9187676008624726,0.9999999999999997,0.0,True,0.0,-0.10289707817597449,-1.2789980357353128
d_polpos,Politics,qwen3_vl_2b,Qwen3-VL-2B-Thinking,german,Qwen3-VL-2B-Thinking (german),culture/qwen3_vl_2b/german,fa,1,age,45-54,108,0.8120889763346484,0.9172984442759664,0.9165255325402277,0.9999999999999994,0.0,True,0.0,-0.10520946794131802,-1.2721582686109434
d_polpos,Politics,qwen3_vl_2b,Qwen3-VL-2B-Thinking,german,Qwen3-VL-2B-Thinking (german),culture/qwen3_vl_2b/german,fa,1,age,55-64,92,0.8116006465774607,0.9076706429404334,0.9066560346210976,0.9999999999999998,0.0,True,0.0,-0.09606999636297275,-1.0405140837382079
d_polpos,Politics,qwen3_vl_2b,Qwen3-VL-2B-Thinking,german,Qwen3-VL-2B-Thinking (german),culture/qwen3_vl_2b/german,fa,1,age,65-74,83,0.8317067401339469,0.9161762786606462,0.9151540381565078,0.9999999999999996,0.0,True,0.0,-0.08446953852669936,-1.0077044681031404
d_polpos,Politics,qwen3_vl_2b,Qwen3-VL-2B-Thinking,german,Qwen3-VL-2B-Thinking (german),culture/qwen3_vl_2b/german,fa,1,age,75+,28,0.8503686984286547,0.9141404902852096,0.9109605084439211,0.9999999999999999,0.0,True,0.0,-0.0637717918565549,-0.7427458189359938
d_polpos,Politics,qwen3_vl_2b,Qwen3-VL-2B-Thinking,german,Qwen3-VL-2B-Thinking (german),culture/qwen3_vl_2b/german,fa,1,education,Low,51,0.7919288557381512,0.8921166455159315,0.8899589784262502,0.9999999999999997,0.0,True,0.0,-0.10018778977778031,-0.9286677287419292
d_polpos,Politics,qwen3_vl_2b,Qwen3-VL-2B-Thinking,german,Qwen3-VL-2B-Thinking (german),culture/qwen3_vl_2b/german,fa,1,education,Middle,343,0.825619095113302,0.9208350033699649,0.9206035267716315,0.9999999999999986,0.0,True,0.0,-0.09521590825666293,-1.202752634496269
d_polpos,Politics,qwen3_vl_2b,Qwen3-VL-2B-Thinking,german,Qwen3-VL-2B-Thinking (german),culture/qwen3_vl_2b/german,fa,1,education,High,245,0.8092099886882629,0.9160577730639875,0.915713747543758,0.9999999999999998,0.0,True,0.0,-0.10684778437572462,-1.2728728826454958
d_polpos,Politics,qwen3_vl_2b,Qwen3-VL-2B-Thinking,german,Qwen3-VL-2B-Thinking (german),culture/qwen3_vl_2b/german,fa,1,employment,Working,349,0.8122552561770141,0.9159808605481979,0.9157394262394284,0.9999999999999993,0.0,True,0.0,-0.10372560437118383,-1.2345473310957495
d_polpos,Politics,qwen3_vl_2b,Qwen3-VL-2B-Thinking,german,Qwen3-VL-2B-Thinking (german),culture/qwen3_vl_2b/german,fa,1,employment,Student,35,0.8222921737481024,0.9197242000745331,0.9173631471355489,0.9999999999999998,0.0,True,0.0,-0.09743202632643078,-1.2137160441489572
d_polpos,Politics,qwen3_vl_2b,Qwen3-VL-2B-Thinking,german,Qwen3-VL-2B-Thinking (german),culture/qwen3_vl_2b/german,fa,1,employment,Homemaker,72,0.7975542925298629,0.9019801278118775,0.9005995662317632,0.9999999999999997,0.0,True,0.0,-0.10442583528201466,-1.0653537180868557
d_polpos,Politics,qwen3_vl_2b,Qwen3-VL-2B-Thinking,german,Qwen3-VL-2B-Thinking (german),culture/qwen3_vl_2b/german,fa,1,employment,Unemployed,31,0.8030761995597664,0.9067606499870013,0.9036526716532347,1.0,0.0,True,0.0,-0.10368445042723495,-1.112024594903119
d_polpos,Politics,qwen3_vl_2b,Qwen3-VL-2B-Thinking,german,Qwen3-VL-2B-Thinking (german),culture/qwen3_vl_2b/german,fa,1,employment,Retired,147,0.8374971953343393,0.9185015931574811,0.9179433848914365,0.9999999999999998,0.0,True,0.0,-0.08100439782314184,-0.9939384211481385
d_polpos,Politics,qwen3_vl_2b,Qwen3-VL-2B-Thinking,german,Qwen3-VL-2B-Thinking (german),culture/qwen3_vl_2b/german,fa,1,marital_status,Single,131,0.8110918927733203,0.9143810767728675,0.9137224696711204,0.9999999999999999,0.0,True,0.0,-0.10328918399954723,-1.2063826559175304
d_polpos,Politics,qwen3_vl_2b,Qwen3-VL-2B-Thinking,german,Qwen3-VL-2B-Thinking (german),culture/qwen3_vl_2b/german,fa,1,marital_status,Cohabiting,37,0.7932463375198833,0.8980717972404287,0.8952404582748851,0.9999999999999999,0.0,True,0.0,-0.10482545972054547,-1.0284244878506126
d_polpos,Politics,qwen3_vl_2b,Qwen3-VL-2B-Thinking,german,Qwen3-VL-2B-Thinking (german),culture/qwen3_vl_2b/german,fa,1,marital_status,Married,342,0.8135775839582644,0.9158601031707815,0.9156133586052999,0.9999999999999988,0.0,True,0.0,-0.10228251921251708,-1.2156244904854498
d_polpos,Politics,qwen3_vl_2b,Qwen3-VL-2B-Thinking,german,Qwen3-VL-2B-Thinking (german),culture/qwen3_vl_2b/german,fa,1,marital_status,Divorced or separated,68,0.8323912089093846,0.9186355927404262,0.9174211986022236,0.9999999999999997,0.0,True,0.0,-0.0862443838310416,-1.0599767974207612
d_polpos,Politics,qwen3_vl_2b,Qwen3-VL-2B-Thinking,german,Qwen3-VL-2B-Thinking (german),culture/qwen3_vl_2b/german,fa,1,marital_status,Widowed,61,0.8423422972791387,0.9121140590433208,0.9106492933607095,0.9999999999999999,0.0,True,0.0,-0.0697717617641821,-0.7938899100889643
d_polpos,Politics,qwen3_vl_2b,Qwen3-VL-2B-Thinking,global,Qwen3-VL-2B-Thinking (distribution-matched),culture/qwen3_vl_2b/global,ntp,1,population,every retained cell,639,0.9020324880663135,0.9132721113111437,0.9131361741815374,0.9999999999999967,0.0,True,0.0,-0.011239623244830188,-0.12959641258134735
d_polpos,Politics,qwen3_vl_2b,Qwen3-VL-2B-Thinking,global,Qwen3-VL-2B-Thinking (distribution-matched),culture/qwen3_vl_2b/global,ntp,1,country,Australia,136,0.914482270696506,0.9354250473944337,0.9349467144121703,0.9999999999999994,0.0,True,0.0,-0.020942776697927656,-0.32431733749538044
d_polpos,Politics,qwen3_vl_2b,Qwen3-VL-2B-Thinking,global,Qwen3-VL-2B-Thinking (distribution-matched),culture/qwen3_vl_2b/global,ntp,1,country,Germany,144,0.8897483615893567,0.9429379843153768,0.9425389492406591,0.9999999999999997,0.0,True,0.0,-0.053189622726020125,-0.9321371158704687
d_polpos,Politics,qwen3_vl_2b,Qwen3-VL-2B-Thinking,global,Qwen3-VL-2B-Thinking (distribution-matched),culture/qwen3_vl_2b/global,ntp,1,country,Mexico,131,0.8918817090322763,0.9215779880320797,0.9209747417861727,0.9999999999999998,0.0,True,0.0,-0.029696278999803427,-0.3786727508591737
d_polpos,Politics,qwen3_vl_2b,Qwen3-VL-2B-Thinking,global,Qwen3-VL-2B-Thinking (distribution-matched),culture/qwen3_vl_2b/global,ntp,1,country,Russia,88,0.898795540550356,0.9167419656538811,0.915784976753351,0.9999999999999999,0.0,True,0.0,-0.017946425103525065,-0.21555187129350772
d_polpos,Politics,qwen3_vl_2b,Qwen3-VL-2B-Thinking,global,Qwen3-VL-2B-Thinking (distribution-matched),culture/qwen3_vl_2b/global,ntp,1,country,United States,140,0.914106396708019,0.9231137226171049,0.922560583930897,0.999999999999999,0.0,True,0.0,-0.009007325909085928,-0.11715128129079883
d_polpos,Politics,qwen3_vl_2b,Qwen3-VL-2B-Thinking,global,Qwen3-VL-2B-Thinking (distribution-matched),culture/qwen3_vl_2b/global,ntp,1,wave,1995-1997,221,0.9074924784443419,0.9247631005171164,0.924421114610376,0.9999999999999991,0.0,True,0.0,-0.017270622072774522,-0.22954989096412182
d_polpos,Politics,qwen3_vl_2b,Qwen3-VL-2B-Thinking,global,Qwen3-VL-2B-Thinking (distribution-matched),culture/qwen3_vl_2b/global,ntp,1,wave,2005-2006,173,0.8954161427572528,0.9014186949010933,0.9008455477784252,0.9999999999999991,0.0,True,0.0,-0.006002552143840489,-0.060889355621921645
d_polpos,Politics,qwen3_vl_2b,Qwen3-VL-2B-Thinking,global,Qwen3-VL-2B-Thinking (distribution-matched),culture/qwen3_vl_2b/global,ntp,1,wave,2017-2018,245,0.9017793038415104,0.9143164832726606,0.91396532131886,0.999999999999999,0.0,True,0.0,-0.01253717943115018,-0.1463196179382526
d_polpos,Politics,qwen3_vl_2b,Qwen3-VL-2B-Thinking,global,Qwen3-VL-2B-Thinking (distribution-matched),culture/qwen3_vl_2b/global,ntp,1,sex,Female,349,0.8972491452126746,0.910474527899133,0.9102172707953948,0.9999999999999997,0.0,True,0.0,-0.013225382686458342,-0.14772759501963306
d_polpos,Politics,qwen3_vl_2b,Qwen3-VL-2B-Thinking,global,Qwen3-VL-2B-Thinking (distribution-matched),culture/qwen3_vl_2b/global,ntp,1,sex,Male,290,0.9077889937763824,0.917785459854196,0.9175009804765288,0.9999999999999984,0.0,True,0.0,-0.00999646607781357,-0.12159000172092752
d_polpos,Politics,qwen3_vl_2b,Qwen3-VL-2B-Thinking,global,Qwen3-VL-2B-Thinking (distribution-matched),culture/qwen3_vl_2b/global,ntp,1,age,<25,73,0.9047406978693185,0.9150536078577886,0.9138737968558134,0.9999999999999996,0.0,True,0.0,-0.01031290998847001,-0.1214049205433568
d_polpos,Politics,qwen3_vl_2b,Qwen3-VL-2B-Thinking,global,Qwen3-VL-2B-Thinking (distribution-matched),culture/qwen3_vl_2b/global,ntp,1,age,25-34,149,0.9026435628174788,0.913113611340122,0.9125265411464742,0.9999999999999988,0.0,True,0.0,-0.010470048522643216,-0.12050274714062355
d_polpos,Politics,qwen3_vl_2b,Qwen3-VL-2B-Thinking,global,Qwen3-VL-2B-Thinking (distribution-matched),culture/qwen3_vl_2b/global,ntp,1,age,35-44,104,0.9033297582171053,0.9195486816234103,0.9187676008624726,0.9999999999999997,0.0,True,0.0,-0.01621892340630504,-0.20159922464396232
d_polpos,Politics,qwen3_vl_2b,Qwen3-VL-2B-Thinking,global,Qwen3-VL-2B-Thinking (distribution-matched),culture/qwen3_vl_2b/global,ntp,1,age,45-54,108,0.9079873782699502,0.9172984442759664,0.9165255325402277,0.9999999999999994,0.0,True,0.0,-0.009311066006016167,-0.11258634646591432
d_polpos,Politics,qwen3_vl_2b,Qwen3-VL-2B-Thinking,global,Qwen3-VL-2B-Thinking (distribution-matched),culture/qwen3_vl_2b/global,ntp,1,age,55-64,92,0.8964490603046835,0.9076706429404334,0.9066560346210976,0.9999999999999998,0.0,True,0.0,-0.011221582635749905,-0.12153861992681554
d_polpos,Politics,qwen3_vl_2b,Qwen3-VL-2B-Thinking,global,Qwen3-VL-2B-Thinking (distribution-matched),culture/qwen3_vl_2b/global,ntp,1,age,65-74,83,0.8992369506041148,0.9161762786606462,0.9151540381565078,0.9999999999999996,0.0,True,0.0,-0.016939328056531422,-0.2020827492011942
d_polpos,Politics,qwen3_vl_2b,Qwen3-VL-2B-Thinking,global,Qwen3-VL-2B-Thinking (distribution-matched),culture/qwen3_vl_2b/global,ntp,1,age,75+,28,0.8985304438660445,0.9141404902852096,0.9109605084439211,0.9999999999999999,0.0,True,0.0,-0.01561004641916508,-0.18180917257760734
d_polpos,Politics,qwen3_vl_2b,Qwen3-VL-2B-Thinking,global,Qwen3-VL-2B-Thinking (distribution-matched),culture/qwen3_vl_2b/global,ntp,1,education,Low,51,0.8621828039860076,0.8921166455159315,0.8899589784262502,0.9999999999999997,0.0,True,0.0,-0.029933841529923955,-0.27746487558786825
d_polpos,Politics,qwen3_vl_2b,Qwen3-VL-2B-Thinking,global,Qwen3-VL-2B-Thinking (distribution-matched),culture/qwen3_vl_2b/global,ntp,1,education,Middle,343,0.9085144222445038,0.9208350033699649,0.9206035267716315,0.9999999999999986,0.0,True,0.0,-0.012320581125461083,-0.15563167624498672
d_polpos,Politics,qwen3_vl_2b,Qwen3-VL-2B-Thinking,global,Qwen3-VL-2B-Thinking (distribution-matched),culture/qwen3_vl_2b/global,ntp,1,education,High,245,0.9012530205764211,0.9160577730639875,0.915713747543758,0.9999999999999998,0.0,True,0.0,-0.014804752487566408,-0.17636835509322119
d_polpos,Politics,qwen3_vl_2b,Qwen3-VL-2B-Thinking,global,Qwen3-VL-2B-Thinking (distribution-matched),culture/qwen3_vl_2b/global,ntp,1,employment,Working,349,0.9055879169150691,0.9159808605481979,0.9157394262394284,0.9999999999999993,0.0,True,0.0,-0.010392943633128815,-0.12369733492796331
d_polpos,Politics,qwen3_vl_2b,Qwen3-VL-2B-Thinking,global,Qwen3-VL-2B-Thinking (distribution-matched),culture/qwen3_vl_2b/global,ntp,1,employment,Student,35,0.9034513684194634,0.9197242000745331,0.9173631471355489,0.9999999999999998,0.0,True,0.0,-0.016272831655069764,-0.20271154781613504
d_polpos,Politics,qwen3_vl_2b,Qwen3-VL-2B-Thinking,global,Qwen3-VL-2B-Thinking (distribution-matched),culture/qwen3_vl_2b/global,ntp,1,employment,Homemaker,72,0.8873856920970533,0.9019801278118775,0.9005995662317632,0.9999999999999997,0.0,True,0.0,-0.014594435714824217,-0.14889262135349624
d_polpos,Politics,qwen3_vl_2b,Qwen3-VL-2B-Thinking,global,Qwen3-VL-2B-Thinking (distribution-matched),culture/qwen3_vl_2b/global,ntp,1,employment,Unemployed,31,0.8930821547890175,0.9067606499870013,0.9036526716532347,1.0,0.0,True,0.0,-0.013678495197983809,-0.14670303038445534
d_polpos,Politics,qwen3_vl_2b,Qwen3-VL-2B-Thinking,global,Qwen3-VL-2B-Thinking (distribution-matched),culture/qwen3_vl_2b/global,ntp,1,employment,Retired,147,0.9022517522925455,0.9185015931574811,0.9179433848914365,0.9999999999999998,0.0,True,0.0,-0.01624984086493564,-0.19938844812433645
d_polpos,Politics,qwen3_vl_2b,Qwen3-VL-2B-Thinking,global,Qwen3-VL-2B-Thinking (distribution-matched),culture/qwen3_vl_2b/global,ntp,1,marital_status,Single,131,0.9018903182443992,0.9143810767728675,0.9137224696711204,0.9999999999999999,0.0,True,0.0,-0.01249075852846826,-0.1458878254674191
d_polpos,Politics,qwen3_vl_2b,Qwen3-VL-2B-Thinking,global,Qwen3-VL-2B-Thinking (distribution-matched),culture/qwen3_vl_2b/global,ntp,1,marital_status,Cohabiting,37,0.8864224567142225,0.8980717972404287,0.8952404582748851,0.9999999999999999,0.0,True,0.0,-0.011649340526206253,-0.11428966871597622
d_polpos,Politics,qwen3_vl_2b,Qwen3-VL-2B-Thinking,global,Qwen3-VL-2B-Thinking (distribution-matched),culture/qwen3_vl_2b/global,ntp,1,marital_status,Married,342,0.9050485189467874,0.9158601031707815,0.9156133586052999,0.9999999999999988,0.0,True,0.0,-0.010811584223994086,-0.12849533492938206
d_polpos,Politics,qwen3_vl_2b,Qwen3-VL-2B-Thinking,global,Qwen3-VL-2B-Thinking (distribution-matched),culture/qwen3_vl_2b/global,ntp,1,marital_status,Divorced or separated,68,0.9037426648658247,0.9186355927404262,0.9174211986022236,0.9999999999999997,0.0,True,0.0,-0.014892927874601503,-0.1830398373958425
d_polpos,Politics,qwen3_vl_2b,Qwen3-VL-2B-Thinking,global,Qwen3-VL-2B-Thinking (distribution-matched),culture/qwen3_vl_2b/global,ntp,1,marital_status,Widowed,61,0.8929902064795813,0.9121140590433208,0.9106492933607095,0.9999999999999999,0.0,True,0.0,-0.019123852563739496,-0.21759854142275192
d_polpos,Politics,qwen3_vl_2b,Qwen3-VL-2B-Thinking,global,Qwen3-VL-2B-Thinking (distribution-matched),culture/qwen3_vl_2b/global,fa,1,population,every retained cell,639,0.8834610780432317,0.9132721113111437,0.9131361741815374,0.9999999999999967,0.0,True,0.0,-0.029811033267912013,-0.3437306467226666
d_polpos,Politics,qwen3_vl_2b,Qwen3-VL-2B-Thinking,global,Qwen3-VL-2B-Thinking (distribution-matched),culture/qwen3_vl_2b/global,fa,1,country,Australia,136,0.8979806960852582,0.9354250473944337,0.9349467144121703,0.9999999999999994,0.0,True,0.0,-0.03744435130917545,-0.5798587501548976
d_polpos,Politics,qwen3_vl_2b,Qwen3-VL-2B-Thinking,global,Qwen3-VL-2B-Thinking (distribution-matched),culture/qwen3_vl_2b/global,fa,1,country,Germany,144,0.869347223156977,0.9429379843153768,0.9425389492406591,0.9999999999999997,0.0,True,0.0,-0.0735907611583998,-1.289662839201642
d_polpos,Politics,qwen3_vl_2b,Qwen3-VL-2B-Thinking,global,Qwen3-VL-2B-Thinking (distribution-matched),culture/qwen3_vl_2b/global,fa,1,country,Mexico,131,0.861415005668516,0.9215779880320797,0.9209747417861727,0.9999999999999998,0.0,True,0.0,-0.060162982363563655,-0.7671695848376628
d_polpos,Politics,qwen3_vl_2b,Qwen3-VL-2B-Thinking,global,Qwen3-VL-2B-Thinking (distribution-matched),culture/qwen3_vl_2b/global,fa,1,country,Russia,88,0.8994211160060115,0.9167419656538811,0.915784976753351,0.9999999999999999,0.0,True,0.0,-0.01732084964786962,-0.20803817654238238
d_polpos,Politics,qwen3_vl_2b,Qwen3-VL-2B-Thinking,global,Qwen3-VL-2B-Thinking (distribution-matched),culture/qwen3_vl_2b/global,fa,1,country,United States,140,0.894470215116576,0.9231137226171049,0.922560583930897,0.999999999999999,0.0,True,0.0,-0.02864350750052891,-0.3725438202435488
d_polpos,Politics,qwen3_vl_2b,Qwen3-VL-2B-Thinking,global,Qwen3-VL-2B-Thinking (distribution-matched),culture/qwen3_vl_2b/global,fa,1,wave,1995-1997,221,0.8904847940592819,0.9247631005171164,0.924421114610376,0.9999999999999991,0.0,True,0.0,-0.03427830645783447,-0.4556049849666226
d_polpos,Politics,qwen3_vl_2b,Qwen3-VL-2B-Thinking,global,Qwen3-VL-2B-Thinking (distribution-matched),culture/qwen3_vl_2b/global,fa,1,wave,2005-2006,173,0.8794235336678121,0.9014186949010933,0.9008455477784252,0.9999999999999991,0.0,True,0.0,-0.021995161233281157,-0.22311696128605105
d_polpos,Politics,qwen3_vl_2b,Qwen3-VL-2B-Thinking,global,Qwen3-VL-2B-Thinking (distribution-matched),culture/qwen3_vl_2b/global,fa,1,wave,2017-2018,245,0.8799764002367031,0.9143164832726606,0.91396532131886,0.999999999999999,0.0,True,0.0,-0.03434008303595748,-0.4007781700327951
d_polpos,Politics,qwen3_vl_2b,Qwen3-VL-2B-Thinking,global,Qwen3-VL-2B-Thinking (distribution-matched),culture/qwen3_vl_2b/global,fa,1,sex,Female,349,0.8823401630838885,0.910474527899133,0.9102172707953948,0.9999999999999997,0.0,True,0.0,-0.02813436481524445,-0.31426100477354507
d_polpos,Politics,qwen3_vl_2b,Qwen3-VL-2B-Thinking,global,Qwen3-VL-2B-Thinking (distribution-matched),culture/qwen3_vl_2b/global,fa,1,sex,Male,290,0.8848100412184413,0.917785459854196,0.9175009804765288,0.9999999999999984,0.0,True,0.0,-0.032975418635754705,-0.40108986290349863
d_polpos,Politics,qwen3_vl_2b,Qwen3-VL-2B-Thinking,global,Qwen3-VL-2B-Thinking (distribution-matched),culture/qwen3_vl_2b/global,fa,1,age,<25,73,0.8863950485243678,0.9150536078577886,0.9138737968558134,0.9999999999999996,0.0,True,0.0,-0.028658559333420763,-0.33737229575851274
d_polpos,Politics,qwen3_vl_2b,Qwen3-VL-2B-Thinking,global,Qwen3-VL-2B-Thinking (distribution-matched),culture/qwen3_vl_2b/global,fa,1,age,25-34,149,0.8789557383969273,0.913113611340122,0.9125265411464742,0.9999999999999988,0.0,True,0.0,-0.03415787294319472,-0.3931326122542368
d_polpos,Politics,qwen3_vl_2b,Qwen3-VL-2B-Thinking,global,Qwen3-VL-2B-Thinking (distribution-matched),culture/qwen3_vl_2b/global,fa,1,age,35-44,104,0.8821379129712238,0.9195486816234103,0.9187676008624726,0.9999999999999997,0.0,True,0.0,-0.03741076865218651,-0.4650112565846101
d_polpos,Politics,qwen3_vl_2b,Qwen3-VL-2B-Thinking,global,Qwen3-VL-2B-Thinking (distribution-matched),culture/qwen3_vl_2b/global,fa,1,age,45-54,108,0.886326171796324,0.9172984442759664,0.9165255325402277,0.9999999999999994,0.0,True,0.0,-0.030972272479642404,-0.37450652782147925
d_polpos,Politics,qwen3_vl_2b,Qwen3-VL-2B-Thinking,global,Qwen3-VL-2B-Thinking (distribution-matched),culture/qwen3_vl_2b/global,fa,1,age,55-64,92,0.8741694178368793,0.9076706429404334,0.9066560346210976,0.9999999999999998,0.0,True,0.0,-0.03350122510355413,-0.3628447784158262
d_polpos,Politics,qwen3_vl_2b,Qwen3-VL-2B-Thinking,global,Qwen3-VL-2B-Thinking (distribution-matched),culture/qwen3_vl_2b/global,fa,1,age,65-74,83,0.8928718211952207,0.9161762786606462,0.9151540381565078,0.9999999999999996,0.0,True,0.0,-0.023304457465425532,-0.27801745249509097
d_polpos,Politics,qwen3_vl_2b,Qwen3-VL-2B-Thinking,global,Qwen3-VL-2B-Thinking (distribution-matched),culture/qwen3_vl_2b/global,fa,1,age,75+,28,0.9026287391148767,0.9141404902852096,0.9109605084439211,0.9999999999999999,0.0,True,0.0,-0.011511751170332873,-0.134076600350652
d_polpos,Politics,qwen3_vl_2b,Qwen3-VL-2B-Thinking,global,Qwen3-VL-2B-Thinking (distribution-matched),culture/qwen3_vl_2b/global,fa,1,education,Low,51,0.8537158980448489,0.8921166455159315,0.8899589784262502,0.9999999999999997,0.0,True,0.0,-0.038400747471082575,-0.3559469174343605
d_polpos,Politics,qwen3_vl_2b,Qwen3-VL-2B-Thinking,global,Qwen3-VL-2B-Thinking (distribution-matched),culture/qwen3_vl_2b/global,fa,1,education,Middle,343,0.8932744005111652,0.9208350033699649,0.9206035267716315,0.9999999999999986,0.0,True,0.0,-0.027560602858799688,-0.34814127495766534
d_polpos,Politics,qwen3_vl_2b,Qwen3-VL-2B-Thinking,global,Qwen3-VL-2B-Thinking (distribution-matched),culture/qwen3_vl_2b/global,fa,1,education,High,245,0.8759142803837066,0.9160577730639875,0.915713747543758,0.9999999999999998,0.0,True,0.0,-0.040143492680280946,-0.47822763519106465
d_polpos,Politics,qwen3_vl_2b,Qwen3-VL-2B-Thinking,global,Qwen3-VL-2B-Thinking (distribution-matched),culture/qwen3_vl_2b/global,fa,1,employment,Working,349,0.8833084253841677,0.9159808605481979,0.9157394262394284,0.9999999999999993,0.0,True,0.0,-0.03267243516403029,-0.3888689574447852
d_polpos,Politics,qwen3_vl_2b,Qwen3-VL-2B-Thinking,global,Qwen3-VL-2B-Thinking (distribution-matched),culture/qwen3_vl_2b/global,fa,1,employment,Student,35,0.8836621624556483,0.9197242000745331,0.9173631471355489,0.9999999999999998,0.0,True,0.0,-0.036062037618884824,-0.4492267613946807
d_polpos,Politics,qwen3_vl_2b,Qwen3-VL-2B-Thinking,global,Qwen3-VL-2B-Thinking (distribution-matched),culture/qwen3_vl_2b/global,fa,1,employment,Homemaker,72,0.8738920778068993,0.9019801278118775,0.9005995662317632,0.9999999999999997,0.0,True,0.0,-0.02808805000497827,-0.2865546483377463
d_polpos,Politics,qwen3_vl_2b,Qwen3-VL-2B-Thinking,global,Qwen3-VL-2B-Thinking (distribution-matched),culture/qwen3_vl_2b/global,fa,1,employment,Unemployed,31,0.8664403213304364,0.9067606499870013,0.9036526716532347,1.0,0.0,True,0.0,-0.040320328656564985,-0.4324389718605273
d_polpos,Politics,qwen3_vl_2b,Qwen3-VL-2B-Thinking,global,Qwen3-VL-2B-Thinking (distribution-matched),culture/qwen3_vl_2b/global,fa,1,employment,Retired,147,0.8913068578366081,0.9185015931574811,0.9179433848914365,0.9999999999999998,0.0,True,0.0,-0.02719473532087302,-0.3336842568397932
d_polpos,Politics,qwen3_vl_2b,Qwen3-VL-2B-Thinking,global,Qwen3-VL-2B-Thinking (distribution-matched),culture/qwen3_vl_2b/global,fa,1,marital_status,Single,131,0.8786247406081439,0.9143810767728675,0.9137224696711204,0.9999999999999999,0.0,True,0.0,-0.03575633616472362,-0.41762188564166036
d_polpos,Politics,qwen3_vl_2b,Qwen3-VL-2B-Thinking,global,Qwen3-VL-2B-Thinking (distribution-matched),culture/qwen3_vl_2b/global,fa,1,marital_status,Cohabiting,37,0.8592530522500895,0.8980717972404287,0.8952404582748851,0.9999999999999999,0.0,True,0.0,-0.038818744990339216,-0.38084400528384726
d_polpos,Politics,qwen3_vl_2b,Qwen3-VL-2B-Thinking,global,Qwen3-VL-2B-Thinking (distribution-matched),culture/qwen3_vl_2b/global,fa,1,marital_status,Married,342,0.8837538184198134,0.9158601031707815,0.9156133586052999,0.9999999999999988,0.0,True,0.0,-0.032106284750968106,-0.38158217398501537
d_polpos,Politics,qwen3_vl_2b,Qwen3-VL-2B-Thinking,global,Qwen3-VL-2B-Thinking (distribution-matched),culture/qwen3_vl_2b/global,fa,1,marital_status,Divorced or separated,68,0.8951207437657843,0.9186355927404262,0.9174211986022236,0.9999999999999997,0.0,True,0.0,-0.023514848974641844,-0.2890065787565231
d_polpos,Politics,qwen3_vl_2b,Qwen3-VL-2B-Thinking,global,Qwen3-VL-2B-Thinking (distribution-matched),culture/qwen3_vl_2b/global,fa,1,marital_status,Widowed,61,0.8938919416566454,0.9121140590433208,0.9106492933607095,0.9999999999999999,0.0,True,0.0,-0.01822211738667534,-0.20733825215181337
d_polpos,Politics,qwen3_vl_2b,Qwen3-VL-2B-Thinking,spanish-mx,Qwen3-VL-2B-Thinking (spanish-mx),culture/qwen3_vl_2b/spanish-mx,ntp,1,population,every retained cell,639,0.8479834892041146,0.9132721113111437,0.9131361741815374,0.9999999999999967,0.0,True,0.0,-0.06528862210702913,-0.7527984722568036
d_polpos,Politics,qwen3_vl_2b,Qwen3-VL-2B-Thinking,spanish-mx,Qwen3-VL-2B-Thinking (spanish-mx),culture/qwen3_vl_2b/spanish-mx,ntp,1,country,Australia,136,0.8645333609368002,0.9354250473944337,0.9349467144121703,0.9999999999999994,0.0,True,0.0,-0.07089168645763344,-1.0978201856476872
d_polpos,Politics,qwen3_vl_2b,Qwen3-VL-2B-Thinking,spanish-mx,Qwen3-VL-2B-Thinking (spanish-mx),culture/qwen3_vl_2b/spanish-mx,ntp,1,country,Germany,144,0.8343536797040189,0.9429379843153768,0.9425389492406591,0.9999999999999997,0.0,True,0.0,-0.10858430461135793,-1.9029174365569894
d_polpos,Politics,qwen3_vl_2b,Qwen3-VL-2B-Thinking,spanish-mx,Qwen3-VL-2B-Thinking (spanish-mx),culture/qwen3_vl_2b/spanish-mx,ntp,1,country,Mexico,131,0.823156958538614,0.9215779880320797,0.9209747417861727,0.9999999999999998,0.0,True,0.0,-0.09842102949346565,-1.255017909177416
d_polpos,Politics,qwen3_vl_2b,Qwen3-VL-2B-Thinking,spanish-mx,Qwen3-VL-2B-Thinking (spanish-mx),culture/qwen3_vl_2b/spanish-mx,ntp,1,country,Russia,88,0.8692079833006492,0.9167419656538811,0.915784976753351,0.9999999999999999,0.0,True,0.0,-0.04753398235323192,-0.5709236679264424
d_polpos,Politics,qwen3_vl_2b,Qwen3-VL-2B-Thinking,spanish-mx,Qwen3-VL-2B-Thinking (spanish-mx),culture/qwen3_vl_2b/spanish-mx,ntp,1,country,United States,140,0.8558151324116439,0.9231137226171049,0.922560583930897,0.999999999999999,0.0,True,0.0,-0.06729859020546103,-0.8753004111554625
d_polpos,Politics,qwen3_vl_2b,Qwen3-VL-2B-Thinking,spanish-mx,Qwen3-VL-2B-Thinking (spanish-mx),culture/qwen3_vl_2b/spanish-mx,ntp,1,wave,1995-1997,221,0.8586885238186337,0.9247631005171164,0.924421114610376,0.9999999999999991,0.0,True,0.0,-0.06607457669848271,-0.8782203566684017
d_polpos,Politics,qwen3_vl_2b,Qwen3-VL-2B-Thinking,spanish-mx,Qwen3-VL-2B-Thinking (spanish-mx),culture/qwen3_vl_2b/spanish-mx,ntp,1,wave,2005-2006,173,0.8456286694151206,0.9014186949010933,0.9008455477784252,0.9999999999999991,0.0,True,0.0,-0.05579002548597267,-0.5659290616004574
d_polpos,Politics,qwen3_vl_2b,Qwen3-VL-2B-Thinking,spanish-mx,Qwen3-VL-2B-Thinking (spanish-mx),culture/qwen3_vl_2b/spanish-mx,ntp,1,wave,2017-2018,245,0.83998990215794,0.9143164832726606,0.91396532131886,0.999999999999999,0.0,True,0.0,-0.07432658111472057,-0.8674548379152236
d_polpos,Politics,qwen3_vl_2b,Qwen3-VL-2B-Thinking,spanish-mx,Qwen3-VL-2B-Thinking (spanish-mx),culture/qwen3_vl_2b/spanish-mx,ntp,1,sex,Female,349,0.8472436488116313,0.910474527899133,0.9102172707953948,0.9999999999999997,0.0,True,0.0,-0.06323087908750169,-0.7062892560483836
d_polpos,Politics,qwen3_vl_2b,Qwen3-VL-2B-Thinking,spanish-mx,Qwen3-VL-2B-Thinking (spanish-mx),culture/qwen3_vl_2b/spanish-mx,ntp,1,sex,Male,290,0.8488738488488619,0.917785459854196,0.9175009804765288,0.9999999999999984,0.0,True,0.0,-0.06891161100533416,-0.8381925007805475
d_polpos,Politics,qwen3_vl_2b,Qwen3-VL-2B-Thinking,spanish-mx,Qwen3-VL-2B-Thinking (spanish-mx),culture/qwen3_vl_2b/spanish-mx,ntp,1,age,<25,73,0.851222969534591,0.9150536078577886,0.9138737968558134,0.9999999999999996,0.0,True,0.0,-0.06383063832319757,-0.7514225938676322
d_polpos,Politics,qwen3_vl_2b,Qwen3-VL-2B-Thinking,spanish-mx,Qwen3-VL-2B-Thinking (spanish-mx),culture/qwen3_vl_2b/spanish-mx,ntp,1,age,25-34,149,0.8422735437325433,0.913113611340122,0.9125265411464742,0.9999999999999988,0.0,True,0.0,-0.07084006760757877,-0.8153183565366782
d_polpos,Politics,qwen3_vl_2b,Qwen3-VL-2B-Thinking,spanish-mx,Qwen3-VL-2B-Thinking (spanish-mx),culture/qwen3_vl_2b/spanish-mx,ntp,1,age,35-44,104,0.8419227852227931,0.9195486816234103,0.9187676008624726,0.9999999999999997,0.0,True,0.0,-0.07762589640061723,-0.964880352081407
d_polpos,Politics,qwen3_vl_2b,Qwen3-VL-2B-Thinking,spanish-mx,Qwen3-VL-2B-Thinking (spanish-mx),culture/qwen3_vl_2b/spanish-mx,ntp,1,age,45-54,108,0.8476502102231986,0.9172984442759664,0.9165255325402277,0.9999999999999994,0.0,True,0.0,-0.06964823405276777,-0.842163529367895
d_polpos,Politics,qwen3_vl_2b,Qwen3-VL-2B-Thinking,spanish-mx,Qwen3-VL-2B-Thinking (spanish-mx),culture/qwen3_vl_2b/spanish-mx,ntp,1,age,55-64,92,0.8424127352899856,0.9076706429404334,0.9066560346210976,0.9999999999999998,0.0,True,0.0,-0.06525790765044781,-0.7067947804331234
d_polpos,Politics,qwen3_vl_2b,Qwen3-VL-2B-Thinking,spanish-mx,Qwen3-VL-2B-Thinking (spanish-mx),culture/qwen3_vl_2b/spanish-mx,ntp,1,age,65-74,83,0.863650468403148,0.9161762786606462,0.9151540381565078,0.9999999999999996,0.0,True,0.0,-0.05252581025749825,-0.6266222665640387
d_polpos,Politics,qwen3_vl_2b,Qwen3-VL-2B-Thinking,spanish-mx,Qwen3-VL-2B-Thinking (spanish-mx),culture/qwen3_vl_2b/spanish-mx,ntp,1,age,75+,28,0.874970545096019,0.9141404902852096,0.9109605084439211,0.9999999999999999,0.0,True,0.0,-0.03916994518919059,-0.4562097468213596
d_polpos,Politics,qwen3_vl_2b,Qwen3-VL-2B-Thinking,spanish-mx,Qwen3-VL-2B-Thinking (spanish-mx),culture/qwen3_vl_2b/spanish-mx,ntp,1,education,Low,51,0.8319115094796714,0.8921166455159315,0.8899589784262502,0.9999999999999997,0.0,True,0.0,-0.0602051360362601,-0.5580576941102698
d_polpos,Politics,qwen3_vl_2b,Qwen3-VL-2B-Thinking,spanish-mx,Qwen3-VL-2B-Thinking (spanish-mx),culture/qwen3_vl_2b/spanish-mx,ntp,1,education,Middle,343,0.8566118564504366,0.9208350033699649,0.9206035267716315,0.9999999999999986,0.0,True,0.0,-0.06422314691952835,-0.8112568641879054
d_polpos,Politics,qwen3_vl_2b,Qwen3-VL-2B-Thinking,spanish-mx,Qwen3-VL-2B-Thinking (spanish-mx),culture/qwen3_vl_2b/spanish-mx,ntp,1,education,High,245,0.8392493708386378,0.9160577730639875,0.915713747543758,0.9999999999999998,0.0,True,0.0,-0.07680840222534968,-0.9150150648719292
d_polpos,Politics,qwen3_vl_2b,Qwen3-VL-2B-Thinking,spanish-mx,Qwen3-VL-2B-Thinking (spanish-mx),culture/qwen3_vl_2b/spanish-mx,ntp,1,employment,Working,349,0.8446580126524912,0.9159808605481979,0.9157394262394284,0.9999999999999993,0.0,True,0.0,-0.07132284789570675,-0.8488881028901922
d_polpos,Politics,qwen3_vl_2b,Qwen3-VL-2B-Thinking,spanish-mx,Qwen3-VL-2B-Thinking (spanish-mx),culture/qwen3_vl_2b/spanish-mx,ntp,1,employment,Student,35,0.8524802365740165,0.9197242000745331,0.9173631471355489,0.9999999999999998,0.0,True,0.0,-0.06724396350051665,-0.8376617058061111
d_polpos,Politics,qwen3_vl_2b,Qwen3-VL-2B-Thinking,spanish-mx,Qwen3-VL-2B-Thinking (spanish-mx),culture/qwen3_vl_2b/spanish-mx,ntp,1,employment,Homemaker,72,0.8366210627922454,0.9019801278118775,0.9005995662317632,0.9999999999999997,0.0,True,0.0,-0.06535906501963218,-0.6667940241157756
d_polpos,Politics,qwen3_vl_2b,Qwen3-VL-2B-Thinking,spanish-mx,Qwen3-VL-2B-Thinking (spanish-mx),culture/qwen3_vl_2b/spanish-mx,ntp,1,employment,Unemployed,31,0.833437494452306,0.9067606499870013,0.9036526716532347,1.0,0.0,True,0.0,-0.07332315553469537,-0.7863971115679513
d_polpos,Politics,qwen3_vl_2b,Qwen3-VL-2B-Thinking,spanish-mx,Qwen3-VL-2B-Thinking (spanish-mx),culture/qwen3_vl_2b/spanish-mx,ntp,1,employment,Retired,147,0.8633583674622065,0.9185015931574811,0.9179433848914365,0.9999999999999998,0.0,True,0.0,-0.055143225695274634,-0.6766172227369928
d_polpos,Politics,qwen3_vl_2b,Qwen3-VL-2B-Thinking,spanish-mx,Qwen3-VL-2B-Thinking (spanish-mx),culture/qwen3_vl_2b/spanish-mx,ntp,1,marital_status,Single,131,0.8433771113961072,0.9143810767728675,0.9137224696711204,0.9999999999999999,0.0,True,0.0,-0.07100396537676035,-0.8293022465185513
d_polpos,Politics,qwen3_vl_2b,Qwen3-VL-2B-Thinking,spanish-mx,Qwen3-VL-2B-Thinking (spanish-mx),culture/qwen3_vl_2b/spanish-mx,ntp,1,marital_status,Cohabiting,37,0.8162391810339908,0.8980717972404287,0.8952404582748851,0.9999999999999999,0.0,True,0.0,-0.08183261620643789,-0.8028456697060092
d_polpos,Politics,qwen3_vl_2b,Qwen3-VL-2B-Thinking,spanish-mx,Qwen3-VL-2B-Thinking (spanish-mx),culture/qwen3_vl_2b/spanish-mx,ntp,1,marital_status,Married,342,0.8481142650733684,0.9158601031707815,0.9156133586052999,0.9999999999999988,0.0,True,0.0,-0.06774583809741308,-0.805157132946324
d_polpos,Politics,qwen3_vl_2b,Qwen3-VL-2B-Thinking,spanish-mx,Qwen3-VL-2B-Thinking (spanish-mx),culture/qwen3_vl_2b/spanish-mx,ntp,1,marital_status,Divorced or separated,68,0.8585805758223302,0.9186355927404262,0.9174211986022236,0.9999999999999997,0.0,True,0.0,-0.060055016918096005,-0.7380993599142771
d_polpos,Politics,qwen3_vl_2b,Qwen3-VL-2B-Thinking,spanish-mx,Qwen3-VL-2B-Thinking (spanish-mx),culture/qwen3_vl_2b/spanish-mx,ntp,1,marital_status,Widowed,61,0.8645842704798536,0.9121140590433208,0.9106492933607095,0.9999999999999999,0.0,True,0.0,-0.047529788563467124,-0.5408121941471336
d_polpos,Politics,qwen3_vl_2b,Qwen3-VL-2B-Thinking,spanish-mx,Qwen3-VL-2B-Thinking (spanish-mx),culture/qwen3_vl_2b/spanish-mx,fa,1,population,every retained cell,639,0.8306941780412966,0.9132721113111437,0.9131361741815374,0.9999999999999967,0.0,True,0.0,-0.08257793326984708,-0.9521497008430873
d_polpos,Politics,qwen3_vl_2b,Qwen3-VL-2B-Thinking,spanish-mx,Qwen3-VL-2B-Thinking (spanish-mx),culture/qwen3_vl_2b/spanish-mx,fa,1,country,Australia,136,0.8467522913320715,0.9354250473944337,0.9349467144121703,0.9999999999999994,0.0,True,0.0,-0.08867275606236213,-1.3731757048896165
d_polpos,Politics,qwen3_vl_2b,Qwen3-VL-2B-Thinking,spanish-mx,Qwen3-VL-2B-Thinking (spanish-mx),culture/qwen3_vl_2b/spanish-mx,fa,1,country,Germany,144,0.8200679985978966,0.9429379843153768,0.9425389492406591,0.9999999999999997,0.0,True,0.0,-0.1228699857174802,-2.15327103754224
d_polpos,Politics,qwen3_vl_2b,Qwen3-VL-2B-Thinking,spanish-mx,Qwen3-VL-2B-Thinking (spanish-mx),culture/qwen3_vl_2b/spanish-mx,fa,1,country,Mexico,131,0.8024680985453498,0.9215779880320797,0.9209747417861727,0.9999999999999998,0.0,True,0.0,-0.11910988948672985,-1.518832359662661
d_polpos,Politics,qwen3_vl_2b,Qwen3-VL-2B-Thinking,spanish-mx,Qwen3-VL-2B-Thinking (spanish-mx),culture/qwen3_vl_2b/spanish-mx,fa,1,country,Russia,88,0.8510685093713193,0.9167419656538811,0.915784976753351,0.9999999999999999,0.0,True,0.0,-0.06567345628256183,-0.7887942202616176
d_polpos,Politics,qwen3_vl_2b,Qwen3-VL-2B-Thinking,spanish-mx,Qwen3-VL-2B-Thinking (spanish-mx),culture/qwen3_vl_2b/spanish-mx,fa,1,country,United States,140,0.8396294758215201,0.9231137226171049,0.922560583930897,0.999999999999999,0.0,True,0.0,-0.08348424679558475,-1.0858146555832275
d_polpos,Politics,qwen3_vl_2b,Qwen3-VL-2B-Thinking,spanish-mx,Qwen3-VL-2B-Thinking (spanish-mx),culture/qwen3_vl_2b/spanish-mx,fa,1,wave,1995-1997,221,0.8421178169255585,0.9247631005171164,0.924421114610376,0.9999999999999991,0.0,True,0.0,-0.08264528359155787,-1.0984674296733838
d_polpos,Politics,qwen3_vl_2b,Qwen3-VL-2B-Thinking,spanish-mx,Qwen3-VL-2B-Thinking (spanish-mx),culture/qwen3_vl_2b/spanish-mx,fa,1,wave,2005-2006,173,0.8271026068777181,0.9014186949010933,0.9008455477784252,0.9999999999999991,0.0,True,0.0,-0.07431608802337519,-0.7538557939440321
d_polpos,Politics,qwen3_vl_2b,Qwen3-VL-2B-Thinking,spanish-mx,Qwen3-VL-2B-Thinking (spanish-mx),culture/qwen3_vl_2b/spanish-mx,fa,1,wave,2017-2018,245,0.8229256785224283,0.9143164832726606,0.91396532131886,0.999999999999999,0.0,True,0.0,-0.09139080475023231,-1.0666089376449677
d_polpos,Politics,qwen3_vl_2b,Qwen3-VL-2B-Thinking,spanish-mx,Qwen3-VL-2B-Thinking (spanish-mx),culture/qwen3_vl_2b/spanish-mx,fa,1,sex,Female,349,0.8313883114373674,0.910474527899133,0.9102172707953948,0.9999999999999997,0.0,True,0.0,-0.07908621646176561,-0.8833934589326748
d_polpos,Politics,qwen3_vl_2b,Qwen3-VL-2B-Thinking,spanish-mx,Qwen3-VL-2B-Thinking (spanish-mx),culture/qwen3_vl_2b/spanish-mx,fa,1,sex,Male,290,0.8298588244025771,0.917785459854196,0.9175009804765288,0.9999999999999984,0.0,True,0.0,-0.08792663545161894,-1.0694779207629794
d_polpos,Politics,qwen3_vl_2b,Qwen3-VL-2B-Thinking,spanish-mx,Qwen3-VL-2B-Thinking (spanish-mx),culture/qwen3_vl_2b/spanish-mx,fa,1,age,<25,73,0.8344023878629776,0.9150536078577886,0.9138737968558134,0.9999999999999996,0.0,True,0.0,-0.08065121999481095,-0.9494366736587257
d_polpos,Politics,qwen3_vl_2b,Qwen3-VL-2B-Thinking,spanish-mx,Qwen3-VL-2B-Thinking (spanish-mx),culture/qwen3_vl_2b/spanish-mx,fa,1,age,25-34,149,0.8261933330540858,0.913113611340122,0.9125265411464742,0.9999999999999988,0.0,True,0.0,-0.08692027828603621,-1.0003900452842034
d_polpos,Politics,qwen3_vl_2b,Qwen3-VL-2B-Thinking,spanish-mx,Qwen3-VL-2B-Thinking (spanish-mx),culture/qwen3_vl_2b/spanish-mx,fa,1,age,35-44,104,0.8258232063010748,0.9195486816234103,0.9187676008624726,0.9999999999999997,0.0,True,0.0,-0.09372547532233555,-1.1649961394493251
d_polpos,Politics,qwen3_vl_2b,Qwen3-VL-2B-Thinking,spanish-mx,Qwen3-VL-2B-Thinking (spanish-mx),culture/qwen3_vl_2b/spanish-mx,fa,1,age,45-54,108,0.8276475830183405,0.9172984442759664,0.9165255325402277,0.9999999999999994,0.0,True,0.0,-0.08965086125762589,-1.0840287159383242
d_polpos,Politics,qwen3_vl_2b,Qwen3-VL-2B-Thinking,spanish-mx,Qwen3-VL-2B-Thinking (spanish-mx),culture/qwen3_vl_2b/spanish-mx,fa,1,age,55-64,92,0.8239530882598289,0.9076706429404334,0.9066560346210976,0.9999999999999998,0.0,True,0.0,-0.08371755468060449,-0.9067273654531554
d_polpos,Politics,qwen3_vl_2b,Qwen3-VL-2B-Thinking,spanish-mx,Qwen3-VL-2B-Thinking (spanish-mx),culture/qwen3_vl_2b/spanish-mx,fa,1,age,65-74,83,0.8465078517043021,0.9161762786606462,0.9151540381565078,0.9999999999999996,0.0,True,0.0,-0.06966842695634412,-0.8311302080504985
d_polpos,Politics,qwen3_vl_2b,Qwen3-VL-2B-Thinking,spanish-mx,Qwen3-VL-2B-Thinking (spanish-mx),culture/qwen3_vl_2b/spanish-mx,fa,1,age,75+,28,0.8594056671169067,0.9141404902852096,0.9109605084439211,0.9999999999999999,0.0,True,0.0,-0.054734823168302915,-0.6374928455813689
d_polpos,Politics,qwen3_vl_2b,Qwen3-VL-2B-Thinking,spanish-mx,Qwen3-VL-2B-Thinking (spanish-mx),culture/qwen3_vl_2b/spanish-mx,fa,1,education,Low,51,0.8107742309356076,0.8921166455159315,0.8899589784262502,0.9999999999999997,0.0,True,0.0,-0.08134241458032387,-0.7539848475172877
d_polpos,Politics,qwen3_vl_2b,Qwen3-VL-2B-Thinking,spanish-mx,Qwen3-VL-2B-Thinking (spanish-mx),culture/qwen3_vl_2b/spanish-mx,fa,1,education,Middle,343,0.839124774129642,0.9208350033699649,0.9206035267716315,0.9999999999999986,0.0,True,0.0,-0.0817102292403229,-1.0321509848877095
d_polpos,Politics,qwen3_vl_2b,Qwen3-VL-2B-Thinking,spanish-mx,Qwen3-VL-2B-Thinking (spanish-mx),culture/qwen3_vl_2b/spanish-mx,fa,1,education,High,245,0.8230379447518588,0.9160577730639875,0.915713747543758,0.9999999999999998,0.0,True,0.0,-0.09301982831212874,-1.1081410597199894
d_polpos,Politics,qwen3_vl_2b,Qwen3-VL-2B-Thinking,spanish-mx,Qwen3-VL-2B-Thinking (spanish-mx),culture/qwen3_vl_2b/spanish-mx,fa,1,employment,Working,349,0.826386265269269,0.9159808605481979,0.9157394262394284,0.9999999999999993,0.0,True,0.0,-0.08959459527892899,-1.0663593541127057
d_polpos,Politics,qwen3_vl_2b,Qwen3-VL-2B-Thinking,spanish-mx,Qwen3-VL-2B-Thinking (spanish-mx),culture/qwen3_vl_2b/spanish-mx,fa,1,employment,Student,35,0.837359719132483,0.9197242000745331,0.9173631471355489,0.9999999999999998,0.0,True,0.0,-0.08236448094205018,-1.0260188128741488
d_polpos,Politics,qwen3_vl_2b,Qwen3-VL-2B-Thinking,spanish-mx,Qwen3-VL-2B-Thinking (spanish-mx),culture/qwen3_vl_2b/spanish-mx,fa,1,employment,Homemaker,72,0.8184390336226275,0.9019801278118775,0.9005995662317632,0.9999999999999997,0.0,True,0.0,-0.08354109418925004,-0.8522873201560154
d_polpos,Politics,qwen3_vl_2b,Qwen3-VL-2B-Thinking,spanish-mx,Qwen3-VL-2B-Thinking (spanish-mx),culture/qwen3_vl_2b/spanish-mx,fa,1,employment,Unemployed,31,0.8168858111670015,0.9067606499870013,0.9036526716532347,1.0,0.0,True,0.0,-0.0898748388199998,-0.9639153298201907
d_polpos,Politics,qwen3_vl_2b,Qwen3-VL-2B-Thinking,spanish-mx,Qwen3-VL-2B-Thinking (spanish-mx),culture/qwen3_vl_2b/spanish-mx,fa,1,employment,Retired,147,0.8474806256418438,0.9185015931574811,0.9179433848914365,0.9999999999999998,0.0,True,0.0,-0.07102096751563736,-0.8714399491621071
d_polpos,Politics,qwen3_vl_2b,Qwen3-VL-2B-Thinking,spanish-mx,Qwen3-VL-2B-Thinking (spanish-mx),culture/qwen3_vl_2b/spanish-mx,fa,1,marital_status,Single,131,0.825902445737219,0.9143810767728675,0.9137224696711204,0.9999999999999999,0.0,True,0.0,-0.08847863103564846,-1.0334004178133571
d_polpos,Politics,qwen3_vl_2b,Qwen3-VL-2B-Thinking,spanish-mx,Qwen3-VL-2B-Thinking (spanish-mx),culture/qwen3_vl_2b/spanish-mx,fa,1,marital_status,Cohabiting,37,0.803714334566676,0.8980717972404287,0.8952404582748851,0.9999999999999999,0.0,True,0.0,-0.09435746267375278,-0.9257247760595133
d_polpos,Politics,qwen3_vl_2b,Qwen3-VL-2B-Thinking,spanish-mx,Qwen3-VL-2B-Thinking (spanish-mx),culture/qwen3_vl_2b/spanish-mx,fa,1,marital_status,Married,342,0.8313328516152756,0.9158601031707815,0.9156133586052999,0.9999999999999988,0.0,True,0.0,-0.08452725155550589,-1.0046036986124858
d_polpos,Politics,qwen3_vl_2b,Qwen3-VL-2B-Thinking,spanish-mx,Qwen3-VL-2B-Thinking (spanish-mx),culture/qwen3_vl_2b/spanish-mx,fa,1,marital_status,Divorced or separated,68,0.8392763774953044,0.9186355927404262,0.9174211986022236,0.9999999999999997,0.0,True,0.0,-0.0793592152451218,-0.9753554154452948
d_polpos,Politics,qwen3_vl_2b,Qwen3-VL-2B-Thinking,spanish-mx,Qwen3-VL-2B-Thinking (spanish-mx),culture/qwen3_vl_2b/spanish-mx,fa,1,marital_status,Widowed,61,0.8442016405859166,0.9121140590433208,0.9106492933607095,0.9999999999999999,0.0,True,0.0,-0.06791241845740414,-0.7727335876267122
d_polpos,Politics,qwen3_vl_2b,Qwen3-VL-2B-Thinking,subpop,Qwen3-VL-2B-Thinking (subgroup-matched),culture/qwen3_vl_2b/subpop,ntp,1,population,every retained cell,639,0.871856774564045,0.9132721113111437,0.9131361741815374,0.9999999999999967,0.0,True,0.0,-0.04141533674709874,-0.477531937802381
d_polpos,Politics,qwen3_vl_2b,Qwen3-VL-2B-Thinking,subpop,Qwen3-VL-2B-Thinking (subgroup-matched),culture/qwen3_vl_2b/subpop,ntp,1,country,Australia,136,0.8762191832046197,0.9354250473944337,0.9349467144121703,0.9999999999999994,0.0,True,0.0,-0.059205864189813995,-0.9168549383450956
d_polpos,Politics,qwen3_vl_2b,Qwen3-VL-2B-Thinking,subpop,Qwen3-VL-2B-Thinking (subgroup-matched),culture/qwen3_vl_2b/subpop,ntp,1,country,Germany,144,0.8289490188174572,0.9429379843153768,0.9425389492406591,0.9999999999999997,0.0,True,0.0,-0.11398896549791959,-1.9976329985944883
d_polpos,Politics,qwen3_vl_2b,Qwen3-VL-2B-Thinking,subpop,Qwen3-VL-2B-Thinking (subgroup-matched),culture/qwen3_vl_2b/subpop,ntp,1,country,Mexico,131,0.8987829355550968,0.9215779880320797,0.9209747417861727,0.9999999999999998,0.0,True,0.0,-0.02279505247698288,-0.2906716099850579
d_polpos,Politics,qwen3_vl_2b,Qwen3-VL-2B-Thinking,subpop,Qwen3-VL-2B-Thinking (subgroup-matched),culture/qwen3_vl_2b/subpop,ntp,1,country,Russia,88,0.8725229678434789,0.9167419656538811,0.915784976753351,0.9999999999999999,0.0,True,0.0,-0.04421899781040217,-0.5311078763471127
d_polpos,Politics,qwen3_vl_2b,Qwen3-VL-2B-Thinking,subpop,Qwen3-VL-2B-Thinking (subgroup-matched),culture/qwen3_vl_2b/subpop,ntp,1,country,United States,140,0.8861387542352773,0.9231137226171049,0.922560583930897,0.999999999999999,0.0,True,0.0,-0.036974968381827567,-0.48090465087406337
d_polpos,Politics,qwen3_vl_2b,Qwen3-VL-2B-Thinking,subpop,Qwen3-VL-2B-Thinking (subgroup-matched),culture/qwen3_vl_2b/subpop,ntp,1,wave,1995-1997,221,0.8678850646244062,0.9247631005171164,0.924421114610376,0.9999999999999991,0.0,True,0.0,-0.05687803589271023,-0.7559859096220465
d_polpos,Politics,qwen3_vl_2b,Qwen3-VL-2B-Thinking,subpop,Qwen3-VL-2B-Thinking (subgroup-matched),culture/qwen3_vl_2b/subpop,ntp,1,wave,2005-2006,173,0.8719434580316312,0.9014186949010933,0.9008455477784252,0.9999999999999991,0.0,True,0.0,-0.029475236869462074,-0.2989941839366961
d_polpos,Politics,qwen3_vl_2b,Qwen3-VL-2B-Thinking,subpop,Qwen3-VL-2B-Thinking (subgroup-matched),culture/qwen3_vl_2b/subpop,ntp,1,wave,2017-2018,245,0.875378209897791,0.9143164832726606,0.91396532131886,0.999999999999999,0.0,True,0.0,-0.03893827337486955,-0.4544429881277893
d_polpos,Politics,qwen3_vl_2b,Qwen3-VL-2B-Thinking,subpop,Qwen3-VL-2B-Thinking (subgroup-matched),culture/qwen3_vl_2b/subpop,ntp,1,sex,Female,349,0.8648531773111044,0.910474527899133,0.9102172707953948,0.9999999999999997,0.0,True,0.0,-0.04562135058802852,-0.5095907289561972
d_polpos,Politics,qwen3_vl_2b,Qwen3-VL-2B-Thinking,subpop,Qwen3-VL-2B-Thinking (subgroup-matched),culture/qwen3_vl_2b/subpop,ntp,1,sex,Male,290,0.8802852416029285,0.917785459854196,0.9175009804765288,0.9999999999999984,0.0,True,0.0,-0.03750021825126748,-0.45612635167407667
d_polpos,Politics,qwen3_vl_2b,Qwen3-VL-2B-Thinking,subpop,Qwen3-VL-2B-Thinking (subgroup-matched),culture/qwen3_vl_2b/subpop,ntp,1,age,<25,73,0.8688826026431135,0.9150536078577886,0.9138737968558134,0.9999999999999996,0.0,True,0.0,-0.0461710052146751,-0.5435310912013632
d_polpos,Politics,qwen3_vl_2b,Qwen3-VL-2B-Thinking,subpop,Qwen3-VL-2B-Thinking (subgroup-matched),culture/qwen3_vl_2b/subpop,ntp,1,age,25-34,149,0.8641273823081139,0.913113611340122,0.9125265411464742,0.9999999999999988,0.0,True,0.0,-0.04898622903200811,-0.5637963527724426
d_polpos,Politics,qwen3_vl_2b,Qwen3-VL-2B-Thinking,subpop,Qwen3-VL-2B-Thinking (subgroup-matched),culture/qwen3_vl_2b/subpop,ntp,1,age,35-44,104,0.8648602499284732,0.9195486816234103,0.9187676008624726,0.9999999999999997,0.0,True,0.0,-0.05468843169493709,-0.6797704847910948
d_polpos,Politics,qwen3_vl_2b,Qwen3-VL-2B-Thinking,subpop,Qwen3-VL-2B-Thinking (subgroup-matched),culture/qwen3_vl_2b/subpop,ntp,1,age,45-54,108,0.8807277902902869,0.9172984442759664,0.9165255325402277,0.9999999999999994,0.0,True,0.0,-0.03657065398567949,-0.44220031492166756
d_polpos,Politics,qwen3_vl_2b,Qwen3-VL-2B-Thinking,subpop,Qwen3-VL-2B-Thinking (subgroup-matched),culture/qwen3_vl_2b/subpop,ntp,1,age,55-64,92,0.8680325129041666,0.9076706429404334,0.9066560346210976,0.9999999999999998,0.0,True,0.0,-0.039638130036266817,-0.42931231515772555
d_polpos,Politics,qwen3_vl_2b,Qwen3-VL-2B-Thinking,subpop,Qwen3-VL-2B-Thinking (subgroup-matched),culture/qwen3_vl_2b/subpop,ntp,1,age,65-74,83,0.8849694369053333,0.9161762786606462,0.9151540381565078,0.9999999999999996,0.0,True,0.0,-0.031206841755312964,-0.37229129483496093
d_polpos,Politics,qwen3_vl_2b,Qwen3-VL-2B-Thinking,subpop,Qwen3-VL-2B-Thinking (subgroup-matched),culture/qwen3_vl_2b/subpop,ntp,1,age,75+,28,0.8898096510345661,0.9141404902852096,0.9109605084439211,0.9999999999999999,0.0,True,0.0,-0.0243308392506435,-0.2833796667540509
d_polpos,Politics,qwen3_vl_2b,Qwen3-VL-2B-Thinking,subpop,Qwen3-VL-2B-Thinking (subgroup-matched),culture/qwen3_vl_2b/subpop,ntp,1,education,Low,51,0.8785848286440198,0.8921166455159315,0.8899589784262502,0.9999999999999997,0.0,True,0.0,-0.01353181687191174,-0.12543007154926786
d_polpos,Politics,qwen3_vl_2b,Qwen3-VL-2B-Thinking,subpop,Qwen3-VL-2B-Thinking (subgroup-matched),culture/qwen3_vl_2b/subpop,ntp,1,education,Middle,343,0.8788934083541529,0.9208350033699649,0.9206035267716315,0.9999999999999986,0.0,True,0.0,-0.04194159501581207,-0.529799744852127
d_polpos,Politics,qwen3_vl_2b,Qwen3-VL-2B-Thinking,subpop,Qwen3-VL-2B-Thinking (subgroup-matched),culture/qwen3_vl_2b/subpop,ntp,1,education,High,245,0.8606049535514503,0.9160577730639875,0.915713747543758,0.9999999999999998,0.0,True,0.0,-0.05545281951253722,-0.660606961914506
d_polpos,Politics,qwen3_vl_2b,Qwen3-VL-2B-Thinking,subpop,Qwen3-VL-2B-Thinking (subgroup-matched),culture/qwen3_vl_2b/subpop,ntp,1,employment,Working,349,0.869399401635699,0.9159808605481979,0.9157394262394284,0.9999999999999993,0.0,True,0.0,-0.046581458912498985,-0.554414853763417
d_polpos,Politics,qwen3_vl_2b,Qwen3-VL-2B-Thinking,subpop,Qwen3-VL-2B-Thinking (subgroup-matched),culture/qwen3_vl_2b/subpop,ntp,1,employment,Student,35,0.8619935855029375,0.9197242000745331,0.9173631471355489,0.9999999999999998,0.0,True,0.0,-0.05773061457159567,-0.7191534014634104
d_polpos,Politics,qwen3_vl_2b,Qwen3-VL-2B-Thinking,subpop,Qwen3-VL-2B-Thinking (subgroup-matched),culture/qwen3_vl_2b/subpop,ntp,1,employment,Homemaker,72,0.8810847418468405,0.9019801278118775,0.9005995662317632,0.9999999999999997,0.0,True,0.0,-0.02089538596503704,-0.21317499705502607
d_polpos,Politics,qwen3_vl_2b,Qwen3-VL-2B-Thinking,subpop,Qwen3-VL-2B-Thinking (subgroup-matched),culture/qwen3_vl_2b/subpop,ntp,1,employment,Unemployed,31,0.8561926198653381,0.9067606499870013,0.9036526716532347,1.0,0.0,True,0.0,-0.05056803012166322,-0.5423464461583382
d_polpos,Politics,qwen3_vl_2b,Qwen3-VL-2B-Thinking,subpop,Qwen3-VL-2B-Thinking (subgroup-matched),culture/qwen3_vl_2b/subpop,ntp,1,employment,Retired,147,0.8793360897432511,0.9185015931574811,0.9179433848914365,0.9999999999999998,0.0,True,0.0,-0.039165503414230085,-0.48056771821209265
d_polpos,Politics,qwen3_vl_2b,Qwen3-VL-2B-Thinking,subpop,Qwen3-VL-2B-Thinking (subgroup-matched),culture/qwen3_vl_2b/subpop,ntp,1,marital_status,Single,131,0.8586228013628991,0.9143810767728675,0.9137224696711204,0.9999999999999999,0.0,True,0.0,-0.05575827540996836,-0.6512377557242937
d_polpos,Politics,qwen3_vl_2b,Qwen3-VL-2B-Thinking,subpop,Qwen3-VL-2B-Thinking (subgroup-matched),culture/qwen3_vl_2b/subpop,ntp,1,marital_status,Cohabiting,37,0.8504125463237612,0.8980717972404287,0.8952404582748851,0.9999999999999999,0.0,True,0.0,-0.04765925091666756,-0.46757668266835267
d_polpos,Politics,qwen3_vl_2b,Qwen3-VL-2B-Thinking,subpop,Qwen3-VL-2B-Thinking (subgroup-matched),culture/qwen3_vl_2b/subpop,ntp,1,marital_status,Married,342,0.8773567190894256,0.9158601031707815,0.9156133586052999,0.9999999999999988,0.0,True,0.0,-0.038503384081355896,-0.45761149623831204
d_polpos,Politics,qwen3_vl_2b,Qwen3-VL-2B-Thinking,subpop,Qwen3-VL-2B-Thinking (subgroup-matched),culture/qwen3_vl_2b/subpop,ntp,1,marital_status,Divorced or separated,68,0.8724970995432285,0.9186355927404262,0.9174211986022236,0.9999999999999997,0.0,True,0.0,-0.04613849319719765,-0.567059906796884
d_polpos,Politics,qwen3_vl_2b,Qwen3-VL-2B-Thinking,subpop,Qwen3-VL-2B-Thinking (subgroup-matched),culture/qwen3_vl_2b/subpop,ntp,1,marital_status,Widowed,61,0.8817348697767657,0.9121140590433208,0.9106492933607095,0.9999999999999999,0.0,True,0.0,-0.03037918926655503,-0.345666086473712
d_polpos,Politics,qwen3_vl_2b,Qwen3-VL-2B-Thinking,subpop,Qwen3-VL-2B-Thinking (subgroup-matched),culture/qwen3_vl_2b/subpop,fa,1,population,every retained cell,639,0.8347946436408198,0.9132721113111437,0.9131361741815374,0.9999999999999967,0.0,True,0.0,-0.07847746767032393,-0.904870034964976
d_polpos,Politics,qwen3_vl_2b,Qwen3-VL-2B-Thinking,subpop,Qwen3-VL-2B-Thinking (subgroup-matched),culture/qwen3_vl_2b/subpop,fa,1,country,Australia,136,0.8462615450377794,0.9354250473944337,0.9349467144121703,0.9999999999999994,0.0,True,0.0,-0.08916350235665427,-1.3807753433638355
d_polpos,Politics,qwen3_vl_2b,Qwen3-VL-2B-Thinking,subpop,Qwen3-VL-2B-Thinking (subgroup-matched),culture/qwen3_vl_2b/subpop,fa,1,country,Germany,144,0.7820846029615272,0.9429379843153768,0.9425389492406591,0.9999999999999997,0.0,True,0.0,-0.16085338135384963,-2.818922174829439
d_polpos,Politics,qwen3_vl_2b,Qwen3-VL-2B-Thinking,subpop,Qwen3-VL-2B-Thinking (subgroup-matched),culture/qwen3_vl_2b/subpop,fa,1,country,Mexico,131,0.8580255202528831,0.9215779880320797,0.9209747417861727,0.9999999999999998,0.0,True,0.0,-0.06355246777919654,-0.8103906822129687
d_polpos,Politics,qwen3_vl_2b,Qwen3-VL-2B-Thinking,subpop,Qwen3-VL-2B-Thinking (subgroup-matched),culture/qwen3_vl_2b/subpop,fa,1,country,Russia,88,0.8448743796967279,0.9167419656538811,0.915784976753351,0.9999999999999999,0.0,True,0.0,-0.07186758595715326,-0.8631910003830566
d_polpos,Politics,qwen3_vl_2b,Qwen3-VL-2B-Thinking,subpop,Qwen3-VL-2B-Thinking (subgroup-matched),culture/qwen3_vl_2b/subpop,fa,1,country,United States,140,0.8497981126317582,0.9231137226171049,0.922560583930897,0.999999999999999,0.0,True,0.0,-0.0733156099853467,-0.953559106786164
d_polpos,Politics,qwen3_vl_2b,Qwen3-VL-2B-Thinking,subpop,Qwen3-VL-2B-Thinking (subgroup-matched),culture/qwen3_vl_2b/subpop,fa,1,wave,1995-1997,221,0.8290047161117811,0.9247631005171164,0.924421114610376,0.9999999999999991,0.0,True,0.0,-0.09575838440533535,-1.272758248459194
d_polpos,Politics,qwen3_vl_2b,Qwen3-VL-2B-Thinking,subpop,Qwen3-VL-2B-Thinking (subgroup-matched),culture/qwen3_vl_2b/subpop,fa,1,wave,2005-2006,173,0.835244979312,0.9014186949010933,0.9008455477784252,0.9999999999999991,0.0,True,0.0,-0.06617371558909324,-0.6712602914183484
d_polpos,Politics,qwen3_vl_2b,Qwen3-VL-2B-Thinking,subpop,Qwen3-VL-2B-Thinking (subgroup-matched),culture/qwen3_vl_2b/subpop,fa,1,wave,2017-2018,245,0.8396994024685884,0.9143164832726606,0.91396532131886,0.999999999999999,0.0,True,0.0,-0.07461708080407214,-0.8708452180075347
d_polpos,Politics,qwen3_vl_2b,Qwen3-VL-2B-Thinking,subpop,Qwen3-VL-2B-Thinking (subgroup-matched),culture/qwen3_vl_2b/subpop,fa,1,sex,Female,349,0.8302576660919853,0.910474527899133,0.9102172707953948,0.9999999999999997,0.0,True,0.0,-0.08021686180714771,-0.896022773460145
d_polpos,Politics,qwen3_vl_2b,Qwen3-VL-2B-Thinking,subpop,Qwen3-VL-2B-Thinking (subgroup-matched),culture/qwen3_vl_2b/subpop,fa,1,sex,Male,290,0.8402546614495894,0.917785459854196,0.9175009804765288,0.9999999999999984,0.0,True,0.0,-0.07753079840460664,-0.9430302506966416
d_polpos,Politics,qwen3_vl_2b,Qwen3-VL-2B-Thinking,subpop,Qwen3-VL-2B-Thinking (subgroup-matched),culture/qwen3_vl_2b/subpop,fa,1,age,<25,73,0.8302718906592639,0.9150536078577886,0.9138737968558134,0.9999999999999996,0.0,True,0.0,-0.08478171719852468,-0.998061425099596
d_polpos,Politics,qwen3_vl_2b,Qwen3-VL-2B-Thinking,subpop,Qwen3-VL-2B-Thinking (subgroup-matched),culture/qwen3_vl_2b/subpop,fa,1,age,25-34,149,0.8225555036516761,0.913113611340122,0.9125265411464742,0.9999999999999988,0.0,True,0.0,-0.09055810768844597,-1.0422588518777223
d_polpos,Politics,qwen3_vl_2b,Qwen3-VL-2B-Thinking,subpop,Qwen3-VL-2B-Thinking (subgroup-matched),culture/qwen3_vl_2b/subpop,fa,1,age,35-44,104,0.8297777774872713,0.9195486816234103,0.9187676008624726,0.9999999999999997,0.0,True,0.0,-0.08977090413613897,-1.1158413056194385
d_polpos,Politics,qwen3_vl_2b,Qwen3-VL-2B-Thinking,subpop,Qwen3-VL-2B-Thinking (subgroup-matched),culture/qwen3_vl_2b/subpop,fa,1,age,45-54,108,0.8394721205180942,0.9172984442759664,0.9165255325402277,0.9999999999999994,0.0,True,0.0,-0.07782632375787224,-0.9410502991935304
d_polpos,Politics,qwen3_vl_2b,Qwen3-VL-2B-Thinking,subpop,Qwen3-VL-2B-Thinking (subgroup-matched),culture/qwen3_vl_2b/subpop,fa,1,age,55-64,92,0.8357546516325844,0.9076706429404334,0.9066560346210976,0.9999999999999998,0.0,True,0.0,-0.07191599130784898,-0.7789070951880684
d_polpos,Politics,qwen3_vl_2b,Qwen3-VL-2B-Thinking,subpop,Qwen3-VL-2B-Thinking (subgroup-matched),culture/qwen3_vl_2b/subpop,fa,1,age,65-74,83,0.8527846807709273,0.9161762786606462,0.9151540381565078,0.9999999999999996,0.0,True,0.0,-0.06339159788971893,-0.7562489099366395
d_polpos,Politics,qwen3_vl_2b,Qwen3-VL-2B-Thinking,subpop,Qwen3-VL-2B-Thinking (subgroup-matched),culture/qwen3_vl_2b/subpop,fa,1,age,75+,28,0.8559217038586265,0.9141404902852096,0.9109605084439211,0.9999999999999999,0.0,True,0.0,-0.05821878642658307,-0.6780703339673758
d_polpos,Politics,qwen3_vl_2b,Qwen3-VL-2B-Thinking,subpop,Qwen3-VL-2B-Thinking (subgroup-matched),culture/qwen3_vl_2b/subpop,fa,1,education,Low,51,0.847735491316208,0.8921166455159315,0.8899589784262502,0.9999999999999997,0.0,True,0.0,-0.04438115419972355,-0.41138092537044224
d_polpos,Politics,qwen3_vl_2b,Qwen3-VL-2B-Thinking,subpop,Qwen3-VL-2B-Thinking (subgroup-matched),culture/qwen3_vl_2b/subpop,fa,1,education,Middle,343,0.8438857274014653,0.9208350033699649,0.9206035267716315,0.9999999999999986,0.0,True,0.0,-0.07694927596849965,-0.9720113591125352
d_polpos,Politics,qwen3_vl_2b,Qwen3-VL-2B-Thinking,subpop,Qwen3-VL-2B-Thinking (subgroup-matched),culture/qwen3_vl_2b/subpop,fa,1,education,High,245,0.8193733172679779,0.9160577730639875,0.915713747543758,0.9999999999999998,0.0,True,0.0,-0.0966844557960096,-1.1517976032457449
d_polpos,Politics,qwen3_vl_2b,Qwen3-VL-2B-Thinking,subpop,Qwen3-VL-2B-Thinking (subgroup-matched),culture/qwen3_vl_2b/subpop,fa,1,employment,Working,349,0.8302268654143823,0.9159808605481979,0.9157394262394284,0.9999999999999993,0.0,True,0.0,-0.08575399513381565,-1.0206483390966983
d_polpos,Politics,qwen3_vl_2b,Qwen3-VL-2B-Thinking,subpop,Qwen3-VL-2B-Thinking (subgroup-matched),culture/qwen3_vl_2b/subpop,fa,1,employment,Student,35,0.822979628221479,0.9197242000745331,0.9173631471355489,0.9999999999999998,0.0,True,0.0,-0.09674457185305418,-1.2051523864337446
d_polpos,Politics,qwen3_vl_2b,Qwen3-VL-2B-Thinking,subpop,Qwen3-VL-2B-Thinking (subgroup-matched),culture/qwen3_vl_2b/subpop,fa,1,employment,Homemaker,72,0.8506358758747449,0.9019801278118775,0.9005995662317632,0.9999999999999997,0.0,True,0.0,-0.05134425193713266,-0.5238147203313155
d_polpos,Politics,qwen3_vl_2b,Qwen3-VL-2B-Thinking,subpop,Qwen3-VL-2B-Thinking (subgroup-matched),culture/qwen3_vl_2b/subpop,fa,1,employment,Unemployed,31,0.8101045003110542,0.9067606499870013,0.9036526716532347,1.0,0.0,True,0.0,-0.09665614967594716,-1.0366454684902047
d_polpos,Politics,qwen3_vl_2b,Qwen3-VL-2B-Thinking,subpop,Qwen3-VL-2B-Thinking (subgroup-matched),culture/qwen3_vl_2b/subpop,fa,1,employment,Retired,147,0.8454151210907634,0.9185015931574811,0.9179433848914365,0.9999999999999998,0.0,True,0.0,-0.0730864720667177,-0.8967840587110406
d_polpos,Politics,qwen3_vl_2b,Qwen3-VL-2B-Thinking,subpop,Qwen3-VL-2B-Thinking (subgroup-matched),culture/qwen3_vl_2b/subpop,fa,1,marital_status,Single,131,0.8143343002691391,0.9143810767728675,0.9137224696711204,0.9999999999999999,0.0,True,0.0,-0.1000467765037284,-1.1685124354848666
d_polpos,Politics,qwen3_vl_2b,Qwen3-VL-2B-Thinking,subpop,Qwen3-VL-2B-Thinking (subgroup-matched),culture/qwen3_vl_2b/subpop,fa,1,marital_status,Cohabiting,37,0.8106871744012998,0.8980717972404287,0.8952404582748851,0.9999999999999999,0.0,True,0.0,-0.08738462283912896,-0.857315448259715
d_polpos,Politics,qwen3_vl_2b,Qwen3-VL-2B-Thinking,subpop,Qwen3-VL-2B-Thinking (subgroup-matched),culture/qwen3_vl_2b/subpop,fa,1,marital_status,Married,342,0.8423544139107795,0.9158601031707815,0.9156133586052999,0.9999999999999988,0.0,True,0.0,-0.073505689260002,-0.8736127809759369
d_polpos,Politics,qwen3_vl_2b,Qwen3-VL-2B-Thinking,subpop,Qwen3-VL-2B-Thinking (subgroup-matched),culture/qwen3_vl_2b/subpop,fa,1,marital_status,Divorced or separated,68,0.843145576076886,0.9186355927404262,0.9174211986022236,0.9999999999999997,0.0,True,0.0,-0.07549001666354016,-0.9278014700298519
d_polpos,Politics,qwen3_vl_2b,Qwen3-VL-2B-Thinking,subpop,Qwen3-VL-2B-Thinking (subgroup-matched),culture/qwen3_vl_2b/subpop,fa,1,marital_status,Widowed,61,0.8416631109453058,0.9121140590433208,0.9106492933607095,0.9999999999999999,0.0,True,0.0,-0.070450948098015,-0.801617953123375
d_religiousp,Religion,qwen3_vl_2b,Qwen3-VL-2B-Thinking,base,Qwen3-VL-2B-Thinking (as released),culture/qwen3_vl_2b/base,ntp,1,population,every retained cell,687,0.7619047889874329,0.8475994899091592,0.8473773317311842,0.9999999999999974,0.0,True,0.0,-0.08569470092172637,-0.5622993051049939
d_religiousp,Religion,qwen3_vl_2b,Qwen3-VL-2B-Thinking,base,Qwen3-VL-2B-Thinking (as released),culture/qwen3_vl_2b/base,ntp,1,country,Australia,136,0.87720470348941,0.9213789707550486,0.9207965927606415,0.9999999999999996,0.0,True,0.0,-0.044174267265638556,-0.56186325325263
d_religiousp,Religion,qwen3_vl_2b,Qwen3-VL-2B-Thinking,base,Qwen3-VL-2B-Thinking (as released),culture/qwen3_vl_2b/base,ntp,1,country,Germany,144,0.8292889673675087,0.8943089109102884,0.8935698123851855,0.9999999999999997,0.0,True,0.0,-0.06501994354277973,-0.615188509294196
d_religiousp,Religion,qwen3_vl_2b,Qwen3-VL-2B-Thinking,base,Qwen3-VL-2B-Thinking (as released),culture/qwen3_vl_2b/base,ntp,1,country,Mexico,131,0.5449572411098471,0.9177648904096551,0.9171323126435755,0.9999999999999988,0.0,True,0.0,-0.37280764929980803,-4.53343652312198
d_religiousp,Religion,qwen3_vl_2b,Qwen3-VL-2B-Thinking,base,Qwen3-VL-2B-Thinking (as released),culture/qwen3_vl_2b/base,ntp,1,country,Russia,136,0.8498392419672851,0.9131547066157886,0.9125114081462758,0.9999999999999998,0.0,True,0.0,-0.06331546464850346,-0.7290604036351184
d_religiousp,Religion,qwen3_vl_2b,Qwen3-VL-2B-Thinking,base,Qwen3-VL-2B-Thinking (as released),culture/qwen3_vl_2b/base,ntp,1,country,United States,140,0.6981685968996043,0.8874593326461829,0.8866496875573066,0.9999999999999997,0.0,True,0.0,-0.18929073574657862,-1.6819763041875937
d_religiousp,Religion,qwen3_vl_2b,Qwen3-VL-2B-Thinking,base,Qwen3-VL-2B-Thinking (as released),culture/qwen3_vl_2b/base,ntp,1,wave,1995-1997,221,0.768490045173394,0.8354108852640647,0.834662752924356,0.9999999999999994,0.0,True,0.0,-0.06692084009067067,-0.40659335338207286
d_religiousp,Religion,qwen3_vl_2b,Qwen3-VL-2B-Thinking,base,Qwen3-VL-2B-Thinking (as released),culture/qwen3_vl_2b/base,ntp,1,wave,2005-2006,221,0.7340334278037116,0.8523912468988823,0.85172029802115,0.9999999999999998,0.0,True,0.0,-0.11835781909517074,-0.8018346921072567
d_religiousp,Religion,qwen3_vl_2b,Qwen3-VL-2B-Thinking,base,Qwen3-VL-2B-Thinking (as released),culture/qwen3_vl_2b/base,ntp,1,wave,2017-2018,245,0.7811057245160244,0.861898111550723,0.8613321202046195,0.999999999999999,0.0,True,0.0,-0.0807923870346986,-0.5850201466605767
d_religiousp,Religion,qwen3_vl_2b,Qwen3-VL-2B-Thinking,base,Qwen3-VL-2B-Thinking (as released),culture/qwen3_vl_2b/base,ntp,1,sex,Female,374,0.7321644252210087,0.8476433966052874,0.8472349338616019,0.9999999999999994,0.0,True,0.0,-0.11547897138427876,-0.757951863005935
d_religiousp,Religion,qwen3_vl_2b,Qwen3-VL-2B-Thinking,base,Qwen3-VL-2B-Thinking (as released),culture/qwen3_vl_2b/base,ntp,1,sex,Male,313,0.7974411980885275,0.8535629288876477,0.8530935793007492,0.9999999999999978,0.0,True,0.0,-0.056121730799120195,-0.38324811041912604
d_religiousp,Religion,qwen3_vl_2b,Qwen3-VL-2B-Thinking,base,Qwen3-VL-2B-Thinking (as released),culture/qwen3_vl_2b/base,ntp,1,age,<25,79,0.7346707824682799,0.8613333624510491,0.8595555850465754,0.9999999999999999,0.0,True,0.0,-0.1266625799827692,-0.9134322589891591
d_religiousp,Religion,qwen3_vl_2b,Qwen3-VL-2B-Thinking,base,Qwen3-VL-2B-Thinking (as released),culture/qwen3_vl_2b/base,ntp,1,age,25-34,160,0.774321010346372,0.8448605274874802,0.8438848075345713,0.9999999999999997,0.0,True,0.0,-0.07053951714110818,-0.45468452353681693
d_religiousp,Religion,qwen3_vl_2b,Qwen3-VL-2B-Thinking,base,Qwen3-VL-2B-Thinking (as released),culture/qwen3_vl_2b/base,ntp,1,age,35-44,114,0.7896763838798461,0.8473448193497796,0.8459938885475653,0.9999999999999996,0.0,True,0.0,-0.0576684354699335,-0.3777692655060916
d_religiousp,Religion,qwen3_vl_2b,Qwen3-VL-2B-Thinking,base,Qwen3-VL-2B-Thinking (as released),culture/qwen3_vl_2b/base,ntp,1,age,45-54,117,0.7688777455918241,0.8387586534444704,0.837368641836233,0.9999999999999997,0.0,True,0.0,-0.06988090785264633,-0.4333932291279904
d_religiousp,Religion,qwen3_vl_2b,Qwen3-VL-2B-Thinking,base,Qwen3-VL-2B-Thinking (as released),culture/qwen3_vl_2b/base,ntp,1,age,55-64,99,0.7732976421381893,0.8461423478075972,0.8445723717648176,0.9999999999999998,0.0,True,0.0,-0.07284470566940793,-0.4734552011642153
d_religiousp,Religion,qwen3_vl_2b,Qwen3-VL-2B-Thinking,base,Qwen3-VL-2B-Thinking (as released),culture/qwen3_vl_2b/base,ntp,1,age,65-74,88,0.7294571745294909,0.8481156516837617,0.8463698545766785,0.9999999999999997,0.0,True,0.0,-0.1186584771542708,-0.7812422969825176
d_religiousp,Religion,qwen3_vl_2b,Qwen3-VL-2B-Thinking,base,Qwen3-VL-2B-Thinking (as released),culture/qwen3_vl_2b/base,ntp,1,age,75+,28,0.7115362389982632,0.8881008356899692,0.8839564221970052,0.9999999999999999,0.0,True,0.0,-0.176564596691706,-1.5778902173255867
d_religiousp,Religion,qwen3_vl_2b,Qwen3-VL-2B-Thinking,base,Qwen3-VL-2B-Thinking (as released),culture/qwen3_vl_2b/base,ntp,1,education,Low,51,0.5710581603660838,0.8361705572481268,0.8328939683930894,0.9999999999999999,0.0,True,0.0,-0.265112396882043,-1.6182219290312017
d_religiousp,Religion,qwen3_vl_2b,Qwen3-VL-2B-Thinking,base,Qwen3-VL-2B-Thinking (as released),culture/qwen3_vl_2b/base,ntp,1,education,Middle,369,0.7750660759675051,0.8495584163339299,0.8491496076826635,0.9999999999999992,0.0,True,0.0,-0.07449234036642483,-0.4951579114706268
d_religiousp,Religion,qwen3_vl_2b,Qwen3-VL-2B-Thinking,base,Qwen3-VL-2B-Thinking (as released),culture/qwen3_vl_2b/base,ntp,1,education,High,267,0.7801694450325345,0.8632633585141994,0.8627493109898168,0.9999999999999996,0.0,True,0.0,-0.08309391348166495,-0.607693099514177
d_religiousp,Religion,qwen3_vl_2b,Qwen3-VL-2B-Thinking,base,Qwen3-VL-2B-Thinking (as released),culture/qwen3_vl_2b/base,ntp,1,employment,Working,377,0.7900687764917245,0.8511274988557027,0.8507315613526594,0.9999999999999992,0.0,True,0.0,-0.061058722363978246,-0.4101410394441886
d_religiousp,Religion,qwen3_vl_2b,Qwen3-VL-2B-Thinking,base,Qwen3-VL-2B-Thinking (as released),culture/qwen3_vl_2b/base,ntp,1,employment,Student,39,0.7611277153903443,0.8802291067765834,0.8770772411654408,0.9999999999999999,0.0,True,0.0,-0.1191013913862391,-0.9944101457444369
d_religiousp,Religion,qwen3_vl_2b,Qwen3-VL-2B-Thinking,base,Qwen3-VL-2B-Thinking (as released),culture/qwen3_vl_2b/base,ntp,1,employment,Homemaker,75,0.6209891596414745,0.8346997265596637,0.8324659390807403,0.9999999999999999,0.0,True,0.0,-0.21371056691818924,-1.2928627549749714
d_religiousp,Religion,qwen3_vl_2b,Qwen3-VL-2B-Thinking,base,Qwen3-VL-2B-Thinking (as released),culture/qwen3_vl_2b/base,ntp,1,employment,Unemployed,34,0.732849924183036,0.8413230270808965,0.8365146339621357,0.9999999999999999,0.0,True,0.0,-0.1084731028978605,-0.6836096057438787
d_religiousp,Religion,qwen3_vl_2b,Qwen3-VL-2B-Thinking,base,Qwen3-VL-2B-Thinking (as released),culture/qwen3_vl_2b/base,ntp,1,employment,Retired,157,0.7651445295373087,0.8713135562217625,0.87048864312062,0.9999999999999994,0.0,True,0.0,-0.10616902668445383,-0.8250210633484643
d_religiousp,Religion,qwen3_vl_2b,Qwen3-VL-2B-Thinking,base,Qwen3-VL-2B-Thinking (as released),culture/qwen3_vl_2b/base,ntp,1,marital_status,Single,139,0.7477998559500223,0.8673638955995747,0.8664027644082672,0.9999999999999991,0.0,True,0.0,-0.11956403964955242,-0.9014441444132844
d_religiousp,Religion,qwen3_vl_2b,Qwen3-VL-2B-Thinking,base,Qwen3-VL-2B-Thinking (as released),culture/qwen3_vl_2b/base,ntp,1,marital_status,Cohabiting,39,0.7807127447325874,0.8307380979253396,0.8262838373444275,0.9999999999999998,0.0,True,0.0,-0.05002535319275214,-0.2955499883883277
d_religiousp,Religion,qwen3_vl_2b,Qwen3-VL-2B-Thinking,base,Qwen3-VL-2B-Thinking (as released),culture/qwen3_vl_2b/base,ntp,1,marital_status,Married,367,0.7693663984798353,0.8399692013778177,0.8395319587586314,0.9999999999999988,0.0,True,0.0,-0.07060280289798238,-0.4411825942621769
d_religiousp,Religion,qwen3_vl_2b,Qwen3-VL-2B-Thinking,base,Qwen3-VL-2B-Thinking (as released),culture/qwen3_vl_2b/base,ntp,1,marital_status,Divorced or separated,75,0.8189639398410024,0.8740915762092607,0.8723901110228993,0.9999999999999999,0.0,True,0.0,-0.05512763636825835,-0.4378391429939658
d_religiousp,Religion,qwen3_vl_2b,Qwen3-VL-2B-Thinking,base,Qwen3-VL-2B-Thinking (as released),culture/qwen3_vl_2b/base,ntp,1,marital_status,Widowed,67,0.6754753624263821,0.8557136074867214,0.853527450024399,0.9999999999999998,0.0,True,0.0,-0.18023824506033936,-1.2491700840309814
d_religiousp,Religion,qwen3_vl_2b,Qwen3-VL-2B-Thinking,base,Qwen3-VL-2B-Thinking (as released),culture/qwen3_vl_2b/base,fa,1,population,every retained cell,687,0.6898148108088733,0.8475994899091592,0.8473773317311842,0.9999999999999974,0.0,True,0.0,-0.15778467910028593,-1.035329074727085
d_religiousp,Religion,qwen3_vl_2b,Qwen3-VL-2B-Thinking,base,Qwen3-VL-2B-Thinking (as released),culture/qwen3_vl_2b/base,fa,1,country,Australia,136,0.8081428224063413,0.9213789707550486,0.9207965927606415,0.9999999999999996,0.0,True,0.0,-0.11323614834870732,-1.4402781219756
d_religiousp,Religion,qwen3_vl_2b,Qwen3-VL-2B-Thinking,base,Qwen3-VL-2B-Thinking (as released),culture/qwen3_vl_2b/base,fa,1,country,Germany,144,0.7590155207532644,0.8943089109102884,0.8935698123851855,0.9999999999999997,0.0,True,0.0,-0.13529339015702402,-1.2800832248231042
d_religiousp,Religion,qwen3_vl_2b,Qwen3-VL-2B-Thinking,base,Qwen3-VL-2B-Thinking (as released),culture/qwen3_vl_2b/base,fa,1,country,Mexico,131,0.4629490020929393,0.9177648904096551,0.9171323126435755,0.9999999999999988,0.0,True,0.0,-0.4548158883167158,-5.530677718828204
d_religiousp,Religion,qwen3_vl_2b,Qwen3-VL-2B-Thinking,base,Qwen3-VL-2B-Thinking (as released),culture/qwen3_vl_2b/base,fa,1,country,Russia,136,0.7931166105573877,0.9131547066157886,0.9125114081462758,0.9999999999999998,0.0,True,0.0,-0.12003809605840088,-1.3822061205705356
d_religiousp,Religion,qwen3_vl_2b,Qwen3-VL-2B-Thinking,base,Qwen3-VL-2B-Thinking (as released),culture/qwen3_vl_2b/base,fa,1,country,United States,140,0.6156209848570267,0.8874593326461829,0.8866496875573066,0.9999999999999997,0.0,True,0.0,-0.2718383477891563,-2.4154677076378315
d_religiousp,Religion,qwen3_vl_2b,Qwen3-VL-2B-Thinking,base,Qwen3-VL-2B-Thinking (as released),culture/qwen3_vl_2b/base,fa,1,wave,1995-1997,221,0.6990925781502173,0.8354108852640647,0.834662752924356,0.9999999999999994,0.0,True,0.0,-0.1363183071138474,-0.8282340380319487
d_religiousp,Religion,qwen3_vl_2b,Qwen3-VL-2B-Thinking,base,Qwen3-VL-2B-Thinking (as released),culture/qwen3_vl_2b/base,fa,1,wave,2005-2006,221,0.6608261055718687,0.8523912468988823,0.85172029802115,0.9999999999999998,0.0,True,0.0,-0.19156514132701363,-1.297789848517887
d_religiousp,Religion,qwen3_vl_2b,Qwen3-VL-2B-Thinking,base,Qwen3-VL-2B-Thinking (as released),culture/qwen3_vl_2b/base,fa,1,wave,2017-2018,245,0.7075948813188366,0.861898111550723,0.8613321202046195,0.999999999999999,0.0,True,0.0,-0.1543032302318864,-1.1173144115879343
d_religiousp,Religion,qwen3_vl_2b,Qwen3-VL-2B-Thinking,base,Qwen3-VL-2B-Thinking (as released),culture/qwen3_vl_2b/base,fa,1,sex,Female,374,0.657724970682642,0.8476433966052874,0.8472349338616019,0.9999999999999994,0.0,True,0.0,-0.1899184259226454,-1.2465388548379543
d_religiousp,Religion,qwen3_vl_2b,Qwen3-VL-2B-Thinking,base,Qwen3-VL-2B-Thinking (as released),culture/qwen3_vl_2b/base,fa,1,sex,Male,313,0.728158581438939,0.8535629288876477,0.8530935793007492,0.9999999999999978,0.0,True,0.0,-0.12540434744870876,-0.8563702243982579
d_religiousp,Religion,qwen3_vl_2b,Qwen3-VL-2B-Thinking,base,Qwen3-VL-2B-Thinking (as released),culture/qwen3_vl_2b/base,fa,1,age,<25,79,0.6712001303307711,0.8613333624510491,0.8595555850465754,0.9999999999999999,0.0,True,0.0,-0.190133232120278,-1.3711534041716327
d_religiousp,Religion,qwen3_vl_2b,Qwen3-VL-2B-Thinking,base,Qwen3-VL-2B-Thinking (as released),culture/qwen3_vl_2b/base,fa,1,age,25-34,160,0.7043018336596851,0.8448605274874802,0.8438848075345713,0.9999999999999997,0.0,True,0.0,-0.14055869382779507,-0.9060150299044747
d_religiousp,Religion,qwen3_vl_2b,Qwen3-VL-2B-Thinking,base,Qwen3-VL-2B-Thinking (as released),culture/qwen3_vl_2b/base,fa,1,age,35-44,114,0.7172924500433338,0.8473448193497796,0.8459938885475653,0.9999999999999996,0.0,True,0.0,-0.13005236930644581,-0.8519355108192197
d_religiousp,Religion,qwen3_vl_2b,Qwen3-VL-2B-Thinking,base,Qwen3-VL-2B-Thinking (as released),culture/qwen3_vl_2b/base,fa,1,age,45-54,117,0.6951692674529644,0.8387586534444704,0.837368641836233,0.9999999999999997,0.0,True,0.0,-0.14358938599150606,-0.8905246021500794
d_religiousp,Religion,qwen3_vl_2b,Qwen3-VL-2B-Thinking,base,Qwen3-VL-2B-Thinking (as released),culture/qwen3_vl_2b/base,fa,1,age,55-64,99,0.6984844202978612,0.8461423478075972,0.8445723717648176,0.9999999999999998,0.0,True,0.0,-0.14765792750973605,-0.9597048011956285
d_religiousp,Religion,qwen3_vl_2b,Qwen3-VL-2B-Thinking,base,Qwen3-VL-2B-Thinking (as released),culture/qwen3_vl_2b/base,fa,1,age,65-74,88,0.6519259122591644,0.8481156516837617,0.8463698545766785,0.9999999999999997,0.0,True,0.0,-0.19618973942459728,-1.2917047845911729
d_religiousp,Religion,qwen3_vl_2b,Qwen3-VL-2B-Thinking,base,Qwen3-VL-2B-Thinking (as released),culture/qwen3_vl_2b/base,fa,1,age,75+,28,0.6366513541944119,0.8881008356899692,0.8839564221970052,0.9999999999999999,0.0,True,0.0,-0.25144948149555735,-2.247107769267023
d_religiousp,Religion,qwen3_vl_2b,Qwen3-VL-2B-Thinking,base,Qwen3-VL-2B-Thinking (as released),culture/qwen3_vl_2b/base,fa,1,education,Low,51,0.4967523661710066,0.8361705572481268,0.8328939683930894,0.9999999999999999,0.0,True,0.0,-0.33941819107712023,-2.0717777303996807
d_religiousp,Religion,qwen3_vl_2b,Qwen3-VL-2B-Thinking,base,Qwen3-VL-2B-Thinking (as released),culture/qwen3_vl_2b/base,fa,1,education,Middle,369,0.7043792833720061,0.8495584163339299,0.8491496076826635,0.9999999999999992,0.0,True,0.0,-0.14517913296192386,-0.9650199726969965
d_religiousp,Religion,qwen3_vl_2b,Qwen3-VL-2B-Thinking,base,Qwen3-VL-2B-Thinking (as released),culture/qwen3_vl_2b/base,fa,1,education,High,267,0.7065634786018892,0.8632633585141994,0.8627493109898168,0.9999999999999996,0.0,True,0.0,-0.15669987991231027,-1.1459977238696681
d_religiousp,Religion,qwen3_vl_2b,Qwen3-VL-2B-Thinking,base,Qwen3-VL-2B-Thinking (as released),culture/qwen3_vl_2b/base,fa,1,employment,Working,377,0.7211576795231653,0.8511274988557027,0.8507315613526594,0.9999999999999992,0.0,True,0.0,-0.12996981933253737,-0.8730277138728384
d_religiousp,Religion,qwen3_vl_2b,Qwen3-VL-2B-Thinking,base,Qwen3-VL-2B-Thinking (as released),culture/qwen3_vl_2b/base,fa,1,employment,Student,39,0.7016921793382362,0.8802291067765834,0.8770772411654408,0.9999999999999999,0.0,True,0.0,-0.17853692743834715,-1.490653719224673
d_religiousp,Religion,qwen3_vl_2b,Qwen3-VL-2B-Thinking,base,Qwen3-VL-2B-Thinking (as released),culture/qwen3_vl_2b/base,fa,1,employment,Homemaker,75,0.5364455271448622,0.8346997265596637,0.8324659390807403,0.9999999999999999,0.0,True,0.0,-0.2982541994148016,-1.8043176409048949
d_religiousp,Religion,qwen3_vl_2b,Qwen3-VL-2B-Thinking,base,Qwen3-VL-2B-Thinking (as released),culture/qwen3_vl_2b/base,fa,1,employment,Unemployed,34,0.6617036766991875,0.8413230270808965,0.8365146339621357,0.9999999999999999,0.0,True,0.0,-0.17961935038170895,-1.1319812010359072
d_religiousp,Religion,qwen3_vl_2b,Qwen3-VL-2B-Thinking,base,Qwen3-VL-2B-Thinking (as released),culture/qwen3_vl_2b/base,fa,1,employment,Retired,157,0.6878514567929503,0.8713135562217625,0.87048864312062,0.9999999999999994,0.0,True,0.0,-0.1834620994288122,-1.425652104777784
d_religiousp,Religion,qwen3_vl_2b,Qwen3-VL-2B-Thinking,base,Qwen3-VL-2B-Thinking (as released),culture/qwen3_vl_2b/base,fa,1,marital_status,Single,139,0.6842811180145218,0.8673638955995747,0.8664027644082672,0.9999999999999991,0.0,True,0.0,-0.18308277758505287,-1.3803389236487997
d_religiousp,Religion,qwen3_vl_2b,Qwen3-VL-2B-Thinking,base,Qwen3-VL-2B-Thinking (as released),culture/qwen3_vl_2b/base,fa,1,marital_status,Cohabiting,39,0.7191192348696155,0.8307380979253396,0.8262838373444275,0.9999999999999998,0.0,True,0.0,-0.1116188630557241,-0.6594446930325153
d_religiousp,Religion,qwen3_vl_2b,Qwen3-VL-2B-Thinking,base,Qwen3-VL-2B-Thinking (as released),culture/qwen3_vl_2b/base,fa,1,marital_status,Married,367,0.6905747946243116,0.8399692013778177,0.8395319587586314,0.9999999999999988,0.0,True,0.0,-0.14939440675350613,-0.9335353446945692
d_religiousp,Religion,qwen3_vl_2b,Qwen3-VL-2B-Thinking,base,Qwen3-VL-2B-Thinking (as released),culture/qwen3_vl_2b/base,fa,1,marital_status,Divorced or separated,75,0.7493188442813092,0.8740915762092607,0.8723901110228993,0.9999999999999999,0.0,True,0.0,-0.12477273192795146,-0.9909800168360827
d_religiousp,Religion,qwen3_vl_2b,Qwen3-VL-2B-Thinking,base,Qwen3-VL-2B-Thinking (as released),culture/qwen3_vl_2b/base,fa,1,marital_status,Widowed,67,0.6134654703513713,0.8557136074867214,0.853527450024399,0.9999999999999998,0.0,True,0.0,-0.2422481371353501,-1.6789395930947277
d_religiousp,Religion,qwen3_vl_2b,Qwen3-VL-2B-Thinking,german,Qwen3-VL-2B-Thinking (german),culture/qwen3_vl_2b/german,ntp,1,population,every retained cell,687,0.7771647974126831,0.8475994899091592,0.8473773317311842,0.9999999999999974,0.0,True,0.0,-0.07043469249647616,-0.4621683513689845
d_religiousp,Religion,qwen3_vl_2b,Qwen3-VL-2B-Thinking,german,Qwen3-VL-2B-Thinking (german),culture/qwen3_vl_2b/german,ntp,1,country,Australia,136,0.7600204509112839,0.9213789707550486,0.9207965927606415,0.9999999999999996,0.0,True,0.0,-0.1613585198437647,-2.0523582735229358
d_religiousp,Religion,qwen3_vl_2b,Qwen3-VL-2B-Thinking,german,Qwen3-VL-2B-Thinking (german),culture/qwen3_vl_2b/german,ntp,1,country,Germany,144,0.805164897656728,0.8943089109102884,0.8935698123851855,0.9999999999999997,0.0,True,0.0,-0.08914401325356036,-0.8434392532174031
d_religiousp,Religion,qwen3_vl_2b,Qwen3-VL-2B-Thinking,german,Qwen3-VL-2B-Thinking (german),culture/qwen3_vl_2b/german,ntp,1,country,Mexico,131,0.7190934341031922,0.9177648904096551,0.9171323126435755,0.9999999999999988,0.0,True,0.0,-0.198671456306463,-2.415895805284958
d_religiousp,Religion,qwen3_vl_2b,Qwen3-VL-2B-Thinking,german,Qwen3-VL-2B-Thinking (german),culture/qwen3_vl_2b/german,ntp,1,country,Russia,136,0.8335600385055655,0.9131547066157886,0.9125114081462758,0.9999999999999998,0.0,True,0.0,-0.07959466811022309,-0.9165110164127039
d_religiousp,Religion,qwen3_vl_2b,Qwen3-VL-2B-Thinking,german,Qwen3-VL-2B-Thinking (german),culture/qwen3_vl_2b/german,ntp,1,country,United States,140,0.7645734580838193,0.8874593326461829,0.8866496875573066,0.9999999999999997,0.0,True,0.0,-0.12288587456236366,-1.0919241679634106
d_religiousp,Religion,qwen3_vl_2b,Qwen3-VL-2B-Thinking,german,Qwen3-VL-2B-Thinking (german),culture/qwen3_vl_2b/german,ntp,1,wave,1995-1997,221,0.7678111524389178,0.8354108852640647,0.834662752924356,0.9999999999999994,0.0,True,0.0,-0.06759973282514686,-0.4107181263694323
d_religiousp,Religion,qwen3_vl_2b,Qwen3-VL-2B-Thinking,german,Qwen3-VL-2B-Thinking (german),culture/qwen3_vl_2b/german,ntp,1,wave,2005-2006,221,0.7840430162616703,0.8523912468988823,0.85172029802115,0.9999999999999998,0.0,True,0.0,-0.06834823063721207,-0.4630364338244285
d_religiousp,Religion,qwen3_vl_2b,Qwen3-VL-2B-Thinking,german,Qwen3-VL-2B-Thinking (german),culture/qwen3_vl_2b/german,ntp,1,wave,2017-2018,245,0.7793977328150337,0.861898111550723,0.8613321202046195,0.999999999999999,0.0,True,0.0,-0.08250037873568938,-0.5973877668297831
d_religiousp,Religion,qwen3_vl_2b,Qwen3-VL-2B-Thinking,german,Qwen3-VL-2B-Thinking (german),culture/qwen3_vl_2b/german,ntp,1,sex,Female,374,0.7743001354860328,0.8476433966052874,0.8472349338616019,0.9999999999999994,0.0,True,0.0,-0.0733432611192546,-0.48139207284139235
d_religiousp,Religion,qwen3_vl_2b,Qwen3-VL-2B-Thinking,german,Qwen3-VL-2B-Thinking (german),culture/qwen3_vl_2b/german,ntp,1,sex,Male,313,0.7805877480854215,0.8535629288876477,0.8530935793007492,0.9999999999999978,0.0,True,0.0,-0.0729751808022262,-0.4983381615590821
d_religiousp,Religion,qwen3_vl_2b,Qwen3-VL-2B-Thinking,german,Qwen3-VL-2B-Thinking (german),culture/qwen3_vl_2b/german,ntp,1,age,<25,79,0.7954540419943632,0.8613333624510491,0.8595555850465754,0.9999999999999999,0.0,True,0.0,-0.06587932045668587,-0.47509135305476574
d_religiousp,Religion,qwen3_vl_2b,Qwen3-VL-2B-Thinking,german,Qwen3-VL-2B-Thinking (german),culture/qwen3_vl_2b/german,ntp,1,age,25-34,160,0.7708580447633417,0.8448605274874802,0.8438848075345713,0.9999999999999997,0.0,True,0.0,-0.07400248272413845,-0.4770061514690688
d_religiousp,Religion,qwen3_vl_2b,Qwen3-VL-2B-Thinking,german,Qwen3-VL-2B-Thinking (german),culture/qwen3_vl_2b/german,ntp,1,age,35-44,114,0.776685996818615,0.8473448193497796,0.8459938885475653,0.9999999999999996,0.0,True,0.0,-0.07065882253116451,-0.4628655393822855
d_religiousp,Religion,qwen3_vl_2b,Qwen3-VL-2B-Thinking,german,Qwen3-VL-2B-Thinking (german),culture/qwen3_vl_2b/german,ntp,1,age,45-54,117,0.7702440249313903,0.8387586534444704,0.837368641836233,0.9999999999999997,0.0,True,0.0,-0.0685146285130801,-0.42491972423143026
d_religiousp,Religion,qwen3_vl_2b,Qwen3-VL-2B-Thinking,german,Qwen3-VL-2B-Thinking (german),culture/qwen3_vl_2b/german,ntp,1,age,55-64,99,0.7767481046055335,0.8461423478075972,0.8445723717648176,0.9999999999999998,0.0,True,0.0,-0.06939424320206378,-0.45102887125356994
d_religiousp,Religion,qwen3_vl_2b,Qwen3-VL-2B-Thinking,german,Qwen3-VL-2B-Thinking (german),culture/qwen3_vl_2b/german,ntp,1,age,65-74,88,0.789828761378806,0.8481156516837617,0.8463698545766785,0.9999999999999997,0.0,True,0.0,-0.05828689030495571,-0.3837583724137039
d_religiousp,Religion,qwen3_vl_2b,Qwen3-VL-2B-Thinking,german,Qwen3-VL-2B-Thinking (german),culture/qwen3_vl_2b/german,ntp,1,age,75+,28,0.7707250005984851,0.8881008356899692,0.8839564221970052,0.9999999999999999,0.0,True,0.0,-0.11737583509148408,-1.0489429104785761
d_religiousp,Religion,qwen3_vl_2b,Qwen3-VL-2B-Thinking,german,Qwen3-VL-2B-Thinking (german),culture/qwen3_vl_2b/german,ntp,1,education,Low,51,0.663282026428205,0.8361705572481268,0.8328939683930894,0.9999999999999999,0.0,True,0.0,-0.17288853081992184,-1.0552958486330755
d_religiousp,Religion,qwen3_vl_2b,Qwen3-VL-2B-Thinking,german,Qwen3-VL-2B-Thinking (german),culture/qwen3_vl_2b/german,ntp,1,education,Middle,369,0.7857461308690534,0.8495584163339299,0.8491496076826635,0.9999999999999992,0.0,True,0.0,-0.0638122854648765,-0.42416653633824003
d_religiousp,Religion,qwen3_vl_2b,Qwen3-VL-2B-Thinking,german,Qwen3-VL-2B-Thinking (german),culture/qwen3_vl_2b/german,ntp,1,education,High,267,0.7870580905767567,0.8632633585141994,0.8627493109898168,0.9999999999999996,0.0,True,0.0,-0.07620526793744276,-0.5573141705791882
d_religiousp,Religion,qwen3_vl_2b,Qwen3-VL-2B-Thinking,german,Qwen3-VL-2B-Thinking (german),culture/qwen3_vl_2b/german,ntp,1,employment,Working,377,0.764138448066367,0.8511274988557027,0.8507315613526594,0.9999999999999992,0.0,True,0.0,-0.08698905078933572,-0.584319132954044
d_religiousp,Religion,qwen3_vl_2b,Qwen3-VL-2B-Thinking,german,Qwen3-VL-2B-Thinking (german),culture/qwen3_vl_2b/german,ntp,1,employment,Student,39,0.8513627836981827,0.8802291067765834,0.8770772411654408,0.9999999999999999,0.0,True,0.0,-0.028866323078400646,-0.24101283960999084
d_religiousp,Religion,qwen3_vl_2b,Qwen3-VL-2B-Thinking,german,Qwen3-VL-2B-Thinking (german),culture/qwen3_vl_2b/german,ntp,1,employment,Homemaker,75,0.7298721581458893,0.8346997265596637,0.8324659390807403,0.9999999999999999,0.0,True,0.0,-0.10482756841377439,-0.6341645191023293
d_religiousp,Religion,qwen3_vl_2b,Qwen3-VL-2B-Thinking,german,Qwen3-VL-2B-Thinking (german),culture/qwen3_vl_2b/german,ntp,1,employment,Unemployed,34,0.7983664543856275,0.8413230270808965,0.8365146339621357,0.9999999999999999,0.0,True,0.0,-0.04295657269526898,-0.2707171173297403
d_religiousp,Religion,qwen3_vl_2b,Qwen3-VL-2B-Thinking,german,Qwen3-VL-2B-Thinking (german),culture/qwen3_vl_2b/german,ntp,1,employment,Retired,157,0.808459882853723,0.8713135562217625,0.87048864312062,0.9999999999999994,0.0,True,0.0,-0.06285367336803949,-0.48842497719770583
d_religiousp,Religion,qwen3_vl_2b,Qwen3-VL-2B-Thinking,german,Qwen3-VL-2B-Thinking (german),culture/qwen3_vl_2b/german,ntp,1,marital_status,Single,139,0.7785070702272374,0.8673638955995747,0.8664027644082672,0.9999999999999991,0.0,True,0.0,-0.0888568253723373,-0.6699293964792621
d_religiousp,Religion,qwen3_vl_2b,Qwen3-VL-2B-Thinking,german,Qwen3-VL-2B-Thinking (german),culture/qwen3_vl_2b/german,ntp,1,marital_status,Cohabiting,39,0.7556568575211285,0.8307380979253396,0.8262838373444275,0.9999999999999998,0.0,True,0.0,-0.07508124040421105,-0.44358027107064624
d_religiousp,Religion,qwen3_vl_2b,Qwen3-VL-2B-Thinking,german,Qwen3-VL-2B-Thinking (german),culture/qwen3_vl_2b/german,ntp,1,marital_status,Married,367,0.7705581020295464,0.8399692013778177,0.8395319587586314,0.9999999999999988,0.0,True,0.0,-0.06941109934827128,-0.4337358805047545
d_religiousp,Religion,qwen3_vl_2b,Qwen3-VL-2B-Thinking,german,Qwen3-VL-2B-Thinking (german),culture/qwen3_vl_2b/german,ntp,1,marital_status,Divorced or separated,75,0.8265263515522979,0.8740915762092607,0.8723901110228993,0.9999999999999999,0.0,True,0.0,-0.04756522465696278,-0.37777634907110363
d_religiousp,Religion,qwen3_vl_2b,Qwen3-VL-2B-Thinking,german,Qwen3-VL-2B-Thinking (german),culture/qwen3_vl_2b/german,ntp,1,marital_status,Widowed,67,0.7678330717363777,0.8557136074867214,0.853527450024399,0.9999999999999998,0.0,True,0.0,-0.08788053575034371,-0.6090701570645765
d_religiousp,Religion,qwen3_vl_2b,Qwen3-VL-2B-Thinking,german,Qwen3-VL-2B-Thinking (german),culture/qwen3_vl_2b/german,fa,1,population,every retained cell,687,0.7443306472305833,0.8475994899091592,0.8473773317311842,0.9999999999999974,0.0,True,0.0,-0.10326884267857595,-0.6776148099308913
d_religiousp,Religion,qwen3_vl_2b,Qwen3-VL-2B-Thinking,german,Qwen3-VL-2B-Thinking (german),culture/qwen3_vl_2b/german,fa,1,country,Australia,136,0.7201549604437696,0.9213789707550486,0.9207965927606415,0.9999999999999996,0.0,True,0.0,-0.201224010311279,-2.559417146325396
d_religiousp,Religion,qwen3_vl_2b,Qwen3-VL-2B-Thinking,german,Qwen3-VL-2B-Thinking (german),culture/qwen3_vl_2b/german,fa,1,country,Germany,144,0.7753860284262036,0.8943089109102884,0.8935698123851855,0.9999999999999997,0.0,True,0.0,-0.11892288248408478,-1.125193083999181
d_religiousp,Religion,qwen3_vl_2b,Qwen3-VL-2B-Thinking,german,Qwen3-VL-2B-Thinking (german),culture/qwen3_vl_2b/german,fa,1,country,Mexico,131,0.6944898917493657,0.9177648904096551,0.9171323126435755,0.9999999999999988,0.0,True,0.0,-0.22327499866028944,-2.7150811833599593
d_religiousp,Religion,qwen3_vl_2b,Qwen3-VL-2B-Thinking,german,Qwen3-VL-2B-Thinking (german),culture/qwen3_vl_2b/german,fa,1,country,Russia,136,0.8056955184623498,0.9131547066157886,0.9125114081462758,0.9999999999999998,0.0,True,0.0,-0.1074591881534388,-1.2373634075715496
d_religiousp,Religion,qwen3_vl_2b,Qwen3-VL-2B-Thinking,german,Qwen3-VL-2B-Thinking (german),culture/qwen3_vl_2b/german,fa,1,country,United States,140,0.7228980400259872,0.8874593326461829,0.8866496875573066,0.9999999999999997,0.0,True,0.0,-0.1645612926201957,-1.4622384644550825
d_religiousp,Religion,qwen3_vl_2b,Qwen3-VL-2B-Thinking,german,Qwen3-VL-2B-Thinking (german),culture/qwen3_vl_2b/german,fa,1,wave,1995-1997,221,0.7353146982205458,0.8354108852640647,0.834662752924356,0.9999999999999994,0.0,True,0.0,-0.10009618704351886,-0.6081580012390972
d_religiousp,Religion,qwen3_vl_2b,Qwen3-VL-2B-Thinking,german,Qwen3-VL-2B-Thinking (german),culture/qwen3_vl_2b/german,fa,1,wave,2005-2006,221,0.7539436844955784,0.8523912468988823,0.85172029802115,0.9999999999999998,0.0,True,0.0,-0.09844756240330399,-0.6669493531719195
d_religiousp,Religion,qwen3_vl_2b,Qwen3-VL-2B-Thinking,german,Qwen3-VL-2B-Thinking (german),culture/qwen3_vl_2b/german,fa,1,wave,2017-2018,245,0.743792049253662,0.861898111550723,0.8613321202046195,0.999999999999999,0.0,True,0.0,-0.118106062297061,-0.8552096109854416
d_religiousp,Religion,qwen3_vl_2b,Qwen3-VL-2B-Thinking,german,Qwen3-VL-2B-Thinking (german),culture/qwen3_vl_2b/german,fa,1,sex,Female,374,0.7429523949280077,0.8476433966052874,0.8472349338616019,0.9999999999999994,0.0,True,0.0,-0.10469100167727974,-0.6871444974790831
d_religiousp,Religion,qwen3_vl_2b,Qwen3-VL-2B-Thinking,german,Qwen3-VL-2B-Thinking (german),culture/qwen3_vl_2b/german,fa,1,sex,Male,313,0.7459775046144914,0.8535629288876477,0.8530935793007492,0.9999999999999978,0.0,True,0.0,-0.10758542427315632,-0.7346870806410254
d_religiousp,Religion,qwen3_vl_2b,Qwen3-VL-2B-Thinking,german,Qwen3-VL-2B-Thinking (german),culture/qwen3_vl_2b/german,fa,1,age,<25,79,0.7698341920855359,0.8613333624510491,0.8595555850465754,0.9999999999999999,0.0,True,0.0,-0.09149917036551314,-0.6598499248473727
d_religiousp,Religion,qwen3_vl_2b,Qwen3-VL-2B-Thinking,german,Qwen3-VL-2B-Thinking (german),culture/qwen3_vl_2b/german,fa,1,age,25-34,160,0.7328470490211421,0.8448605274874802,0.8438848075345713,0.9999999999999997,0.0,True,0.0,-0.11201347846633813,-0.7220179149268321
d_religiousp,Religion,qwen3_vl_2b,Qwen3-VL-2B-Thinking,german,Qwen3-VL-2B-Thinking (german),culture/qwen3_vl_2b/german,fa,1,age,35-44,114,0.7390268782825348,0.8473448193497796,0.8459938885475653,0.9999999999999996,0.0,True,0.0,-0.1083179410672448,-0.7095595485582257
d_religiousp,Religion,qwen3_vl_2b,Qwen3-VL-2B-Thinking,german,Qwen3-VL-2B-Thinking (german),culture/qwen3_vl_2b/german,fa,1,age,45-54,117,0.7365039551014663,0.8387586534444704,0.837368641836233,0.9999999999999997,0.0,True,0.0,-0.10225469834300416,-0.6341716968221229
d_religiousp,Religion,qwen3_vl_2b,Qwen3-VL-2B-Thinking,german,Qwen3-VL-2B-Thinking (german),culture/qwen3_vl_2b/german,fa,1,age,55-64,99,0.7431270046030811,0.8461423478075972,0.8445723717648176,0.9999999999999998,0.0,True,0.0,-0.10301534320451611,-0.6695496891873333
d_religiousp,Religion,qwen3_vl_2b,Qwen3-VL-2B-Thinking,german,Qwen3-VL-2B-Thinking (german),culture/qwen3_vl_2b/german,fa,1,age,65-74,88,0.7657379396919388,0.8481156516837617,0.8463698545766785,0.9999999999999997,0.0,True,0.0,-0.08237771199182287,-0.5423713035941286
d_religiousp,Religion,qwen3_vl_2b,Qwen3-VL-2B-Thinking,german,Qwen3-VL-2B-Thinking (german),culture/qwen3_vl_2b/german,fa,1,age,75+,28,0.7426978647165836,0.8881008356899692,0.8839564221970052,0.9999999999999999,0.0,True,0.0,-0.14540297097338561,-1.2994106959595186
d_religiousp,Religion,qwen3_vl_2b,Qwen3-VL-2B-Thinking,german,Qwen3-VL-2B-Thinking (german),culture/qwen3_vl_2b/german,fa,1,education,Low,51,0.6417499854581381,0.8361705572481268,0.8328939683930894,0.9999999999999999,0.0,True,0.0,-0.19442057178998873,-1.186725465974069
d_religiousp,Religion,qwen3_vl_2b,Qwen3-VL-2B-Thinking,german,Qwen3-VL-2B-Thinking (german),culture/qwen3_vl_2b/german,fa,1,education,Middle,369,0.7542919223191562,0.8495584163339299,0.8491496076826635,0.9999999999999992,0.0,True,0.0,-0.09526649401477372,-0.6332457535559678
d_religiousp,Religion,qwen3_vl_2b,Qwen3-VL-2B-Thinking,german,Qwen3-VL-2B-Thinking (german),culture/qwen3_vl_2b/german,fa,1,education,High,267,0.7501580001995393,0.8632633585141994,0.8627493109898168,0.9999999999999996,0.0,True,0.0,-0.11310535831466018,-0.8271766593477844
d_religiousp,Religion,qwen3_vl_2b,Qwen3-VL-2B-Thinking,german,Qwen3-VL-2B-Thinking (german),culture/qwen3_vl_2b/german,fa,1,employment,Working,377,0.7252792817845388,0.8511274988557027,0.8507315613526594,0.9999999999999992,0.0,True,0.0,-0.1258482170711639,-0.8453422633719527
d_religiousp,Religion,qwen3_vl_2b,Qwen3-VL-2B-Thinking,german,Qwen3-VL-2B-Thinking (german),culture/qwen3_vl_2b/german,fa,1,employment,Student,39,0.8292599915443641,0.8802291067765834,0.8770772411654408,0.9999999999999999,0.0,True,0.0,-0.05096911523221925,-0.42555510659124146
d_religiousp,Religion,qwen3_vl_2b,Qwen3-VL-2B-Thinking,german,Qwen3-VL-2B-Thinking (german),culture/qwen3_vl_2b/german,fa,1,employment,Homemaker,75,0.698039097501093,0.8346997265596637,0.8324659390807403,0.9999999999999999,0.0,True,0.0,-0.13666062905857068,-0.8267416999034619
d_religiousp,Religion,qwen3_vl_2b,Qwen3-VL-2B-Thinking,german,Qwen3-VL-2B-Thinking (german),culture/qwen3_vl_2b/german,fa,1,employment,Unemployed,34,0.7840337689097813,0.8413230270808965,0.8365146339621357,0.9999999999999999,0.0,True,0.0,-0.05728925817111519,-0.36104330147716085
d_religiousp,Religion,qwen3_vl_2b,Qwen3-VL-2B-Thinking,german,Qwen3-VL-2B-Thinking (german),culture/qwen3_vl_2b/german,fa,1,employment,Retired,157,0.7832286587638271,0.8713135562217625,0.87048864312062,0.9999999999999994,0.0,True,0.0,-0.08808489745793546,-0.6844924365905257
d_religiousp,Religion,qwen3_vl_2b,Qwen3-VL-2B-Thinking,german,Qwen3-VL-2B-Thinking (german),culture/qwen3_vl_2b/german,fa,1,marital_status,Single,139,0.7472877585255631,0.8673638955995747,0.8664027644082672,0.9999999999999991,0.0,True,0.0,-0.12007613707401166,-0.9053050646866454
d_religiousp,Religion,qwen3_vl_2b,Qwen3-VL-2B-Thinking,german,Qwen3-VL-2B-Thinking (german),culture/qwen3_vl_2b/german,fa,1,marital_status,Cohabiting,39,0.719155053268699,0.8307380979253396,0.8262838373444275,0.9999999999999998,0.0,True,0.0,-0.1115830446566406,-0.6592330777862935
d_religiousp,Religion,qwen3_vl_2b,Qwen3-VL-2B-Thinking,german,Qwen3-VL-2B-Thinking (german),culture/qwen3_vl_2b/german,fa,1,marital_status,Married,367,0.7357080726375671,0.8399692013778177,0.8395319587586314,0.9999999999999988,0.0,True,0.0,-0.10426112874025062,-0.6515066452077226
d_religiousp,Religion,qwen3_vl_2b,Qwen3-VL-2B-Thinking,german,Qwen3-VL-2B-Thinking (german),culture/qwen3_vl_2b/german,fa,1,marital_status,Divorced or separated,75,0.792692783083069,0.8740915762092607,0.8723901110228993,0.9999999999999999,0.0,True,0.0,-0.08139879312619169,-0.6464920350482433
d_religiousp,Religion,qwen3_vl_2b,Qwen3-VL-2B-Thinking,german,Qwen3-VL-2B-Thinking (german),culture/qwen3_vl_2b/german,fa,1,marital_status,Widowed,67,0.7459445932188182,0.8557136074867214,0.853527450024399,0.9999999999999998,0.0,True,0.0,-0.1097690142679032,-0.7607717703372564
d_religiousp,Religion,qwen3_vl_2b,Qwen3-VL-2B-Thinking,global,Qwen3-VL-2B-Thinking (distribution-matched),culture/qwen3_vl_2b/global,ntp,1,population,every retained cell,687,0.8132201332002319,0.8475994899091592,0.8473773317311842,0.9999999999999974,0.0,True,0.0,-0.03437935670892733,-0.2255855750642499
d_religiousp,Religion,qwen3_vl_2b,Qwen3-VL-2B-Thinking,global,Qwen3-VL-2B-Thinking (distribution-matched),culture/qwen3_vl_2b/global,ntp,1,country,Australia,136,0.8965253536090039,0.9213789707550486,0.9207965927606415,0.9999999999999996,0.0,True,0.0,-0.024853617146044726,-0.31611920353536566
d_religiousp,Religion,qwen3_vl_2b,Qwen3-VL-2B-Thinking,global,Qwen3-VL-2B-Thinking (distribution-matched),culture/qwen3_vl_2b/global,ntp,1,country,Germany,144,0.8733440062023736,0.8943089109102884,0.8935698123851855,0.9999999999999997,0.0,True,0.0,-0.02096490470791479,-0.19836019184284856
d_religiousp,Religion,qwen3_vl_2b,Qwen3-VL-2B-Thinking,global,Qwen3-VL-2B-Thinking (distribution-matched),culture/qwen3_vl_2b/global,ntp,1,country,Mexico,131,0.6246144740611697,0.9177648904096551,0.9171323126435755,0.9999999999999988,0.0,True,0.0,-0.2931504163484855,-3.564784163465187
d_religiousp,Religion,qwen3_vl_2b,Qwen3-VL-2B-Thinking,global,Qwen3-VL-2B-Thinking (distribution-matched),culture/qwen3_vl_2b/global,ntp,1,country,Russia,136,0.8924882725618546,0.9131547066157886,0.9125114081462758,0.9999999999999998,0.0,True,0.0,-0.02066643405393398,-0.23796838318576238
d_religiousp,Religion,qwen3_vl_2b,Qwen3-VL-2B-Thinking,global,Qwen3-VL-2B-Thinking (distribution-matched),culture/qwen3_vl_2b/global,ntp,1,country,United States,140,0.769931038244054,0.8874593326461829,0.8866496875573066,0.9999999999999997,0.0,True,0.0,-0.11752829440212897,-1.0443184420848624
d_religiousp,Religion,qwen3_vl_2b,Qwen3-VL-2B-Thinking,global,Qwen3-VL-2B-Thinking (distribution-matched),culture/qwen3_vl_2b/global,ntp,1,wave,1995-1997,221,0.8085016322409583,0.8354108852640647,0.834662752924356,0.9999999999999994,0.0,True,0.0,-0.026909253023106428,-0.16349351575454607
d_religiousp,Religion,qwen3_vl_2b,Qwen3-VL-2B-Thinking,global,Qwen3-VL-2B-Thinking (distribution-matched),culture/qwen3_vl_2b/global,ntp,1,wave,2005-2006,221,0.7982654429864546,0.8523912468988823,0.85172029802115,0.9999999999999998,0.0,True,0.0,-0.05412580391242772,-0.36668424314477793
d_religiousp,Religion,qwen3_vl_2b,Qwen3-VL-2B-Thinking,global,Qwen3-VL-2B-Thinking (distribution-matched),culture/qwen3_vl_2b/global,ntp,1,wave,2017-2018,245,0.8309661546257188,0.861898111550723,0.8613321202046195,0.999999999999999,0.0,True,0.0,-0.030931956925004278,-0.22397924657174537
d_religiousp,Religion,qwen3_vl_2b,Qwen3-VL-2B-Thinking,global,Qwen3-VL-2B-Thinking (distribution-matched),culture/qwen3_vl_2b/global,ntp,1,sex,Female,374,0.790337311750403,0.8476433966052874,0.8472349338616019,0.9999999999999994,0.0,True,0.0,-0.05730608485488442,-0.3761312839616191
d_religiousp,Religion,qwen3_vl_2b,Qwen3-VL-2B-Thinking,global,Qwen3-VL-2B-Thinking (distribution-matched),culture/qwen3_vl_2b/global,ntp,1,sex,Male,313,0.8405625460508261,0.8535629288876477,0.8530935793007492,0.9999999999999978,0.0,True,0.0,-0.013000382836821589,-0.08877794904028902
d_religiousp,Religion,qwen3_vl_2b,Qwen3-VL-2B-Thinking,global,Qwen3-VL-2B-Thinking (distribution-matched),culture/qwen3_vl_2b/global,ntp,1,age,<25,79,0.802973282910354,0.8613333624510491,0.8595555850465754,0.9999999999999999,0.0,True,0.0,-0.05836007954069511,-0.4208660466011035
d_religiousp,Religion,qwen3_vl_2b,Qwen3-VL-2B-Thinking,global,Qwen3-VL-2B-Thinking (distribution-matched),culture/qwen3_vl_2b/global,ntp,1,age,25-34,160,0.8269350860425189,0.8448605274874802,0.8438848075345713,0.9999999999999997,0.0,True,0.0,-0.017925441444961332,-0.11554404017658848
d_religiousp,Religion,qwen3_vl_2b,Qwen3-VL-2B-Thinking,global,Qwen3-VL-2B-Thinking (distribution-matched),culture/qwen3_vl_2b/global,ntp,1,age,35-44,114,0.8325033280485234,0.8473448193497796,0.8459938885475653,0.9999999999999996,0.0,True,0.0,-0.014841491301256116,-0.09722232313400812
d_religiousp,Religion,qwen3_vl_2b,Qwen3-VL-2B-Thinking,global,Qwen3-VL-2B-Thinking (distribution-matched),culture/qwen3_vl_2b/global,ntp,1,age,45-54,117,0.817136826532785,0.8387586534444704,0.837368641836233,0.9999999999999997,0.0,True,0.0,-0.02162182691168546,-0.13409604529840094
d_religiousp,Religion,qwen3_vl_2b,Qwen3-VL-2B-Thinking,global,Qwen3-VL-2B-Thinking (distribution-matched),culture/qwen3_vl_2b/global,ntp,1,age,55-64,99,0.8150211281679767,0.8461423478075972,0.8445723717648176,0.9999999999999998,0.0,True,0.0,-0.031121219639620556,-0.20227280993929836
d_religiousp,Religion,qwen3_vl_2b,Qwen3-VL-2B-Thinking,global,Qwen3-VL-2B-Thinking (distribution-matched),culture/qwen3_vl_2b/global,ntp,1,age,65-74,88,0.7854778102425393,0.8481156516837617,0.8463698545766785,0.9999999999999997,0.0,True,0.0,-0.06263784144122242,-0.41240484708012315
d_religiousp,Religion,qwen3_vl_2b,Qwen3-VL-2B-Thinking,global,Qwen3-VL-2B-Thinking (distribution-matched),culture/qwen3_vl_2b/global,ntp,1,age,75+,28,0.7714514150828543,0.8881008356899692,0.8839564221970052,0.9999999999999999,0.0,True,0.0,-0.11664942060711492,-1.0424512222801143
d_religiousp,Religion,qwen3_vl_2b,Qwen3-VL-2B-Thinking,global,Qwen3-VL-2B-Thinking (distribution-matched),culture/qwen3_vl_2b/global,ntp,1,education,Low,51,0.639402007722512,0.8361705572481268,0.8328939683930894,0.9999999999999999,0.0,True,0.0,-0.19676854952561484,-1.2010573082619185
d_religiousp,Religion,qwen3_vl_2b,Qwen3-VL-2B-Thinking,global,Qwen3-VL-2B-Thinking (distribution-matched),culture/qwen3_vl_2b/global,ntp,1,education,Middle,369,0.8171328345590527,0.8495584163339299,0.8491496076826635,0.9999999999999992,0.0,True,0.0,-0.0324255817748772,-0.21553603056220896
d_religiousp,Religion,qwen3_vl_2b,Qwen3-VL-2B-Thinking,global,Qwen3-VL-2B-Thinking (distribution-matched),culture/qwen3_vl_2b/global,ntp,1,education,High,267,0.8410139069753586,0.8632633585141994,0.8627493109898168,0.9999999999999996,0.0,True,0.0,-0.022249451538840836,-0.16271755176282676
d_religiousp,Religion,qwen3_vl_2b,Qwen3-VL-2B-Thinking,global,Qwen3-VL-2B-Thinking (distribution-matched),culture/qwen3_vl_2b/global,ntp,1,employment,Working,377,0.8367495779312276,0.8511274988557027,0.8507315613526594,0.9999999999999992,0.0,True,0.0,-0.014377920924475096,-0.0965787557403838
d_religiousp,Religion,qwen3_vl_2b,Qwen3-VL-2B-Thinking,global,Qwen3-VL-2B-Thinking (distribution-matched),culture/qwen3_vl_2b/global,ntp,1,employment,Student,39,0.8293323942904419,0.8802291067765834,0.8770772411654408,0.9999999999999999,0.0,True,0.0,-0.05089671248614147,-0.42495059622875525
d_religiousp,Religion,qwen3_vl_2b,Qwen3-VL-2B-Thinking,global,Qwen3-VL-2B-Thinking (distribution-matched),culture/qwen3_vl_2b/global,ntp,1,employment,Homemaker,75,0.6867289724917761,0.8346997265596637,0.8324659390807403,0.9999999999999999,0.0,True,0.0,-0.14797075406788762,-0.8951633956086371
d_religiousp,Religion,qwen3_vl_2b,Qwen3-VL-2B-Thinking,global,Qwen3-VL-2B-Thinking (distribution-matched),culture/qwen3_vl_2b/global,ntp,1,employment,Unemployed,34,0.7925699428712102,0.8413230270808965,0.8365146339621357,0.9999999999999999,0.0,True,0.0,-0.04875308420968627,-0.30724738008798225
d_religiousp,Religion,qwen3_vl_2b,Qwen3-VL-2B-Thinking,global,Qwen3-VL-2B-Thinking (distribution-matched),culture/qwen3_vl_2b/global,ntp,1,employment,Retired,157,0.8161489486934155,0.8713135562217625,0.87048864312062,0.9999999999999994,0.0,True,0.0,-0.055164607528347065,-0.42867458225367566
d_religiousp,Religion,qwen3_vl_2b,Qwen3-VL-2B-Thinking,global,Qwen3-VL-2B-Thinking (distribution-matched),culture/qwen3_vl_2b/global,ntp,1,marital_status,Single,139,0.8184931961926166,0.8673638955995747,0.8664027644082672,0.9999999999999991,0.0,True,0.0,-0.048870699406958096,-0.36845698709167907
d_religiousp,Religion,qwen3_vl_2b,Qwen3-VL-2B-Thinking,global,Qwen3-VL-2B-Thinking (distribution-matched),culture/qwen3_vl_2b/global,ntp,1,marital_status,Cohabiting,39,0.8081173610170945,0.8307380979253396,0.8262838373444275,0.9999999999999998,0.0,True,0.0,-0.022620736908245065,-0.1336434048712698
d_religiousp,Religion,qwen3_vl_2b,Qwen3-VL-2B-Thinking,global,Qwen3-VL-2B-Thinking (distribution-matched),culture/qwen3_vl_2b/global,ntp,1,marital_status,Married,367,0.8156301163454944,0.8399692013778177,0.8395319587586314,0.9999999999999988,0.0,True,0.0,-0.024339085032323293,-0.1520900054356761
d_religiousp,Religion,qwen3_vl_2b,Qwen3-VL-2B-Thinking,global,Qwen3-VL-2B-Thinking (distribution-matched),culture/qwen3_vl_2b/global,ntp,1,marital_status,Divorced or separated,75,0.8596151937619669,0.8740915762092607,0.8723901110228993,0.9999999999999999,0.0,True,0.0,-0.014476382447293767,-0.1149754878303744
d_religiousp,Religion,qwen3_vl_2b,Qwen3-VL-2B-Thinking,global,Qwen3-VL-2B-Thinking (distribution-matched),culture/qwen3_vl_2b/global,ntp,1,marital_status,Widowed,67,0.7401150436891784,0.8557136074867214,0.853527450024399,0.9999999999999998,0.0,True,0.0,-0.11559856379754307,-0.801174398943439
d_religiousp,Religion,qwen3_vl_2b,Qwen3-VL-2B-Thinking,global,Qwen3-VL-2B-Thinking (distribution-matched),culture/qwen3_vl_2b/global,fa,1,population,every retained cell,687,0.7626270638683204,0.8475994899091592,0.8473773317311842,0.9999999999999974,0.0,True,0.0,-0.08497242604083888,-0.557559984478987
d_religiousp,Religion,qwen3_vl_2b,Qwen3-VL-2B-Thinking,global,Qwen3-VL-2B-Thinking (distribution-matched),culture/qwen3_vl_2b/global,fa,1,country,Australia,136,0.8635808119254559,0.9213789707550486,0.9207965927606415,0.9999999999999996,0.0,True,0.0,-0.057798158829592716,-0.7351488448404431
d_religiousp,Religion,qwen3_vl_2b,Qwen3-VL-2B-Thinking,global,Qwen3-VL-2B-Thinking (distribution-matched),culture/qwen3_vl_2b/global,fa,1,country,Germany,144,0.8344910016049858,0.8943089109102884,0.8935698123851855,0.9999999999999997,0.0,True,0.0,-0.05981790930530262,-0.5659692772635602
d_religiousp,Religion,qwen3_vl_2b,Qwen3-VL-2B-Thinking,global,Qwen3-VL-2B-Thinking (distribution-matched),culture/qwen3_vl_2b/global,fa,1,country,Mexico,131,0.5467048643891034,0.9177648904096551,0.9171323126435755,0.9999999999999988,0.0,True,0.0,-0.37106002602055177,-4.512184976331783
d_religiousp,Religion,qwen3_vl_2b,Qwen3-VL-2B-Thinking,global,Qwen3-VL-2B-Thinking (distribution-matched),culture/qwen3_vl_2b/global,fa,1,country,Russia,136,0.8584120370162417,0.9131547066157886,0.9125114081462758,0.9999999999999998,0.0,True,0.0,-0.05474266959954688,-0.6303469936748369
d_religiousp,Religion,qwen3_vl_2b,Qwen3-VL-2B-Thinking,global,Qwen3-VL-2B-Thinking (distribution-matched),culture/qwen3_vl_2b/global,fa,1,country,United States,140,0.6996337425383907,0.8874593326461829,0.8866496875573066,0.9999999999999997,0.0,True,0.0,-0.1878255901077922,-1.6689574935368612
d_religiousp,Religion,qwen3_vl_2b,Qwen3-VL-2B-Thinking,global,Qwen3-VL-2B-Thinking (distribution-matched),culture/qwen3_vl_2b/global,fa,1,wave,1995-1997,221,0.766883343736892,0.8354108852640647,0.834662752924356,0.9999999999999994,0.0,True,0.0,-0.06852754152717266,-0.4163552470472752
d_religiousp,Religion,qwen3_vl_2b,Qwen3-VL-2B-Thinking,global,Qwen3-VL-2B-Thinking (distribution-matched),culture/qwen3_vl_2b/global,fa,1,wave,2005-2006,221,0.7399213912996283,0.8523912468988823,0.85172029802115,0.9999999999999998,0.0,True,0.0,-0.11246985559925404,-0.7619457060395861
d_religiousp,Religion,qwen3_vl_2b,Qwen3-VL-2B-Thinking,global,Qwen3-VL-2B-Thinking (distribution-matched),culture/qwen3_vl_2b/global,fa,1,wave,2017-2018,245,0.7792691691202657,0.861898111550723,0.8613321202046195,0.999999999999999,0.0,True,0.0,-0.08262894243045737,-0.5983187004774806
d_religiousp,Religion,qwen3_vl_2b,Qwen3-VL-2B-Thinking,global,Qwen3-VL-2B-Thinking (distribution-matched),culture/qwen3_vl_2b/global,fa,1,sex,Female,374,0.7321917392891754,0.8476433966052874,0.8472349338616019,0.9999999999999994,0.0,True,0.0,-0.11545165731611207,-0.7577725857868444
d_religiousp,Religion,qwen3_vl_2b,Qwen3-VL-2B-Thinking,global,Qwen3-VL-2B-Thinking (distribution-matched),culture/qwen3_vl_2b/global,fa,1,sex,Male,313,0.7989938734293434,0.8535629288876477,0.8530935793007492,0.9999999999999978,0.0,True,0.0,-0.05456905545830437,-0.37264508941480295
d_religiousp,Religion,qwen3_vl_2b,Qwen3-VL-2B-Thinking,global,Qwen3-VL-2B-Thinking (distribution-matched),culture/qwen3_vl_2b/global,fa,1,age,<25,79,0.7275736473325187,0.8613333624510491,0.8595555850465754,0.9999999999999999,0.0,True,0.0,-0.13375971511853035,-0.9646135327346611
d_religiousp,Religion,qwen3_vl_2b,Qwen3-VL-2B-Thinking,global,Qwen3-VL-2B-Thinking (distribution-matched),culture/qwen3_vl_2b/global,fa,1,age,25-34,160,0.7782035891294848,0.8448605274874802,0.8438848075345713,0.9999999999999997,0.0,True,0.0,-0.06665693835799535,-0.4296581474622206
d_religiousp,Religion,qwen3_vl_2b,Qwen3-VL-2B-Thinking,global,Qwen3-VL-2B-Thinking (distribution-matched),culture/qwen3_vl_2b/global,fa,1,age,35-44,114,0.7972711870830391,0.8473448193497796,0.8459938885475653,0.9999999999999996,0.0,True,0.0,-0.05007363226674044,-0.32801790318190643
d_religiousp,Religion,qwen3_vl_2b,Qwen3-VL-2B-Thinking,global,Qwen3-VL-2B-Thinking (distribution-matched),culture/qwen3_vl_2b/global,fa,1,age,45-54,117,0.770774145374452,0.8387586534444704,0.837368641836233,0.9999999999999997,0.0,True,0.0,-0.06798450807001843,-0.42163197915619854
d_religiousp,Religion,qwen3_vl_2b,Qwen3-VL-2B-Thinking,global,Qwen3-VL-2B-Thinking (distribution-matched),culture/qwen3_vl_2b/global,fa,1,age,55-64,99,0.7742326028464237,0.8461423478075972,0.8445723717648176,0.9999999999999998,0.0,True,0.0,-0.07190974496117353,-0.4673784107354545
d_religiousp,Religion,qwen3_vl_2b,Qwen3-VL-2B-Thinking,global,Qwen3-VL-2B-Thinking (distribution-matched),culture/qwen3_vl_2b/global,fa,1,age,65-74,88,0.7239860381969616,0.8481156516837617,0.8463698545766785,0.9999999999999997,0.0,True,0.0,-0.12412961348680007,-0.8172640226782938
d_religiousp,Religion,qwen3_vl_2b,Qwen3-VL-2B-Thinking,global,Qwen3-VL-2B-Thinking (distribution-matched),culture/qwen3_vl_2b/global,fa,1,age,75+,28,0.697599699071375,0.8881008356899692,0.8839564221970052,0.9999999999999999,0.0,True,0.0,-0.19050113661859425,-1.7024357401882535
d_religiousp,Religion,qwen3_vl_2b,Qwen3-VL-2B-Thinking,global,Qwen3-VL-2B-Thinking (distribution-matched),culture/qwen3_vl_2b/global,fa,1,education,Low,51,0.559801989105053,0.8361705572481268,0.8328939683930894,0.9999999999999999,0.0,True,0.0,-0.27636856814307387,-1.6869285734045139
d_religiousp,Religion,qwen3_vl_2b,Qwen3-VL-2B-Thinking,global,Qwen3-VL-2B-Thinking (distribution-matched),culture/qwen3_vl_2b/global,fa,1,education,Middle,369,0.7679670275915016,0.8495584163339299,0.8491496076826635,0.9999999999999992,0.0,True,0.0,-0.08159138874242833,-0.542345984096617
d_religiousp,Religion,qwen3_vl_2b,Qwen3-VL-2B-Thinking,global,Qwen3-VL-2B-Thinking (distribution-matched),culture/qwen3_vl_2b/global,fa,1,education,High,267,0.7939889822169075,0.8632633585141994,0.8627493109898168,0.9999999999999996,0.0,True,0.0,-0.06927437629729194,-0.506626282059778
d_religiousp,Religion,qwen3_vl_2b,Qwen3-VL-2B-Thinking,global,Qwen3-VL-2B-Thinking (distribution-matched),culture/qwen3_vl_2b/global,fa,1,employment,Working,377,0.7974281721711088,0.8511274988557027,0.8507315613526594,0.9999999999999992,0.0,True,0.0,-0.05369932668459387,-0.3607068214199267
d_religiousp,Religion,qwen3_vl_2b,Qwen3-VL-2B-Thinking,global,Qwen3-VL-2B-Thinking (distribution-matched),culture/qwen3_vl_2b/global,fa,1,employment,Student,39,0.7567325565988314,0.8802291067765834,0.8770772411654408,0.9999999999999999,0.0,True,0.0,-0.12349655017775196,-1.0311065305940872
d_religiousp,Religion,qwen3_vl_2b,Qwen3-VL-2B-Thinking,global,Qwen3-VL-2B-Thinking (distribution-matched),culture/qwen3_vl_2b/global,fa,1,employment,Homemaker,75,0.6124135191252573,0.8346997265596637,0.8324659390807403,0.9999999999999999,0.0,True,0.0,-0.2222862074344064,-1.344741922127786
d_religiousp,Religion,qwen3_vl_2b,Qwen3-VL-2B-Thinking,global,Qwen3-VL-2B-Thinking (distribution-matched),culture/qwen3_vl_2b/global,fa,1,employment,Unemployed,34,0.7245216103460013,0.8413230270808965,0.8365146339621357,0.9999999999999999,0.0,True,0.0,-0.11680141673489519,-0.7360955694210446
d_religiousp,Religion,qwen3_vl_2b,Qwen3-VL-2B-Thinking,global,Qwen3-VL-2B-Thinking (distribution-matched),culture/qwen3_vl_2b/global,fa,1,employment,Retired,157,0.7589860631795279,0.8713135562217625,0.87048864312062,0.9999999999999994,0.0,True,0.0,-0.11232749304223466,-0.8728774356046871
d_religiousp,Religion,qwen3_vl_2b,Qwen3-VL-2B-Thinking,global,Qwen3-VL-2B-Thinking (distribution-matched),culture/qwen3_vl_2b/global,fa,1,marital_status,Single,139,0.7459218705293255,0.8673638955995747,0.8664027644082672,0.9999999999999991,0.0,True,0.0,-0.12144202507024926,-0.9156030751899847
d_religiousp,Religion,qwen3_vl_2b,Qwen3-VL-2B-Thinking,global,Qwen3-VL-2B-Thinking (distribution-matched),culture/qwen3_vl_2b/global,fa,1,marital_status,Cohabiting,39,0.7645496909281262,0.8307380979253396,0.8262838373444275,0.9999999999999998,0.0,True,0.0,-0.0661884069972134,-0.39104137544205364
d_religiousp,Religion,qwen3_vl_2b,Qwen3-VL-2B-Thinking,global,Qwen3-VL-2B-Thinking (distribution-matched),culture/qwen3_vl_2b/global,fa,1,marital_status,Married,367,0.7771009016941861,0.8399692013778177,0.8395319587586314,0.9999999999999988,0.0,True,0.0,-0.06286829968363161,-0.39285125253956754
d_religiousp,Religion,qwen3_vl_2b,Qwen3-VL-2B-Thinking,global,Qwen3-VL-2B-Thinking (distribution-matched),culture/qwen3_vl_2b/global,fa,1,marital_status,Divorced or separated,75,0.8093776440971608,0.8740915762092607,0.8723901110228993,0.9999999999999999,0.0,True,0.0,-0.06471393211209986,-0.5139761912964209
d_religiousp,Religion,qwen3_vl_2b,Qwen3-VL-2B-Thinking,global,Qwen3-VL-2B-Thinking (distribution-matched),culture/qwen3_vl_2b/global,fa,1,marital_status,Widowed,67,0.6645501596822322,0.8557136074867214,0.853527450024399,0.9999999999999998,0.0,True,0.0,-0.19116344780448924,-1.3248889550474874
d_religiousp,Religion,qwen3_vl_2b,Qwen3-VL-2B-Thinking,spanish-mx,Qwen3-VL-2B-Thinking (spanish-mx),culture/qwen3_vl_2b/spanish-mx,ntp,1,population,every retained cell,687,0.7956987001739496,0.8475994899091592,0.8473773317311842,0.9999999999999974,0.0,True,0.0,-0.05190078973520962,-0.3405552232356264
d_religiousp,Religion,qwen3_vl_2b,Qwen3-VL-2B-Thinking,spanish-mx,Qwen3-VL-2B-Thinking (spanish-mx),culture/qwen3_vl_2b/spanish-mx,ntp,1,country,Australia,136,0.8694928281138077,0.9213789707550486,0.9207965927606415,0.9999999999999996,0.0,True,0.0,-0.05188614264124092,-0.6599524725068738
d_religiousp,Religion,qwen3_vl_2b,Qwen3-VL-2B-Thinking,spanish-mx,Qwen3-VL-2B-Thinking (spanish-mx),culture/qwen3_vl_2b/spanish-mx,ntp,1,country,Germany,144,0.85004508473327,0.8943089109102884,0.8935698123851855,0.9999999999999997,0.0,True,0.0,-0.044263826177018406,-0.41880376631796135
d_religiousp,Religion,qwen3_vl_2b,Qwen3-VL-2B-Thinking,spanish-mx,Qwen3-VL-2B-Thinking (spanish-mx),culture/qwen3_vl_2b/spanish-mx,ntp,1,country,Mexico,131,0.6141609134203259,0.9177648904096551,0.9171323126435755,0.9999999999999988,0.0,True,0.0,-0.3036039769893293,-3.69190213890072
d_religiousp,Religion,qwen3_vl_2b,Qwen3-VL-2B-Thinking,spanish-mx,Qwen3-VL-2B-Thinking (spanish-mx),culture/qwen3_vl_2b/spanish-mx,ntp,1,country,Russia,136,0.8714211813440229,0.9131547066157886,0.9125114081462758,0.9999999999999998,0.0,True,0.0,-0.04173352527176566,-0.48055022495154426
d_religiousp,Religion,qwen3_vl_2b,Qwen3-VL-2B-Thinking,spanish-mx,Qwen3-VL-2B-Thinking (spanish-mx),culture/qwen3_vl_2b/spanish-mx,ntp,1,country,United States,140,0.7644223562398917,0.8874593326461829,0.8866496875573066,0.9999999999999997,0.0,True,0.0,-0.12303697640629119,-1.093266810116513
d_religiousp,Religion,qwen3_vl_2b,Qwen3-VL-2B-Thinking,spanish-mx,Qwen3-VL-2B-Thinking (spanish-mx),culture/qwen3_vl_2b/spanish-mx,ntp,1,wave,1995-1997,221,0.7931497195570265,0.8354108852640647,0.834662752924356,0.9999999999999994,0.0,True,0.0,-0.042261165707038195,-0.2567676834208719
d_religiousp,Religion,qwen3_vl_2b,Qwen3-VL-2B-Thinking,spanish-mx,Qwen3-VL-2B-Thinking (spanish-mx),culture/qwen3_vl_2b/spanish-mx,ntp,1,wave,2005-2006,221,0.7799320483949099,0.8523912468988823,0.85172029802115,0.9999999999999998,0.0,True,0.0,-0.07245919850397242,-0.49088686803237946
d_religiousp,Religion,qwen3_vl_2b,Qwen3-VL-2B-Thinking,spanish-mx,Qwen3-VL-2B-Thinking (spanish-mx),culture/qwen3_vl_2b/spanish-mx,ntp,1,wave,2017-2018,245,0.8122201481719404,0.861898111550723,0.8613321202046195,0.999999999999999,0.0,True,0.0,-0.04967796337878261,-0.3597196529070541
d_religiousp,Religion,qwen3_vl_2b,Qwen3-VL-2B-Thinking,spanish-mx,Qwen3-VL-2B-Thinking (spanish-mx),culture/qwen3_vl_2b/spanish-mx,ntp,1,sex,Female,374,0.7742490325707067,0.8476433966052874,0.8472349338616019,0.9999999999999994,0.0,True,0.0,-0.07339436403458077,-0.48172748931949394
d_religiousp,Religion,qwen3_vl_2b,Qwen3-VL-2B-Thinking,spanish-mx,Qwen3-VL-2B-Thinking (spanish-mx),culture/qwen3_vl_2b/spanish-mx,ntp,1,sex,Male,313,0.8213286544346936,0.8535629288876477,0.8530935793007492,0.9999999999999978,0.0,True,0.0,-0.032234274452954126,-0.22012373102042396
d_religiousp,Religion,qwen3_vl_2b,Qwen3-VL-2B-Thinking,spanish-mx,Qwen3-VL-2B-Thinking (spanish-mx),culture/qwen3_vl_2b/spanish-mx,ntp,1,age,<25,79,0.7821666206580562,0.8613333624510491,0.8595555850465754,0.9999999999999999,0.0,True,0.0,-0.07916674179299288,-0.5709141231974137
d_religiousp,Religion,qwen3_vl_2b,Qwen3-VL-2B-Thinking,spanish-mx,Qwen3-VL-2B-Thinking (spanish-mx),culture/qwen3_vl_2b/spanish-mx,ntp,1,age,25-34,160,0.816722649592269,0.8448605274874802,0.8438848075345713,0.9999999999999997,0.0,True,0.0,-0.02813787789521116,-0.18137149391777405
d_religiousp,Religion,qwen3_vl_2b,Qwen3-VL-2B-Thinking,spanish-mx,Qwen3-VL-2B-Thinking (spanish-mx),culture/qwen3_vl_2b/spanish-mx,ntp,1,age,35-44,114,0.8248962785961655,0.8473448193497796,0.8459938885475653,0.9999999999999996,0.0,True,0.0,-0.02244854075361402,-0.1470539070996252
d_religiousp,Religion,qwen3_vl_2b,Qwen3-VL-2B-Thinking,spanish-mx,Qwen3-VL-2B-Thinking (spanish-mx),culture/qwen3_vl_2b/spanish-mx,ntp,1,age,45-54,117,0.8020005139097633,0.8387586534444704,0.837368641836233,0.9999999999999997,0.0,True,0.0,-0.03675813953470708,-0.22796968842013496
d_religiousp,Religion,qwen3_vl_2b,Qwen3-VL-2B-Thinking,spanish-mx,Qwen3-VL-2B-Thinking (spanish-mx),culture/qwen3_vl_2b/spanish-mx,ntp,1,age,55-64,99,0.7955393341401747,0.8461423478075972,0.8445723717648176,0.9999999999999998,0.0,True,0.0,-0.05060301366742248,-0.3288950074718557
d_religiousp,Religion,qwen3_vl_2b,Qwen3-VL-2B-Thinking,spanish-mx,Qwen3-VL-2B-Thinking (spanish-mx),culture/qwen3_vl_2b/spanish-mx,ntp,1,age,65-74,88,0.7511083500912406,0.8481156516837617,0.8463698545766785,0.9999999999999997,0.0,True,0.0,-0.09700730159252113,-0.6386918906913456
d_religiousp,Religion,qwen3_vl_2b,Qwen3-VL-2B-Thinking,spanish-mx,Qwen3-VL-2B-Thinking (spanish-mx),culture/qwen3_vl_2b/spanish-mx,ntp,1,age,75+,28,0.7328497681185561,0.8881008356899692,0.8839564221970052,0.9999999999999999,0.0,True,0.0,-0.15525106757141316,-1.387419365718143
d_religiousp,Religion,qwen3_vl_2b,Qwen3-VL-2B-Thinking,spanish-mx,Qwen3-VL-2B-Thinking (spanish-mx),culture/qwen3_vl_2b/spanish-mx,ntp,1,education,Low,51,0.6059033666270249,0.8361705572481268,0.8328939683930894,0.9999999999999999,0.0,True,0.0,-0.2302671906211019,-1.405529963071727
d_religiousp,Religion,qwen3_vl_2b,Qwen3-VL-2B-Thinking,spanish-mx,Qwen3-VL-2B-Thinking (spanish-mx),culture/qwen3_vl_2b/spanish-mx,ntp,1,education,Middle,369,0.8013780267432757,0.8495584163339299,0.8491496076826635,0.9999999999999992,0.0,True,0.0,-0.04818038959065418,-0.3202597873311312
d_religiousp,Religion,qwen3_vl_2b,Qwen3-VL-2B-Thinking,spanish-mx,Qwen3-VL-2B-Thinking (spanish-mx),culture/qwen3_vl_2b/spanish-mx,ntp,1,education,High,267,0.824102784469125,0.8632633585141994,0.8627493109898168,0.9999999999999996,0.0,True,0.0,-0.03916057404507445,-0.2863941487778979
d_religiousp,Religion,qwen3_vl_2b,Qwen3-VL-2B-Thinking,spanish-mx,Qwen3-VL-2B-Thinking (spanish-mx),culture/qwen3_vl_2b/spanish-mx,ntp,1,employment,Working,377,0.8256032277093324,0.8511274988557027,0.8507315613526594,0.9999999999999992,0.0,True,0.0,-0.025524271146370348,-0.17145054291544748
d_religiousp,Religion,qwen3_vl_2b,Qwen3-VL-2B-Thinking,spanish-mx,Qwen3-VL-2B-Thinking (spanish-mx),culture/qwen3_vl_2b/spanish-mx,ntp,1,employment,Student,39,0.7990994601611352,0.8802291067765834,0.8770772411654408,0.9999999999999999,0.0,True,0.0,-0.08112964661544819,-0.677373645900024
d_religiousp,Religion,qwen3_vl_2b,Qwen3-VL-2B-Thinking,spanish-mx,Qwen3-VL-2B-Thinking (spanish-mx),culture/qwen3_vl_2b/spanish-mx,ntp,1,employment,Homemaker,75,0.68503017835572,0.8346997265596637,0.8324659390807403,0.9999999999999999,0.0,True,0.0,-0.14966954820394374,-0.9054404151240905
d_religiousp,Religion,qwen3_vl_2b,Qwen3-VL-2B-Thinking,spanish-mx,Qwen3-VL-2B-Thinking (spanish-mx),culture/qwen3_vl_2b/spanish-mx,ntp,1,employment,Unemployed,34,0.7515694063661883,0.8413230270808965,0.8365146339621357,0.9999999999999999,0.0,True,0.0,-0.08975362071470816,-0.5656373389506631
d_religiousp,Religion,qwen3_vl_2b,Qwen3-VL-2B-Thinking,spanish-mx,Qwen3-VL-2B-Thinking (spanish-mx),culture/qwen3_vl_2b/spanish-mx,ntp,1,employment,Retired,157,0.7836208744891116,0.8713135562217625,0.87048864312062,0.9999999999999994,0.0,True,0.0,-0.08769268173265099,-0.6814445963225922
d_religiousp,Religion,qwen3_vl_2b,Qwen3-VL-2B-Thinking,spanish-mx,Qwen3-VL-2B-Thinking (spanish-mx),culture/qwen3_vl_2b/spanish-mx,ntp,1,marital_status,Single,139,0.7980609159701101,0.8673638955995747,0.8664027644082672,0.9999999999999991,0.0,True,0.0,-0.06930297962946463,-0.5225046373515356
d_religiousp,Religion,qwen3_vl_2b,Qwen3-VL-2B-Thinking,spanish-mx,Qwen3-VL-2B-Thinking (spanish-mx),culture/qwen3_vl_2b/spanish-mx,ntp,1,marital_status,Cohabiting,39,0.7955090332256423,0.8307380979253396,0.8262838373444275,0.9999999999999998,0.0,True,0.0,-0.03522906469969733,-0.208133456305826
d_religiousp,Religion,qwen3_vl_2b,Qwen3-VL-2B-Thinking,spanish-mx,Qwen3-VL-2B-Thinking (spanish-mx),culture/qwen3_vl_2b/spanish-mx,ntp,1,marital_status,Married,367,0.8040158682126531,0.8399692013778177,0.8395319587586314,0.9999999999999988,0.0,True,0.0,-0.03595333316516458,-0.22466508618785958
d_religiousp,Religion,qwen3_vl_2b,Qwen3-VL-2B-Thinking,spanish-mx,Qwen3-VL-2B-Thinking (spanish-mx),culture/qwen3_vl_2b/spanish-mx,ntp,1,marital_status,Divorced or separated,75,0.8288066467003556,0.8740915762092607,0.8723901110228993,0.9999999999999999,0.0,True,0.0,-0.04528492950890506,-0.35966560572761147
d_religiousp,Religion,qwen3_vl_2b,Qwen3-VL-2B-Thinking,spanish-mx,Qwen3-VL-2B-Thinking (spanish-mx),culture/qwen3_vl_2b/spanish-mx,ntp,1,marital_status,Widowed,67,0.7082890338401142,0.8557136074867214,0.853527450024399,0.9999999999999998,0.0,True,0.0,-0.14742457364660722,-1.0217496679947822
d_religiousp,Religion,qwen3_vl_2b,Qwen3-VL-2B-Thinking,spanish-mx,Qwen3-VL-2B-Thinking (spanish-mx),culture/qwen3_vl_2b/spanish-mx,fa,1,population,every retained cell,687,0.760948232585223,0.8475994899091592,0.8473773317311842,0.9999999999999974,0.0,True,0.0,-0.08665125732393619,-0.568575900909297
d_religiousp,Religion,qwen3_vl_2b,Qwen3-VL-2B-Thinking,spanish-mx,Qwen3-VL-2B-Thinking (spanish-mx),culture/qwen3_vl_2b/spanish-mx,fa,1,country,Australia,136,0.8430169748747216,0.9213789707550486,0.9207965927606415,0.9999999999999996,0.0,True,0.0,-0.078361995880327,-0.9967052916107552
d_religiousp,Religion,qwen3_vl_2b,Qwen3-VL-2B-Thinking,spanish-mx,Qwen3-VL-2B-Thinking (spanish-mx),culture/qwen3_vl_2b/spanish-mx,fa,1,country,Germany,144,0.8178319032385528,0.8943089109102884,0.8935698123851855,0.9999999999999997,0.0,True,0.0,-0.0764770076717356,-0.7235899292022736
d_religiousp,Religion,qwen3_vl_2b,Qwen3-VL-2B-Thinking,spanish-mx,Qwen3-VL-2B-Thinking (spanish-mx),culture/qwen3_vl_2b/spanish-mx,fa,1,country,Mexico,131,0.5707692155378197,0.9177648904096551,0.9171323126435755,0.9999999999999988,0.0,True,0.0,-0.34699567487183547,-4.219556301443488
d_religiousp,Religion,qwen3_vl_2b,Qwen3-VL-2B-Thinking,spanish-mx,Qwen3-VL-2B-Thinking (spanish-mx),culture/qwen3_vl_2b/spanish-mx,fa,1,country,Russia,136,0.8494207126552729,0.9131547066157886,0.9125114081462758,0.9999999999999998,0.0,True,0.0,-0.06373399396051571,-0.7338796551535701
d_religiousp,Religion,qwen3_vl_2b,Qwen3-VL-2B-Thinking,spanish-mx,Qwen3-VL-2B-Thinking (spanish-mx),culture/qwen3_vl_2b/spanish-mx,fa,1,country,United States,140,0.7147239212868788,0.8874593326461829,0.8866496875573066,0.9999999999999997,0.0,True,0.0,-0.17273541135930415,-1.5348710419162575
d_religiousp,Religion,qwen3_vl_2b,Qwen3-VL-2B-Thinking,spanish-mx,Qwen3-VL-2B-Thinking (spanish-mx),culture/qwen3_vl_2b/spanish-mx,fa,1,wave,1995-1997,221,0.7631020100294958,0.8354108852640647,0.834662752924356,0.9999999999999994,0.0,True,0.0,-0.07230887523456886,-0.43932963216054904
d_religiousp,Religion,qwen3_vl_2b,Qwen3-VL-2B-Thinking,spanish-mx,Qwen3-VL-2B-Thinking (spanish-mx),culture/qwen3_vl_2b/spanish-mx,fa,1,wave,2005-2006,221,0.7406779380911817,0.8523912468988823,0.85172029802115,0.9999999999999998,0.0,True,0.0,-0.1117133088077007,-0.7568203542182407
d_religiousp,Religion,qwen3_vl_2b,Qwen3-VL-2B-Thinking,spanish-mx,Qwen3-VL-2B-Thinking (spanish-mx),culture/qwen3_vl_2b/spanish-mx,fa,1,wave,2017-2018,245,0.77729007041379,0.861898111550723,0.8613321202046195,0.999999999999999,0.0,True,0.0,-0.0846080411369331,-0.6126494147689265
d_religiousp,Religion,qwen3_vl_2b,Qwen3-VL-2B-Thinking,spanish-mx,Qwen3-VL-2B-Thinking (spanish-mx),culture/qwen3_vl_2b/spanish-mx,fa,1,sex,Female,374,0.7360479884331348,0.8476433966052874,0.8472349338616019,0.9999999999999994,0.0,True,0.0,-0.11159540817215263,-0.7324619063805243
d_religiousp,Religion,qwen3_vl_2b,Qwen3-VL-2B-Thinking,spanish-mx,Qwen3-VL-2B-Thinking (spanish-mx),culture/qwen3_vl_2b/spanish-mx,fa,1,sex,Male,313,0.7907012399746194,0.8535629288876477,0.8530935793007492,0.9999999999999978,0.0,True,0.0,-0.06286168891302835,-0.429274420988647
d_religiousp,Religion,qwen3_vl_2b,Qwen3-VL-2B-Thinking,spanish-mx,Qwen3-VL-2B-Thinking (spanish-mx),culture/qwen3_vl_2b/spanish-mx,fa,1,age,<25,79,0.7446338357594382,0.8613333624510491,0.8595555850465754,0.9999999999999999,0.0,True,0.0,-0.11669952669161088,-0.8415833018985162
d_religiousp,Religion,qwen3_vl_2b,Qwen3-VL-2B-Thinking,spanish-mx,Qwen3-VL-2B-Thinking (spanish-mx),culture/qwen3_vl_2b/spanish-mx,fa,1,age,25-34,160,0.785906053606694,0.8448605274874802,0.8438848075345713,0.9999999999999997,0.0,True,0.0,-0.05895447388078623,-0.38000950322960897
d_religiousp,Religion,qwen3_vl_2b,Qwen3-VL-2B-Thinking,spanish-mx,Qwen3-VL-2B-Thinking (spanish-mx),culture/qwen3_vl_2b/spanish-mx,fa,1,age,35-44,114,0.7922291796177626,0.8473448193497796,0.8459938885475653,0.9999999999999996,0.0,True,0.0,-0.05511563973201694,-0.3610466379015572
d_religiousp,Religion,qwen3_vl_2b,Qwen3-VL-2B-Thinking,spanish-mx,Qwen3-VL-2B-Thinking (spanish-mx),culture/qwen3_vl_2b/spanish-mx,fa,1,age,45-54,117,0.7733072780160901,0.8387586534444704,0.837368641836233,0.9999999999999997,0.0,True,0.0,-0.06545137542838031,-0.40592178635670007
d_religiousp,Religion,qwen3_vl_2b,Qwen3-VL-2B-Thinking,spanish-mx,Qwen3-VL-2B-Thinking (spanish-mx),culture/qwen3_vl_2b/spanish-mx,fa,1,age,55-64,99,0.757298011478645,0.8461423478075972,0.8445723717648176,0.9999999999999998,0.0,True,0.0,-0.08884433632895228,-0.5774450283294994
d_religiousp,Religion,qwen3_vl_2b,Qwen3-VL-2B-Thinking,spanish-mx,Qwen3-VL-2B-Thinking (spanish-mx),culture/qwen3_vl_2b/spanish-mx,fa,1,age,65-74,88,0.7073207156648524,0.8481156516837617,0.8463698545766785,0.9999999999999997,0.0,True,0.0,-0.14079493601890924,-0.9269877876142985
d_religiousp,Religion,qwen3_vl_2b,Qwen3-VL-2B-Thinking,spanish-mx,Qwen3-VL-2B-Thinking (spanish-mx),culture/qwen3_vl_2b/spanish-mx,fa,1,age,75+,28,0.6904033708470763,0.8881008356899692,0.8839564221970052,0.9999999999999999,0.0,True,0.0,-0.19769746484289297,-1.7667465710034005
d_religiousp,Religion,qwen3_vl_2b,Qwen3-VL-2B-Thinking,spanish-mx,Qwen3-VL-2B-Thinking (spanish-mx),culture/qwen3_vl_2b/spanish-mx,fa,1,education,Low,51,0.5634706602353707,0.8361705572481268,0.8328939683930894,0.9999999999999999,0.0,True,0.0,-0.2726998970127561,-1.6645353388998092
d_religiousp,Religion,qwen3_vl_2b,Qwen3-VL-2B-Thinking,spanish-mx,Qwen3-VL-2B-Thinking (spanish-mx),culture/qwen3_vl_2b/spanish-mx,fa,1,education,Middle,369,0.7664505767159812,0.8495584163339299,0.8491496076826635,0.9999999999999992,0.0,True,0.0,-0.08310783961794876,-0.5524259821833591
d_religiousp,Religion,qwen3_vl_2b,Qwen3-VL-2B-Thinking,spanish-mx,Qwen3-VL-2B-Thinking (spanish-mx),culture/qwen3_vl_2b/spanish-mx,fa,1,education,High,267,0.7910643045162821,0.8632633585141994,0.8627493109898168,0.9999999999999996,0.0,True,0.0,-0.07219905399791737,-0.5280154113293393
d_religiousp,Religion,qwen3_vl_2b,Qwen3-VL-2B-Thinking,spanish-mx,Qwen3-VL-2B-Thinking (spanish-mx),culture/qwen3_vl_2b/spanish-mx,fa,1,employment,Working,377,0.7961201691911006,0.8511274988557027,0.8507315613526594,0.9999999999999992,0.0,True,0.0,-0.05500732966460209,-0.36949288311670986
d_religiousp,Religion,qwen3_vl_2b,Qwen3-VL-2B-Thinking,spanish-mx,Qwen3-VL-2B-Thinking (spanish-mx),culture/qwen3_vl_2b/spanish-mx,fa,1,employment,Student,39,0.763525572927907,0.8802291067765834,0.8770772411654408,0.9999999999999999,0.0,True,0.0,-0.11670353384867638,-0.9743897762453981
d_religiousp,Religion,qwen3_vl_2b,Qwen3-VL-2B-Thinking,spanish-mx,Qwen3-VL-2B-Thinking (spanish-mx),culture/qwen3_vl_2b/spanish-mx,fa,1,employment,Homemaker,75,0.6399637163702174,0.8346997265596637,0.8324659390807403,0.9999999999999999,0.0,True,0.0,-0.1947360101894463,-1.1780743379092753
d_religiousp,Religion,qwen3_vl_2b,Qwen3-VL-2B-Thinking,spanish-mx,Qwen3-VL-2B-Thinking (spanish-mx),culture/qwen3_vl_2b/spanish-mx,fa,1,employment,Unemployed,34,0.7140618642994856,0.8413230270808965,0.8365146339621357,0.9999999999999999,0.0,True,0.0,-0.12726116278141086,-0.8020140568618671
d_religiousp,Religion,qwen3_vl_2b,Qwen3-VL-2B-Thinking,spanish-mx,Qwen3-VL-2B-Thinking (spanish-mx),culture/qwen3_vl_2b/spanish-mx,fa,1,employment,Retired,157,0.7417854526667775,0.8713135562217625,0.87048864312062,0.9999999999999994,0.0,True,0.0,-0.129528103554985,-1.0065403919172555
d_religiousp,Religion,qwen3_vl_2b,Qwen3-VL-2B-Thinking,spanish-mx,Qwen3-VL-2B-Thinking (spanish-mx),culture/qwen3_vl_2b/spanish-mx,fa,1,marital_status,Single,139,0.7622312555719982,0.8673638955995747,0.8664027644082672,0.9999999999999991,0.0,True,0.0,-0.1051326400275765,-0.7926396851206028
d_religiousp,Religion,qwen3_vl_2b,Qwen3-VL-2B-Thinking,spanish-mx,Qwen3-VL-2B-Thinking (spanish-mx),culture/qwen3_vl_2b/spanish-mx,fa,1,marital_status,Cohabiting,39,0.7589800005878933,0.8307380979253396,0.8262838373444275,0.9999999999999998,0.0,True,0.0,-0.07175809733744631,-0.423947128431738
d_religiousp,Religion,qwen3_vl_2b,Qwen3-VL-2B-Thinking,spanish-mx,Qwen3-VL-2B-Thinking (spanish-mx),culture/qwen3_vl_2b/spanish-mx,fa,1,marital_status,Married,367,0.7711241993764302,0.8399692013778177,0.8395319587586314,0.9999999999999988,0.0,True,0.0,-0.06884500200138755,-0.4301984530110616
d_religiousp,Religion,qwen3_vl_2b,Qwen3-VL-2B-Thinking,spanish-mx,Qwen3-VL-2B-Thinking (spanish-mx),culture/qwen3_vl_2b/spanish-mx,fa,1,marital_status,Divorced or separated,75,0.7896448742896389,0.8740915762092607,0.8723901110228993,0.9999999999999999,0.0,True,0.0,-0.08444670191962178,-0.6706993811627155
d_religiousp,Religion,qwen3_vl_2b,Qwen3-VL-2B-Thinking,spanish-mx,Qwen3-VL-2B-Thinking (spanish-mx),culture/qwen3_vl_2b/spanish-mx,fa,1,marital_status,Widowed,67,0.6715690223244759,0.8557136074867214,0.853527450024399,0.9999999999999998,0.0,True,0.0,-0.18414458516224552,-1.2762436010401939
d_religiousp,Religion,qwen3_vl_2b,Qwen3-VL-2B-Thinking,subpop,Qwen3-VL-2B-Thinking (subgroup-matched),culture/qwen3_vl_2b/subpop,ntp,1,population,every retained cell,687,0.795760517911964,0.8475994899091592,0.8473773317311842,0.9999999999999974,0.0,True,0.0,-0.05183897199719523,-0.3401495963910867
d_religiousp,Religion,qwen3_vl_2b,Qwen3-VL-2B-Thinking,subpop,Qwen3-VL-2B-Thinking (subgroup-matched),culture/qwen3_vl_2b/subpop,ntp,1,country,Australia,136,0.7589984031493973,0.9213789707550486,0.9207965927606415,0.9999999999999996,0.0,True,0.0,-0.16238056760565134,-2.065357947677574
d_religiousp,Religion,qwen3_vl_2b,Qwen3-VL-2B-Thinking,subpop,Qwen3-VL-2B-Thinking (subgroup-matched),culture/qwen3_vl_2b/subpop,ntp,1,country,Germany,144,0.8169450626260669,0.8943089109102884,0.8935698123851855,0.9999999999999997,0.0,True,0.0,-0.07736384828422149,-0.7319808032118426
d_religiousp,Religion,qwen3_vl_2b,Qwen3-VL-2B-Thinking,subpop,Qwen3-VL-2B-Thinking (subgroup-matched),culture/qwen3_vl_2b/subpop,ntp,1,country,Mexico,131,0.8158974487442738,0.9177648904096551,0.9171323126435755,0.9999999999999988,0.0,True,0.0,-0.10186744166538131,-1.238734187536627
d_religiousp,Religion,qwen3_vl_2b,Qwen3-VL-2B-Thinking,subpop,Qwen3-VL-2B-Thinking (subgroup-matched),culture/qwen3_vl_2b/subpop,ntp,1,country,Russia,136,0.7971278843984659,0.9131547066157886,0.9125114081462758,0.9999999999999998,0.0,True,0.0,-0.11602682221732263,-1.3360173901884294
d_religiousp,Religion,qwen3_vl_2b,Qwen3-VL-2B-Thinking,subpop,Qwen3-VL-2B-Thinking (subgroup-matched),culture/qwen3_vl_2b/subpop,ntp,1,country,United States,140,0.7895117563954028,0.8874593326461829,0.8866496875573066,0.9999999999999997,0.0,True,0.0,-0.0979475762507801,-0.8703305085515648
d_religiousp,Religion,qwen3_vl_2b,Qwen3-VL-2B-Thinking,subpop,Qwen3-VL-2B-Thinking (subgroup-matched),culture/qwen3_vl_2b/subpop,ntp,1,wave,1995-1997,221,0.7790636159874211,0.8354108852640647,0.834662752924356,0.9999999999999994,0.0,True,0.0,-0.056347269276643575,-0.34235112915605886
d_religiousp,Religion,qwen3_vl_2b,Qwen3-VL-2B-Thinking,subpop,Qwen3-VL-2B-Thinking (subgroup-matched),culture/qwen3_vl_2b/subpop,ntp,1,wave,2005-2006,221,0.8163696939634613,0.8523912468988823,0.85172029802115,0.9999999999999998,0.0,True,0.0,-0.036021552935421086,-0.24403398971025073
d_religiousp,Religion,qwen3_vl_2b,Qwen3-VL-2B-Thinking,subpop,Qwen3-VL-2B-Thinking (subgroup-matched),culture/qwen3_vl_2b/subpop,ntp,1,wave,2017-2018,245,0.792231486964793,0.861898111550723,0.8613321202046195,0.999999999999999,0.0,True,0.0,-0.06966662458593009,-0.5044581603351336
d_religiousp,Religion,qwen3_vl_2b,Qwen3-VL-2B-Thinking,subpop,Qwen3-VL-2B-Thinking (subgroup-matched),culture/qwen3_vl_2b/subpop,ntp,1,sex,Female,374,0.8063029764822578,0.8476433966052874,0.8472349338616019,0.9999999999999994,0.0,True,0.0,-0.04134042012302963,-0.2713398645146241
d_religiousp,Religion,qwen3_vl_2b,Qwen3-VL-2B-Thinking,subpop,Qwen3-VL-2B-Thinking (subgroup-matched),culture/qwen3_vl_2b/subpop,ntp,1,sex,Male,313,0.7831634587896321,0.8535629288876477,0.8530935793007492,0.9999999999999978,0.0,True,0.0,-0.07039947009801562,-0.4807489631092278
d_religiousp,Religion,qwen3_vl_2b,Qwen3-VL-2B-Thinking,subpop,Qwen3-VL-2B-Thinking (subgroup-matched),culture/qwen3_vl_2b/subpop,ntp,1,age,<25,79,0.8059464504590279,0.8613333624510491,0.8595555850465754,0.9999999999999999,0.0,True,0.0,-0.05538691199202117,-0.39942492996896206
d_religiousp,Religion,qwen3_vl_2b,Qwen3-VL-2B-Thinking,subpop,Qwen3-VL-2B-Thinking (subgroup-matched),culture/qwen3_vl_2b/subpop,ntp,1,age,25-34,160,0.7943086425167868,0.8448605274874802,0.8438848075345713,0.9999999999999997,0.0,True,0.0,-0.050551884970693406,-0.3258479879555724
d_religiousp,Religion,qwen3_vl_2b,Qwen3-VL-2B-Thinking,subpop,Qwen3-VL-2B-Thinking (subgroup-matched),culture/qwen3_vl_2b/subpop,ntp,1,age,35-44,114,0.7915441757592957,0.8473448193497796,0.8459938885475653,0.9999999999999996,0.0,True,0.0,-0.05580064359048387,-0.365533900341975
d_religiousp,Religion,qwen3_vl_2b,Qwen3-VL-2B-Thinking,subpop,Qwen3-VL-2B-Thinking (subgroup-matched),culture/qwen3_vl_2b/subpop,ntp,1,age,45-54,117,0.7941530540505946,0.8387586534444704,0.837368641836233,0.9999999999999997,0.0,True,0.0,-0.04460559939387587,-0.2766387179637838
d_religiousp,Religion,qwen3_vl_2b,Qwen3-VL-2B-Thinking,subpop,Qwen3-VL-2B-Thinking (subgroup-matched),culture/qwen3_vl_2b/subpop,ntp,1,age,55-64,99,0.7879881197053895,0.8461423478075972,0.8445723717648176,0.9999999999999998,0.0,True,0.0,-0.05815422810220772,-0.37797423315341133
d_religiousp,Religion,qwen3_vl_2b,Qwen3-VL-2B-Thinking,subpop,Qwen3-VL-2B-Thinking (subgroup-matched),culture/qwen3_vl_2b/subpop,ntp,1,age,65-74,88,0.7989168935824293,0.8481156516837617,0.8463698545766785,0.9999999999999997,0.0,True,0.0,-0.04919875810133234,-0.3239225018689591
d_religiousp,Religion,qwen3_vl_2b,Qwen3-VL-2B-Thinking,subpop,Qwen3-VL-2B-Thinking (subgroup-matched),culture/qwen3_vl_2b/subpop,ntp,1,age,75+,28,0.8192560354988618,0.8881008356899692,0.8839564221970052,0.9999999999999999,0.0,True,0.0,-0.06884480019110739,-0.615239627709499
d_religiousp,Religion,qwen3_vl_2b,Qwen3-VL-2B-Thinking,subpop,Qwen3-VL-2B-Thinking (subgroup-matched),culture/qwen3_vl_2b/subpop,ntp,1,education,Low,51,0.8066314969994468,0.8361705572481268,0.8328939683930894,0.9999999999999999,0.0,True,0.0,-0.029539060248680027,-0.18030373388633336
d_religiousp,Religion,qwen3_vl_2b,Qwen3-VL-2B-Thinking,subpop,Qwen3-VL-2B-Thinking (subgroup-matched),culture/qwen3_vl_2b/subpop,ntp,1,education,Middle,369,0.7938038505723906,0.8495584163339299,0.8491496076826635,0.9999999999999992,0.0,True,0.0,-0.055754565761539365,-0.37060608113043947
d_religiousp,Religion,qwen3_vl_2b,Qwen3-VL-2B-Thinking,subpop,Qwen3-VL-2B-Thinking (subgroup-matched),culture/qwen3_vl_2b/subpop,ntp,1,education,High,267,0.7963881969937654,0.8632633585141994,0.8627493109898168,0.9999999999999996,0.0,True,0.0,-0.06687516152043405,-0.48908003585402315
d_religiousp,Religion,qwen3_vl_2b,Qwen3-VL-2B-Thinking,subpop,Qwen3-VL-2B-Thinking (subgroup-matched),culture/qwen3_vl_2b/subpop,ntp,1,employment,Working,377,0.7897184163592772,0.8511274988557027,0.8507315613526594,0.9999999999999992,0.0,True,0.0,-0.061409082496425516,-0.4124944635470568
d_religiousp,Religion,qwen3_vl_2b,Qwen3-VL-2B-Thinking,subpop,Qwen3-VL-2B-Thinking (subgroup-matched),culture/qwen3_vl_2b/subpop,ntp,1,employment,Student,39,0.8140206272683931,0.8802291067765834,0.8770772411654408,0.9999999999999999,0.0,True,0.0,-0.06620847950819031,-0.5527927339131322
d_religiousp,Religion,qwen3_vl_2b,Qwen3-VL-2B-Thinking,subpop,Qwen3-VL-2B-Thinking (subgroup-matched),culture/qwen3_vl_2b/subpop,ntp,1,employment,Homemaker,75,0.795885594435297,0.8346997265596637,0.8324659390807403,0.9999999999999999,0.0,True,0.0,-0.038814132124366685,-0.23480984826305396
d_religiousp,Religion,qwen3_vl_2b,Qwen3-VL-2B-Thinking,subpop,Qwen3-VL-2B-Thinking (subgroup-matched),culture/qwen3_vl_2b/subpop,ntp,1,employment,Unemployed,34,0.8064748112329209,0.8413230270808965,0.8365146339621357,0.9999999999999999,0.0,True,0.0,-0.034848215847975594,-0.21961734716064857
d_religiousp,Religion,qwen3_vl_2b,Qwen3-VL-2B-Thinking,subpop,Qwen3-VL-2B-Thinking (subgroup-matched),culture/qwen3_vl_2b/subpop,ntp,1,employment,Retired,157,0.8044496094910507,0.8713135562217625,0.87048864312062,0.9999999999999994,0.0,True,0.0,-0.06686394673071183,-0.5195881148595342
d_religiousp,Religion,qwen3_vl_2b,Qwen3-VL-2B-Thinking,subpop,Qwen3-VL-2B-Thinking (subgroup-matched),culture/qwen3_vl_2b/subpop,ntp,1,marital_status,Single,139,0.7983566880672106,0.8673638955995747,0.8664027644082672,0.9999999999999991,0.0,True,0.0,-0.06900720753236411,-0.5202746857223202
d_religiousp,Religion,qwen3_vl_2b,Qwen3-VL-2B-Thinking,subpop,Qwen3-VL-2B-Thinking (subgroup-matched),culture/qwen3_vl_2b/subpop,ntp,1,marital_status,Cohabiting,39,0.7921960756669495,0.8307380979253396,0.8262838373444275,0.9999999999999998,0.0,True,0.0,-0.038542022258390096,-0.22770642292197238
d_religiousp,Religion,qwen3_vl_2b,Qwen3-VL-2B-Thinking,subpop,Qwen3-VL-2B-Thinking (subgroup-matched),culture/qwen3_vl_2b/subpop,ntp,1,marital_status,Married,367,0.7915766820747542,0.8399692013778177,0.8395319587586314,0.9999999999999988,0.0,True,0.0,-0.04839251930306354,-0.30239503720351824
d_religiousp,Religion,qwen3_vl_2b,Qwen3-VL-2B-Thinking,subpop,Qwen3-VL-2B-Thinking (subgroup-matched),culture/qwen3_vl_2b/subpop,ntp,1,marital_status,Divorced or separated,75,0.7929911416453428,0.8740915762092607,0.8723901110228993,0.9999999999999999,0.0,True,0.0,-0.08110043456391791,-0.644122387702251
d_religiousp,Religion,qwen3_vl_2b,Qwen3-VL-2B-Thinking,subpop,Qwen3-VL-2B-Thinking (subgroup-matched),culture/qwen3_vl_2b/subpop,ntp,1,marital_status,Widowed,67,0.8184667353482167,0.8557136074867214,0.853527450024399,0.9999999999999998,0.0,True,0.0,-0.03724687213850475,-0.25814542514864625
d_religiousp,Religion,qwen3_vl_2b,Qwen3-VL-2B-Thinking,subpop,Qwen3-VL-2B-Thinking (subgroup-matched),culture/qwen3_vl_2b/subpop,fa,1,population,every retained cell,687,0.7513387720567053,0.8475994899091592,0.8473773317311842,0.9999999999999974,0.0,True,0.0,-0.09626071785245394,-0.6316298928072891
d_religiousp,Religion,qwen3_vl_2b,Qwen3-VL-2B-Thinking,subpop,Qwen3-VL-2B-Thinking (subgroup-matched),culture/qwen3_vl_2b/subpop,fa,1,country,Australia,136,0.7081306565972716,0.9213789707550486,0.9207965927606415,0.9999999999999996,0.0,True,0.0,-0.213248314157777,-2.7123571925442658
d_religiousp,Religion,qwen3_vl_2b,Qwen3-VL-2B-Thinking,subpop,Qwen3-VL-2B-Thinking (subgroup-matched),culture/qwen3_vl_2b/subpop,fa,1,country,Germany,144,0.7771228464277806,0.8943089109102884,0.8935698123851855,0.9999999999999997,0.0,True,0.0,-0.11718606448250779,-1.1087601186798175
d_religiousp,Religion,qwen3_vl_2b,Qwen3-VL-2B-Thinking,subpop,Qwen3-VL-2B-Thinking (subgroup-matched),culture/qwen3_vl_2b/subpop,fa,1,country,Mexico,131,0.7707540184720492,0.9177648904096551,0.9171323126435755,0.9999999999999988,0.0,True,0.0,-0.14701087193760598,-1.787689864705505
d_religiousp,Religion,qwen3_vl_2b,Qwen3-VL-2B-Thinking,subpop,Qwen3-VL-2B-Thinking (subgroup-matched),culture/qwen3_vl_2b/subpop,fa,1,country,Russia,136,0.772844399687425,0.9131547066157886,0.9125114081462758,0.9999999999999998,0.0,True,0.0,-0.14031030692836355,-1.6156351307101706
d_religiousp,Religion,qwen3_vl_2b,Qwen3-VL-2B-Thinking,subpop,Qwen3-VL-2B-Thinking (subgroup-matched),culture/qwen3_vl_2b/subpop,fa,1,country,United States,140,0.7277333031628499,0.8874593326461829,0.8866496875573066,0.9999999999999997,0.0,True,0.0,-0.15972602948333303,-1.4192738788474544
d_religiousp,Religion,qwen3_vl_2b,Qwen3-VL-2B-Thinking,subpop,Qwen3-VL-2B-Thinking (subgroup-matched),culture/qwen3_vl_2b/subpop,fa,1,wave,1995-1997,221,0.7372746790043228,0.8354108852640647,0.834662752924356,0.9999999999999994,0.0,True,0.0,-0.09813620625974195,-0.5962496755462258
d_religiousp,Religion,qwen3_vl_2b,Qwen3-VL-2B-Thinking,subpop,Qwen3-VL-2B-Thinking (subgroup-matched),culture/qwen3_vl_2b/subpop,fa,1,wave,2005-2006,221,0.7710674228838648,0.8523912468988823,0.85172029802115,0.9999999999999998,0.0,True,0.0,-0.08132382401501759,-0.5509417450285462
d_religiousp,Religion,qwen3_vl_2b,Qwen3-VL-2B-Thinking,subpop,Qwen3-VL-2B-Thinking (subgroup-matched),culture/qwen3_vl_2b/subpop,fa,1,wave,2017-2018,245,0.7462291097374167,0.861898111550723,0.8613321202046195,0.999999999999999,0.0,True,0.0,-0.1156690018133063,-0.8375627814516818
d_religiousp,Religion,qwen3_vl_2b,Qwen3-VL-2B-Thinking,subpop,Qwen3-VL-2B-Thinking (subgroup-matched),culture/qwen3_vl_2b/subpop,fa,1,sex,Female,374,0.7604639173408301,0.8476433966052874,0.8472349338616019,0.9999999999999994,0.0,True,0.0,-0.08717947926445735,-0.5722067657192392
d_religiousp,Religion,qwen3_vl_2b,Qwen3-VL-2B-Thinking,subpop,Qwen3-VL-2B-Thinking (subgroup-matched),culture/qwen3_vl_2b/subpop,fa,1,sex,Male,313,0.7404352438258341,0.8535629288876477,0.8530935793007492,0.9999999999999978,0.0,True,0.0,-0.11312768506181359,-0.7725344696017417
d_religiousp,Religion,qwen3_vl_2b,Qwen3-VL-2B-Thinking,subpop,Qwen3-VL-2B-Thinking (subgroup-matched),culture/qwen3_vl_2b/subpop,fa,1,age,<25,79,0.7562691115422348,0.8613333624510491,0.8595555850465754,0.9999999999999999,0.0,True,0.0,-0.10506425090881433,-0.7576750454609201
d_religiousp,Religion,qwen3_vl_2b,Qwen3-VL-2B-Thinking,subpop,Qwen3-VL-2B-Thinking (subgroup-matched),culture/qwen3_vl_2b/subpop,fa,1,age,25-34,160,0.7503194238463321,0.8448605274874802,0.8438848075345713,0.9999999999999997,0.0,True,0.0,-0.0945411036411481,-0.6093942573739162
d_religiousp,Religion,qwen3_vl_2b,Qwen3-VL-2B-Thinking,subpop,Qwen3-VL-2B-Thinking (subgroup-matched),culture/qwen3_vl_2b/subpop,fa,1,age,35-44,114,0.7500357973436778,0.8473448193497796,0.8459938885475653,0.9999999999999996,0.0,True,0.0,-0.09730902200610181,-0.637443299281578
d_religiousp,Religion,qwen3_vl_2b,Qwen3-VL-2B-Thinking,subpop,Qwen3-VL-2B-Thinking (subgroup-matched),culture/qwen3_vl_2b/subpop,fa,1,age,45-54,117,0.7552297535349526,0.8387586534444704,0.837368641836233,0.9999999999999997,0.0,True,0.0,-0.08352889990951784,-0.518036481919056
d_religiousp,Religion,qwen3_vl_2b,Qwen3-VL-2B-Thinking,subpop,Qwen3-VL-2B-Thinking (subgroup-matched),culture/qwen3_vl_2b/subpop,fa,1,age,55-64,99,0.7418985560989828,0.8461423478075972,0.8445723717648176,0.9999999999999998,0.0,True,0.0,-0.10424379170861442,-0.6775340077219884
d_religiousp,Religion,qwen3_vl_2b,Qwen3-VL-2B-Thinking,subpop,Qwen3-VL-2B-Thinking (subgroup-matched),culture/qwen3_vl_2b/subpop,fa,1,age,65-74,88,0.7536035152612969,0.8481156516837617,0.8463698545766785,0.9999999999999997,0.0,True,0.0,-0.09451213642246481,-0.6222638308042192
d_religiousp,Religion,qwen3_vl_2b,Qwen3-VL-2B-Thinking,subpop,Qwen3-VL-2B-Thinking (subgroup-matched),culture/qwen3_vl_2b/subpop,fa,1,age,75+,28,0.7586451236863118,0.8881008356899692,0.8839564221970052,0.9999999999999999,0.0,True,0.0,-0.12945571200365746,-1.1568961466502472
d_religiousp,Religion,qwen3_vl_2b,Qwen3-VL-2B-Thinking,subpop,Qwen3-VL-2B-Thinking (subgroup-matched),culture/qwen3_vl_2b/subpop,fa,1,education,Low,51,0.7685064420923206,0.8361705572481268,0.8328939683930894,0.9999999999999999,0.0,True,0.0,-0.06766411515580628,-0.41301559731413195
d_religiousp,Religion,qwen3_vl_2b,Qwen3-VL-2B-Thinking,subpop,Qwen3-VL-2B-Thinking (subgroup-matched),culture/qwen3_vl_2b/subpop,fa,1,education,Middle,369,0.750251126283175,0.8495584163339299,0.8491496076826635,0.9999999999999992,0.0,True,0.0,-0.09930729005075489,-0.6601053221507147
d_religiousp,Religion,qwen3_vl_2b,Qwen3-VL-2B-Thinking,subpop,Qwen3-VL-2B-Thinking (subgroup-matched),culture/qwen3_vl_2b/subpop,fa,1,education,High,267,0.7495627050852307,0.8632633585141994,0.8627493109898168,0.9999999999999996,0.0,True,0.0,-0.11370065342896873,-0.83153024817255
d_religiousp,Religion,qwen3_vl_2b,Qwen3-VL-2B-Thinking,subpop,Qwen3-VL-2B-Thinking (subgroup-matched),culture/qwen3_vl_2b/subpop,fa,1,employment,Working,377,0.7464433564713406,0.8511274988557027,0.8507315613526594,0.9999999999999992,0.0,True,0.0,-0.10468414238436208,-0.7031798457049844
d_religiousp,Religion,qwen3_vl_2b,Qwen3-VL-2B-Thinking,subpop,Qwen3-VL-2B-Thinking (subgroup-matched),culture/qwen3_vl_2b/subpop,fa,1,employment,Student,39,0.7667704182876133,0.8802291067765834,0.8770772411654408,0.9999999999999999,0.0,True,0.0,-0.11345868848897012,-0.9472976733781895
d_religiousp,Religion,qwen3_vl_2b,Qwen3-VL-2B-Thinking,subpop,Qwen3-VL-2B-Thinking (subgroup-matched),culture/qwen3_vl_2b/subpop,fa,1,employment,Homemaker,75,0.7568858117801798,0.8346997265596637,0.8324659390807403,0.9999999999999999,0.0,True,0.0,-0.07781391477948396,-0.4707428073769656
d_religiousp,Religion,qwen3_vl_2b,Qwen3-VL-2B-Thinking,subpop,Qwen3-VL-2B-Thinking (subgroup-matched),culture/qwen3_vl_2b/subpop,fa,1,employment,Unemployed,34,0.7582047670912554,0.8413230270808965,0.8365146339621357,0.9999999999999999,0.0,True,0.0,-0.08311825998964106,-0.523820554807384
d_religiousp,Religion,qwen3_vl_2b,Qwen3-VL-2B-Thinking,subpop,Qwen3-VL-2B-Thinking (subgroup-matched),culture/qwen3_vl_2b/subpop,fa,1,employment,Retired,157,0.7567794551568197,0.8713135562217625,0.87048864312062,0.9999999999999994,0.0,True,0.0,-0.11453410106494288,-0.8900246032310676
d_religiousp,Religion,qwen3_vl_2b,Qwen3-VL-2B-Thinking,subpop,Qwen3-VL-2B-Thinking (subgroup-matched),culture/qwen3_vl_2b/subpop,fa,1,marital_status,Single,139,0.7461372297329945,0.8673638955995747,0.8664027644082672,0.9999999999999991,0.0,True,0.0,-0.12122666586658026,-0.9139793905632195
d_religiousp,Religion,qwen3_vl_2b,Qwen3-VL-2B-Thinking,subpop,Qwen3-VL-2B-Thinking (subgroup-matched),culture/qwen3_vl_2b/subpop,fa,1,marital_status,Cohabiting,39,0.7495693424596941,0.8307380979253396,0.8262838373444275,0.9999999999999998,0.0,True,0.0,-0.0811687554656455,-0.4795453346013
d_religiousp,Religion,qwen3_vl_2b,Qwen3-VL-2B-Thinking,subpop,Qwen3-VL-2B-Thinking (subgroup-matched),culture/qwen3_vl_2b/subpop,fa,1,marital_status,Married,367,0.7496207856355801,0.8399692013778177,0.8395319587586314,0.9999999999999988,0.0,True,0.0,-0.09034841574223762,-0.5645689237328733
d_religiousp,Religion,qwen3_vl_2b,Qwen3-VL-2B-Thinking,subpop,Qwen3-VL-2B-Thinking (subgroup-matched),culture/qwen3_vl_2b/subpop,fa,1,marital_status,Divorced or separated,75,0.7499507384394071,0.8740915762092607,0.8723901110228993,0.9999999999999999,0.0,True,0.0,-0.12414083776985363,-0.985961336281809
d_religiousp,Religion,qwen3_vl_2b,Qwen3-VL-2B-Thinking,subpop,Qwen3-VL-2B-Thinking (subgroup-matched),culture/qwen3_vl_2b/subpop,fa,1,marital_status,Widowed,67,0.7741242298944598,0.8557136074867214,0.853527450024399,0.9999999999999998,0.0,True,0.0,-0.08158937759226159,-0.5654682757748828
d_trust,Trust,qwen3_vl_2b,Qwen3-VL-2B-Thinking,base,Qwen3-VL-2B-Thinking (as released),culture/qwen3_vl_2b/base,ntp,1,population,every retained cell,687,0.632182954314749,0.8675389774462544,0.8673458855766425,0.9999999999999867,0.0,True,0.0,-0.2353560231315054,-1.7767945512877987
d_trust,Trust,qwen3_vl_2b,Qwen3-VL-2B-Thinking,base,Qwen3-VL-2B-Thinking (as released),culture/qwen3_vl_2b/base,ntp,1,country,Australia,136,0.7176379097014163,0.8860174330152338,0.8851731177042356,0.9999999999999988,0.0,True,0.0,-0.16837952331381756,-1.4772392635824878
d_trust,Trust,qwen3_vl_2b,Qwen3-VL-2B-Thinking,base,Qwen3-VL-2B-Thinking (as released),culture/qwen3_vl_2b/base,ntp,1,country,Germany,144,0.6924263247235241,0.8757528949988564,0.8748840341247226,0.999999999999999,0.0,True,0.0,-0.1833265702753324,-1.4754997331619524
d_trust,Trust,qwen3_vl_2b,Qwen3-VL-2B-Thinking,base,Qwen3-VL-2B-Thinking (as released),culture/qwen3_vl_2b/base,ntp,1,country,Mexico,131,0.5035081392457534,0.9150443202476273,0.9143908150187628,0.999999999999999,0.0,True,0.0,-0.41153618100187384,-4.84412792883786
d_trust,Trust,qwen3_vl_2b,Qwen3-VL-2B-Thinking,base,Qwen3-VL-2B-Thinking (as released),culture/qwen3_vl_2b/base,ntp,1,country,Russia,136,0.5908894475743285,0.9417558248667524,0.9413243865324321,0.9999999999999976,0.0,True,0.0,-0.35086637729242387,-6.024059513071172
d_trust,Trust,qwen3_vl_2b,Qwen3-VL-2B-Thinking,base,Qwen3-VL-2B-Thinking (as released),culture/qwen3_vl_2b/base,ntp,1,country,United States,140,0.6477215144525006,0.8834964872671117,0.8826583324992492,0.999999999999998,0.0,True,0.0,-0.23577497281461113,-2.02375848834001
d_trust,Trust,qwen3_vl_2b,Qwen3-VL-2B-Thinking,base,Qwen3-VL-2B-Thinking (as released),culture/qwen3_vl_2b/base,ntp,1,wave,1995-1997,221,0.6300220228657907,0.8935378012465901,0.8930538821613473,0.9999999999999992,0.0,True,0.0,-0.2635157783807994,-2.4752051100424906
d_trust,Trust,qwen3_vl_2b,Qwen3-VL-2B-Thinking,base,Qwen3-VL-2B-Thinking (as released),culture/qwen3_vl_2b/base,ntp,1,wave,2005-2006,221,0.6110651368934716,0.8798832233321083,0.879337237983618,0.999999999999997,0.0,True,0.0,-0.2688180864386367,-2.237972861874958
d_trust,Trust,qwen3_vl_2b,Qwen3-VL-2B-Thinking,base,Qwen3-VL-2B-Thinking (as released),culture/qwen3_vl_2b/base,ntp,1,wave,2017-2018,245,0.6531813359487165,0.8348749899536092,0.8341982481091568,0.9999999999999956,0.0,True,0.0,-0.18169365400489268,-1.1003400027279153
d_trust,Trust,qwen3_vl_2b,Qwen3-VL-2B-Thinking,base,Qwen3-VL-2B-Thinking (as released),culture/qwen3_vl_2b/base,ntp,1,sex,Female,374,0.6594859405401403,0.8685821026878489,0.8682297758854035,0.9999999999999922,0.0,True,0.0,-0.20909616214770854,-1.591078280997387
d_trust,Trust,qwen3_vl_2b,Qwen3-VL-2B-Thinking,base,Qwen3-VL-2B-Thinking (as released),culture/qwen3_vl_2b/base,ntp,1,sex,Male,313,0.5995589388249842,0.8672003061325546,0.8667746660881077,0.9999999999999966,0.0,True,0.0,-0.2676413673075704,-2.0153763876497925
d_trust,Trust,qwen3_vl_2b,Qwen3-VL-2B-Thinking,base,Qwen3-VL-2B-Thinking (as released),culture/qwen3_vl_2b/base,ntp,1,age,<25,79,0.6366557342303784,0.9045758247569278,0.903352437894837,0.9999999999999983,0.0,True,0.0,-0.2679200905265494,-2.8076752022648512
d_trust,Trust,qwen3_vl_2b,Qwen3-VL-2B-Thinking,base,Qwen3-VL-2B-Thinking (as released),culture/qwen3_vl_2b/base,ntp,1,age,25-34,160,0.598289764752095,0.8703821157854602,0.8695669089665009,0.9999999999999979,0.0,True,0.0,-0.27209235103336515,-2.099188338724969
d_trust,Trust,qwen3_vl_2b,Qwen3-VL-2B-Thinking,base,Qwen3-VL-2B-Thinking (as released),culture/qwen3_vl_2b/base,ntp,1,age,35-44,114,0.603099714730551,0.8575607091529529,0.8563001844551913,0.999999999999998,0.0,True,0.0,-0.2544609944224019,-1.7864522696595349
d_trust,Trust,qwen3_vl_2b,Qwen3-VL-2B-Thinking,base,Qwen3-VL-2B-Thinking (as released),culture/qwen3_vl_2b/base,ntp,1,age,45-54,117,0.6128907333350893,0.862221130915165,0.8610333820437439,0.9999999999999997,0.0,True,0.0,-0.2493303975800757,-1.8096417776992684
d_trust,Trust,qwen3_vl_2b,Qwen3-VL-2B-Thinking,base,Qwen3-VL-2B-Thinking (as released),culture/qwen3_vl_2b/base,ntp,1,age,55-64,99,0.6255064631440282,0.8589061356971772,0.8574664023879647,0.9999999999999996,0.0,True,0.0,-0.23339967255314897,-1.6542156082153565
d_trust,Trust,qwen3_vl_2b,Qwen3-VL-2B-Thinking,base,Qwen3-VL-2B-Thinking (as released),culture/qwen3_vl_2b/base,ntp,1,age,65-74,88,0.7155697183178282,0.8661090282378184,0.8645700515508968,0.9999999999999973,0.0,True,0.0,-0.1505393099199902,-1.124342500010976
d_trust,Trust,qwen3_vl_2b,Qwen3-VL-2B-Thinking,base,Qwen3-VL-2B-Thinking (as released),culture/qwen3_vl_2b/base,ntp,1,age,75+,28,0.7762071866511435,0.8864985673062961,0.8822948105398626,0.9999999999999998,0.0,True,0.0,-0.11029138065515254,-0.9717179601845725
d_trust,Trust,qwen3_vl_2b,Qwen3-VL-2B-Thinking,base,Qwen3-VL-2B-Thinking (as released),culture/qwen3_vl_2b/base,ntp,1,education,Low,51,0.5827554108844779,0.9064377883625628,0.9045665441298141,0.9999999999999999,0.0,True,0.0,-0.3236823774780849,-3.4595417510264315
d_trust,Trust,qwen3_vl_2b,Qwen3-VL-2B-Thinking,base,Qwen3-VL-2B-Thinking (as released),culture/qwen3_vl_2b/base,ntp,1,education,Middle,369,0.6067682042368241,0.898564010767781,0.8982883694926934,0.999999999999997,0.0,True,0.0,-0.29179580653095694,-2.8766496855760364
d_trust,Trust,qwen3_vl_2b,Qwen3-VL-2B-Thinking,base,Qwen3-VL-2B-Thinking (as released),culture/qwen3_vl_2b/base,ntp,1,education,High,267,0.6767479262012586,0.8516867513696661,0.8511291827657927,0.9999999999999954,0.0,True,0.0,-0.17493882516840753,-1.1795225766002675
d_trust,Trust,qwen3_vl_2b,Qwen3-VL-2B-Thinking,base,Qwen3-VL-2B-Thinking (as released),culture/qwen3_vl_2b/base,ntp,1,employment,Working,377,0.6003071975956487,0.859974305640557,0.8596018968789627,0.999999999999993,0.0,True,0.0,-0.25966710804490833,-1.854424712784129
d_trust,Trust,qwen3_vl_2b,Qwen3-VL-2B-Thinking,base,Qwen3-VL-2B-Thinking (as released),culture/qwen3_vl_2b/base,ntp,1,employment,Student,39,0.6986018291539503,0.9050513079305547,0.9025526581392534,0.9999999999999999,0.0,True,0.0,-0.20644947877660436,-2.174326726118644
d_trust,Trust,qwen3_vl_2b,Qwen3-VL-2B-Thinking,base,Qwen3-VL-2B-Thinking (as released),culture/qwen3_vl_2b/base,ntp,1,employment,Homemaker,75,0.5992758710508035,0.8671752848363762,0.8653803562530841,0.9999999999999981,0.0,True,0.0,-0.2678994137855727,-2.0169394939454857
d_trust,Trust,qwen3_vl_2b,Qwen3-VL-2B-Thinking,base,Qwen3-VL-2B-Thinking (as released),culture/qwen3_vl_2b/base,ntp,1,employment,Unemployed,34,0.6312624615712128,0.9096408136892207,0.9069026565282879,0.9999999999999999,0.0,True,0.0,-0.2783783521180079,-3.0807974649147427
d_trust,Trust,qwen3_vl_2b,Qwen3-VL-2B-Thinking,base,Qwen3-VL-2B-Thinking (as released),culture/qwen3_vl_2b/base,ntp,1,employment,Retired,157,0.7108635338960086,0.8788261678236169,0.8780494124891529,0.9999999999999977,0.0,True,0.0,-0.16796263392760824,-1.3861295868163879
d_trust,Trust,qwen3_vl_2b,Qwen3-VL-2B-Thinking,base,Qwen3-VL-2B-Thinking (as released),culture/qwen3_vl_2b/base,ntp,1,marital_status,Single,139,0.6487821616227283,0.8877485579754869,0.8869351417289325,0.9999999999999971,0.0,True,0.0,-0.23896639635275863,-2.1288492338528173
d_trust,Trust,qwen3_vl_2b,Qwen3-VL-2B-Thinking,base,Qwen3-VL-2B-Thinking (as released),culture/qwen3_vl_2b/base,ntp,1,marital_status,Cohabiting,39,0.6687089513738624,0.8171209558209934,0.8123083493952301,0.9999999999999997,0.0,True,0.0,-0.14841200444713099,-0.8115309499423106
d_trust,Trust,qwen3_vl_2b,Qwen3-VL-2B-Thinking,base,Qwen3-VL-2B-Thinking (as released),culture/qwen3_vl_2b/base,ntp,1,marital_status,Married,367,0.5612512712802872,0.8602340657183062,0.8598521915809244,0.999999999999997,0.0,True,0.0,-0.298982794438019,-2.139167859282711
d_trust,Trust,qwen3_vl_2b,Qwen3-VL-2B-Thinking,base,Qwen3-VL-2B-Thinking (as released),culture/qwen3_vl_2b/base,ntp,1,marital_status,Divorced or separated,75,0.7925330593830631,0.8789533413548559,0.8773175756974891,0.9999999999999983,0.0,True,0.0,-0.08642028197179286,-0.7139419042134766
d_trust,Trust,qwen3_vl_2b,Qwen3-VL-2B-Thinking,base,Qwen3-VL-2B-Thinking (as released),culture/qwen3_vl_2b/base,ntp,1,marital_status,Widowed,67,0.7855242392760826,0.8857928658993206,0.884062454776583,0.9999999999999998,0.0,True,0.0,-0.10026862662323799,-0.8779541436951399
d_trust,Trust,qwen3_vl_2b,Qwen3-VL-2B-Thinking,base,Qwen3-VL-2B-Thinking (as released),culture/qwen3_vl_2b/base,fa,1,population,every retained cell,687,0.5851013375174599,0.8675389774462544,0.8673458855766425,0.9999999999999867,0.0,True,0.0,-0.28243763992879456,-2.132232067091257
d_trust,Trust,qwen3_vl_2b,Qwen3-VL-2B-Thinking,base,Qwen3-VL-2B-Thinking (as released),culture/qwen3_vl_2b/base,fa,1,country,Australia,136,0.6594421713951504,0.8860174330152338,0.8851731177042356,0.9999999999999988,0.0,True,0.0,-0.22657526162008346,-1.9878062726062782
d_trust,Trust,qwen3_vl_2b,Qwen3-VL-2B-Thinking,base,Qwen3-VL-2B-Thinking (as released),culture/qwen3_vl_2b/base,fa,1,country,Germany,144,0.6509138963748972,0.8757528949988564,0.8748840341247226,0.999999999999999,0.0,True,0.0,-0.22483899862395929,-1.8096115689930152
d_trust,Trust,qwen3_vl_2b,Qwen3-VL-2B-Thinking,base,Qwen3-VL-2B-Thinking (as released),culture/qwen3_vl_2b/base,fa,1,country,Mexico,131,0.4525486453001393,0.9150443202476273,0.9143908150187628,0.999999999999999,0.0,True,0.0,-0.462495674947488,-5.4439641504318725
d_trust,Trust,qwen3_vl_2b,Qwen3-VL-2B-Thinking,base,Qwen3-VL-2B-Thinking (as released),culture/qwen3_vl_2b/base,fa,1,country,Russia,136,0.5645101854941204,0.9417558248667524,0.9413243865324321,0.9999999999999976,0.0,True,0.0,-0.377245639372632,-6.476967671180703
d_trust,Trust,qwen3_vl_2b,Qwen3-VL-2B-Thinking,base,Qwen3-VL-2B-Thinking (as released),culture/qwen3_vl_2b/base,fa,1,country,United States,140,0.5892258908946474,0.8834964872671117,0.8826583324992492,0.999999999999998,0.0,True,0.0,-0.29427059637246433,-2.5258517058378223
d_trust,Trust,qwen3_vl_2b,Qwen3-VL-2B-Thinking,base,Qwen3-VL-2B-Thinking (as released),culture/qwen3_vl_2b/base,fa,1,wave,1995-1997,221,0.5818391797514324,0.8935378012465901,0.8930538821613473,0.9999999999999992,0.0,True,0.0,-0.3116986214951577,-2.927786812078914
d_trust,Trust,qwen3_vl_2b,Qwen3-VL-2B-Thinking,base,Qwen3-VL-2B-Thinking (as released),culture/qwen3_vl_2b/base,fa,1,wave,2005-2006,221,0.5669908632876384,0.8798832233321083,0.879337237983618,0.999999999999997,0.0,True,0.0,-0.31289236004446996,-2.6049014028205186
d_trust,Trust,qwen3_vl_2b,Qwen3-VL-2B-Thinking,base,Qwen3-VL-2B-Thinking (as released),culture/qwen3_vl_2b/base,fa,1,wave,2017-2018,245,0.6043803239300418,0.8348749899536092,0.8341982481091568,0.9999999999999956,0.0,True,0.0,-0.23049466602356738,-1.3958798001514816
d_trust,Trust,qwen3_vl_2b,Qwen3-VL-2B-Thinking,base,Qwen3-VL-2B-Thinking (as released),culture/qwen3_vl_2b/base,fa,1,sex,Female,374,0.6175682588539242,0.8685821026878489,0.8682297758854035,0.9999999999999922,0.0,True,0.0,-0.25101384383392467,-1.9100430684696053
d_trust,Trust,qwen3_vl_2b,Qwen3-VL-2B-Thinking,base,Qwen3-VL-2B-Thinking (as released),culture/qwen3_vl_2b/base,fa,1,sex,Male,313,0.5463069970067964,0.8672003061325546,0.8667746660881077,0.9999999999999966,0.0,True,0.0,-0.3208933091257582,-2.416370849815808
d_trust,Trust,qwen3_vl_2b,Qwen3-VL-2B-Thinking,base,Qwen3-VL-2B-Thinking (as released),culture/qwen3_vl_2b/base,fa,1,age,<25,79,0.577820623500076,0.9045758247569278,0.903352437894837,0.9999999999999983,0.0,True,0.0,-0.32675520125685176,-3.4242391975043462
d_trust,Trust,qwen3_vl_2b,Qwen3-VL-2B-Thinking,base,Qwen3-VL-2B-Thinking (as released),culture/qwen3_vl_2b/base,fa,1,age,25-34,160,0.5428252492275201,0.8703821157854602,0.8695669089665009,0.9999999999999979,0.0,True,0.0,-0.32755686655794014,-2.527096230145043
d_trust,Trust,qwen3_vl_2b,Qwen3-VL-2B-Thinking,base,Qwen3-VL-2B-Thinking (as released),culture/qwen3_vl_2b/base,fa,1,age,35-44,114,0.5446158964476401,0.8575607091529529,0.8563001844551913,0.999999999999998,0.0,True,0.0,-0.3129448127053128,-2.1970399518582022
d_trust,Trust,qwen3_vl_2b,Qwen3-VL-2B-Thinking,base,Qwen3-VL-2B-Thinking (as released),culture/qwen3_vl_2b/base,fa,1,age,45-54,117,0.57001737450129,0.862221130915165,0.8610333820437439,0.9999999999999997,0.0,True,0.0,-0.29220375641387497,-2.1208169173892357
d_trust,Trust,qwen3_vl_2b,Qwen3-VL-2B-Thinking,base,Qwen3-VL-2B-Thinking (as released),culture/qwen3_vl_2b/base,fa,1,age,55-64,99,0.5840814450076173,0.8589061356971772,0.8574664023879647,0.9999999999999996,0.0,True,0.0,-0.27482469068955995,-1.9478146129708185
d_trust,Trust,qwen3_vl_2b,Qwen3-VL-2B-Thinking,base,Qwen3-VL-2B-Thinking (as released),culture/qwen3_vl_2b/base,fa,1,age,65-74,88,0.6893498418273134,0.8661090282378184,0.8645700515508968,0.9999999999999973,0.0,True,0.0,-0.17675918641050503,-1.3201725559544553
d_trust,Trust,qwen3_vl_2b,Qwen3-VL-2B-Thinking,base,Qwen3-VL-2B-Thinking (as released),culture/qwen3_vl_2b/base,fa,1,age,75+,28,0.7505251398969782,0.8864985673062961,0.8822948105398626,0.9999999999999998,0.0,True,0.0,-0.13597342740931784,-1.1979886436874945
d_trust,Trust,qwen3_vl_2b,Qwen3-VL-2B-Thinking,base,Qwen3-VL-2B-Thinking (as released),culture/qwen3_vl_2b/base,fa,1,education,Low,51,0.5647659867151378,0.9064377883625628,0.9045665441298141,0.9999999999999999,0.0,True,0.0,-0.34167180164742506,-3.6518140782246267
d_trust,Trust,qwen3_vl_2b,Qwen3-VL-2B-Thinking,base,Qwen3-VL-2B-Thinking (as released),culture/qwen3_vl_2b/base,fa,1,education,Middle,369,0.5616000663800477,0.898564010767781,0.8982883694926934,0.999999999999997,0.0,True,0.0,-0.33696394438773336,-3.321936789282122
d_trust,Trust,qwen3_vl_2b,Qwen3-VL-2B-Thinking,base,Qwen3-VL-2B-Thinking (as released),culture/qwen3_vl_2b/base,fa,1,education,High,267,0.621464902838147,0.8516867513696661,0.8511291827657927,0.9999999999999954,0.0,True,0.0,-0.23022184853151906,-1.552267586730163
d_trust,Trust,qwen3_vl_2b,Qwen3-VL-2B-Thinking,base,Qwen3-VL-2B-Thinking (as released),culture/qwen3_vl_2b/base,fa,1,employment,Working,377,0.543797158299255,0.859974305640557,0.8596018968789627,0.999999999999993,0.0,True,0.0,-0.316177147341302,-2.2579937831244163
d_trust,Trust,qwen3_vl_2b,Qwen3-VL-2B-Thinking,base,Qwen3-VL-2B-Thinking (as released),culture/qwen3_vl_2b/base,fa,1,employment,Student,39,0.6530945459769242,0.9050513079305547,0.9025526581392534,0.9999999999999999,0.0,True,0.0,-0.2519567619536305,-2.653609612329885
d_trust,Trust,qwen3_vl_2b,Qwen3-VL-2B-Thinking,base,Qwen3-VL-2B-Thinking (as released),culture/qwen3_vl_2b/base,fa,1,employment,Homemaker,75,0.5564466030842308,0.8671752848363762,0.8653803562530841,0.9999999999999981,0.0,True,0.0,-0.3107286817521454,-2.3393890313964962
d_trust,Trust,qwen3_vl_2b,Qwen3-VL-2B-Thinking,base,Qwen3-VL-2B-Thinking (as released),culture/qwen3_vl_2b/base,fa,1,employment,Unemployed,34,0.6046598859414141,0.9096408136892207,0.9069026565282879,0.9999999999999999,0.0,True,0.0,-0.3049809277478066,-3.3752066635357045
d_trust,Trust,qwen3_vl_2b,Qwen3-VL-2B-Thinking,base,Qwen3-VL-2B-Thinking (as released),culture/qwen3_vl_2b/base,fa,1,employment,Retired,157,0.6805682161030222,0.8788261678236169,0.8780494124891529,0.9999999999999977,0.0,True,0.0,-0.19825795172059468,-1.6361449345928611
d_trust,Trust,qwen3_vl_2b,Qwen3-VL-2B-Thinking,base,Qwen3-VL-2B-Thinking (as released),culture/qwen3_vl_2b/base,fa,1,marital_status,Single,139,0.5957214372668327,0.8877485579754869,0.8869351417289325,0.9999999999999971,0.0,True,0.0,-0.2920271207086542,-2.601544491917372
d_trust,Trust,qwen3_vl_2b,Qwen3-VL-2B-Thinking,base,Qwen3-VL-2B-Thinking (as released),culture/qwen3_vl_2b/base,fa,1,marital_status,Cohabiting,39,0.6227416967385552,0.8171209558209934,0.8123083493952301,0.9999999999999997,0.0,True,0.0,-0.19437925908243825,-1.0628842684248447
d_trust,Trust,qwen3_vl_2b,Qwen3-VL-2B-Thinking,base,Qwen3-VL-2B-Thinking (as released),culture/qwen3_vl_2b/base,fa,1,marital_status,Married,367,0.49697171448525324,0.8602340657183062,0.8598521915809244,0.999999999999997,0.0,True,0.0,-0.36326235123305295,-2.5990764709582894
d_trust,Trust,qwen3_vl_2b,Qwen3-VL-2B-Thinking,base,Qwen3-VL-2B-Thinking (as released),culture/qwen3_vl_2b/base,fa,1,marital_status,Divorced or separated,75,0.7962081316330513,0.8789533413548559,0.8773175756974891,0.9999999999999983,0.0,True,0.0,-0.08274520972180466,-0.6835811136627692
d_trust,Trust,qwen3_vl_2b,Qwen3-VL-2B-Thinking,base,Qwen3-VL-2B-Thinking (as released),culture/qwen3_vl_2b/base,fa,1,marital_status,Widowed,67,0.7875848333288762,0.8857928658993206,0.884062454776583,0.9999999999999998,0.0,True,0.0,-0.09820803257044441,-0.8599115400607903
d_trust,Trust,qwen3_vl_2b,Qwen3-VL-2B-Thinking,german,Qwen3-VL-2B-Thinking (german),culture/qwen3_vl_2b/german,ntp,1,population,every retained cell,687,0.35940941531372295,0.8675389774462544,0.8673458855766425,0.9999999999999867,0.0,True,0.0,-0.5081295621325315,-3.8360685455705257
d_trust,Trust,qwen3_vl_2b,Qwen3-VL-2B-Thinking,german,Qwen3-VL-2B-Thinking (german),culture/qwen3_vl_2b/german,ntp,1,country,Australia,136,0.49133164124365525,0.8860174330152338,0.8851731177042356,0.9999999999999988,0.0,True,0.0,-0.3946857917715786,-3.4626855861592287
d_trust,Trust,qwen3_vl_2b,Qwen3-VL-2B-Thinking,german,Qwen3-VL-2B-Thinking (german),culture/qwen3_vl_2b/german,ntp,1,country,Germany,144,0.409691653036957,0.8757528949988564,0.8748840341247226,0.999999999999999,0.0,True,0.0,-0.46606124196189946,-3.751083310614037
d_trust,Trust,qwen3_vl_2b,Qwen3-VL-2B-Thinking,german,Qwen3-VL-2B-Thinking (german),culture/qwen3_vl_2b/german,ntp,1,country,Mexico,131,0.1943774544744401,0.9150443202476273,0.9143908150187628,0.999999999999999,0.0,True,0.0,-0.7206668657731872,-8.482856801025827
d_trust,Trust,qwen3_vl_2b,Qwen3-VL-2B-Thinking,german,Qwen3-VL-2B-Thinking (german),culture/qwen3_vl_2b/german,ntp,1,country,Russia,136,0.2790015977008804,0.9417558248667524,0.9413243865324321,0.9999999999999976,0.0,True,0.0,-0.662754227165872,-11.378892836058908
d_trust,Trust,qwen3_vl_2b,Qwen3-VL-2B-Thinking,german,Qwen3-VL-2B-Thinking (german),culture/qwen3_vl_2b/german,ntp,1,country,United States,140,0.41207073750426737,0.8834964872671117,0.8826583324992492,0.999999999999998,0.0,True,0.0,-0.47142574976284435,-4.046450949884222
d_trust,Trust,qwen3_vl_2b,Qwen3-VL-2B-Thinking,german,Qwen3-VL-2B-Thinking (german),culture/qwen3_vl_2b/german,ntp,1,wave,1995-1997,221,0.3529339573164465,0.8935378012465901,0.8930538821613473,0.9999999999999992,0.0,True,0.0,-0.5406038439301436,-5.077894785756794
d_trust,Trust,qwen3_vl_2b,Qwen3-VL-2B-Thinking,german,Qwen3-VL-2B-Thinking (german),culture/qwen3_vl_2b/german,ntp,1,wave,2005-2006,221,0.34230772709806634,0.8798832233321083,0.879337237983618,0.999999999999997,0.0,True,0.0,-0.537575496234042,-4.475440576634629
d_trust,Trust,qwen3_vl_2b,Qwen3-VL-2B-Thinking,german,Qwen3-VL-2B-Thinking (german),culture/qwen3_vl_2b/german,ntp,1,wave,2017-2018,245,0.3806769635302871,0.8348749899536092,0.8341982481091568,0.9999999999999956,0.0,True,0.0,-0.4541980264233221,-2.750631332562633
d_trust,Trust,qwen3_vl_2b,Qwen3-VL-2B-Thinking,german,Qwen3-VL-2B-Thinking (german),culture/qwen3_vl_2b/german,ntp,1,sex,Female,374,0.3518227228802474,0.8685821026878489,0.8682297758854035,0.9999999999999922,0.0,True,0.0,-0.5167593798076014,-3.9321842030402117
d_trust,Trust,qwen3_vl_2b,Qwen3-VL-2B-Thinking,german,Qwen3-VL-2B-Thinking (german),culture/qwen3_vl_2b/german,ntp,1,sex,Male,313,0.36847466441953725,0.8672003061325546,0.8667746660881077,0.9999999999999966,0.0,True,0.0,-0.49872564171301736,-3.755472826698099
d_trust,Trust,qwen3_vl_2b,Qwen3-VL-2B-Thinking,german,Qwen3-VL-2B-Thinking (german),culture/qwen3_vl_2b/german,ntp,1,age,<25,79,0.30743689530593177,0.9045758247569278,0.903352437894837,0.9999999999999983,0.0,True,0.0,-0.597138929450996,-6.25773215152151
d_trust,Trust,qwen3_vl_2b,Qwen3-VL-2B-Thinking,german,Qwen3-VL-2B-Thinking (german),culture/qwen3_vl_2b/german,ntp,1,age,25-34,160,0.33746656559035826,0.8703821157854602,0.8695669089665009,0.9999999999999979,0.0,True,0.0,-0.532915550195102,-4.111435342618581
d_trust,Trust,qwen3_vl_2b,Qwen3-VL-2B-Thinking,german,Qwen3-VL-2B-Thinking (german),culture/qwen3_vl_2b/german,ntp,1,age,35-44,114,0.3589003175459553,0.8575607091529529,0.8563001844551913,0.999999999999998,0.0,True,0.0,-0.4986603916069976,-3.5008626386834845
d_trust,Trust,qwen3_vl_2b,Qwen3-VL-2B-Thinking,german,Qwen3-VL-2B-Thinking (german),culture/qwen3_vl_2b/german,ntp,1,age,45-54,117,0.3651874719821173,0.862221130915165,0.8610333820437439,0.9999999999999997,0.0,True,0.0,-0.49703365893304763,-3.607473789228212
d_trust,Trust,qwen3_vl_2b,Qwen3-VL-2B-Thinking,german,Qwen3-VL-2B-Thinking (german),culture/qwen3_vl_2b/german,ntp,1,age,55-64,99,0.37143262162496216,0.8589061356971772,0.8574664023879647,0.9999999999999996,0.0,True,0.0,-0.48747351407221506,-3.454958984084345
d_trust,Trust,qwen3_vl_2b,Qwen3-VL-2B-Thinking,german,Qwen3-VL-2B-Thinking (german),culture/qwen3_vl_2b/german,ntp,1,age,65-74,88,0.40835912200677327,0.8661090282378184,0.8645700515508968,0.9999999999999973,0.0,True,0.0,-0.45774990623104517,-3.4188257819511905
d_trust,Trust,qwen3_vl_2b,Qwen3-VL-2B-Thinking,german,Qwen3-VL-2B-Thinking (german),culture/qwen3_vl_2b/german,ntp,1,age,75+,28,0.4222955761984416,0.8864985673062961,0.8822948105398626,0.9999999999999998,0.0,True,0.0,-0.46420299110785446,-4.089842569305333
d_trust,Trust,qwen3_vl_2b,Qwen3-VL-2B-Thinking,german,Qwen3-VL-2B-Thinking (german),culture/qwen3_vl_2b/german,ntp,1,education,Low,51,0.2405543651674905,0.9064377883625628,0.9045665441298141,0.9999999999999999,0.0,True,0.0,-0.6658834231950723,-7.117012429926694
d_trust,Trust,qwen3_vl_2b,Qwen3-VL-2B-Thinking,german,Qwen3-VL-2B-Thinking (german),culture/qwen3_vl_2b/german,ntp,1,education,Middle,369,0.32413651576889735,0.898564010767781,0.8982883694926934,0.999999999999997,0.0,True,0.0,-0.5744274949988837,-5.662955518517575
d_trust,Trust,qwen3_vl_2b,Qwen3-VL-2B-Thinking,german,Qwen3-VL-2B-Thinking (german),culture/qwen3_vl_2b/german,ntp,1,education,High,267,0.43086000516203227,0.8516867513696661,0.8511291827657927,0.9999999999999954,0.0,True,0.0,-0.42082674620763383,-2.8374184376240805
d_trust,Trust,qwen3_vl_2b,Qwen3-VL-2B-Thinking,german,Qwen3-VL-2B-Thinking (german),culture/qwen3_vl_2b/german,ntp,1,employment,Working,377,0.3665609043228003,0.859974305640557,0.8596018968789627,0.999999999999993,0.0,True,0.0,-0.4934134013177567,-3.5237347229371694
d_trust,Trust,qwen3_vl_2b,Qwen3-VL-2B-Thinking,german,Qwen3-VL-2B-Thinking (german),culture/qwen3_vl_2b/german,ntp,1,employment,Student,39,0.3337842526715755,0.9050513079305547,0.9025526581392534,0.9999999999999999,0.0,True,0.0,-0.5712670552589791,-6.016586882957326
d_trust,Trust,qwen3_vl_2b,Qwen3-VL-2B-Thinking,german,Qwen3-VL-2B-Thinking (german),culture/qwen3_vl_2b/german,ntp,1,employment,Homemaker,75,0.2752436790909565,0.8671752848363762,0.8653803562530841,0.9999999999999981,0.0,True,0.0,-0.5919316057454197,-4.456486919744058
d_trust,Trust,qwen3_vl_2b,Qwen3-VL-2B-Thinking,german,Qwen3-VL-2B-Thinking (german),culture/qwen3_vl_2b/german,ntp,1,employment,Unemployed,34,0.3020104257533729,0.9096408136892207,0.9069026565282879,0.9999999999999999,0.0,True,0.0,-0.6076303879358478,-6.724611107563294
d_trust,Trust,qwen3_vl_2b,Qwen3-VL-2B-Thinking,german,Qwen3-VL-2B-Thinking (german),culture/qwen3_vl_2b/german,ntp,1,employment,Retired,157,0.40371174179752123,0.8788261678236169,0.8780494124891529,0.9999999999999977,0.0,True,0.0,-0.47511442602609566,-3.9209325767176315
d_trust,Trust,qwen3_vl_2b,Qwen3-VL-2B-Thinking,german,Qwen3-VL-2B-Thinking (german),culture/qwen3_vl_2b/german,ntp,1,marital_status,Single,139,0.33749121991429976,0.8877485579754869,0.8869351417289325,0.9999999999999971,0.0,True,0.0,-0.5502573380611872,-4.902006852981219
d_trust,Trust,qwen3_vl_2b,Qwen3-VL-2B-Thinking,german,Qwen3-VL-2B-Thinking (german),culture/qwen3_vl_2b/german,ntp,1,marital_status,Cohabiting,39,0.33655063639850746,0.8171209558209934,0.8123083493952301,0.9999999999999997,0.0,True,0.0,-0.48057031942248596,-2.6278041947337156
d_trust,Trust,qwen3_vl_2b,Qwen3-VL-2B-Thinking,german,Qwen3-VL-2B-Thinking (german),culture/qwen3_vl_2b/german,ntp,1,marital_status,Married,367,0.3469617178474882,0.8602340657183062,0.8598521915809244,0.999999999999997,0.0,True,0.0,-0.513272347870818,-3.6723708857147823
d_trust,Trust,qwen3_vl_2b,Qwen3-VL-2B-Thinking,german,Qwen3-VL-2B-Thinking (german),culture/qwen3_vl_2b/german,ntp,1,marital_status,Divorced or separated,75,0.452513132931473,0.8789533413548559,0.8773175756974891,0.9999999999999983,0.0,True,0.0,-0.4264402084233829,-3.5229407667791914
d_trust,Trust,qwen3_vl_2b,Qwen3-VL-2B-Thinking,german,Qwen3-VL-2B-Thinking (german),culture/qwen3_vl_2b/german,ntp,1,marital_status,Widowed,67,0.3821504255673075,0.8857928658993206,0.884062454776583,0.9999999999999998,0.0,True,0.0,-0.5036424403320131,-4.409903499443622
d_trust,Trust,qwen3_vl_2b,Qwen3-VL-2B-Thinking,german,Qwen3-VL-2B-Thinking (german),culture/qwen3_vl_2b/german,fa,1,population,every retained cell,687,0.3504747542913387,0.8675389774462544,0.8673458855766425,0.9999999999999867,0.0,True,0.0,-0.5170642231549157,-3.903519791606008
d_trust,Trust,qwen3_vl_2b,Qwen3-VL-2B-Thinking,german,Qwen3-VL-2B-Thinking (german),culture/qwen3_vl_2b/german,fa,1,country,Australia,136,0.48441597001024694,0.8860174330152338,0.8851731177042356,0.9999999999999988,0.0,True,0.0,-0.4016014630049869,-3.5233586471048786
d_trust,Trust,qwen3_vl_2b,Qwen3-VL-2B-Thinking,german,Qwen3-VL-2B-Thinking (german),culture/qwen3_vl_2b/german,fa,1,country,Germany,144,0.4018180226732717,0.8757528949988564,0.8748840341247226,0.999999999999999,0.0,True,0.0,-0.47393487232558473,-3.814454045599072
d_trust,Trust,qwen3_vl_2b,Qwen3-VL-2B-Thinking,german,Qwen3-VL-2B-Thinking (german),culture/qwen3_vl_2b/german,fa,1,country,Mexico,131,0.18469164052047105,0.9150443202476273,0.9143908150187628,0.999999999999999,0.0,True,0.0,-0.7303526797271562,-8.596867000016655
d_trust,Trust,qwen3_vl_2b,Qwen3-VL-2B-Thinking,german,Qwen3-VL-2B-Thinking (german),culture/qwen3_vl_2b/german,fa,1,country,Russia,136,0.2674506397564185,0.9417558248667524,0.9413243865324321,0.9999999999999976,0.0,True,0.0,-0.6743051851103339,-11.577212374760181
d_trust,Trust,qwen3_vl_2b,Qwen3-VL-2B-Thinking,german,Qwen3-VL-2B-Thinking (german),culture/qwen3_vl_2b/german,fa,1,country,United States,140,0.40332783640535963,0.8834964872671117,0.8826583324992492,0.999999999999998,0.0,True,0.0,-0.4801686508617521,-4.121495048502544
d_trust,Trust,qwen3_vl_2b,Qwen3-VL-2B-Thinking,german,Qwen3-VL-2B-Thinking (german),culture/qwen3_vl_2b/german,fa,1,wave,1995-1997,221,0.34406791585531715,0.8935378012465901,0.8930538821613473,0.9999999999999992,0.0,True,0.0,-0.549469885391273,-5.161173560429344
d_trust,Trust,qwen3_vl_2b,Qwen3-VL-2B-Thinking,german,Qwen3-VL-2B-Thinking (german),culture/qwen3_vl_2b/german,fa,1,wave,2005-2006,221,0.33463652856936255,0.8798832233321083,0.879337237983618,0.999999999999997,0.0,True,0.0,-0.5452466947627458,-4.539305082006045
d_trust,Trust,qwen3_vl_2b,Qwen3-VL-2B-Thinking,german,Qwen3-VL-2B-Thinking (german),culture/qwen3_vl_2b/german,fa,1,wave,2017-2018,245,0.3705407101236551,0.8348749899536092,0.8341982481091568,0.9999999999999956,0.0,True,0.0,-0.4643342798299541,-2.8120166636144486
d_trust,Trust,qwen3_vl_2b,Qwen3-VL-2B-Thinking,german,Qwen3-VL-2B-Thinking (german),culture/qwen3_vl_2b/german,fa,1,sex,Female,374,0.34216315894811,0.8685821026878489,0.8682297758854035,0.9999999999999922,0.0,True,0.0,-0.5264189437397389,-4.005686854731507
d_trust,Trust,qwen3_vl_2b,Qwen3-VL-2B-Thinking,german,Qwen3-VL-2B-Thinking (german),culture/qwen3_vl_2b/german,fa,1,sex,Male,313,0.3604061813148771,0.8672003061325546,0.8667746660881077,0.9999999999999966,0.0,True,0.0,-0.5067941248176775,-3.8162296166400527
d_trust,Trust,qwen3_vl_2b,Qwen3-VL-2B-Thinking,german,Qwen3-VL-2B-Thinking (german),culture/qwen3_vl_2b/german,fa,1,age,<25,79,0.3040945973439133,0.9045758247569278,0.903352437894837,0.9999999999999983,0.0,True,0.0,-0.6004812274130145,-6.2927578455189135
d_trust,Trust,qwen3_vl_2b,Qwen3-VL-2B-Thinking,german,Qwen3-VL-2B-Thinking (german),culture/qwen3_vl_2b/german,fa,1,age,25-34,160,0.3336910105397164,0.8703821157854602,0.8695669089665009,0.9999999999999979,0.0,True,0.0,-0.5366911052457438,-4.140563692255832
d_trust,Trust,qwen3_vl_2b,Qwen3-VL-2B-Thinking,german,Qwen3-VL-2B-Thinking (german),culture/qwen3_vl_2b/german,fa,1,age,35-44,114,0.35024322448707657,0.8575607091529529,0.8563001844551913,0.999999999999998,0.0,True,0.0,-0.5073174846658763,-3.5616400618747783
d_trust,Trust,qwen3_vl_2b,Qwen3-VL-2B-Thinking,german,Qwen3-VL-2B-Thinking (german),culture/qwen3_vl_2b/german,fa,1,age,45-54,117,0.34818792133150345,0.862221130915165,0.8610333820437439,0.9999999999999997,0.0,True,0.0,-0.5140332095836615,-3.7308566473074625
d_trust,Trust,qwen3_vl_2b,Qwen3-VL-2B-Thinking,german,Qwen3-VL-2B-Thinking (german),culture/qwen3_vl_2b/german,fa,1,age,55-64,99,0.3631062460071742,0.8589061356971772,0.8574664023879647,0.9999999999999996,0.0,True,0.0,-0.495799889690003,-3.513972008207899
d_trust,Trust,qwen3_vl_2b,Qwen3-VL-2B-Thinking,german,Qwen3-VL-2B-Thinking (german),culture/qwen3_vl_2b/german,fa,1,age,65-74,88,0.39616826808920436,0.8661090282378184,0.8645700515508968,0.9999999999999973,0.0,True,0.0,-0.4699407601486141,-3.509876386462617
d_trust,Trust,qwen3_vl_2b,Qwen3-VL-2B-Thinking,german,Qwen3-VL-2B-Thinking (german),culture/qwen3_vl_2b/german,fa,1,age,75+,28,0.40805654115197165,0.8864985673062961,0.8822948105398626,0.9999999999999998,0.0,True,0.0,-0.4784420261543244,-4.215295039010236
d_trust,Trust,qwen3_vl_2b,Qwen3-VL-2B-Thinking,german,Qwen3-VL-2B-Thinking (german),culture/qwen3_vl_2b/german,fa,1,education,Low,51,0.21812034917923295,0.9064377883625628,0.9045665441298141,0.9999999999999999,0.0,True,0.0,-0.6883174391833299,-7.356788890910661
d_trust,Trust,qwen3_vl_2b,Qwen3-VL-2B-Thinking,german,Qwen3-VL-2B-Thinking (german),culture/qwen3_vl_2b/german,fa,1,education,Middle,369,0.31570591628646927,0.898564010767781,0.8982883694926934,0.999999999999997,0.0,True,0.0,-0.5828580944813118,-5.7460680266741
d_trust,Trust,qwen3_vl_2b,Qwen3-VL-2B-Thinking,german,Qwen3-VL-2B-Thinking (german),culture/qwen3_vl_2b/german,fa,1,education,High,267,0.42380724824083005,0.8516867513696661,0.8511291827657927,0.9999999999999954,0.0,True,0.0,-0.42787950312883605,-2.8849715523075905
d_trust,Trust,qwen3_vl_2b,Qwen3-VL-2B-Thinking,german,Qwen3-VL-2B-Thinking (german),culture/qwen3_vl_2b/german,fa,1,employment,Working,377,0.35763150142515987,0.859974305640557,0.8596018968789627,0.999999999999993,0.0,True,0.0,-0.5023428042153971,-3.5875044684720057
d_trust,Trust,qwen3_vl_2b,Qwen3-VL-2B-Thinking,german,Qwen3-VL-2B-Thinking (german),culture/qwen3_vl_2b/german,fa,1,employment,Student,39,0.3296314660564581,0.9050513079305547,0.9025526581392534,0.9999999999999999,0.0,True,0.0,-0.5754198418740966,-6.060324047994629
d_trust,Trust,qwen3_vl_2b,Qwen3-VL-2B-Thinking,german,Qwen3-VL-2B-Thinking (german),culture/qwen3_vl_2b/german,fa,1,employment,Homemaker,75,0.2658577901373427,0.8671752848363762,0.8653803562530841,0.9999999999999981,0.0,True,0.0,-0.6013174946990335,-4.527150643299207
d_trust,Trust,qwen3_vl_2b,Qwen3-VL-2B-Thinking,german,Qwen3-VL-2B-Thinking (german),culture/qwen3_vl_2b/german,fa,1,employment,Unemployed,34,0.29630048627638994,0.9096408136892207,0.9069026565282879,0.9999999999999999,0.0,True,0.0,-0.6133403274128307,-6.787802684536379
d_trust,Trust,qwen3_vl_2b,Qwen3-VL-2B-Thinking,german,Qwen3-VL-2B-Thinking (german),culture/qwen3_vl_2b/german,fa,1,employment,Retired,157,0.3929248007671454,0.8788261678236169,0.8780494124891529,0.9999999999999977,0.0,True,0.0,-0.48590136705647147,-4.009952960381606
d_trust,Trust,qwen3_vl_2b,Qwen3-VL-2B-Thinking,german,Qwen3-VL-2B-Thinking (german),culture/qwen3_vl_2b/german,fa,1,marital_status,Single,139,0.3351671084577216,0.8877485579754869,0.8869351417289325,0.9999999999999971,0.0,True,0.0,-0.5525814495177653,-4.9227113661229795
d_trust,Trust,qwen3_vl_2b,Qwen3-VL-2B-Thinking,german,Qwen3-VL-2B-Thinking (german),culture/qwen3_vl_2b/german,fa,1,marital_status,Cohabiting,39,0.32256938124681966,0.8171209558209934,0.8123083493952301,0.9999999999999997,0.0,True,0.0,-0.49455157457417376,-2.704255027110128
d_trust,Trust,qwen3_vl_2b,Qwen3-VL-2B-Thinking,german,Qwen3-VL-2B-Thinking (german),culture/qwen3_vl_2b/german,fa,1,marital_status,Married,367,0.3453809902829984,0.8602340657183062,0.8598521915809244,0.999999999999997,0.0,True,0.0,-0.5148530754353078,-3.683680705755078
d_trust,Trust,qwen3_vl_2b,Qwen3-VL-2B-Thinking,german,Qwen3-VL-2B-Thinking (german),culture/qwen3_vl_2b/german,fa,1,marital_status,Divorced or separated,75,0.4103295292141219,0.8789533413548559,0.8773175756974891,0.9999999999999983,0.0,True,0.0,-0.468623812140734,-3.8714312099645336
d_trust,Trust,qwen3_vl_2b,Qwen3-VL-2B-Thinking,german,Qwen3-VL-2B-Thinking (german),culture/qwen3_vl_2b/german,fa,1,marital_status,Widowed,67,0.3593758825221025,0.8857928658993206,0.884062454776583,0.9999999999999998,0.0,True,0.0,-0.5264169833772181,-4.609317863743562
d_trust,Trust,qwen3_vl_2b,Qwen3-VL-2B-Thinking,global,Qwen3-VL-2B-Thinking (distribution-matched),culture/qwen3_vl_2b/global,ntp,1,population,every retained cell,687,0.7906330399564265,0.8675389774462544,0.8673458855766425,0.9999999999999867,0.0,True,0.0,-0.07690593748982788,-0.5805929624212555
d_trust,Trust,qwen3_vl_2b,Qwen3-VL-2B-Thinking,global,Qwen3-VL-2B-Thinking (distribution-matched),culture/qwen3_vl_2b/global,ntp,1,country,Australia,136,0.8533749953963456,0.8860174330152338,0.8851731177042356,0.9999999999999988,0.0,True,0.0,-0.03264243761888819,-0.28638096581252526
d_trust,Trust,qwen3_vl_2b,Qwen3-VL-2B-Thinking,global,Qwen3-VL-2B-Thinking (distribution-matched),culture/qwen3_vl_2b/global,ntp,1,country,Germany,144,0.8291948467366475,0.8757528949988564,0.8748840341247226,0.999999999999999,0.0,True,0.0,-0.046558048262208995,-0.374721392999704
d_trust,Trust,qwen3_vl_2b,Qwen3-VL-2B-Thinking,global,Qwen3-VL-2B-Thinking (distribution-matched),culture/qwen3_vl_2b/global,ntp,1,country,Mexico,131,0.7073406869307024,0.9150443202476273,0.9143908150187628,0.999999999999999,0.0,True,0.0,-0.20770363331692487,-2.444846935747388
d_trust,Trust,qwen3_vl_2b,Qwen3-VL-2B-Thinking,global,Qwen3-VL-2B-Thinking (distribution-matched),culture/qwen3_vl_2b/global,ntp,1,country,Russia,136,0.7536030974153403,0.9417558248667524,0.9413243865324321,0.9999999999999976,0.0,True,0.0,-0.1881527274514121,-3.2304127755430856
d_trust,Trust,qwen3_vl_2b,Qwen3-VL-2B-Thinking,global,Qwen3-VL-2B-Thinking (distribution-matched),culture/qwen3_vl_2b/global,ntp,1,country,United States,140,0.8039299279262608,0.8834964872671117,0.8826583324992492,0.999999999999998,0.0,True,0.0,-0.07956655934085088,-0.6829541657106593
d_trust,Trust,qwen3_vl_2b,Qwen3-VL-2B-Thinking,global,Qwen3-VL-2B-Thinking (distribution-matched),culture/qwen3_vl_2b/global,ntp,1,wave,1995-1997,221,0.7837796931679233,0.8935378012465901,0.8930538821613473,0.9999999999999992,0.0,True,0.0,-0.10975810807866682,-1.0309584938489855
d_trust,Trust,qwen3_vl_2b,Qwen3-VL-2B-Thinking,global,Qwen3-VL-2B-Thinking (distribution-matched),culture/qwen3_vl_2b/global,ntp,1,wave,2005-2006,221,0.7843370088012144,0.8798832233321083,0.879337237983618,0.999999999999997,0.0,True,0.0,-0.09554621453089396,-0.7954443765592184
d_trust,Trust,qwen3_vl_2b,Qwen3-VL-2B-Thinking,global,Qwen3-VL-2B-Thinking (distribution-matched),culture/qwen3_vl_2b/global,ntp,1,wave,2017-2018,245,0.8024943155709618,0.8348749899536092,0.8341982481091568,0.9999999999999956,0.0,True,0.0,-0.032380674382647356,-0.1960979404243501
d_trust,Trust,qwen3_vl_2b,Qwen3-VL-2B-Thinking,global,Qwen3-VL-2B-Thinking (distribution-matched),culture/qwen3_vl_2b/global,ntp,1,sex,Female,374,0.8040477330562255,0.8685821026878489,0.8682297758854035,0.9999999999999922,0.0,True,0.0,-0.0645343696316234,-0.4910622597950853
d_trust,Trust,qwen3_vl_2b,Qwen3-VL-2B-Thinking,global,Qwen3-VL-2B-Thinking (distribution-matched),culture/qwen3_vl_2b/global,ntp,1,sex,Male,313,0.7746039817477213,0.8672003061325546,0.8667746660881077,0.9999999999999966,0.0,True,0.0,-0.09259632438483334,-0.6972630861427948
d_trust,Trust,qwen3_vl_2b,Qwen3-VL-2B-Thinking,global,Qwen3-VL-2B-Thinking (distribution-matched),culture/qwen3_vl_2b/global,ntp,1,age,<25,79,0.8239310114365277,0.9045758247569278,0.903352437894837,0.9999999999999983,0.0,True,0.0,-0.08064481332040008,-0.8451193119036664
d_trust,Trust,qwen3_vl_2b,Qwen3-VL-2B-Thinking,global,Qwen3-VL-2B-Thinking (distribution-matched),culture/qwen3_vl_2b/global,ntp,1,age,25-34,160,0.7614261425394446,0.8703821157854602,0.8695669089665009,0.9999999999999979,0.0,True,0.0,-0.10895597324601558,-0.8405936719787432
d_trust,Trust,qwen3_vl_2b,Qwen3-VL-2B-Thinking,global,Qwen3-VL-2B-Thinking (distribution-matched),culture/qwen3_vl_2b/global,ntp,1,age,35-44,114,0.7597105402658512,0.8575607091529529,0.8563001844551913,0.999999999999998,0.0,True,0.0,-0.09785016888710174,-0.6869605170400234
d_trust,Trust,qwen3_vl_2b,Qwen3-VL-2B-Thinking,global,Qwen3-VL-2B-Thinking (distribution-matched),culture/qwen3_vl_2b/global,ntp,1,age,45-54,117,0.7794756572453998,0.862221130915165,0.8610333820437439,0.9999999999999997,0.0,True,0.0,-0.08274547366976515,-0.6005672293536971
d_trust,Trust,qwen3_vl_2b,Qwen3-VL-2B-Thinking,global,Qwen3-VL-2B-Thinking (distribution-matched),culture/qwen3_vl_2b/global,ntp,1,age,55-64,99,0.7827259280711638,0.8589061356971772,0.8574664023879647,0.9999999999999996,0.0,True,0.0,-0.07618020762601341,-0.5399257296016189
d_trust,Trust,qwen3_vl_2b,Qwen3-VL-2B-Thinking,global,Qwen3-VL-2B-Thinking (distribution-matched),culture/qwen3_vl_2b/global,ntp,1,age,65-74,88,0.8447406771416239,0.8661090282378184,0.8645700515508968,0.9999999999999973,0.0,True,0.0,-0.021368351096194504,-0.15959516026330123
d_trust,Trust,qwen3_vl_2b,Qwen3-VL-2B-Thinking,global,Qwen3-VL-2B-Thinking (distribution-matched),culture/qwen3_vl_2b/global,ntp,1,age,75+,28,0.889881414252412,0.8864985673062961,0.8822948105398626,0.9999999999999998,0.0,True,0.0,0.0033828469461159028,0.02980444269144061
d_trust,Trust,qwen3_vl_2b,Qwen3-VL-2B-Thinking,global,Qwen3-VL-2B-Thinking (distribution-matched),culture/qwen3_vl_2b/global,ntp,1,education,Low,51,0.8029721913887264,0.9064377883625628,0.9045665441298141,0.9999999999999999,0.0,True,0.0,-0.1034655969738364,-1.105848132093925
d_trust,Trust,qwen3_vl_2b,Qwen3-VL-2B-Thinking,global,Qwen3-VL-2B-Thinking (distribution-matched),culture/qwen3_vl_2b/global,ntp,1,education,Middle,369,0.7884569961278036,0.898564010767781,0.8982883694926934,0.999999999999997,0.0,True,0.0,-0.11010701463997741,-1.0854827312612658
d_trust,Trust,qwen3_vl_2b,Qwen3-VL-2B-Thinking,global,Qwen3-VL-2B-Thinking (distribution-matched),culture/qwen3_vl_2b/global,ntp,1,education,High,267,0.7912834648617245,0.8516867513696661,0.8511291827657927,0.9999999999999954,0.0,True,0.0,-0.06040328650794158,-0.40726831261376295
d_trust,Trust,qwen3_vl_2b,Qwen3-VL-2B-Thinking,global,Qwen3-VL-2B-Thinking (distribution-matched),culture/qwen3_vl_2b/global,ntp,1,employment,Working,377,0.7676341708977055,0.859974305640557,0.8596018968789627,0.999999999999993,0.0,True,0.0,-0.09234013474285152,-0.6594513611610191
d_trust,Trust,qwen3_vl_2b,Qwen3-VL-2B-Thinking,global,Qwen3-VL-2B-Thinking (distribution-matched),culture/qwen3_vl_2b/global,ntp,1,employment,Student,39,0.8634104687765095,0.9050513079305547,0.9025526581392534,0.9999999999999999,0.0,True,0.0,-0.04164083915404515,-0.43856148248560495
d_trust,Trust,qwen3_vl_2b,Qwen3-VL-2B-Thinking,global,Qwen3-VL-2B-Thinking (distribution-matched),culture/qwen3_vl_2b/global,ntp,1,employment,Homemaker,75,0.7735073006247053,0.8671752848363762,0.8653803562530841,0.9999999999999981,0.0,True,0.0,-0.09366798421167088,-0.7051999629457769
d_trust,Trust,qwen3_vl_2b,Qwen3-VL-2B-Thinking,global,Qwen3-VL-2B-Thinking (distribution-matched),culture/qwen3_vl_2b/global,ntp,1,employment,Unemployed,34,0.7906018983399625,0.9096408136892207,0.9069026565282879,0.9999999999999999,0.0,True,0.0,-0.11903891534925815,-1.3173969378148052
d_trust,Trust,qwen3_vl_2b,Qwen3-VL-2B-Thinking,global,Qwen3-VL-2B-Thinking (distribution-matched),culture/qwen3_vl_2b/global,ntp,1,employment,Retired,157,0.8362324347905133,0.8788261678236169,0.8780494124891529,0.9999999999999977,0.0,True,0.0,-0.04259373303310354,-0.35150933388904654
d_trust,Trust,qwen3_vl_2b,Qwen3-VL-2B-Thinking,global,Qwen3-VL-2B-Thinking (distribution-matched),culture/qwen3_vl_2b/global,ntp,1,marital_status,Single,139,0.8307972862656655,0.8877485579754869,0.8869351417289325,0.9999999999999971,0.0,True,0.0,-0.056951271709821394,-0.5073544774363306
d_trust,Trust,qwen3_vl_2b,Qwen3-VL-2B-Thinking,global,Qwen3-VL-2B-Thinking (distribution-matched),culture/qwen3_vl_2b/global,ntp,1,marital_status,Cohabiting,39,0.8117363589846969,0.8171209558209934,0.8123083493952301,0.9999999999999997,0.0,True,0.0,-0.005384596836296551,-0.0294434874179787
d_trust,Trust,qwen3_vl_2b,Qwen3-VL-2B-Thinking,global,Qwen3-VL-2B-Thinking (distribution-matched),culture/qwen3_vl_2b/global,ntp,1,marital_status,Married,367,0.7398848544892961,0.8602340657183062,0.8598521915809244,0.999999999999997,0.0,True,0.0,-0.1203492112290101,-0.861076855726876
d_trust,Trust,qwen3_vl_2b,Qwen3-VL-2B-Thinking,global,Qwen3-VL-2B-Thinking (distribution-matched),culture/qwen3_vl_2b/global,ntp,1,marital_status,Divorced or separated,75,0.8747738852748649,0.8789533413548559,0.8773175756974891,0.9999999999999983,0.0,True,0.0,-0.00417945607999104,-0.03452764518055289
d_trust,Trust,qwen3_vl_2b,Qwen3-VL-2B-Thinking,global,Qwen3-VL-2B-Thinking (distribution-matched),culture/qwen3_vl_2b/global,ntp,1,marital_status,Widowed,67,0.8788145472469826,0.8857928658993206,0.884062454776583,0.9999999999999998,0.0,True,0.0,-0.006978318652338,-0.06110230072130395
d_trust,Trust,qwen3_vl_2b,Qwen3-VL-2B-Thinking,global,Qwen3-VL-2B-Thinking (distribution-matched),culture/qwen3_vl_2b/global,fa,1,population,every retained cell,687,0.7760362989144112,0.8675389774462544,0.8673458855766425,0.9999999999999867,0.0,True,0.0,-0.09150267853184324,-0.6907894621960687
d_trust,Trust,qwen3_vl_2b,Qwen3-VL-2B-Thinking,global,Qwen3-VL-2B-Thinking (distribution-matched),culture/qwen3_vl_2b/global,fa,1,country,Australia,136,0.8202182965215083,0.8860174330152338,0.8851731177042356,0.9999999999999988,0.0,True,0.0,-0.06579913649372549,-0.5772736852164382
d_trust,Trust,qwen3_vl_2b,Qwen3-VL-2B-Thinking,global,Qwen3-VL-2B-Thinking (distribution-matched),culture/qwen3_vl_2b/global,fa,1,country,Germany,144,0.8062321636370842,0.8757528949988564,0.8748840341247226,0.999999999999999,0.0,True,0.0,-0.06952073136177228,-0.559536025898812
d_trust,Trust,qwen3_vl_2b,Qwen3-VL-2B-Thinking,global,Qwen3-VL-2B-Thinking (distribution-matched),culture/qwen3_vl_2b/global,fa,1,country,Mexico,131,0.7152357026302258,0.9150443202476273,0.9143908150187628,0.999999999999999,0.0,True,0.0,-0.19980861761740143,-2.3519159425220297
d_trust,Trust,qwen3_vl_2b,Qwen3-VL-2B-Thinking,global,Qwen3-VL-2B-Thinking (distribution-matched),culture/qwen3_vl_2b/global,fa,1,country,Russia,136,0.76192093572758,0.9417558248667524,0.9413243865324321,0.9999999999999976,0.0,True,0.0,-0.17983488913917234,-3.0876029873846873
d_trust,Trust,qwen3_vl_2b,Qwen3-VL-2B-Thinking,global,Qwen3-VL-2B-Thinking (distribution-matched),culture/qwen3_vl_2b/global,fa,1,country,United States,140,0.772662094000177,0.8834964872671117,0.8826583324992492,0.999999999999998,0.0,True,0.0,-0.11083439326693467,-0.9513394975570273
d_trust,Trust,qwen3_vl_2b,Qwen3-VL-2B-Thinking,global,Qwen3-VL-2B-Thinking (distribution-matched),culture/qwen3_vl_2b/global,fa,1,wave,1995-1997,221,0.7621413765166765,0.8935378012465901,0.8930538821613473,0.9999999999999992,0.0,True,0.0,-0.13139642472991364,-1.234207317418429
d_trust,Trust,qwen3_vl_2b,Qwen3-VL-2B-Thinking,global,Qwen3-VL-2B-Thinking (distribution-matched),culture/qwen3_vl_2b/global,fa,1,wave,2005-2006,221,0.7700209830936763,0.8798832233321083,0.879337237983618,0.999999999999997,0.0,True,0.0,-0.10986224023843205,-0.9146286079769509
d_trust,Trust,qwen3_vl_2b,Qwen3-VL-2B-Thinking,global,Qwen3-VL-2B-Thinking (distribution-matched),culture/qwen3_vl_2b/global,fa,1,wave,2017-2018,245,0.7939961464502553,0.8348749899536092,0.8341982481091568,0.9999999999999956,0.0,True,0.0,-0.04087884350335391,-0.24756300388335642
d_trust,Trust,qwen3_vl_2b,Qwen3-VL-2B-Thinking,global,Qwen3-VL-2B-Thinking (distribution-matched),culture/qwen3_vl_2b/global,fa,1,sex,Female,374,0.79737491217349,0.8685821026878489,0.8682297758854035,0.9999999999999922,0.0,True,0.0,-0.07120719051435886,-0.5418378468286064
d_trust,Trust,qwen3_vl_2b,Qwen3-VL-2B-Thinking,global,Qwen3-VL-2B-Thinking (distribution-matched),culture/qwen3_vl_2b/global,fa,1,sex,Male,313,0.7505390421767261,0.8672003061325546,0.8667746660881077,0.9999999999999966,0.0,True,0.0,-0.11666126395582854,-0.8784753982360419
d_trust,Trust,qwen3_vl_2b,Qwen3-VL-2B-Thinking,global,Qwen3-VL-2B-Thinking (distribution-matched),culture/qwen3_vl_2b/global,fa,1,age,<25,79,0.8106211129128823,0.9045758247569278,0.903352437894837,0.9999999999999983,0.0,True,0.0,-0.09395471184404547,-0.9846007220362804
d_trust,Trust,qwen3_vl_2b,Qwen3-VL-2B-Thinking,global,Qwen3-VL-2B-Thinking (distribution-matched),culture/qwen3_vl_2b/global,fa,1,age,25-34,160,0.7491962510735932,0.8703821157854602,0.8695669089665009,0.9999999999999979,0.0,True,0.0,-0.12118586471186699,-0.9349470981279376
d_trust,Trust,qwen3_vl_2b,Qwen3-VL-2B-Thinking,global,Qwen3-VL-2B-Thinking (distribution-matched),culture/qwen3_vl_2b/global,fa,1,age,35-44,114,0.7262524965676327,0.8575607091529529,0.8563001844551913,0.999999999999998,0.0,True,0.0,-0.13130821258532022,-0.9218538775675347
d_trust,Trust,qwen3_vl_2b,Qwen3-VL-2B-Thinking,global,Qwen3-VL-2B-Thinking (distribution-matched),culture/qwen3_vl_2b/global,fa,1,age,45-54,117,0.7712289882292906,0.862221130915165,0.8610333820437439,0.9999999999999997,0.0,True,0.0,-0.0909921426858743,-0.6604216110225684
d_trust,Trust,qwen3_vl_2b,Qwen3-VL-2B-Thinking,global,Qwen3-VL-2B-Thinking (distribution-matched),culture/qwen3_vl_2b/global,fa,1,age,55-64,99,0.7666192414931706,0.8589061356971772,0.8574664023879647,0.9999999999999996,0.0,True,0.0,-0.0922868942040066,-0.6540815552824877
d_trust,Trust,qwen3_vl_2b,Qwen3-VL-2B-Thinking,global,Qwen3-VL-2B-Thinking (distribution-matched),culture/qwen3_vl_2b/global,fa,1,age,65-74,88,0.8386527877079123,0.8661090282378184,0.8645700515508968,0.9999999999999973,0.0,True,0.0,-0.02745624052990614,-0.205064166527032
d_trust,Trust,qwen3_vl_2b,Qwen3-VL-2B-Thinking,global,Qwen3-VL-2B-Thinking (distribution-matched),culture/qwen3_vl_2b/global,fa,1,age,75+,28,0.8827963155951817,0.8864985673062961,0.8822948105398626,0.9999999999999998,0.0,True,0.0,-0.0037022517111143793,-0.03261854606809512
d_trust,Trust,qwen3_vl_2b,Qwen3-VL-2B-Thinking,global,Qwen3-VL-2B-Thinking (distribution-matched),culture/qwen3_vl_2b/global,fa,1,education,Low,51,0.8344243862738027,0.9064377883625628,0.9045665441298141,0.9999999999999999,0.0,True,0.0,-0.07201340208876017,-0.7696846924463397
d_trust,Trust,qwen3_vl_2b,Qwen3-VL-2B-Thinking,global,Qwen3-VL-2B-Thinking (distribution-matched),culture/qwen3_vl_2b/global,fa,1,education,Middle,369,0.7828250652815166,0.898564010767781,0.8982883694926934,0.999999999999997,0.0,True,0.0,-0.1157389454862644,-1.1410047495204236
d_trust,Trust,qwen3_vl_2b,Qwen3-VL-2B-Thinking,global,Qwen3-VL-2B-Thinking (distribution-matched),culture/qwen3_vl_2b/global,fa,1,education,High,267,0.7555012905069548,0.8516867513696661,0.8511291827657927,0.9999999999999954,0.0,True,0.0,-0.09618546086271129,-0.6485291216461081
d_trust,Trust,qwen3_vl_2b,Qwen3-VL-2B-Thinking,global,Qwen3-VL-2B-Thinking (distribution-matched),culture/qwen3_vl_2b/global,fa,1,employment,Working,377,0.7438304800408098,0.859974305640557,0.8596018968789627,0.999999999999993,0.0,True,0.0,-0.11614382559974723,-0.8294465250185332
d_trust,Trust,qwen3_vl_2b,Qwen3-VL-2B-Thinking,global,Qwen3-VL-2B-Thinking (distribution-matched),culture/qwen3_vl_2b/global,fa,1,employment,Student,39,0.8448457902609392,0.9050513079305547,0.9025526581392534,0.9999999999999999,0.0,True,0.0,-0.06020551766961546,-0.6340847499571793
d_trust,Trust,qwen3_vl_2b,Qwen3-VL-2B-Thinking,global,Qwen3-VL-2B-Thinking (distribution-matched),culture/qwen3_vl_2b/global,fa,1,employment,Homemaker,75,0.7823338433929455,0.8671752848363762,0.8653803562530841,0.9999999999999981,0.0,True,0.0,-0.08484144144343064,-0.6387473998262775
d_trust,Trust,qwen3_vl_2b,Qwen3-VL-2B-Thinking,global,Qwen3-VL-2B-Thinking (distribution-matched),culture/qwen3_vl_2b/global,fa,1,employment,Unemployed,34,0.8097175488260178,0.9096408136892207,0.9069026565282879,0.9999999999999999,0.0,True,0.0,-0.09992326486320291,-1.1058451159523406
d_trust,Trust,qwen3_vl_2b,Qwen3-VL-2B-Thinking,global,Qwen3-VL-2B-Thinking (distribution-matched),culture/qwen3_vl_2b/global,fa,1,employment,Retired,157,0.825918830414647,0.8788261678236169,0.8780494124891529,0.9999999999999977,0.0,True,0.0,-0.05290733740896991,-0.43662345622573784
d_trust,Trust,qwen3_vl_2b,Qwen3-VL-2B-Thinking,global,Qwen3-VL-2B-Thinking (distribution-matched),culture/qwen3_vl_2b/global,fa,1,marital_status,Single,139,0.8289624796445384,0.8877485579754869,0.8869351417289325,0.9999999999999971,0.0,True,0.0,-0.05878607833094851,-0.5236999834542081
d_trust,Trust,qwen3_vl_2b,Qwen3-VL-2B-Thinking,global,Qwen3-VL-2B-Thinking (distribution-matched),culture/qwen3_vl_2b/global,fa,1,marital_status,Cohabiting,39,0.8374820794652919,0.8171209558209934,0.8123083493952301,0.9999999999999997,0.0,True,0.0,0.02036112364429843,0.11133655983223782
d_trust,Trust,qwen3_vl_2b,Qwen3-VL-2B-Thinking,global,Qwen3-VL-2B-Thinking (distribution-matched),culture/qwen3_vl_2b/global,fa,1,marital_status,Married,367,0.7060899245501022,0.8602340657183062,0.8598521915809244,0.999999999999997,0.0,True,0.0,-0.15414414116820396,-1.102873471711149
d_trust,Trust,qwen3_vl_2b,Qwen3-VL-2B-Thinking,global,Qwen3-VL-2B-Thinking (distribution-matched),culture/qwen3_vl_2b/global,fa,1,marital_status,Divorced or separated,75,0.8849326610169094,0.8789533413548559,0.8773175756974891,0.9999999999999983,0.0,True,0.0,0.0059793196620534506,0.0493968171362929
d_trust,Trust,qwen3_vl_2b,Qwen3-VL-2B-Thinking,global,Qwen3-VL-2B-Thinking (distribution-matched),culture/qwen3_vl_2b/global,fa,1,marital_status,Widowed,67,0.8917074581836948,0.8857928658993206,0.884062454776583,0.9999999999999998,0.0,True,0.0,0.005914592284374187,0.0517882909062421
d_trust,Trust,qwen3_vl_2b,Qwen3-VL-2B-Thinking,spanish-mx,Qwen3-VL-2B-Thinking (spanish-mx),culture/qwen3_vl_2b/spanish-mx,ntp,1,population,every retained cell,687,0.801537942699747,0.8675389774462544,0.8673458855766425,0.9999999999999867,0.0,True,0.0,-0.06600103474650743,-0.49826759203619875
d_trust,Trust,qwen3_vl_2b,Qwen3-VL-2B-Thinking,spanish-mx,Qwen3-VL-2B-Thinking (spanish-mx),culture/qwen3_vl_2b/spanish-mx,ntp,1,country,Australia,136,0.677367183852531,0.8860174330152338,0.8851731177042356,0.9999999999999988,0.0,True,0.0,-0.2086502491627028,-1.830545272687086
d_trust,Trust,qwen3_vl_2b,Qwen3-VL-2B-Thinking,spanish-mx,Qwen3-VL-2B-Thinking (spanish-mx),culture/qwen3_vl_2b/spanish-mx,ntp,1,country,Germany,144,0.7605690650775052,0.8757528949988564,0.8748840341247226,0.999999999999999,0.0,True,0.0,-0.11518382992135123,-0.9270544365624542
d_trust,Trust,qwen3_vl_2b,Qwen3-VL-2B-Thinking,spanish-mx,Qwen3-VL-2B-Thinking (spanish-mx),culture/qwen3_vl_2b/spanish-mx,ntp,1,country,Mexico,131,0.913256280479566,0.9150443202476273,0.9143908150187628,0.999999999999999,0.0,True,0.0,-0.0017880397680613003,-0.021046736054293795
d_trust,Trust,qwen3_vl_2b,Qwen3-VL-2B-Thinking,spanish-mx,Qwen3-VL-2B-Thinking (spanish-mx),culture/qwen3_vl_2b/spanish-mx,ntp,1,country,Russia,136,0.8913202991550359,0.9417558248667524,0.9413243865324321,0.9999999999999976,0.0,True,0.0,-0.0504355257117165,-0.8659325262368818
d_trust,Trust,qwen3_vl_2b,Qwen3-VL-2B-Thinking,spanish-mx,Qwen3-VL-2B-Thinking (spanish-mx),culture/qwen3_vl_2b/spanish-mx,ntp,1,country,United States,140,0.7725467916550943,0.8834964872671117,0.8826583324992492,0.999999999999998,0.0,True,0.0,-0.1109496956120174,-0.9523291874159682
d_trust,Trust,qwen3_vl_2b,Qwen3-VL-2B-Thinking,spanish-mx,Qwen3-VL-2B-Thinking (spanish-mx),culture/qwen3_vl_2b/spanish-mx,ntp,1,wave,1995-1997,221,0.8154838602269412,0.8935378012465901,0.8930538821613473,0.9999999999999992,0.0,True,0.0,-0.07805394101964891,-0.7331610837799731
d_trust,Trust,qwen3_vl_2b,Qwen3-VL-2B-Thinking,spanish-mx,Qwen3-VL-2B-Thinking (spanish-mx),culture/qwen3_vl_2b/spanish-mx,ntp,1,wave,2005-2006,221,0.8172979571712943,0.8798832233321083,0.879337237983618,0.999999999999997,0.0,True,0.0,-0.06258526616081406,-0.5210368434532233
d_trust,Trust,qwen3_vl_2b,Qwen3-VL-2B-Thinking,spanish-mx,Qwen3-VL-2B-Thinking (spanish-mx),culture/qwen3_vl_2b/spanish-mx,ntp,1,wave,2017-2018,245,0.7747419795498619,0.8348749899536092,0.8341982481091568,0.9999999999999956,0.0,True,0.0,-0.0601330104037473,-0.3641665813485996
d_trust,Trust,qwen3_vl_2b,Qwen3-VL-2B-Thinking,spanish-mx,Qwen3-VL-2B-Thinking (spanish-mx),culture/qwen3_vl_2b/spanish-mx,ntp,1,sex,Female,374,0.7985583497823776,0.8685821026878489,0.8682297758854035,0.9999999999999922,0.0,True,0.0,-0.07002375290547125,-0.5328326988762186
d_trust,Trust,qwen3_vl_2b,Qwen3-VL-2B-Thinking,spanish-mx,Qwen3-VL-2B-Thinking (spanish-mx),culture/qwen3_vl_2b/spanish-mx,ntp,1,sex,Male,313,0.8050982230546868,0.8672003061325546,0.8667746660881077,0.9999999999999966,0.0,True,0.0,-0.0621020830778678,-0.4676372457594313
d_trust,Trust,qwen3_vl_2b,Qwen3-VL-2B-Thinking,spanish-mx,Qwen3-VL-2B-Thinking (spanish-mx),culture/qwen3_vl_2b/spanish-mx,ntp,1,age,<25,79,0.8381949260564575,0.9045758247569278,0.903352437894837,0.9999999999999983,0.0,True,0.0,-0.06638089870047026,-0.6956402665402077
d_trust,Trust,qwen3_vl_2b,Qwen3-VL-2B-Thinking,spanish-mx,Qwen3-VL-2B-Thinking (spanish-mx),culture/qwen3_vl_2b/spanish-mx,ntp,1,age,25-34,160,0.8212633315282527,0.8703821157854602,0.8695669089665009,0.9999999999999979,0.0,True,0.0,-0.049118784257207504,-0.3789506714668132
d_trust,Trust,qwen3_vl_2b,Qwen3-VL-2B-Thinking,spanish-mx,Qwen3-VL-2B-Thinking (spanish-mx),culture/qwen3_vl_2b/spanish-mx,ntp,1,age,35-44,114,0.8058870812481818,0.8575607091529529,0.8563001844551913,0.999999999999998,0.0,True,0.0,-0.05167362790477115,-0.3627765035720296
d_trust,Trust,qwen3_vl_2b,Qwen3-VL-2B-Thinking,spanish-mx,Qwen3-VL-2B-Thinking (spanish-mx),culture/qwen3_vl_2b/spanish-mx,ntp,1,age,45-54,117,0.8035367378466562,0.862221130915165,0.8610333820437439,0.9999999999999997,0.0,True,0.0,-0.0586843930685087,-0.4259317372707912
d_trust,Trust,qwen3_vl_2b,Qwen3-VL-2B-Thinking,spanish-mx,Qwen3-VL-2B-Thinking (spanish-mx),culture/qwen3_vl_2b/spanish-mx,ntp,1,age,55-64,99,0.7902593176799142,0.8589061356971772,0.8574664023879647,0.9999999999999996,0.0,True,0.0,-0.06864681801726302,-0.48653297828692077
d_trust,Trust,qwen3_vl_2b,Qwen3-VL-2B-Thinking,spanish-mx,Qwen3-VL-2B-Thinking (spanish-mx),culture/qwen3_vl_2b/spanish-mx,ntp,1,age,65-74,88,0.7570370061887359,0.8661090282378184,0.8645700515508968,0.9999999999999973,0.0,True,0.0,-0.1090720220490825,-0.8146331348077545
d_trust,Trust,qwen3_vl_2b,Qwen3-VL-2B-Thinking,spanish-mx,Qwen3-VL-2B-Thinking (spanish-mx),culture/qwen3_vl_2b/spanish-mx,ntp,1,age,75+,28,0.7279982608826212,0.8864985673062961,0.8822948105398626,0.9999999999999998,0.0,True,0.0,-0.15850030642367485,-1.3964608433745969
d_trust,Trust,qwen3_vl_2b,Qwen3-VL-2B-Thinking,spanish-mx,Qwen3-VL-2B-Thinking (spanish-mx),culture/qwen3_vl_2b/spanish-mx,ntp,1,education,Low,51,0.8948248054324232,0.9064377883625628,0.9045665441298141,0.9999999999999999,0.0,True,0.0,-0.011612982930139681,-0.12412044058066028
d_trust,Trust,qwen3_vl_2b,Qwen3-VL-2B-Thinking,spanish-mx,Qwen3-VL-2B-Thinking (spanish-mx),culture/qwen3_vl_2b/spanish-mx,ntp,1,education,Middle,369,0.8332850934503566,0.898564010767781,0.8982883694926934,0.999999999999997,0.0,True,0.0,-0.06527891731742441,-0.6435478947021493
d_trust,Trust,qwen3_vl_2b,Qwen3-VL-2B-Thinking,spanish-mx,Qwen3-VL-2B-Thinking (spanish-mx),culture/qwen3_vl_2b/spanish-mx,ntp,1,education,High,267,0.7398438279943484,0.8516867513696661,0.8511291827657927,0.9999999999999954,0.0,True,0.0,-0.11184292337531765,-0.7540993431684758
d_trust,Trust,qwen3_vl_2b,Qwen3-VL-2B-Thinking,spanish-mx,Qwen3-VL-2B-Thinking (spanish-mx),culture/qwen3_vl_2b/spanish-mx,ntp,1,employment,Working,377,0.7938818353303427,0.859974305640557,0.8596018968789627,0.999999999999993,0.0,True,0.0,-0.06609247031021426,-0.4720024464978283
d_trust,Trust,qwen3_vl_2b,Qwen3-VL-2B-Thinking,spanish-mx,Qwen3-VL-2B-Thinking (spanish-mx),culture/qwen3_vl_2b/spanish-mx,ntp,1,employment,Student,39,0.8165183478462071,0.9050513079305547,0.9025526581392534,0.9999999999999999,0.0,True,0.0,-0.08853296008434752,-0.9324294853855875
d_trust,Trust,qwen3_vl_2b,Qwen3-VL-2B-Thinking,spanish-mx,Qwen3-VL-2B-Thinking (spanish-mx),culture/qwen3_vl_2b/spanish-mx,ntp,1,employment,Homemaker,75,0.8680231450793638,0.8671752848363762,0.8653803562530841,0.9999999999999981,0.0,True,0.0,0.0008478602429876636,0.006383301796982613
d_trust,Trust,qwen3_vl_2b,Qwen3-VL-2B-Thinking,spanish-mx,Qwen3-VL-2B-Thinking (spanish-mx),culture/qwen3_vl_2b/spanish-mx,ntp,1,employment,Unemployed,34,0.8800573376923788,0.9096408136892207,0.9069026565282879,0.9999999999999999,0.0,True,0.0,-0.029583475996841857,-0.3273986542452156
d_trust,Trust,qwen3_vl_2b,Qwen3-VL-2B-Thinking,spanish-mx,Qwen3-VL-2B-Thinking (spanish-mx),culture/qwen3_vl_2b/spanish-mx,ntp,1,employment,Retired,157,0.7651322621379977,0.8788261678236169,0.8780494124891529,0.9999999999999977,0.0,True,0.0,-0.11369390568561921,-0.9382711072480074
d_trust,Trust,qwen3_vl_2b,Qwen3-VL-2B-Thinking,spanish-mx,Qwen3-VL-2B-Thinking (spanish-mx),culture/qwen3_vl_2b/spanish-mx,ntp,1,marital_status,Single,139,0.8113186531719866,0.8877485579754869,0.8869351417289325,0.9999999999999971,0.0,True,0.0,-0.07642990480350031,-0.6808812735502303
d_trust,Trust,qwen3_vl_2b,Qwen3-VL-2B-Thinking,spanish-mx,Qwen3-VL-2B-Thinking (spanish-mx),culture/qwen3_vl_2b/spanish-mx,ntp,1,marital_status,Cohabiting,39,0.8018942456219906,0.8171209558209934,0.8123083493952301,0.9999999999999997,0.0,True,0.0,-0.015226710199002791,-0.08326109898134915
d_trust,Trust,qwen3_vl_2b,Qwen3-VL-2B-Thinking,spanish-mx,Qwen3-VL-2B-Thinking (spanish-mx),culture/qwen3_vl_2b/spanish-mx,ntp,1,marital_status,Married,367,0.8110868233415849,0.8602340657183062,0.8598521915809244,0.999999999999997,0.0,True,0.0,-0.0491472423767213,-0.35163963686363364
d_trust,Trust,qwen3_vl_2b,Qwen3-VL-2B-Thinking,spanish-mx,Qwen3-VL-2B-Thinking (spanish-mx),culture/qwen3_vl_2b/spanish-mx,ntp,1,marital_status,Divorced or separated,75,0.7738852849393687,0.8789533413548559,0.8773175756974891,0.9999999999999983,0.0,True,0.0,-0.10506805641548722,-0.8679963378708442
d_trust,Trust,qwen3_vl_2b,Qwen3-VL-2B-Thinking,spanish-mx,Qwen3-VL-2B-Thinking (spanish-mx),culture/qwen3_vl_2b/spanish-mx,ntp,1,marital_status,Widowed,67,0.7596886228022106,0.8857928658993206,0.884062454776583,0.9999999999999998,0.0,True,0.0,-0.12610424309711,-1.1041713294893005
d_trust,Trust,qwen3_vl_2b,Qwen3-VL-2B-Thinking,spanish-mx,Qwen3-VL-2B-Thinking (spanish-mx),culture/qwen3_vl_2b/spanish-mx,fa,1,population,every retained cell,687,0.7409690147048145,0.8675389774462544,0.8673458855766425,0.9999999999999867,0.0,True,0.0,-0.12656996274143995,-0.955526088363727
d_trust,Trust,qwen3_vl_2b,Qwen3-VL-2B-Thinking,spanish-mx,Qwen3-VL-2B-Thinking (spanish-mx),culture/qwen3_vl_2b/spanish-mx,fa,1,country,Australia,136,0.6055846659754427,0.8860174330152338,0.8851731177042356,0.9999999999999988,0.0,True,0.0,-0.28043276703979114,-2.4603127869305763
d_trust,Trust,qwen3_vl_2b,Qwen3-VL-2B-Thinking,spanish-mx,Qwen3-VL-2B-Thinking (spanish-mx),culture/qwen3_vl_2b/spanish-mx,fa,1,country,Germany,144,0.6959412659294915,0.8757528949988564,0.8748840341247226,0.999999999999999,0.0,True,0.0,-0.179811629069365,-1.4472098087734924
d_trust,Trust,qwen3_vl_2b,Qwen3-VL-2B-Thinking,spanish-mx,Qwen3-VL-2B-Thinking (spanish-mx),culture/qwen3_vl_2b/spanish-mx,fa,1,country,Mexico,131,0.8855845745784162,0.9150443202476273,0.9143908150187628,0.999999999999999,0.0,True,0.0,-0.029459745669211057,-0.34676605207656264
d_trust,Trust,qwen3_vl_2b,Qwen3-VL-2B-Thinking,spanish-mx,Qwen3-VL-2B-Thinking (spanish-mx),culture/qwen3_vl_2b/spanish-mx,fa,1,country,Russia,136,0.8263607402641044,0.9417558248667524,0.9413243865324321,0.9999999999999976,0.0,True,0.0,-0.11539508460264791,-1.9812296137537142
d_trust,Trust,qwen3_vl_2b,Qwen3-VL-2B-Thinking,spanish-mx,Qwen3-VL-2B-Thinking (spanish-mx),culture/qwen3_vl_2b/spanish-mx,fa,1,country,United States,140,0.7005286877857849,0.8834964872671117,0.8826583324992492,0.999999999999998,0.0,True,0.0,-0.1829677994813268,-1.5704916975406873
d_trust,Trust,qwen3_vl_2b,Qwen3-VL-2B-Thinking,spanish-mx,Qwen3-VL-2B-Thinking (spanish-mx),culture/qwen3_vl_2b/spanish-mx,fa,1,wave,1995-1997,221,0.7512518482035037,0.8935378012465901,0.8930538821613473,0.9999999999999992,0.0,True,0.0,-0.14228595304308644,-1.336492714871053
d_trust,Trust,qwen3_vl_2b,Qwen3-VL-2B-Thinking,spanish-mx,Qwen3-VL-2B-Thinking (spanish-mx),culture/qwen3_vl_2b/spanish-mx,fa,1,wave,2005-2006,221,0.7557211136397756,0.8798832233321083,0.879337237983618,0.999999999999997,0.0,True,0.0,-0.12416210969233277,-1.0336783348393201
d_trust,Trust,qwen3_vl_2b,Qwen3-VL-2B-Thinking,spanish-mx,Qwen3-VL-2B-Thinking (spanish-mx),culture/qwen3_vl_2b/spanish-mx,fa,1,wave,2017-2018,245,0.7183864838156852,0.8348749899536092,0.8341982481091568,0.9999999999999956,0.0,True,0.0,-0.11648850613792405,-0.7054564666200315
d_trust,Trust,qwen3_vl_2b,Qwen3-VL-2B-Thinking,spanish-mx,Qwen3-VL-2B-Thinking (spanish-mx),culture/qwen3_vl_2b/spanish-mx,fa,1,sex,Female,374,0.7404968046412996,0.8685821026878489,0.8682297758854035,0.9999999999999922,0.0,True,0.0,-0.12808529804654922,-0.9746412069150205
d_trust,Trust,qwen3_vl_2b,Qwen3-VL-2B-Thinking,spanish-mx,Qwen3-VL-2B-Thinking (spanish-mx),culture/qwen3_vl_2b/spanish-mx,fa,1,sex,Male,313,0.7415332529276726,0.8672003061325546,0.8667746660881077,0.9999999999999966,0.0,True,0.0,-0.12566705320488203,-0.9462902326440388
d_trust,Trust,qwen3_vl_2b,Qwen3-VL-2B-Thinking,spanish-mx,Qwen3-VL-2B-Thinking (spanish-mx),culture/qwen3_vl_2b/spanish-mx,fa,1,age,<25,79,0.776286170442344,0.9045758247569278,0.903352437894837,0.9999999999999983,0.0,True,0.0,-0.12828965431458372,-1.344414599212347
d_trust,Trust,qwen3_vl_2b,Qwen3-VL-2B-Thinking,spanish-mx,Qwen3-VL-2B-Thinking (spanish-mx),culture/qwen3_vl_2b/spanish-mx,fa,1,age,25-34,160,0.7580410156702639,0.8703821157854602,0.8695669089665009,0.9999999999999979,0.0,True,0.0,-0.11234110011519627,-0.8667098741501791
d_trust,Trust,qwen3_vl_2b,Qwen3-VL-2B-Thinking,spanish-mx,Qwen3-VL-2B-Thinking (spanish-mx),culture/qwen3_vl_2b/spanish-mx,fa,1,age,35-44,114,0.7466179723646126,0.8575607091529529,0.8563001844551913,0.999999999999998,0.0,True,0.0,-0.11094273678834032,-0.7788773457702193
d_trust,Trust,qwen3_vl_2b,Qwen3-VL-2B-Thinking,spanish-mx,Qwen3-VL-2B-Thinking (spanish-mx),culture/qwen3_vl_2b/spanish-mx,fa,1,age,45-54,117,0.7471572210062214,0.862221130915165,0.8610333820437439,0.9999999999999997,0.0,True,0.0,-0.11506390990894355,-0.8351346666816872
d_trust,Trust,qwen3_vl_2b,Qwen3-VL-2B-Thinking,spanish-mx,Qwen3-VL-2B-Thinking (spanish-mx),culture/qwen3_vl_2b/spanish-mx,fa,1,age,55-64,99,0.732353865136148,0.8589061356971772,0.8574664023879647,0.9999999999999996,0.0,True,0.0,-0.12655227056102925,-0.896936739144208
d_trust,Trust,qwen3_vl_2b,Qwen3-VL-2B-Thinking,spanish-mx,Qwen3-VL-2B-Thinking (spanish-mx),culture/qwen3_vl_2b/spanish-mx,fa,1,age,65-74,88,0.6932936521635229,0.8661090282378184,0.8645700515508968,0.9999999999999973,0.0,True,0.0,-0.17281537607429553,-1.2907171693491917
d_trust,Trust,qwen3_vl_2b,Qwen3-VL-2B-Thinking,spanish-mx,Qwen3-VL-2B-Thinking (spanish-mx),culture/qwen3_vl_2b/spanish-mx,fa,1,age,75+,28,0.6660820157119092,0.8864985673062961,0.8822948105398626,0.9999999999999998,0.0,True,0.0,-0.2204165515943869,-1.941971536070431
d_trust,Trust,qwen3_vl_2b,Qwen3-VL-2B-Thinking,spanish-mx,Qwen3-VL-2B-Thinking (spanish-mx),culture/qwen3_vl_2b/spanish-mx,fa,1,education,Low,51,0.8661503454432821,0.9064377883625628,0.9045665441298141,0.9999999999999999,0.0,True,0.0,-0.04028744291928077,-0.43059523940497046
d_trust,Trust,qwen3_vl_2b,Qwen3-VL-2B-Thinking,spanish-mx,Qwen3-VL-2B-Thinking (spanish-mx),culture/qwen3_vl_2b/spanish-mx,fa,1,education,Middle,369,0.7754136626090272,0.898564010767781,0.8982883694926934,0.999999999999997,0.0,True,0.0,-0.12315034815875381,-1.214069573244106
d_trust,Trust,qwen3_vl_2b,Qwen3-VL-2B-Thinking,spanish-mx,Qwen3-VL-2B-Thinking (spanish-mx),culture/qwen3_vl_2b/spanish-mx,fa,1,education,High,267,0.6694546965613076,0.8516867513696661,0.8511291827657927,0.9999999999999954,0.0,True,0.0,-0.18223205480835847,-1.2286970752192619
d_trust,Trust,qwen3_vl_2b,Qwen3-VL-2B-Thinking,spanish-mx,Qwen3-VL-2B-Thinking (spanish-mx),culture/qwen3_vl_2b/spanish-mx,fa,1,employment,Working,377,0.7329689262368528,0.859974305640557,0.8596018968789627,0.999999999999993,0.0,True,0.0,-0.12700537940370416,-0.9070148159928707
d_trust,Trust,qwen3_vl_2b,Qwen3-VL-2B-Thinking,spanish-mx,Qwen3-VL-2B-Thinking (spanish-mx),culture/qwen3_vl_2b/spanish-mx,fa,1,employment,Student,39,0.75109694742139,0.9050513079305547,0.9025526581392534,0.9999999999999999,0.0,True,0.0,-0.15395436050916467,-1.6214479331275324
d_trust,Trust,qwen3_vl_2b,Qwen3-VL-2B-Thinking,spanish-mx,Qwen3-VL-2B-Thinking (spanish-mx),culture/qwen3_vl_2b/spanish-mx,fa,1,employment,Homemaker,75,0.8259126296245161,0.8671752848363762,0.8653803562530841,0.9999999999999981,0.0,True,0.0,-0.04126265521186012,-0.3106549497285168
d_trust,Trust,qwen3_vl_2b,Qwen3-VL-2B-Thinking,spanish-mx,Qwen3-VL-2B-Thinking (spanish-mx),culture/qwen3_vl_2b/spanish-mx,fa,1,employment,Unemployed,34,0.815006482997677,0.9096408136892207,0.9069026565282879,0.9999999999999999,0.0,True,0.0,-0.0946343306915437,-1.0473127808617104
d_trust,Trust,qwen3_vl_2b,Qwen3-VL-2B-Thinking,spanish-mx,Qwen3-VL-2B-Thinking (spanish-mx),culture/qwen3_vl_2b/spanish-mx,fa,1,employment,Retired,157,0.6999807597104097,0.8788261678236169,0.8780494124891529,0.9999999999999977,0.0,True,0.0,-0.17884540811320715,-1.4759408438356239
d_trust,Trust,qwen3_vl_2b,Qwen3-VL-2B-Thinking,spanish-mx,Qwen3-VL-2B-Thinking (spanish-mx),culture/qwen3_vl_2b/spanish-mx,fa,1,marital_status,Single,139,0.7436602859684043,0.8877485579754869,0.8869351417289325,0.9999999999999971,0.0,True,0.0,-0.14408827200708263,-1.2836206770120344
d_trust,Trust,qwen3_vl_2b,Qwen3-VL-2B-Thinking,spanish-mx,Qwen3-VL-2B-Thinking (spanish-mx),culture/qwen3_vl_2b/spanish-mx,fa,1,marital_status,Cohabiting,39,0.7577598844388409,0.8171209558209934,0.8123083493952301,0.9999999999999997,0.0,True,0.0,-0.05936107138215252,-0.32459198181311805
d_trust,Trust,qwen3_vl_2b,Qwen3-VL-2B-Thinking,spanish-mx,Qwen3-VL-2B-Thinking (spanish-mx),culture/qwen3_vl_2b/spanish-mx,fa,1,marital_status,Married,367,0.7466937832517155,0.8602340657183062,0.8598521915809244,0.999999999999997,0.0,True,0.0,-0.11354028246659065,-0.8123602010040143
d_trust,Trust,qwen3_vl_2b,Qwen3-VL-2B-Thinking,spanish-mx,Qwen3-VL-2B-Thinking (spanish-mx),culture/qwen3_vl_2b/spanish-mx,fa,1,marital_status,Divorced or separated,75,0.7242556219482035,0.8789533413548559,0.8773175756974891,0.9999999999999983,0.0,True,0.0,-0.15469771940665245,-1.2780007406908982
d_trust,Trust,qwen3_vl_2b,Qwen3-VL-2B-Thinking,spanish-mx,Qwen3-VL-2B-Thinking (spanish-mx),culture/qwen3_vl_2b/spanish-mx,fa,1,marital_status,Widowed,67,0.712962802387906,0.8857928658993206,0.884062454776583,0.9999999999999998,0.0,True,0.0,-0.1728300635114146,-1.513303567875682
d_trust,Trust,qwen3_vl_2b,Qwen3-VL-2B-Thinking,subpop,Qwen3-VL-2B-Thinking (subgroup-matched),culture/qwen3_vl_2b/subpop,ntp,1,population,every retained cell,687,0.6045652401039734,0.8675389774462544,0.8673458855766425,0.9999999999999867,0.0,True,0.0,-0.262973737342281,-1.9852914636498473
d_trust,Trust,qwen3_vl_2b,Qwen3-VL-2B-Thinking,subpop,Qwen3-VL-2B-Thinking (subgroup-matched),culture/qwen3_vl_2b/subpop,ntp,1,country,Australia,136,0.7364144469478952,0.8860174330152338,0.8851731177042356,0.9999999999999988,0.0,True,0.0,-0.14960298606733868,-1.3125076055475502
d_trust,Trust,qwen3_vl_2b,Qwen3-VL-2B-Thinking,subpop,Qwen3-VL-2B-Thinking (subgroup-matched),culture/qwen3_vl_2b/subpop,ntp,1,country,Germany,144,0.6536247003025729,0.8757528949988564,0.8748840341247226,0.999999999999999,0.0,True,0.0,-0.22212819469628353,-1.7877937252078355
d_trust,Trust,qwen3_vl_2b,Qwen3-VL-2B-Thinking,subpop,Qwen3-VL-2B-Thinking (subgroup-matched),culture/qwen3_vl_2b/subpop,ntp,1,country,Mexico,131,0.4515216479260592,0.9150443202476273,0.9143908150187628,0.999999999999999,0.0,True,0.0,-0.4635226723215681,-5.456052775666507
d_trust,Trust,qwen3_vl_2b,Qwen3-VL-2B-Thinking,subpop,Qwen3-VL-2B-Thinking (subgroup-matched),culture/qwen3_vl_2b/subpop,ntp,1,country,Russia,136,0.5524932106487652,0.9417558248667524,0.9413243865324321,0.9999999999999976,0.0,True,0.0,-0.38926261421798714,-6.6832883001167875
d_trust,Trust,qwen3_vl_2b,Qwen3-VL-2B-Thinking,subpop,Qwen3-VL-2B-Thinking (subgroup-matched),culture/qwen3_vl_2b/subpop,ntp,1,country,United States,140,0.6198113271171402,0.8834964872671117,0.8826583324992492,0.999999999999998,0.0,True,0.0,-0.26368516014997156,-2.263323688398408
d_trust,Trust,qwen3_vl_2b,Qwen3-VL-2B-Thinking,subpop,Qwen3-VL-2B-Thinking (subgroup-matched),culture/qwen3_vl_2b/subpop,ntp,1,wave,1995-1997,221,0.5990353664327399,0.8935378012465901,0.8930538821613473,0.9999999999999992,0.0,True,0.0,-0.2945024348138502,-2.7662629389797146
d_trust,Trust,qwen3_vl_2b,Qwen3-VL-2B-Thinking,subpop,Qwen3-VL-2B-Thinking (subgroup-matched),culture/qwen3_vl_2b/subpop,ntp,1,wave,2005-2006,221,0.5909086856450931,0.8798832233321083,0.879337237983618,0.999999999999997,0.0,True,0.0,-0.2889745376870152,-2.4057799893015344
d_trust,Trust,qwen3_vl_2b,Qwen3-VL-2B-Thinking,subpop,Qwen3-VL-2B-Thinking (subgroup-matched),culture/qwen3_vl_2b/subpop,ntp,1,wave,2017-2018,245,0.6218721813968515,0.8348749899536092,0.8341982481091568,0.9999999999999956,0.0,True,0.0,-0.21300280855675768,-1.2899487999844235
d_trust,Trust,qwen3_vl_2b,Qwen3-VL-2B-Thinking,subpop,Qwen3-VL-2B-Thinking (subgroup-matched),culture/qwen3_vl_2b/subpop,ntp,1,sex,Female,374,0.6037305768552422,0.8685821026878489,0.8682297758854035,0.9999999999999922,0.0,True,0.0,-0.2648515258326066,-2.01533833100005
d_trust,Trust,qwen3_vl_2b,Qwen3-VL-2B-Thinking,subpop,Qwen3-VL-2B-Thinking (subgroup-matched),culture/qwen3_vl_2b/subpop,ntp,1,sex,Male,313,0.605562569353256,0.8672003061325546,0.8667746660881077,0.9999999999999966,0.0,True,0.0,-0.2616377367792986,-1.9701682222283845
d_trust,Trust,qwen3_vl_2b,Qwen3-VL-2B-Thinking,subpop,Qwen3-VL-2B-Thinking (subgroup-matched),culture/qwen3_vl_2b/subpop,ntp,1,age,<25,79,0.5625287341064652,0.9045758247569278,0.903352437894837,0.9999999999999983,0.0,True,0.0,-0.34204709065046257,-3.5844909298840926
d_trust,Trust,qwen3_vl_2b,Qwen3-VL-2B-Thinking,subpop,Qwen3-VL-2B-Thinking (subgroup-matched),culture/qwen3_vl_2b/subpop,ntp,1,age,25-34,160,0.5856390367950175,0.8703821157854602,0.8695669089665009,0.9999999999999979,0.0,True,0.0,-0.2847430789904427,-2.1967885119860786
d_trust,Trust,qwen3_vl_2b,Qwen3-VL-2B-Thinking,subpop,Qwen3-VL-2B-Thinking (subgroup-matched),culture/qwen3_vl_2b/subpop,ntp,1,age,35-44,114,0.5960594330568725,0.8575607091529529,0.8563001844551913,0.999999999999998,0.0,True,0.0,-0.2615012760960804,-1.8358788122364595
d_trust,Trust,qwen3_vl_2b,Qwen3-VL-2B-Thinking,subpop,Qwen3-VL-2B-Thinking (subgroup-matched),culture/qwen3_vl_2b/subpop,ntp,1,age,45-54,117,0.6000671142746081,0.862221130915165,0.8610333820437439,0.9999999999999997,0.0,True,0.0,-0.2621540166405568,-1.9027156949527568
d_trust,Trust,qwen3_vl_2b,Qwen3-VL-2B-Thinking,subpop,Qwen3-VL-2B-Thinking (subgroup-matched),culture/qwen3_vl_2b/subpop,ntp,1,age,55-64,99,0.6174520652954557,0.8589061356971772,0.8574664023879647,0.9999999999999996,0.0,True,0.0,-0.2414540704017215,-1.7113009952261324
d_trust,Trust,qwen3_vl_2b,Qwen3-VL-2B-Thinking,subpop,Qwen3-VL-2B-Thinking (subgroup-matched),culture/qwen3_vl_2b/subpop,ntp,1,age,65-74,88,0.6552926161448805,0.8661090282378184,0.8645700515508968,0.9999999999999973,0.0,True,0.0,-0.2108164120929379,-1.5745379193108855
d_trust,Trust,qwen3_vl_2b,Qwen3-VL-2B-Thinking,subpop,Qwen3-VL-2B-Thinking (subgroup-matched),culture/qwen3_vl_2b/subpop,ntp,1,age,75+,28,0.6889772364543165,0.8864985673062961,0.8822948105398626,0.9999999999999998,0.0,True,0.0,-0.19752133085197954,-1.7402540757790477
d_trust,Trust,qwen3_vl_2b,Qwen3-VL-2B-Thinking,subpop,Qwen3-VL-2B-Thinking (subgroup-matched),culture/qwen3_vl_2b/subpop,ntp,1,education,Low,51,0.49835141508299174,0.9064377883625628,0.9045665441298141,0.9999999999999999,0.0,True,0.0,-0.4080863732795711,-4.361658046957528
d_trust,Trust,qwen3_vl_2b,Qwen3-VL-2B-Thinking,subpop,Qwen3-VL-2B-Thinking (subgroup-matched),culture/qwen3_vl_2b/subpop,ntp,1,education,Middle,369,0.5700132443075078,0.898564010767781,0.8982883694926934,0.999999999999997,0.0,True,0.0,-0.32855076646027326,-3.238996030374554
d_trust,Trust,qwen3_vl_2b,Qwen3-VL-2B-Thinking,subpop,Qwen3-VL-2B-Thinking (subgroup-matched),culture/qwen3_vl_2b/subpop,ntp,1,education,High,267,0.6726049087368043,0.8516867513696661,0.8511291827657927,0.9999999999999954,0.0,True,0.0,-0.17908184263286175,-1.2074568137821429
d_trust,Trust,qwen3_vl_2b,Qwen3-VL-2B-Thinking,subpop,Qwen3-VL-2B-Thinking (subgroup-matched),culture/qwen3_vl_2b/subpop,ntp,1,employment,Working,377,0.6033122503184181,0.859974305640557,0.8596018968789627,0.999999999999993,0.0,True,0.0,-0.2566620553221389,-1.8329639891896756
d_trust,Trust,qwen3_vl_2b,Qwen3-VL-2B-Thinking,subpop,Qwen3-VL-2B-Thinking (subgroup-matched),culture/qwen3_vl_2b/subpop,ntp,1,employment,Student,39,0.6014274586784605,0.9050513079305547,0.9025526581392534,0.9999999999999999,0.0,True,0.0,-0.3036238492520942,-3.1977675798843457
d_trust,Trust,qwen3_vl_2b,Qwen3-VL-2B-Thinking,subpop,Qwen3-VL-2B-Thinking (subgroup-matched),culture/qwen3_vl_2b/subpop,ntp,1,employment,Homemaker,75,0.5499833826359918,0.8671752848363762,0.8653803562530841,0.9999999999999981,0.0,True,0.0,-0.3171919022003844,-2.3880488040922407
d_trust,Trust,qwen3_vl_2b,Qwen3-VL-2B-Thinking,subpop,Qwen3-VL-2B-Thinking (subgroup-matched),culture/qwen3_vl_2b/subpop,ntp,1,employment,Unemployed,34,0.5318171260181878,0.9096408136892207,0.9069026565282879,0.9999999999999999,0.0,True,0.0,-0.3778236876710329,-4.181353364245166
d_trust,Trust,qwen3_vl_2b,Qwen3-VL-2B-Thinking,subpop,Qwen3-VL-2B-Thinking (subgroup-matched),culture/qwen3_vl_2b/subpop,ntp,1,employment,Retired,157,0.6527121828123229,0.8788261678236169,0.8780494124891529,0.9999999999999977,0.0,True,0.0,-0.22611398501129398,-1.8660298263255208
d_trust,Trust,qwen3_vl_2b,Qwen3-VL-2B-Thinking,subpop,Qwen3-VL-2B-Thinking (subgroup-matched),culture/qwen3_vl_2b/subpop,ntp,1,marital_status,Single,139,0.58120349953714,0.8877485579754869,0.8869351417289325,0.9999999999999971,0.0,True,0.0,-0.3065450584383469,-2.7308785785701053
d_trust,Trust,qwen3_vl_2b,Qwen3-VL-2B-Thinking,subpop,Qwen3-VL-2B-Thinking (subgroup-matched),culture/qwen3_vl_2b/subpop,ntp,1,marital_status,Cohabiting,39,0.6033781498348697,0.8171209558209934,0.8123083493952301,0.9999999999999997,0.0,True,0.0,-0.21374280598612372,-1.168765983799144
d_trust,Trust,qwen3_vl_2b,Qwen3-VL-2B-Thinking,subpop,Qwen3-VL-2B-Thinking (subgroup-matched),culture/qwen3_vl_2b/subpop,ntp,1,marital_status,Married,367,0.601967465146613,0.8602340657183062,0.8598521915809244,0.999999999999997,0.0,True,0.0,-0.25826660057169315,-1.8478508507743023
d_trust,Trust,qwen3_vl_2b,Qwen3-VL-2B-Thinking,subpop,Qwen3-VL-2B-Thinking (subgroup-matched),culture/qwen3_vl_2b/subpop,ntp,1,marital_status,Divorced or separated,75,0.6238009103161668,0.8789533413548559,0.8773175756974891,0.9999999999999983,0.0,True,0.0,-0.2551524310386891,-2.107884958532268
d_trust,Trust,qwen3_vl_2b,Qwen3-VL-2B-Thinking,subpop,Qwen3-VL-2B-Thinking (subgroup-matched),culture/qwen3_vl_2b/subpop,ntp,1,marital_status,Widowed,67,0.6464202640251918,0.8857928658993206,0.884062454776583,0.9999999999999998,0.0,True,0.0,-0.2393726018741288,-2.095951393571523
d_trust,Trust,qwen3_vl_2b,Qwen3-VL-2B-Thinking,subpop,Qwen3-VL-2B-Thinking (subgroup-matched),culture/qwen3_vl_2b/subpop,fa,1,population,every retained cell,687,0.5367414784219637,0.8675389774462544,0.8673458855766425,0.9999999999999867,0.0,True,0.0,-0.3307974990242907,-2.4973195332994713
d_trust,Trust,qwen3_vl_2b,Qwen3-VL-2B-Thinking,subpop,Qwen3-VL-2B-Thinking (subgroup-matched),culture/qwen3_vl_2b/subpop,fa,1,country,Australia,136,0.6685598708582599,0.8860174330152338,0.8851731177042356,0.9999999999999988,0.0,True,0.0,-0.21745756215697398,-1.9078142202749067
d_trust,Trust,qwen3_vl_2b,Qwen3-VL-2B-Thinking,subpop,Qwen3-VL-2B-Thinking (subgroup-matched),culture/qwen3_vl_2b/subpop,fa,1,country,Germany,144,0.5821178968525376,0.8757528949988564,0.8748840341247226,0.999999999999999,0.0,True,0.0,-0.2936349981463189,-2.3633146071581814
d_trust,Trust,qwen3_vl_2b,Qwen3-VL-2B-Thinking,subpop,Qwen3-VL-2B-Thinking (subgroup-matched),culture/qwen3_vl_2b/subpop,fa,1,country,Mexico,131,0.3800923076951146,0.9150443202476273,0.9143908150187628,0.999999999999999,0.0,True,0.0,-0.5349520125525127,-6.296836351751656
d_trust,Trust,qwen3_vl_2b,Qwen3-VL-2B-Thinking,subpop,Qwen3-VL-2B-Thinking (subgroup-matched),culture/qwen3_vl_2b/subpop,fa,1,country,Russia,136,0.5026105367869635,0.9417558248667524,0.9413243865324321,0.9999999999999976,0.0,True,0.0,-0.4391452880797888,-7.539728858295919
d_trust,Trust,qwen3_vl_2b,Qwen3-VL-2B-Thinking,subpop,Qwen3-VL-2B-Thinking (subgroup-matched),culture/qwen3_vl_2b/subpop,fa,1,country,United States,140,0.5417510770093805,0.8834964872671117,0.8826583324992492,0.999999999999998,0.0,True,0.0,-0.3417454102577312,-2.9333485509682697
d_trust,Trust,qwen3_vl_2b,Qwen3-VL-2B-Thinking,subpop,Qwen3-VL-2B-Thinking (subgroup-matched),culture/qwen3_vl_2b/subpop,fa,1,wave,1995-1997,221,0.5268631941832775,0.8935378012465901,0.8930538821613473,0.9999999999999992,0.0,True,0.0,-0.36667460706331256,-3.4441765373699673
d_trust,Trust,qwen3_vl_2b,Qwen3-VL-2B-Thinking,subpop,Qwen3-VL-2B-Thinking (subgroup-matched),culture/qwen3_vl_2b/subpop,fa,1,wave,2005-2006,221,0.5232035768417364,0.8798832233321083,0.879337237983618,0.999999999999997,0.0,True,0.0,-0.356679646490372,-2.969440709157123
d_trust,Trust,qwen3_vl_2b,Qwen3-VL-2B-Thinking,subpop,Qwen3-VL-2B-Thinking (subgroup-matched),culture/qwen3_vl_2b/subpop,fa,1,wave,2017-2018,245,0.5578638337933102,0.8348749899536092,0.8341982481091568,0.9999999999999956,0.0,True,0.0,-0.27701115616029903,-1.6775844923944263
d_trust,Trust,qwen3_vl_2b,Qwen3-VL-2B-Thinking,subpop,Qwen3-VL-2B-Thinking (subgroup-matched),culture/qwen3_vl_2b/subpop,fa,1,sex,Female,374,0.5371412083423879,0.8685821026878489,0.8682297758854035,0.9999999999999922,0.0,True,0.0,-0.331440894345461,-2.5220377218348276
d_trust,Trust,qwen3_vl_2b,Qwen3-VL-2B-Thinking,subpop,Qwen3-VL-2B-Thinking (subgroup-matched),culture/qwen3_vl_2b/subpop,fa,1,sex,Male,313,0.5362638458652906,0.8672003061325546,0.8667746660881077,0.9999999999999966,0.0,True,0.0,-0.330936460267264,-2.491997162264468
d_trust,Trust,qwen3_vl_2b,Qwen3-VL-2B-Thinking,subpop,Qwen3-VL-2B-Thinking (subgroup-matched),culture/qwen3_vl_2b/subpop,fa,1,age,<25,79,0.49407128462682603,0.9045758247569278,0.903352437894837,0.9999999999999983,0.0,True,0.0,-0.41050454013010174,-4.301892461574136
d_trust,Trust,qwen3_vl_2b,Qwen3-VL-2B-Thinking,subpop,Qwen3-VL-2B-Thinking (subgroup-matched),culture/qwen3_vl_2b/subpop,fa,1,age,25-34,160,0.5131784081084902,0.8703821157854602,0.8695669089665009,0.9999999999999979,0.0,True,0.0,-0.35720370767696996,-2.7558211572543234
d_trust,Trust,qwen3_vl_2b,Qwen3-VL-2B-Thinking,subpop,Qwen3-VL-2B-Thinking (subgroup-matched),culture/qwen3_vl_2b/subpop,fa,1,age,35-44,114,0.5232335214724197,0.8575607091529529,0.8563001844551913,0.999999999999998,0.0,True,0.0,-0.33432718768053316,-2.3471556597367327
d_trust,Trust,qwen3_vl_2b,Qwen3-VL-2B-Thinking,subpop,Qwen3-VL-2B-Thinking (subgroup-matched),culture/qwen3_vl_2b/subpop,fa,1,age,45-54,117,0.5277598781120765,0.862221130915165,0.8610333820437439,0.9999999999999997,0.0,True,0.0,-0.33446125280308847,-2.4275221231286888
d_trust,Trust,qwen3_vl_2b,Qwen3-VL-2B-Thinking,subpop,Qwen3-VL-2B-Thinking (subgroup-matched),culture/qwen3_vl_2b/subpop,fa,1,age,55-64,99,0.5615324923115836,0.8589061356971772,0.8574664023879647,0.9999999999999996,0.0,True,0.0,-0.2973736433855936,-2.107629873595036
d_trust,Trust,qwen3_vl_2b,Qwen3-VL-2B-Thinking,subpop,Qwen3-VL-2B-Thinking (subgroup-matched),culture/qwen3_vl_2b/subpop,fa,1,age,65-74,88,0.5935903480816428,0.8661090282378184,0.8645700515508968,0.9999999999999973,0.0,True,0.0,-0.27251868015617564,-2.035377565563016
d_trust,Trust,qwen3_vl_2b,Qwen3-VL-2B-Thinking,subpop,Qwen3-VL-2B-Thinking (subgroup-matched),culture/qwen3_vl_2b/subpop,fa,1,age,75+,28,0.626737921680975,0.8864985673062961,0.8822948105398626,0.9999999999999998,0.0,True,0.0,-0.2597606456253211,-2.288611160762293
d_trust,Trust,qwen3_vl_2b,Qwen3-VL-2B-Thinking,subpop,Qwen3-VL-2B-Thinking (subgroup-matched),culture/qwen3_vl_2b/subpop,fa,1,education,Low,51,0.430209810066842,0.9064377883625628,0.9045665441298141,0.9999999999999999,0.0,True,0.0,-0.47622797829572083,-5.089960679223268
d_trust,Trust,qwen3_vl_2b,Qwen3-VL-2B-Thinking,subpop,Qwen3-VL-2B-Thinking (subgroup-matched),culture/qwen3_vl_2b/subpop,fa,1,education,Middle,369,0.5047039806094976,0.898564010767781,0.8982883694926934,0.999999999999997,0.0,True,0.0,-0.3938600301582834,-3.88284309286533
d_trust,Trust,qwen3_vl_2b,Qwen3-VL-2B-Thinking,subpop,Qwen3-VL-2B-Thinking (subgroup-matched),culture/qwen3_vl_2b/subpop,fa,1,education,High,267,0.601366765983429,0.8516867513696661,0.8511291827657927,0.9999999999999954,0.0,True,0.0,-0.2503199853862371,-1.687778992759789
d_trust,Trust,qwen3_vl_2b,Qwen3-VL-2B-Thinking,subpop,Qwen3-VL-2B-Thinking (subgroup-matched),culture/qwen3_vl_2b/subpop,fa,1,employment,Working,377,0.5310942713972635,0.859974305640557,0.8596018968789627,0.999999999999993,0.0,True,0.0,-0.3288800342432935,-2.348712039942222
d_trust,Trust,qwen3_vl_2b,Qwen3-VL-2B-Thinking,subpop,Qwen3-VL-2B-Thinking (subgroup-matched),culture/qwen3_vl_2b/subpop,fa,1,employment,Student,39,0.5427377679178477,0.9050513079305547,0.9025526581392534,0.9999999999999999,0.0,True,0.0,-0.362313540012707,-3.8158876348471593
d_trust,Trust,qwen3_vl_2b,Qwen3-VL-2B-Thinking,subpop,Qwen3-VL-2B-Thinking (subgroup-matched),culture/qwen3_vl_2b/subpop,fa,1,employment,Homemaker,75,0.4888310352262889,0.8671752848363762,0.8653803562530841,0.9999999999999981,0.0,True,0.0,-0.3783442496100873,-2.848447663855431
d_trust,Trust,qwen3_vl_2b,Qwen3-VL-2B-Thinking,subpop,Qwen3-VL-2B-Thinking (subgroup-matched),culture/qwen3_vl_2b/subpop,fa,1,employment,Unemployed,34,0.4618898163260612,0.9096408136892207,0.9069026565282879,0.9999999999999999,0.0,True,0.0,-0.4477509973631595,-4.955234942279968
d_trust,Trust,qwen3_vl_2b,Qwen3-VL-2B-Thinking,subpop,Qwen3-VL-2B-Thinking (subgroup-matched),culture/qwen3_vl_2b/subpop,fa,1,employment,Retired,157,0.5908220013185086,0.8788261678236169,0.8780494124891529,0.9999999999999977,0.0,True,0.0,-0.2880041665051083,-2.3767851633666544
d_trust,Trust,qwen3_vl_2b,Qwen3-VL-2B-Thinking,subpop,Qwen3-VL-2B-Thinking (subgroup-matched),culture/qwen3_vl_2b/subpop,fa,1,marital_status,Single,139,0.5144694580656233,0.8877485579754869,0.8869351417289325,0.9999999999999971,0.0,True,0.0,-0.37327909990986363,-3.325383560135897
d_trust,Trust,qwen3_vl_2b,Qwen3-VL-2B-Thinking,subpop,Qwen3-VL-2B-Thinking (subgroup-matched),culture/qwen3_vl_2b/subpop,fa,1,marital_status,Cohabiting,39,0.5401871515898307,0.8171209558209934,0.8123083493952301,0.9999999999999997,0.0,True,0.0,-0.27693380423116276,-1.514300369812153
d_trust,Trust,qwen3_vl_2b,Qwen3-VL-2B-Thinking,subpop,Qwen3-VL-2B-Thinking (subgroup-matched),culture/qwen3_vl_2b/subpop,fa,1,marital_status,Married,367,0.530675849292849,0.8602340657183062,0.8598521915809244,0.999999999999997,0.0,True,0.0,-0.32955821642545724,-2.3579294777312696
d_trust,Trust,qwen3_vl_2b,Qwen3-VL-2B-Thinking,subpop,Qwen3-VL-2B-Thinking (subgroup-matched),culture/qwen3_vl_2b/subpop,fa,1,marital_status,Divorced or separated,75,0.5646242810406602,0.8789533413548559,0.8773175756974891,0.9999999999999983,0.0,True,0.0,-0.3143290603141957,-2.5967594961515723
d_trust,Trust,qwen3_vl_2b,Qwen3-VL-2B-Thinking,subpop,Qwen3-VL-2B-Thinking (subgroup-matched),culture/qwen3_vl_2b/subpop,fa,1,marital_status,Widowed,67,0.5829549899140145,0.8857928658993206,0.884062454776583,0.9999999999999998,0.0,True,0.0,-0.3028378759853061,-2.651654630597237
