method,subpopulation,nEMD_archived,nEMD_fresh,country_wave,change_fresh_minus_archived,direction
FA,Australia 1995 Female 25-34 High Homemaker Married,0.1858974358974358,0.3044871794871795,Australia 1995,0.11858974358974372,fresh_worse
FA,Australia 1995 Female 25-34 High Working Cohabiting,0.1363636363636363,0.0757575757575757,Australia 1995,-0.060606060606060594,fresh_better
FA,Australia 1995 Female 25-34 High Working Divorced or separated,0.0570175438596491,0.1578947368421052,Australia 1995,0.1008771929824561,fresh_worse
FA,Australia 1995 Female 25-34 High Working Married,0.111111111111111,0.2261904761904761,Australia 1995,0.11507936507936511,fresh_worse
FA,Australia 1995 Female 25-34 High Working Single,0.1096491228070175,0.2850877192982455,Australia 1995,0.175438596491228,fresh_worse
FA,Australia 1995 Female 25-34 Middle Homemaker Divorced or separated,0.0904761904761904,0.0238095238095238,Australia 1995,-0.0666666666666666,fresh_better
FA,Australia 1995 Female 25-34 Middle Homemaker Married,0.043103448275862,0.1178160919540229,Australia 1995,0.0747126436781609,fresh_worse
FA,Australia 1995 Female 25-34 Middle Working Divorced or separated,0.1031746031746031,0.1269841269841269,Australia 1995,0.023809523809523794,fresh_worse
FA,Australia 1995 Female 25-34 Middle Working Married,0.1046511627906976,0.0891472868217054,Australia 1995,-0.015503875968992192,fresh_better
FA,Australia 1995 Female 35-44 High Working Married,0.2199999999999999,0.2366666666666666,Australia 1995,0.01666666666666672,fresh_worse
FA,Australia 1995 Female 35-44 Middle Homemaker Married,0.0944444444444444,0.1888888888888888,Australia 1995,0.0944444444444444,fresh_worse
FA,Australia 1995 Female 35-44 Middle Working Married,0.0566666666666666,0.0366666666666666,Australia 1995,-0.020000000000000004,fresh_better
FA,Australia 1995 Female 45-54 High Homemaker Married,0.053030303030303,0.25,Australia 1995,0.19696969696969702,fresh_worse
FA,Australia 1995 Female 45-54 High Retired Divorced or separated,0.230392156862745,0.2745098039215686,Australia 1995,0.044117647058823595,fresh_worse
FA,Australia 1995 Female 45-54 High Working Married,0.0921052631578947,0.1140350877192982,Australia 1995,0.021929824561403494,fresh_worse
FA,Australia 1995 Female 45-54 Middle Homemaker Married,0.0919540229885057,0.132183908045977,Australia 1995,0.040229885057471285,fresh_worse
FA,Australia 1995 Female 45-54 Middle Working Divorced or separated,0.074074074074074,0.1388888888888889,Australia 1995,0.0648148148148149,fresh_worse
FA,Australia 1995 Female 45-54 Middle Working Married,0.0424836601307189,0.0686274509803921,Australia 1995,0.026143790849673193,fresh_worse
FA,Australia 1995 Female 55-64 Middle Retired Married,0.0574712643678161,0.0402298850574712,Australia 1995,-0.017241379310344897,fresh_better
FA,Australia 1995 Female 65-74 Middle Retired Married,0.0359477124183006,0.1503267973856209,Australia 1995,0.1143790849673203,fresh_worse
FA,Australia 1995 Female 65-74 Middle Retired Widowed,0.1111111111111111,0.2573099415204678,Australia 1995,0.14619883040935672,fresh_worse
FA,Australia 1995 Female 75+ Middle Retired Widowed,0.1359649122807017,0.337719298245614,Australia 1995,0.20175438596491227,fresh_worse
FA,Australia 1995 Female <25 High Student Single,0.3218390804597701,0.3160919540229885,Australia 1995,-0.005747126436781602,fresh_better
FA,Australia 1995 Female <25 High Working Single,0.1444444444444444,0.2972222222222223,Australia 1995,0.15277777777777787,fresh_worse
FA,Australia 1995 Female <25 Middle Student Single,0.1511627906976744,0.2984496124031008,Australia 1995,0.1472868217054264,fresh_worse
FA,Australia 1995 Female <25 Middle Working Single,0.0906432748538011,0.175438596491228,Australia 1995,0.08479532163742691,fresh_worse
FA,Australia 1995 Male 25-34 High Working Cohabiting,0.1515151515151515,0.0757575757575757,Australia 1995,-0.07575757575757579,fresh_better
FA,Australia 1995 Male 25-34 High Working Married,0.0891472868217054,0.1124031007751938,Australia 1995,0.0232558139534884,fresh_worse
FA,Australia 1995 Male 25-34 High Working Single,0.0897435897435897,0.173076923076923,Australia 1995,0.08333333333333329,fresh_worse
FA,Australia 1995 Male 25-34 Middle Working Cohabiting,0.1159420289855072,0.0398550724637681,Australia 1995,-0.07608695652173911,fresh_better
FA,Australia 1995 Male 25-34 Middle Working Married,0.1666666666666666,0.0891472868217054,Australia 1995,-0.0775193798449612,fresh_better
FA,Australia 1995 Male 25-34 Middle Working Single,0.0526315789473684,0.1184210526315789,Australia 1995,0.06578947368421051,fresh_worse
FA,Australia 1995 Male 35-44 High Working Married,0.0904761904761904,0.0928571428571428,Australia 1995,0.0023809523809524002,fresh_worse
FA,Australia 1995 Male 35-44 Middle NA Married,0.0952380952380952,0.0380952380952381,Australia 1995,-0.057142857142857106,fresh_better
FA,Australia 1995 Male 35-44 Middle Working Married,0.0451977401129943,0.0451977401129943,Australia 1995,0.0,unchanged
FA,Australia 1995 Male 45-54 High Working Cohabiting,0.0999999999999999,0.1,Australia 1995,1.1102230246251565e-16,unchanged
FA,Australia 1995 Male 45-54 High Working Married,0.1045197740112994,0.231638418079096,Australia 1995,0.1271186440677966,fresh_worse
FA,Australia 1995 Male 45-54 Middle Retired Married,0.0681818181818182,0.0606060606060606,Australia 1995,-0.007575757575757604,fresh_better
FA,Australia 1995 Male 45-54 Middle Working Married,0.0581395348837209,0.0387596899224806,Australia 1995,-0.019379844961240303,fresh_better
FA,Australia 1995 Male 55-64 Middle Retired Divorced or separated,0.0726495726495726,0.1025641025641025,Australia 1995,0.029914529914529905,fresh_worse
FA,Australia 1995 Male 55-64 Middle Retired Married,0.1011904761904761,0.0833333333333333,Australia 1995,-0.017857142857142794,fresh_better
FA,Australia 1995 Male 55-64 Middle Working Married,0.1785714285714285,0.0773809523809523,Australia 1995,-0.10119047619047619,fresh_better
FA,Australia 1995 Male 65-74 High Retired Married,0.1491228070175438,0.0745614035087719,Australia 1995,-0.0745614035087719,fresh_better
FA,Australia 1995 Male 65-74 Middle Retired Married,0.0922619047619047,0.0535714285714285,Australia 1995,-0.0386904761904762,fresh_better
FA,Australia 1995 Male 65-74 Middle Retired Widowed,0.0466666666666666,0.0833333333333333,Australia 1995,0.0366666666666667,fresh_worse
FA,Australia 1995 Male 75+ Middle Retired Married,0.1533333333333333,0.0999999999999999,Australia 1995,-0.0533333333333334,fresh_better
FA,Australia 1995 Male <25 High Student Single,0.1439393939393939,0.1893939393939393,Australia 1995,0.045454545454545414,fresh_worse
FA,Australia 1995 Male <25 High Working Single,0.0643274853801169,0.1520467836257309,Australia 1995,0.087719298245614,fresh_worse
FA,Australia 1995 Male <25 Middle Student Single,0.1602564102564102,0.2339743589743589,Australia 1995,0.0737179487179487,fresh_worse
FA,Australia 1995 Male <25 Middle Working Single,0.1212121212121212,0.1414141414141414,Australia 1995,0.020202020202020207,fresh_worse
FA,Australia 2005 Female 25-34 High Homemaker Married,0.1008771929824561,0.1228070175438596,Australia 2005,0.021929824561403508,fresh_worse
FA,Australia 2005 Female 25-34 High Working Cohabiting,0.2336860670194003,0.0723104056437389,Australia 2005,-0.1613756613756614,fresh_better
FA,Australia 2005 Female 25-34 High Working Married,0.1401515151515151,0.1287878787878787,Australia 2005,-0.011363636363636409,fresh_better
FA,Australia 2005 Female 25-34 High Working Single,0.1111111111111111,0.2222222222222222,Australia 2005,0.1111111111111111,fresh_worse
FA,Australia 2005 Female 35-44 High Working Divorced or separated,0.1,0.0999999999999999,Australia 2005,-1.1102230246251565e-16,unchanged
FA,Australia 2005 Female 35-44 High Working Married,0.0880503144654088,0.0974842767295597,Australia 2005,0.0094339622641509,fresh_worse
FA,Australia 2005 Female 35-44 Middle Working Married,0.12,0.1999999999999999,Australia 2005,0.0799999999999999,fresh_worse
FA,Australia 2005 Female 45-54 High Working Married,0.1435897435897436,0.0641025641025641,Australia 2005,-0.07948717948717951,fresh_better
FA,Australia 2005 Female 45-54 Middle Retired Single,0.2333333333333334,0.0416666666666666,Australia 2005,-0.1916666666666668,fresh_better
FA,Australia 2005 Female 45-54 Middle Working Married,0.0745614035087719,0.0701754385964912,Australia 2005,-0.0043859649122807015,fresh_better
FA,Australia 2005 Female 55-64 High Working Married,0.0797101449275362,0.144927536231884,Australia 2005,0.06521739130434781,fresh_worse
FA,Australia 2005 Female 55-64 Middle Homemaker Married,0.0572916666666666,0.1354166666666666,Australia 2005,0.078125,fresh_worse
FA,Australia 2005 Female 55-64 Middle Retired Divorced or separated,0.0964285714285714,0.0621693121693121,Australia 2005,-0.0342592592592593,fresh_better
FA,Australia 2005 Female 55-64 Middle Retired Married,0.1762820512820513,0.086996336996337,Australia 2005,-0.08928571428571429,fresh_better
FA,Australia 2005 Female 55-64 Middle Working Married,0.1739130434782609,0.2318840579710145,Australia 2005,0.0579710144927536,fresh_worse
FA,Australia 2005 Female 65-74 High Retired Married,0.1091954022988506,0.0632183908045977,Australia 2005,-0.0459770114942529,fresh_better
FA,Australia 2005 Female 65-74 High Retired Widowed,0.2388211382113821,0.2713414634146342,Australia 2005,0.032520325203252126,fresh_worse
FA,Australia 2005 Female 65-74 Middle Retired Married,0.0368055555555555,0.1895833333333333,Australia 2005,0.1527777777777778,fresh_worse
FA,Australia 2005 Female 65-74 Middle Retired Widowed,0.1095238095238095,0.2571428571428571,Australia 2005,0.14761904761904762,fresh_worse
FA,Australia 2005 Female 75+ Middle Retired Widowed,0.0606060606060606,0.196969696969697,Australia 2005,0.13636363636363638,fresh_worse
FA,Australia 2005 Female <25 High Working Single,0.046197266785502,0.1994206773618538,Australia 2005,0.1532234105763518,fresh_worse
FA,Australia 2005 Male 25-34 High Working Married,0.1260162601626016,0.073170731707317,Australia 2005,-0.05284552845528459,fresh_better
FA,Australia 2005 Male 25-34 High Working Single,0.0904761904761904,0.119047619047619,Australia 2005,0.028571428571428595,fresh_worse
FA,Australia 2005 Male 35-44 High Working Married,0.1013071895424836,0.1274509803921568,Australia 2005,0.026143790849673193,fresh_worse
FA,Australia 2005 Male 35-44 Middle Working Married,0.1306306306306306,0.0990990990990991,Australia 2005,-0.0315315315315315,fresh_better
FA,Australia 2005 Male 35-44 Middle Working Single,0.0996031746031746,0.0948412698412698,Australia 2005,-0.0047619047619048005,fresh_better
FA,Australia 2005 Male 45-54 High Working Divorced or separated,0.058080808080808,0.134736251402918,Australia 2005,0.07665544332211001,fresh_worse
FA,Australia 2005 Male 45-54 High Working Married,0.0641025641025641,0.0487179487179487,Australia 2005,-0.0153846153846154,fresh_better
FA,Australia 2005 Male 45-54 Middle Working Married,0.0736434108527131,0.1356589147286821,Australia 2005,0.062015503875969005,fresh_worse
FA,Australia 2005 Male 55-64 High Retired Married,0.0793075684380032,0.1075684380032206,Australia 2005,0.02826086956521741,fresh_worse
FA,Australia 2005 Male 55-64 High Working Married,0.1676870748299319,0.1088435374149659,Australia 2005,-0.05884353741496599,fresh_better
FA,Australia 2005 Male 55-64 Middle Working Married,0.181159420289855,0.0434782608695652,Australia 2005,-0.1376811594202898,fresh_better
FA,Australia 2005 Male 65-74 High Retired Married,0.2024572649572649,0.2649572649572649,Australia 2005,0.0625,fresh_worse
FA,Australia 2005 Male 65-74 Middle Retired Married,0.0786163522012578,0.0786163522012578,Australia 2005,0.0,unchanged
FA,Australia 2005 Male 75+ Middle Retired Married,0.1066666666666666,0.2866666666666667,Australia 2005,0.18000000000000008,fresh_worse
FA,Australia 2005 Male <25 High Working Single,0.0822390572390572,0.1751683501683501,Australia 2005,0.09292929292929292,fresh_worse
FA,Australia 2018 Female 25-34 High Working Cohabiting,0.0862068965517241,0.0459770114942528,Australia 2018,-0.040229885057471305,fresh_better
FA,Australia 2018 Female 25-34 High Working Married,0.1111111111111111,0.0694444444444444,Australia 2018,-0.0416666666666667,fresh_better
FA,Australia 2018 Female 25-34 High Working Single,0.1111111111111111,0.2525252525252525,Australia 2018,0.14141414141414138,fresh_worse
FA,Australia 2018 Female 25-34 Middle Working Married,0.0441176470588235,0.1470588235294117,Australia 2018,0.10294117647058819,fresh_worse
FA,Australia 2018 Female 35-44 High Homemaker Married,0.0460992907801418,0.1241134751773049,Australia 2018,0.0780141843971631,fresh_worse
FA,Australia 2018 Female 35-44 High Working Cohabiting,0.081517094017094,0.053525641025641,Australia 2018,-0.027991452991453003,fresh_better
FA,Australia 2018 Female 35-44 High Working Married,0.0638297872340425,0.1134751773049645,Australia 2018,0.04964539007092199,fresh_worse
FA,Australia 2018 Female 35-44 High Working Single,0.074074074074074,0.1728395061728395,Australia 2018,0.0987654320987655,fresh_worse
FA,Australia 2018 Female 35-44 Middle Homemaker Married,0.064625850340136,0.0442176870748299,Australia 2018,-0.020408163265306103,fresh_better
FA,Australia 2018 Female 35-44 Middle Working Married,0.0747126436781609,0.0804597701149425,Australia 2018,0.005747126436781602,fresh_worse
FA,Australia 2018 Female 45-54 High Working Married,0.0848484848484848,0.1636363636363636,Australia 2018,0.07878787878787881,fresh_worse
FA,Australia 2018 Female 45-54 Middle Working Cohabiting,0.0555555555555555,0.0656565656565656,Australia 2018,0.010101010101010097,fresh_worse
FA,Australia 2018 Female 45-54 Middle Working Married,0.1477272727272727,0.0606060606060606,Australia 2018,-0.0871212121212121,fresh_better
FA,Australia 2018 Female 55-64 High Working Divorced or separated,0.054054054054054,0.2027027027027027,Australia 2018,0.14864864864864868,fresh_worse
FA,Australia 2018 Female 55-64 High Working Married,0.0503290747193186,0.0773325590398761,Australia 2018,0.0270034843205575,fresh_worse
FA,Australia 2018 Female 55-64 Middle Retired Married,0.0520833333333333,0.0416666666666666,Australia 2018,-0.010416666666666699,fresh_better
FA,Australia 2018 Female 55-64 Middle Working Divorced or separated,0.325,0.075,Australia 2018,-0.25,fresh_better
FA,Australia 2018 Female 55-64 Middle Working Married,0.0440251572327044,0.050314465408805,Australia 2018,0.0062893081761006,fresh_worse
FA,Australia 2018 Female 55-64 Middle Working Widowed,0.0873015873015872,0.0158730158730158,Australia 2018,-0.0714285714285714,fresh_better
FA,Australia 2018 Female 65-74 High Retired Married,0.0806451612903225,0.1612903225806451,Australia 2018,0.0806451612903226,fresh_worse
FA,Australia 2018 Female 65-74 High Retired Widowed,0.046875,0.125,Australia 2018,0.078125,fresh_worse
FA,Australia 2018 Female 65-74 Low Retired Married,0.108843537414966,0.1632653061224489,Australia 2018,0.054421768707482915,fresh_worse
FA,Australia 2018 Female 65-74 Middle Retired Divorced or separated,0.0541346973572037,0.1210571184995737,Australia 2018,0.06692242114236999,fresh_worse
FA,Australia 2018 Female 65-74 Middle Retired Married,0.106060606060606,0.0858585858585858,Australia 2018,-0.020202020202020193,fresh_better
FA,Australia 2018 Female 65-74 Middle Retired Widowed,0.075268817204301,0.064516129032258,Australia 2018,-0.010752688172043001,fresh_better
FA,Australia 2018 Female 75+ Low Retired Widowed,0.1268115942028985,0.181159420289855,Australia 2018,0.054347826086956486,fresh_worse
FA,Australia 2018 Female 75+ Middle Retired Married,0.1031746031746031,0.1428571428571428,Australia 2018,0.039682539682539694,fresh_worse
FA,Australia 2018 Female 75+ Middle Retired Widowed,0.1733333333333333,0.2133333333333333,Australia 2018,0.03999999999999998,fresh_worse
FA,Australia 2018 Female <25 Middle Student Single,0.0679429429429429,0.2556306306306306,Australia 2018,0.18768768768768768,fresh_worse
FA,Australia 2018 Female <25 Middle Working Single,0.10752688172043,0.0376344086021505,Australia 2018,-0.06989247311827951,fresh_better
FA,Australia 2018 Male 25-34 High Working Married,0.0571428571428571,0.0809523809523809,Australia 2018,0.0238095238095238,fresh_worse
FA,Australia 2018 Male 25-34 High Working Single,0.1121863799283154,0.2283154121863799,Australia 2018,0.11612903225806451,fresh_worse
FA,Australia 2018 Male 35-44 High Working Married,0.0729166666666666,0.078125,Australia 2018,0.005208333333333398,fresh_worse
FA,Australia 2018 Male 35-44 Middle Working Married,0.142156862745098,0.0686274509803921,Australia 2018,-0.07352941176470591,fresh_better
FA,Australia 2018 Male 45-54 High Working Married,0.1515151515151515,0.1590909090909091,Australia 2018,0.007575757575757597,fresh_worse
FA,Australia 2018 Male 45-54 Middle Working Married,0.0595238095238095,0.0753968253968254,Australia 2018,0.015873015873015907,fresh_worse
FA,Australia 2018 Male 45-54 Middle Working Single,0.1229508196721311,0.0355191256830601,Australia 2018,-0.087431693989071,fresh_better
FA,Australia 2018 Male 55-64 High Unemployed Married,0.0476190476190476,0.2063492063492063,Australia 2018,0.15873015873015872,fresh_worse
FA,Australia 2018 Male 55-64 High Working Married,0.109090909090909,0.1484848484848485,Australia 2018,0.039393939393939495,fresh_worse
FA,Australia 2018 Male 55-64 Middle Working Divorced or separated,0.075,0.1666666666666666,Australia 2018,0.0916666666666666,fresh_worse
FA,Australia 2018 Male 55-64 Middle Working Married,0.1176470588235294,0.0441176470588235,Australia 2018,-0.0735294117647059,fresh_better
FA,Australia 2018 Male 65-74 High Retired Divorced or separated,0.1450441919191919,0.1955492424242424,Australia 2018,0.0505050505050505,fresh_worse
FA,Australia 2018 Male 65-74 High Retired Married,0.0595238095238095,0.1755952380952381,Australia 2018,0.1160714285714286,fresh_worse
FA,Australia 2018 Male 65-74 Low Retired Married,0.1049382716049382,0.074074074074074,Australia 2018,-0.030864197530864196,fresh_better
FA,Australia 2018 Male 65-74 Middle Retired Divorced or separated,0.0714285714285714,0.0666666666666666,Australia 2018,-0.0047619047619048005,fresh_better
FA,Australia 2018 Male 65-74 Middle Retired Married,0.0302511415525114,0.0715372907153728,Australia 2018,0.041286149162861406,fresh_worse
FA,Australia 2018 Male 75+ High Retired Married,0.0493827160493827,0.2037037037037037,Australia 2018,0.154320987654321,fresh_worse
FA,Australia 2018 Male 75+ Low Retired Widowed,0.1304347826086956,0.0579710144927536,Australia 2018,-0.07246376811594199,fresh_better
FA,Australia 2018 Male 75+ Middle Retired Married,0.2246376811594203,0.036231884057971,Australia 2018,-0.18840579710144928,fresh_better
FA,Australia 2018 Male <25 Middle Student Single,0.053030303030303,0.1136363636363636,Australia 2018,0.06060606060606061,fresh_worse
FA,Germany 1997 Female 25-34 High Student Cohabiting,0.0861111111111111,0.0611111111111111,Germany 1997,-0.024999999999999994,fresh_better
FA,Germany 1997 Female 25-34 High Working Cohabiting,0.0952380952380952,0.0952380952380952,Germany 1997,0.0,unchanged
FA,Germany 1997 Female 25-34 High Working Married,0.1018518518518518,0.1612433862433862,Germany 1997,0.059391534391534384,fresh_worse
FA,Germany 1997 Female 25-34 High Working Single,0.1550387596899225,0.2093023255813953,Germany 1997,0.0542635658914728,fresh_worse
FA,Germany 1997 Female 25-34 Middle Homemaker Married,0.1333333333333333,0.1933333333333333,Germany 1997,0.06,fresh_worse
FA,Germany 1997 Female 25-34 Middle NA Married,0.2629629629629629,0.0548148148148147,Germany 1997,-0.2081481481481482,fresh_better
FA,Germany 1997 Female 25-34 Middle Working Married,0.0802723087471838,0.0750808110490743,Germany 1997,-0.005191497698109504,fresh_better
FA,Germany 1997 Female 25-34 Middle Working Single,0.0689655172413793,0.1379310344827586,Germany 1997,0.0689655172413793,fresh_worse
FA,Germany 1997 Female 35-44 High Working Divorced or separated,0.0944444444444444,0.0611111111111111,Germany 1997,-0.0333333333333333,fresh_better
FA,Germany 1997 Female 35-44 High Working Married,0.0957446808510638,0.0709219858156028,Germany 1997,-0.024822695035461,fresh_better
FA,Germany 1997 Female 35-44 Middle Unemployed Divorced or separated,0.119047619047619,0.0476190476190476,Germany 1997,-0.0714285714285714,fresh_better
FA,Germany 1997 Female 35-44 Middle Working Divorced or separated,0.0371212121212121,0.0454545454545454,Germany 1997,0.008333333333333304,fresh_worse
FA,Germany 1997 Female 35-44 Middle Working Married,0.1173659673659673,0.087062937062937,Germany 1997,-0.030303030303030304,fresh_better
FA,Germany 1997 Female 45-54 Middle Homemaker Married,0.1488095238095238,0.244047619047619,Germany 1997,0.0952380952380952,fresh_worse
FA,Germany 1997 Female 45-54 Middle Unemployed Married,0.2031366294524189,0.1154173312068048,Germany 1997,-0.0877192982456141,fresh_better
FA,Germany 1997 Female 45-54 Middle Working Married,0.0544217687074829,0.0544217687074829,Germany 1997,0.0,unchanged
FA,Germany 1997 Female 55-64 High Retired Married,0.0736842105263158,0.069298245614035,Germany 1997,-0.004385964912280799,fresh_better
FA,Germany 1997 Female 55-64 Middle Retired Married,0.1246913580246913,0.1023569023569023,Germany 1997,-0.022334455667789008,fresh_better
FA,Germany 1997 Female 55-64 Middle Retired Widowed,0.0858585858585858,0.1969696969696969,Germany 1997,0.1111111111111111,fresh_worse
FA,Germany 1997 Female 65-74 High Retired Widowed,0.219047619047619,0.3063492063492063,Germany 1997,0.08730158730158732,fresh_worse
FA,Germany 1997 Female 65-74 Low Retired Widowed,0.1162714097496706,0.1959815546772068,Germany 1997,0.0797101449275362,fresh_worse
FA,Germany 1997 Female 65-74 Middle Retired Divorced or separated,0.246031746031746,0.119047619047619,Germany 1997,-0.12698412698412698,fresh_better
FA,Germany 1997 Female 65-74 Middle Retired Married,0.1231884057971014,0.1521739130434782,Germany 1997,0.028985507246376788,fresh_worse
FA,Germany 1997 Female 65-74 Middle Retired Widowed,0.0879629629629629,0.0787037037037037,Germany 1997,-0.00925925925925919,fresh_better
FA,Germany 1997 Female 75+ Middle Retired Widowed,0.2428571428571428,0.2619047619047619,Germany 1997,0.01904761904761912,fresh_worse
FA,Germany 1997 Female <25 High Student Single,0.1091954022988506,0.1206896551724138,Germany 1997,0.011494252873563204,fresh_worse
FA,Germany 1997 Female <25 High Working Single,0.1070175438596491,0.0916666666666666,Germany 1997,-0.01535087719298249,fresh_better
FA,Germany 1997 Female <25 Middle Working Single,0.0876984126984127,0.0908730158730159,Germany 1997,0.003174603174603191,fresh_worse
FA,Germany 1997 Male 25-34 High Student Single,0.1111111111111111,0.1349206349206348,Germany 1997,0.023809523809523697,fresh_worse
FA,Germany 1997 Male 25-34 High Working Married,0.0729166666666666,0.0729166666666666,Germany 1997,0.0,unchanged
FA,Germany 1997 Male 25-34 High Working Single,0.1428571428571428,0.0952380952380952,Germany 1997,-0.04761904761904759,fresh_better
FA,Germany 1997 Male 25-34 Middle Unemployed Single,0.05,0.125,Germany 1997,0.075,fresh_worse
FA,Germany 1997 Male 25-34 Middle Working Cohabiting,0.0869565217391304,0.0942028985507246,Germany 1997,0.0072463768115941934,fresh_worse
FA,Germany 1997 Male 25-34 Middle Working Married,0.0588166783135336,0.0664453761938038,Germany 1997,0.007628697880270208,fresh_worse
FA,Germany 1997 Male 25-34 Middle Working Single,0.2583333333333333,0.0541666666666666,Germany 1997,-0.20416666666666672,fresh_better
FA,Germany 1997 Male 35-44 High Working Married,0.0774312541918175,0.055365526492287,Germany 1997,-0.022065727699530496,fresh_better
FA,Germany 1997 Male 35-44 Middle Unemployed Married,0.1006944444444444,0.1041666666666666,Germany 1997,0.003472222222222196,fresh_worse
FA,Germany 1997 Male 35-44 Middle Working Divorced or separated,0.2287814129919393,0.1015884305357989,Germany 1997,-0.1271929824561404,fresh_better
FA,Germany 1997 Male 35-44 Middle Working Married,0.0957351290684624,0.0574635241301907,Germany 1997,-0.038271604938271704,fresh_better
FA,Germany 1997 Male 45-54 High Working Married,0.1,0.0757575757575757,Germany 1997,-0.0242424242424243,fresh_better
FA,Germany 1997 Male 45-54 Middle Working Married,0.1453677408733588,0.0214841338436844,Germany 1997,-0.1238836070296744,fresh_better
FA,Germany 1997 Male 55-64 High Retired Married,0.1111111111111111,0.0347222222222222,Germany 1997,-0.0763888888888889,fresh_better
FA,Germany 1997 Male 55-64 Middle Retired Married,0.2003556910569105,0.1068597560975609,Germany 1997,-0.0934959349593496,fresh_better
FA,Germany 1997 Male 65-74 High Retired Married,0.0919540229885057,0.1091954022988505,Germany 1997,0.017241379310344793,fresh_worse
FA,Germany 1997 Male 65-74 Middle Retired Married,0.0868055555555555,0.0486111111111111,Germany 1997,-0.0381944444444444,fresh_better
FA,Germany 1997 Male 65-74 Middle Retired Widowed,0.1041295306001188,0.1105169340463458,Germany 1997,0.006387403446227,fresh_worse
FA,Germany 1997 Male <25 High Student Cohabiting,0.1011904761904762,0.0535714285714285,Germany 1997,-0.04761904761904771,fresh_better
FA,Germany 1997 Male <25 High Student Single,0.1091954022988505,0.2471264367816092,Germany 1997,0.1379310344827587,fresh_worse
FA,Germany 1997 Male <25 Middle Working Single,0.0967023172905525,0.0974450386215092,Germany 1997,0.0007427213309567082,fresh_worse
FA,Germany 2006 Female 25-34 High Homemaker Married,0.261111111111111,0.2041666666666666,Germany 2006,-0.05694444444444441,fresh_better
FA,Germany 2006 Female 25-34 High Working Single,0.2976190476190476,0.2892156862745098,Germany 2006,-0.00840336134453784,fresh_better
FA,Germany 2006 Female 25-34 Middle Homemaker Married,0.1165674603174603,0.1056547619047619,Germany 2006,-0.010912698412698402,fresh_better
FA,Germany 2006 Female 25-34 Middle Working Married,0.1376811594202898,0.2363433667781494,Germany 2006,0.0986622073578596,fresh_worse
FA,Germany 2006 Female 25-34 Middle Working Single,0.1636363636363636,0.1686868686868687,Germany 2006,0.005050505050505083,fresh_worse
FA,Germany 2006 Female 35-44 High Working Married,0.2532828282828283,0.2743265993265993,Germany 2006,0.02104377104377103,fresh_worse
FA,Germany 2006 Female 35-44 Middle Unemployed Married,0.2009222661396574,0.3557312252964426,Germany 2006,0.15480895915678516,fresh_worse
FA,Germany 2006 Female 35-44 Middle Working Cohabiting,0.162037037037037,0.25,Germany 2006,0.08796296296296299,fresh_worse
FA,Germany 2006 Female 35-44 Middle Working Divorced or separated,0.2852437417654809,0.2707509881422925,Germany 2006,-0.014492753623188415,fresh_better
FA,Germany 2006 Female 35-44 Middle Working Married,0.2427148194271482,0.2970112079701121,Germany 2006,0.0542963885429639,fresh_worse
FA,Germany 2006 Female 45-54 High Working Married,0.3978328173374613,0.2456140350877193,Germany 2006,-0.15221878224974197,fresh_better
FA,Germany 2006 Female 45-54 Middle Homemaker Married,0.2113095238095238,0.2333333333333333,Germany 2006,0.0220238095238095,fresh_worse
FA,Germany 2006 Female 45-54 Middle Unemployed Divorced or separated,0.2295678219940094,0.2781343602909713,Germany 2006,0.04856653829696192,fresh_worse
FA,Germany 2006 Female 45-54 Middle Unemployed Married,0.2735507246376811,0.3115942028985508,Germany 2006,0.03804347826086968,fresh_worse
FA,Germany 2006 Female 45-54 Middle Working Divorced or separated,0.2531055900621118,0.2303312629399585,Germany 2006,-0.0227743271221533,fresh_better
FA,Germany 2006 Female 45-54 Middle Working Married,0.2116542133665421,0.231060606060606,Germany 2006,0.019406392694063884,fresh_worse
FA,Germany 2006 Female 55-64 Low Retired Married,0.1333333333333333,0.2134920634920634,Germany 2006,0.0801587301587301,fresh_worse
FA,Germany 2006 Female 55-64 Low Retired Widowed,0.2844444444444445,0.2444444444444444,Germany 2006,-0.04000000000000009,fresh_better
FA,Germany 2006 Female 55-64 Middle Homemaker Married,0.1043771043771043,0.3299663299663299,Germany 2006,0.22558922558922562,fresh_worse
FA,Germany 2006 Female 55-64 Middle Retired Married,0.2134502923976608,0.2694931773879142,Germany 2006,0.05604288499025337,fresh_worse
FA,Germany 2006 Female 55-64 Middle Retired Widowed,0.1806020066889632,0.2603121516164995,Germany 2006,0.07971014492753631,fresh_worse
FA,Germany 2006 Female 55-64 Middle Working Married,0.2738095238095238,0.3055555555555556,Germany 2006,0.0317460317460318,fresh_worse
FA,Germany 2006 Female 65-74 High Retired Married,0.3375000000000001,0.4124999999999999,Germany 2006,0.07499999999999984,fresh_worse
FA,Germany 2006 Female 65-74 Low Retired Married,0.2492546213476446,0.2742993440667859,Germany 2006,0.02504472271914132,fresh_worse
FA,Germany 2006 Female 65-74 Low Retired Widowed,0.2717293906810036,0.3026433691756272,Germany 2006,0.030913978494623573,fresh_worse
FA,Germany 2006 Female 65-74 Middle Retired Divorced or separated,0.1749999999999999,0.2958333333333333,Germany 2006,0.12083333333333338,fresh_worse
FA,Germany 2006 Female 65-74 Middle Retired Married,0.2590909090909091,0.3257575757575757,Germany 2006,0.0666666666666666,fresh_worse
FA,Germany 2006 Female 65-74 Middle Retired Widowed,0.2603345280764635,0.3492234169653525,Germany 2006,0.08888888888888896,fresh_worse
FA,Germany 2006 Female 75+ Low Retired Widowed,0.2425087108013937,0.2099883855981416,Germany 2006,-0.0325203252032521,fresh_better
FA,Germany 2006 Female 75+ Middle Retired Widowed,0.3700828157349896,0.4712732919254658,Germany 2006,0.10119047619047622,fresh_worse
FA,Germany 2006 Female <25 High Student Single,0.1909356725146199,0.3131578947368421,Germany 2006,0.12222222222222218,fresh_worse
FA,Germany 2006 Female <25 Middle Student Single,0.1754385964912281,0.275438596491228,Germany 2006,0.0999999999999999,fresh_worse
FA,Germany 2006 Female <25 Middle Working Single,0.1525641025641025,0.2358974358974359,Germany 2006,0.0833333333333334,fresh_worse
FA,Germany 2006 Male 25-34 High Working Single,0.2357142857142857,0.2436507936507936,Germany 2006,0.00793650793650788,fresh_worse
FA,Germany 2006 Male 25-34 Middle Working Married,0.1933621933621933,0.1893939393939393,Germany 2006,-0.003968253968253982,fresh_better
FA,Germany 2006 Male 25-34 Middle Working Single,0.1587301587301587,0.1507936507936507,Germany 2006,-0.007936507936507992,fresh_better
FA,Germany 2006 Male 35-44 High Working Married,0.0614630467571644,0.1760935143288084,Germany 2006,0.114630467571644,fresh_worse
FA,Germany 2006 Male 35-44 Middle Working Married,0.1633333333333333,0.2566666666666666,Germany 2006,0.0933333333333333,fresh_worse
FA,Germany 2006 Male 45-54 High Working Married,0.2534562211981566,0.3284690220174091,Germany 2006,0.07501280081925249,fresh_worse
FA,Germany 2006 Male 45-54 Middle Unemployed Married,0.1326910074374577,0.1526369168356998,Germany 2006,0.01994590939824209,fresh_worse
FA,Germany 2006 Male 45-54 Middle Working Divorced or separated,0.1426635694928378,0.1233062330623306,Germany 2006,-0.019357336430507188,fresh_better
FA,Germany 2006 Male 45-54 Middle Working Married,0.2055511393746688,0.2251589825119237,Germany 2006,0.019607843137254916,fresh_worse
FA,Germany 2006 Male 55-64 High Retired Married,0.1875,0.4166666666666667,Germany 2006,0.22916666666666669,fresh_worse
FA,Germany 2006 Male 55-64 High Working Married,0.0833333333333333,0.2261904761904761,Germany 2006,0.1428571428571428,fresh_worse
FA,Germany 2006 Male 55-64 Middle Retired Married,0.2136891793754538,0.2485475671750181,Germany 2006,0.034858387799564294,fresh_worse
FA,Germany 2006 Male 55-64 Middle Working Married,0.1684782608695652,0.2835144927536232,Germany 2006,0.11503623188405804,fresh_worse
FA,Germany 2006 Male 65-74 High Retired Married,0.1984848484848485,0.2166666666666666,Germany 2006,0.018181818181818105,fresh_worse
FA,Germany 2006 Male 65-74 Low Retired Married,0.282051282051282,0.2820512820512821,Germany 2006,1.1102230246251565e-16,unchanged
FA,Germany 2006 Male 65-74 Middle Retired Married,0.2101759854536008,0.2437820637703747,Germany 2006,0.033606078316773896,fresh_worse
FA,Germany 2006 Male 65-74 Middle Retired Single,0.2118279569892473,0.2655913978494624,Germany 2006,0.05376344086021509,fresh_worse
FA,Germany 2006 Male 65-74 Middle Retired Widowed,0.1730158730158729,0.2984126984126984,Germany 2006,0.1253968253968255,fresh_worse
FA,Germany 2006 Male 75+ Middle Retired Married,0.2266666666666666,0.2987301587301587,Germany 2006,0.07206349206349208,fresh_worse
FA,Germany 2006 Male <25 High Student Single,0.2524038461538461,0.3886217948717949,Germany 2006,0.1362179487179488,fresh_worse
FA,Germany 2006 Male <25 Middle Student Single,0.1031746031746031,0.2317460317460317,Germany 2006,0.12857142857142861,fresh_worse
FA,Germany 2006 Male <25 Middle Working Single,0.2007575757575757,0.3598484848484848,Germany 2006,0.15909090909090912,fresh_worse
FA,Germany 2018 Female 25-34 High Working Cohabiting,0.173611111111111,0.1388888888888889,Germany 2018,-0.0347222222222221,fresh_better
FA,Germany 2018 Female 25-34 Middle Working Cohabiting,0.1363636363636363,0.0833333333333333,Germany 2018,-0.053030303030303,fresh_better
FA,Germany 2018 Female 25-34 Middle Working Single,0.1041666666666666,0.1319444444444444,Germany 2018,0.02777777777777779,fresh_worse
FA,Germany 2018 Female 35-44 High Homemaker Married,0.1354166666666666,0.2291666666666666,Germany 2018,0.09375,fresh_worse
FA,Germany 2018 Female 35-44 High Working Married,0.1724137931034482,0.0747126436781609,Germany 2018,-0.0977011494252873,fresh_better
FA,Germany 2018 Female 35-44 Middle Working Married,0.0990990990990991,0.0495495495495495,Germany 2018,-0.0495495495495496,fresh_better
FA,Germany 2018 Female 45-54 High Working Married,0.1126760563380281,0.0727699530516431,Germany 2018,-0.039906103286385,fresh_better
FA,Germany 2018 Female 45-54 High Working Single,0.1379310344827586,0.2011494252873563,Germany 2018,0.06321839080459771,fresh_worse
FA,Germany 2018 Female 45-54 Middle Working Divorced or separated,0.0787037037037037,0.0648148148148148,Germany 2018,-0.013888888888888909,fresh_better
FA,Germany 2018 Female 45-54 Middle Working Married,0.1030701754385964,0.0657894736842105,Germany 2018,-0.0372807017543859,fresh_better
FA,Germany 2018 Female 55-64 Middle Homemaker Married,0.0925925925925926,0.1259259259259259,Germany 2018,0.03333333333333331,fresh_worse
FA,Germany 2018 Female 55-64 Middle Working Married,0.0897435897435897,0.0982905982905982,Germany 2018,0.008547008547008503,fresh_worse
FA,Germany 2018 Female 65-74 High Retired Widowed,0.1519607843137255,0.196078431372549,Germany 2018,0.044117647058823484,fresh_worse
FA,Germany 2018 Female 65-74 Low Retired Married,0.1219512195121951,0.0934959349593496,Germany 2018,-0.028455284552845503,fresh_better
FA,Germany 2018 Female 65-74 Middle Retired Married,0.0911949685534591,0.2547169811320755,Germany 2018,0.16352201257861643,fresh_worse
FA,Germany 2018 Female 65-74 Middle Retired Widowed,0.1354166666666666,0.1041666666666666,Germany 2018,-0.03125,fresh_better
FA,Germany 2018 Female 75+ Low Retired Widowed,0.1264367816091954,0.1206896551724137,Germany 2018,-0.0057471264367816854,fresh_better
FA,Germany 2018 Female 75+ Middle Retired Married,0.1587301587301587,0.1984126984126984,Germany 2018,0.03968253968253971,fresh_worse
FA,Germany 2018 Female 75+ Middle Retired Widowed,0.1379310344827586,0.2701149425287356,Germany 2018,0.132183908045977,fresh_worse
FA,Germany 2018 Female <25 Middle Student Single,0.1141065830721003,0.2318181818181818,Germany 2018,0.11771159874608152,fresh_worse
FA,Germany 2018 Male 25-34 High Working Married,0.1011904761904761,0.113095238095238,Germany 2018,0.011904761904761904,fresh_worse
FA,Germany 2018 Male 25-34 High Working Single,0.106060606060606,0.1868686868686868,Germany 2018,0.0808080808080808,fresh_worse
FA,Germany 2018 Male 25-34 Middle Student Cohabiting,0.1805555555555555,0.068342151675485,Germany 2018,-0.11221340388007049,fresh_better
FA,Germany 2018 Male 25-34 Middle Student Single,0.1014492753623188,0.1159420289855072,Germany 2018,0.0144927536231884,fresh_worse
FA,Germany 2018 Male 25-34 Middle Working Married,0.1875,0.0572916666666666,Germany 2018,-0.1302083333333334,fresh_better
FA,Germany 2018 Male 25-34 Middle Working Single,0.1666666666666666,0.0921985815602836,Germany 2018,-0.074468085106383,fresh_better
FA,Germany 2018 Male 35-44 High Working Married,0.1794871794871795,0.2179487179487179,Germany 2018,0.03846153846153841,fresh_worse
FA,Germany 2018 Male 35-44 Middle Working Married,0.1174067221708295,0.1080018501387604,Germany 2018,-0.009404872032069092,fresh_better
FA,Germany 2018 Male 45-54 High Working Married,0.0833333333333333,0.1182795698924731,Germany 2018,0.034946236559139796,fresh_worse
FA,Germany 2018 Male 45-54 Middle Working Divorced or separated,0.2083333333333333,0.173611111111111,Germany 2018,-0.03472222222222229,fresh_better
FA,Germany 2018 Male 45-54 Middle Working Married,0.1179487179487179,0.1205128205128205,Germany 2018,0.0025641025641025966,fresh_worse
FA,Germany 2018 Male 55-64 High Working Married,0.1238095238095238,0.1285714285714285,Germany 2018,0.004761904761904703,fresh_worse
FA,Germany 2018 Male 55-64 Middle Working Married,0.0932147562582345,0.1366930171277997,Germany 2018,0.04347826086956519,fresh_worse
FA,Germany 2018 Male 65-74 High Retired Divorced or separated,0.0729166666666666,0.140625,Germany 2018,0.0677083333333334,fresh_worse
FA,Germany 2018 Male 65-74 High Retired Married,0.0476190476190476,0.0833333333333333,Germany 2018,0.0357142857142857,fresh_worse
FA,Germany 2018 Male 65-74 Middle Retired Married,0.0875706214689265,0.1016949152542372,Germany 2018,0.014124293785310701,fresh_worse
FA,Germany 2018 Male 75+ High Retired Married,0.1166666666666667,0.1388888888888889,Germany 2018,0.0222222222222222,fresh_worse
FA,Germany 2018 Male 75+ Middle Retired Married,0.1888888888888888,0.1888888888888889,Germany 2018,1.1102230246251565e-16,unchanged
FA,Germany 2018 Male 75+ Middle Retired Widowed,0.0777777777777777,0.1148148148148148,Germany 2018,0.037037037037037104,fresh_worse
FA,Germany 2018 Male <25 Middle Student Single,0.0677083333333333,0.0989583333333333,Germany 2018,0.03125,fresh_worse
FA,Mexico 1996 Female 25-34 High Homemaker Married,0.3095238095238095,0.3428571428571428,Mexico 1996,0.033333333333333326,fresh_worse
FA,Mexico 1996 Female 25-34 High Working Cohabiting,0.2404931669637552,0.3385323826500297,Mexico 1996,0.09803921568627452,fresh_worse
FA,Mexico 1996 Female 25-34 High Working Married,0.3131313131313131,0.398989898989899,Mexico 1996,0.08585858585858591,fresh_worse
FA,Mexico 1996 Female 25-34 High Working Single,0.4133333333333333,0.4599999999999999,Mexico 1996,0.046666666666666634,fresh_worse
FA,Mexico 1996 Female 25-34 Low Homemaker Married,0.515151515151515,0.5757575757575757,Mexico 1996,0.06060606060606066,fresh_worse
FA,Mexico 1996 Female 25-34 Middle Homemaker Married,0.3784355179704017,0.4466173361522199,Mexico 1996,0.06818181818181818,fresh_worse
FA,Mexico 1996 Female 25-34 Middle Unemployed Married,0.2298850574712644,0.3218390804597701,Mexico 1996,0.09195402298850572,fresh_worse
FA,Mexico 1996 Female 25-34 Middle Working Divorced or separated,0.3777777777777777,0.5944444444444444,Mexico 1996,0.21666666666666673,fresh_worse
FA,Mexico 1996 Female 25-34 Middle Working Married,0.371559633027523,0.4204892966360857,Mexico 1996,0.04892966360856271,fresh_worse
FA,Mexico 1996 Female 25-34 Middle Working Single,0.5256410256410257,0.391025641025641,Mexico 1996,-0.13461538461538464,fresh_better
FA,Mexico 1996 Female 35-44 High Working Married,0.2569444444444444,0.3819444444444445,Mexico 1996,0.12500000000000006,fresh_worse
FA,Mexico 1996 Female 35-44 Middle Homemaker Married,0.4947916666666667,0.5677083333333334,Mexico 1996,0.07291666666666669,fresh_worse
FA,Mexico 1996 Female 45-54 Low Homemaker Married,0.4909909909909911,0.5135135135135136,Mexico 1996,0.022522522522522515,fresh_worse
FA,Mexico 1996 Female 45-54 Low Homemaker Widowed,0.4935897435897436,0.5512820512820513,Mexico 1996,0.05769230769230771,fresh_worse
FA,Mexico 1996 Female 45-54 Middle Homemaker Married,0.4246031746031746,0.6587301587301587,Mexico 1996,0.23412698412698413,fresh_worse
FA,Mexico 1996 Female 55-64 Middle Working Widowed,0.3636363636363636,0.5681818181818181,Mexico 1996,0.20454545454545453,fresh_worse
FA,Mexico 1996 Female <25 High Student Single,0.4005376344086022,0.5215053763440861,Mexico 1996,0.12096774193548393,fresh_worse
FA,Mexico 1996 Female <25 High Working Single,0.3680555555555556,0.5694444444444445,Mexico 1996,0.20138888888888895,fresh_worse
FA,Mexico 1996 Female <25 Middle Homemaker Married,0.2430555555555555,0.4305555555555555,Mexico 1996,0.18750000000000003,fresh_worse
FA,Mexico 1996 Female <25 Middle Student Single,0.3999999999999999,0.4787878787878789,Mexico 1996,0.07878787878787896,fresh_worse
FA,Mexico 1996 Female <25 Middle Working Single,0.4242424242424242,0.6136363636363636,Mexico 1996,0.18939393939393945,fresh_worse
FA,Mexico 1996 Male 25-34 High Unemployed Married,0.0902777777777777,0.2569444444444445,Mexico 1996,0.16666666666666677,fresh_worse
FA,Mexico 1996 Male 25-34 High Working Cohabiting,0.2412280701754385,0.4078947368421052,Mexico 1996,0.16666666666666669,fresh_worse
FA,Mexico 1996 Male 25-34 High Working Married,0.2191358024691357,0.2993827160493827,Mexico 1996,0.08024691358024702,fresh_worse
FA,Mexico 1996 Male 25-34 High Working Single,0.2131782945736434,0.3333333333333333,Mexico 1996,0.12015503875968991,fresh_worse
FA,Mexico 1996 Male 25-34 Middle Working Cohabiting,0.3062015503875969,0.4767441860465116,Mexico 1996,0.1705426356589147,fresh_worse
FA,Mexico 1996 Male 25-34 Middle Working Married,0.3354430379746836,0.3860759493670886,Mexico 1996,0.050632911392405,fresh_worse
FA,Mexico 1996 Male 25-34 Middle Working Single,0.3166666666666666,0.4055555555555555,Mexico 1996,0.0888888888888889,fresh_worse
FA,Mexico 1996 Male 35-44 High Working Married,0.2604166666666667,0.3697916666666667,Mexico 1996,0.109375,fresh_worse
FA,Mexico 1996 Male 35-44 Middle Working Married,0.3362068965517241,0.3706896551724137,Mexico 1996,0.03448275862068961,fresh_worse
FA,Mexico 1996 Male 35-44 Middle Working Single,0.3423423423423423,0.3513513513513513,Mexico 1996,0.009009009009009028,fresh_worse
FA,Mexico 1996 Male 45-54 High Working Married,0.3387096774193548,0.3709677419354838,Mexico 1996,0.032258064516129004,fresh_worse
FA,Mexico 1996 Male 45-54 Low Unemployed Divorced or separated,0.3266666666666666,0.4533333333333333,Mexico 1996,0.1266666666666667,fresh_worse
FA,Mexico 1996 Male 45-54 Low Working Married,0.3533333333333333,0.3733333333333333,Mexico 1996,0.020000000000000018,fresh_worse
FA,Mexico 1996 Male 45-54 Middle Working Married,0.4844961240310077,0.4728682170542635,Mexico 1996,-0.011627906976744207,fresh_better
FA,Mexico 1996 Male <25 High Student Single,0.2201862602805998,0.3742743105950654,Mexico 1996,0.1540880503144656,fresh_worse
FA,Mexico 1996 Male <25 High Working Single,0.25,0.4652777777777777,Mexico 1996,0.21527777777777768,fresh_worse
FA,Mexico 1996 Male <25 Middle Student Single,0.142156862745098,0.3676470588235294,Mexico 1996,0.22549019607843138,fresh_worse
FA,Mexico 1996 Male <25 Middle Unemployed Single,0.191358024691358,0.4506172839506172,Mexico 1996,0.2592592592592592,fresh_worse
FA,Mexico 1996 Male <25 Middle Working Single,0.3333333333333332,0.5059523809523809,Mexico 1996,0.17261904761904773,fresh_worse
FA,Mexico 2005 Female 25-34 High Homemaker Married,0.4541666666666666,0.5291666666666667,Mexico 2005,0.07500000000000007,fresh_worse
FA,Mexico 2005 Female 25-34 High Working Married,0.3768115942028986,0.572463768115942,Mexico 2005,0.1956521739130434,fresh_worse
FA,Mexico 2005 Female 25-34 High Working Single,0.4956317204301075,0.5372983870967742,Mexico 2005,0.04166666666666674,fresh_worse
FA,Mexico 2005 Female 25-34 Low Homemaker Married,0.3888888888888888,0.3492063492063491,Mexico 2005,-0.03968253968253971,fresh_better
FA,Mexico 2005 Female 25-34 Middle Homemaker Cohabiting,0.1944444444444444,0.4537037037037037,Mexico 2005,0.2592592592592593,fresh_worse
FA,Mexico 2005 Female 25-34 Middle Homemaker Married,0.2681159420289855,0.4818840579710144,Mexico 2005,0.21376811594202894,fresh_worse
FA,Mexico 2005 Female 25-34 Middle Working Married,0.3947368421052632,0.4429824561403508,Mexico 2005,0.04824561403508759,fresh_worse
FA,Mexico 2005 Female 35-44 High Homemaker Married,0.4166666666666667,0.5952380952380952,Mexico 2005,0.17857142857142855,fresh_worse
FA,Mexico 2005 Female 35-44 High Working Married,0.2366666666666667,0.44,Mexico 2005,0.2033333333333333,fresh_worse
FA,Mexico 2005 Female 35-44 Middle Homemaker Cohabiting,0.2839506172839506,0.3518518518518518,Mexico 2005,0.0679012345679012,fresh_worse
FA,Mexico 2005 Female 35-44 Middle Homemaker Married,0.3594771241830065,0.4901960784313725,Mexico 2005,0.130718954248366,fresh_worse
FA,Mexico 2005 Female 35-44 Middle Working Divorced or separated,0.3840579710144928,0.3550724637681159,Mexico 2005,-0.028985507246376885,fresh_better
FA,Mexico 2005 Female 45-54 Low Homemaker Married,0.3996031746031745,0.4948412698412698,Mexico 2005,0.09523809523809529,fresh_worse
FA,Mexico 2005 Female 45-54 Middle Homemaker Married,0.4012345679012346,0.537037037037037,Mexico 2005,0.1358024691358024,fresh_worse
FA,Mexico 2005 Female 55-64 Low Homemaker Married,0.1623931623931624,0.3803418803418803,Mexico 2005,0.21794871794871792,fresh_worse
FA,Mexico 2005 Female 55-64 Middle Homemaker Married,0.4999999999999998,0.5249999999999999,Mexico 2005,0.025000000000000133,fresh_worse
FA,Mexico 2005 Female 65-74 Low Homemaker Widowed,0.293103448275862,0.5747126436781609,Mexico 2005,0.2816091954022989,fresh_worse
FA,Mexico 2005 Female 65-74 Middle Retired Widowed,0.390625,0.6197916666666666,Mexico 2005,0.22916666666666663,fresh_worse
FA,Mexico 2005 Female <25 High Student Single,0.3552631578947368,0.4649122807017543,Mexico 2005,0.1096491228070175,fresh_worse
FA,Mexico 2005 Female <25 High Working Single,0.3603603603603604,0.4279279279279279,Mexico 2005,0.06756756756756749,fresh_worse
FA,Mexico 2005 Female <25 Middle Homemaker Single,0.3266666666666667,0.58,Mexico 2005,0.25333333333333324,fresh_worse
FA,Mexico 2005 Female NA Low Homemaker Cohabiting,0.3080808080808081,0.4898989898989898,Mexico 2005,0.18181818181818166,fresh_worse
FA,Mexico 2005 Female NA Low Homemaker Married,0.4436138796603912,0.4397379106681432,Mexico 2005,-0.003875968992247958,fresh_better
FA,Mexico 2005 Male 25-34 High Working Married,0.1183574879227053,0.2560386473429951,Mexico 2005,0.1376811594202898,fresh_worse
FA,Mexico 2005 Male 25-34 High Working Single,0.3378378378378379,0.4864864864864864,Mexico 2005,0.14864864864864852,fresh_worse
FA,Mexico 2005 Male 25-34 Middle Working Cohabiting,0.2361111111111111,0.3402777777777778,Mexico 2005,0.10416666666666669,fresh_worse
FA,Mexico 2005 Male 25-34 Middle Working Married,0.3061224489795919,0.3911564625850339,Mexico 2005,0.085034013605442,fresh_worse
FA,Mexico 2005 Male 25-34 Middle Working Single,0.2055555555555555,0.3888888888888889,Mexico 2005,0.1833333333333334,fresh_worse
FA,Mexico 2005 Male 35-44 High Working Married,0.1241830065359477,0.2124183006535947,Mexico 2005,0.08823529411764701,fresh_worse
FA,Mexico 2005 Male 35-44 Middle Working Cohabiting,0.2068965517241379,0.3333333333333333,Mexico 2005,0.12643678160919541,fresh_worse
FA,Mexico 2005 Male 35-44 Middle Working Married,0.4265243902439025,0.3980691056910568,Mexico 2005,-0.028455284552845683,fresh_better
FA,Mexico 2005 Male 45-54 High Working Married,0.2021276595744681,0.3156028368794326,Mexico 2005,0.11347517730496448,fresh_worse
FA,Mexico 2005 Male 45-54 Low Working Cohabiting,0.3985507246376811,0.5217391304347827,Mexico 2005,0.12318840579710161,fresh_worse
FA,Mexico 2005 Male 45-54 Low Working Married,0.3523391812865497,0.4805443094916779,Mexico 2005,0.12820512820512825,fresh_worse
FA,Mexico 2005 Male 45-54 Middle Unemployed Married,0.419753086419753,0.4938271604938271,Mexico 2005,0.07407407407407407,fresh_worse
FA,Mexico 2005 Male 45-54 Middle Working Married,0.3,0.2523809523809524,Mexico 2005,-0.047619047619047616,fresh_better
FA,Mexico 2005 Male 55-64 Low Unemployed Married,0.3166666666666666,0.4583333333333333,Mexico 2005,0.14166666666666672,fresh_worse
FA,Mexico 2005 Male 55-64 Low Working Married,0.3824372759856631,0.3931899641577061,Mexico 2005,0.010752688172042946,fresh_worse
FA,Mexico 2005 Male 55-64 Middle Working Married,0.2569444444444444,0.4513888888888888,Mexico 2005,0.19444444444444436,fresh_worse
FA,Mexico 2005 Male 55-64 Middle Working Single,0.3390804597701149,0.4827586206896552,Mexico 2005,0.14367816091954028,fresh_worse
FA,Mexico 2005 Male <25 High Student Single,0.2537878787878788,0.393939393939394,Mexico 2005,0.1401515151515152,fresh_worse
FA,Mexico 2005 Male <25 High Working Single,0.193798449612403,0.3720930232558139,Mexico 2005,0.1782945736434109,fresh_worse
FA,Mexico 2005 Male <25 Middle Student Single,0.2063492063492063,0.4126984126984127,Mexico 2005,0.20634920634920637,fresh_worse
FA,Mexico 2005 Male <25 Middle Working Married,0.3611111111111111,0.3333333333333333,Mexico 2005,-0.02777777777777779,fresh_better
FA,Mexico 2005 Male <25 Middle Working Single,0.2277777777777777,0.3944444444444444,Mexico 2005,0.16666666666666669,fresh_worse
FA,Mexico 2018 Female 25-34 High Homemaker Married,0.3188405797101449,0.5362318840579711,Mexico 2018,0.21739130434782616,fresh_worse
FA,Mexico 2018 Female 25-34 High Working Married,0.3531746031746032,0.4087301587301588,Mexico 2018,0.05555555555555558,fresh_worse
FA,Mexico 2018 Female 25-34 Low Homemaker Married,0.2841183574879227,0.3743961352657005,Mexico 2018,0.09027777777777779,fresh_worse
FA,Mexico 2018 Female 25-34 Low Working Married,0.3541666666666666,0.5208333333333333,Mexico 2018,0.16666666666666669,fresh_worse
FA,Mexico 2018 Female 25-34 Middle Homemaker Cohabiting,0.2213541666666666,0.375,Mexico 2018,0.1536458333333334,fresh_worse
FA,Mexico 2018 Female 25-34 Middle Homemaker Married,0.2575757575757575,0.5151515151515151,Mexico 2018,0.2575757575757576,fresh_worse
FA,Mexico 2018 Female 25-34 Middle Working Married,0.1666666666666666,0.3583333333333334,Mexico 2018,0.1916666666666668,fresh_worse
FA,Mexico 2018 Female 25-34 Middle Working Single,0.3617886178861789,0.4837398373983739,Mexico 2018,0.12195121951219501,fresh_worse
FA,Mexico 2018 Female 35-44 Middle Homemaker Cohabiting,0.4492753623188406,0.4855072463768116,Mexico 2018,0.03623188405797101,fresh_worse
FA,Mexico 2018 Female 35-44 Middle Homemaker Married,0.2990196078431372,0.4509803921568627,Mexico 2018,0.1519607843137255,fresh_worse
FA,Mexico 2018 Female 35-44 Middle Working Cohabiting,0.1287878787878787,0.3257575757575757,Mexico 2018,0.196969696969697,fresh_worse
FA,Mexico 2018 Female 35-44 Middle Working Divorced or separated,0.3266666666666666,0.5233333333333333,Mexico 2018,0.1966666666666667,fresh_worse
FA,Mexico 2018 Female 35-44 Middle Working Married,0.26,0.3333333333333333,Mexico 2018,0.0733333333333333,fresh_worse
FA,Mexico 2018 Female 45-54 Low Homemaker Cohabiting,0.3708333333333333,0.3583333333333334,Mexico 2018,-0.0124999999999999,fresh_better
FA,Mexico 2018 Female 45-54 Low Homemaker Married,0.2634408602150538,0.4408602150537633,Mexico 2018,0.17741935483870952,fresh_worse
FA,Mexico 2018 Female 45-54 Middle Homemaker Married,0.3034188034188034,0.4743589743589744,Mexico 2018,0.170940170940171,fresh_worse
FA,Mexico 2018 Female 45-54 Middle Working Married,0.3817204301075269,0.4677419354838709,Mexico 2018,0.08602150537634401,fresh_worse
FA,Mexico 2018 Female 55-64 Low Homemaker Married,0.5,0.5476190476190476,Mexico 2018,0.04761904761904756,fresh_worse
FA,Mexico 2018 Female 55-64 Low Working Divorced or separated,0.4000000000000001,0.4333333333333333,Mexico 2018,0.033333333333333215,fresh_worse
FA,Mexico 2018 Female 55-64 Low Working Married,0.2692307692307692,0.3461538461538462,Mexico 2018,0.07692307692307698,fresh_worse
FA,Mexico 2018 Female 65-74 Low Homemaker Married,0.5733333333333333,0.58,Mexico 2018,0.00666666666666671,fresh_worse
FA,Mexico 2018 Female 65-74 Low Homemaker Widowed,0.3888888888888889,0.5751633986928104,Mexico 2018,0.18627450980392152,fresh_worse
FA,Mexico 2018 Female 65-74 Low Working Widowed,0.2986111111111111,0.375,Mexico 2018,0.0763888888888889,fresh_worse
FA,Mexico 2018 Female <25 Middle Student Single,0.268361581920904,0.5,Mexico 2018,0.23163841807909602,fresh_worse
FA,Mexico 2018 Female <25 Middle Working Cohabiting,0.1837606837606837,0.3162393162393162,Mexico 2018,0.13247863247863254,fresh_worse
FA,Mexico 2018 Male 25-34 High Working Married,0.138095238095238,0.319047619047619,Mexico 2018,0.18095238095238103,fresh_worse
FA,Mexico 2018 Male 25-34 High Working Single,0.1565656565656565,0.409090909090909,Mexico 2018,0.2525252525252525,fresh_worse
FA,Mexico 2018 Male 25-34 Middle Working Cohabiting,0.2131782945736434,0.2480620155038759,Mexico 2018,0.03488372093023251,fresh_worse
FA,Mexico 2018 Male 25-34 Middle Working Married,0.1925287356321839,0.3850574712643677,Mexico 2018,0.19252873563218378,fresh_worse
FA,Mexico 2018 Male 25-34 Middle Working Single,0.3032407407407407,0.4606481481481482,Mexico 2018,0.1574074074074075,fresh_worse
FA,Mexico 2018 Male 35-44 High Working Married,0.2990196078431372,0.3014705882352941,Mexico 2018,0.0024509803921569095,fresh_worse
FA,Mexico 2018 Male 35-44 Low Working Married,0.1954022988505747,0.396551724137931,Mexico 2018,0.2011494252873563,fresh_worse
FA,Mexico 2018 Male 35-44 Middle Working Cohabiting,0.3083333333333333,0.1999999999999999,Mexico 2018,-0.10833333333333339,fresh_better
FA,Mexico 2018 Male 35-44 Middle Working Married,0.2803030303030303,0.2727272727272727,Mexico 2018,-0.007575757575757569,fresh_better
FA,Mexico 2018 Male 45-54 Low Unemployed Married,0.2207207207207207,0.4369369369369369,Mexico 2018,0.21621621621621623,fresh_worse
FA,Mexico 2018 Male 45-54 Low Working Married,0.419753086419753,0.3950617283950617,Mexico 2018,-0.0246913580246913,fresh_better
FA,Mexico 2018 Male 45-54 Middle Working Cohabiting,0.1612903225806451,0.3817204301075269,Mexico 2018,0.22043010752688177,fresh_worse
FA,Mexico 2018 Male 45-54 Middle Working Married,0.3117283950617284,0.4135802469135801,Mexico 2018,0.1018518518518517,fresh_worse
FA,Mexico 2018 Male 55-64 Low Working Married,0.2730496453900709,0.4432624113475177,Mexico 2018,0.17021276595744678,fresh_worse
FA,Mexico 2018 Male 55-64 Middle Retired Married,0.2196969696969697,0.3106060606060605,Mexico 2018,0.0909090909090908,fresh_worse
FA,Mexico 2018 Male 55-64 Middle Working Married,0.2254901960784313,0.2679738562091503,Mexico 2018,0.042483660130719025,fresh_worse
FA,Mexico 2018 Male 65-74 Low Working Married,0.141025641025641,0.2649572649572649,Mexico 2018,0.12393162393162391,fresh_worse
FA,Mexico 2018 Male 75+ Low Unemployed Widowed,0.2539682539682539,0.3333333333333333,Mexico 2018,0.07936507936507942,fresh_worse
FA,Mexico 2018 Male <25 Middle Student Single,0.3414634146341463,0.467479674796748,Mexico 2018,0.1260162601626017,fresh_worse
FA,Mexico 2018 Male <25 Middle Unemployed Single,0.3999999999999999,0.5666666666666667,Mexico 2018,0.16666666666666674,fresh_worse
FA,Mexico 2018 Male <25 Middle Working Single,0.1614695340501792,0.3069892473118279,Mexico 2018,0.14551971326164873,fresh_worse
FA,Russia 1995 Female 25-34 High Homemaker Married,0.1833333333333333,0.0791666666666666,Russia 1995,-0.1041666666666667,fresh_better
FA,Russia 1995 Female 25-34 High Working Married,0.1740870240870241,0.0903651903651903,Russia 1995,-0.08372183372183378,fresh_better
FA,Russia 1995 Female 25-34 High Working Single,0.1379310344827586,0.2413793103448276,Russia 1995,0.103448275862069,fresh_worse
FA,Russia 1995 Female 25-34 Middle Homemaker Married,0.160919540229885,0.0890804597701149,Russia 1995,-0.0718390804597701,fresh_better
FA,Russia 1995 Female 25-34 Middle Working Divorced or separated,0.1458333333333333,0.0972222222222222,Russia 1995,-0.04861111111111109,fresh_better
FA,Russia 1995 Female 25-34 Middle Working Married,0.1180555555555555,0.0462962962962963,Russia 1995,-0.07175925925925919,fresh_better
FA,Russia 1995 Female 25-34 Middle Working Single,0.1234567901234567,0.1604938271604938,Russia 1995,0.03703703703703709,fresh_worse
FA,Russia 1995 Female 35-44 High Working Divorced or separated,0.1029411764705882,0.0784313725490196,Russia 1995,-0.024509803921568596,fresh_better
FA,Russia 1995 Female 35-44 High Working Married,0.1721311475409836,0.1038251366120218,Russia 1995,-0.0683060109289618,fresh_better
FA,Russia 1995 Female 35-44 Middle Working Divorced or separated,0.1172839506172839,0.1419753086419753,Russia 1995,0.0246913580246914,fresh_worse
FA,Russia 1995 Female 35-44 Middle Working Married,0.1444789510006901,0.0957902001380262,Russia 1995,-0.048688750862663915,fresh_better
FA,Russia 1995 Female 45-54 High Working Married,0.1747967479674796,0.1138211382113821,Russia 1995,-0.060975609756097504,fresh_better
FA,Russia 1995 Female 45-54 High Working Widowed,0.1111111111111111,0.1031746031746031,Russia 1995,-0.007936507936508005,fresh_better
FA,Russia 1995 Female 45-54 Middle Working Married,0.1263014166239972,0.0797917733401604,Russia 1995,-0.04650964328383679,fresh_better
FA,Russia 1995 Female 55-64 High Retired Married,0.1024572649572649,0.1085470085470085,Russia 1995,0.006089743589743596,fresh_worse
FA,Russia 1995 Female 55-64 Middle Retired Divorced or separated,0.1825396825396825,0.2142857142857142,Russia 1995,0.03174603174603169,fresh_worse
FA,Russia 1995 Female 55-64 Middle Retired Married,0.1233333333333333,0.0966666666666666,Russia 1995,-0.0266666666666667,fresh_better
FA,Russia 1995 Female 55-64 Middle Retired Widowed,0.1878306878306878,0.1798941798941798,Russia 1995,-0.007936507936507992,fresh_better
FA,Russia 1995 Female 65-74 High Retired Widowed,0.1314102564102564,0.0961538461538461,Russia 1995,-0.035256410256410284,fresh_better
FA,Russia 1995 Female 65-74 Low Retired Widowed,0.1313131313131313,0.1262626262626262,Russia 1995,-0.005050505050505111,fresh_better
FA,Russia 1995 Female 65-74 Middle Retired Married,0.1314102564102564,0.0961538461538461,Russia 1995,-0.035256410256410284,fresh_better
FA,Russia 1995 Female 65-74 Middle Retired Widowed,0.1465863453815261,0.178714859437751,Russia 1995,0.03212851405622491,fresh_worse
FA,Russia 1995 Female 75+ Low Retired Widowed,0.1521739130434782,0.0652173913043478,Russia 1995,-0.08695652173913039,fresh_better
FA,Russia 1995 Female 75+ Middle Retired Widowed,0.1388888888888889,0.1319444444444444,Russia 1995,-0.006944444444444503,fresh_better
FA,Russia 1995 Female <25 High Student Married,0.1594202898550724,0.1231884057971014,Russia 1995,-0.036231884057970995,fresh_better
FA,Russia 1995 Female <25 High Student Single,0.0992063492063492,0.0714285714285714,Russia 1995,-0.027777777777777804,fresh_better
FA,Russia 1995 Male 25-34 High Working Married,0.2547619047619047,0.0785714285714285,Russia 1995,-0.17619047619047618,fresh_better
FA,Russia 1995 Male 25-34 Middle Working Married,0.1436698717948718,0.0580929487179487,Russia 1995,-0.0855769230769231,fresh_better
FA,Russia 1995 Male 35-44 High Unemployed Married,0.1802910052910052,0.0674603174603174,Russia 1995,-0.1128306878306878,fresh_better
FA,Russia 1995 Male 35-44 High Working Married,0.1992337164750957,0.078544061302682,Russia 1995,-0.12068965517241369,fresh_better
FA,Russia 1995 Male 35-44 Middle Unemployed Married,0.1845238095238095,0.1011904761904761,Russia 1995,-0.08333333333333341,fresh_better
FA,Russia 1995 Male 35-44 Middle Working Married,0.1893173198482932,0.0949220396123051,Russia 1995,-0.0943952802359881,fresh_better
FA,Russia 1995 Male 45-54 High Working Divorced or separated,0.1505376344086021,0.0591397849462365,Russia 1995,-0.0913978494623656,fresh_better
FA,Russia 1995 Male 45-54 High Working Married,0.189922480620155,0.0503875968992248,Russia 1995,-0.1395348837209302,fresh_better
FA,Russia 1995 Male 45-54 Middle Working Married,0.188034188034188,0.0811965811965812,Russia 1995,-0.1068376068376068,fresh_better
FA,Russia 1995 Male 55-64 High Working Married,0.1518518518518518,0.0666666666666666,Russia 1995,-0.0851851851851852,fresh_better
FA,Russia 1995 Male 55-64 Middle Retired Married,0.2666666666666666,0.1148148148148148,Russia 1995,-0.1518518518518518,fresh_better
FA,Russia 1995 Male 55-64 Middle Retired Widowed,0.1178861788617886,0.065040650406504,Russia 1995,-0.05284552845528459,fresh_better
FA,Russia 1995 Male 55-64 Middle Working Married,0.3333333333333333,0.0652173913043478,Russia 1995,-0.26811594202898553,fresh_better
FA,Russia 1995 Male 65-74 Middle Retired Married,0.1514336917562724,0.0852961256187062,Russia 1995,-0.06613756613756619,fresh_better
FA,Russia 1995 Male <25 High Student Single,0.2450980392156863,0.0539215686274509,Russia 1995,-0.1911764705882354,fresh_better
FA,Russia 1995 Male <25 High Working Single,0.1236559139784946,0.086021505376344,Russia 1995,-0.0376344086021506,fresh_better
FA,Russia 1995 Male <25 Middle Working Single,0.144927536231884,0.0942028985507246,Russia 1995,-0.05072463768115941,fresh_better
FA,Russia 2006 Female 25-34 High Homemaker Married,0.1593406593406593,0.1709401709401709,Russia 2006,0.011599511599511586,fresh_worse
FA,Russia 2006 Female 25-34 High Unemployed Divorced or separated,0.1363636363636363,0.0757575757575757,Russia 2006,-0.060606060606060594,fresh_better
FA,Russia 2006 Female 25-34 High Working Married,0.1504702194357366,0.1583072100313479,Russia 2006,0.007836990595611298,fresh_worse
FA,Russia 2006 Female 25-34 High Working Single,0.1493664717348928,0.2171052631578947,Russia 2006,0.0677387914230019,fresh_worse
FA,Russia 2006 Female 25-34 Middle Homemaker Married,0.1538461538461538,0.1217948717948717,Russia 2006,-0.032051282051282104,fresh_better
FA,Russia 2006 Female 25-34 Middle Working Married,0.1666666666666666,0.1801075268817204,Russia 2006,0.013440860215053807,fresh_worse
FA,Russia 2006 Female 35-44 High Working Divorced or separated,0.250438596491228,0.1846491228070175,Russia 2006,-0.06578947368421051,fresh_better
FA,Russia 2006 Female 35-44 High Working Married,0.2019023986765922,0.1634408602150538,Russia 2006,-0.03846153846153841,fresh_better
FA,Russia 2006 Female 35-44 Middle Homemaker Married,0.1489028213166144,0.1489028213166144,Russia 2006,0.0,unchanged
FA,Russia 2006 Female 35-44 Middle Working Divorced or separated,0.1701940035273368,0.1682098765432098,Russia 2006,-0.001984126984127005,fresh_better
FA,Russia 2006 Female 35-44 Middle Working Married,0.1611168032786885,0.1717896174863388,Russia 2006,0.010672814207650316,fresh_worse
FA,Russia 2006 Female 45-54 High Working Divorced or separated,0.1923076923076923,0.1861348528015195,Russia 2006,-0.006172839506172784,fresh_better
FA,Russia 2006 Female 45-54 High Working Married,0.201010101010101,0.1893141945773525,Russia 2006,-0.01169590643274851,fresh_better
FA,Russia 2006 Female 45-54 High Working Widowed,0.1946969696969697,0.2022727272727273,Russia 2006,0.007575757575757597,fresh_worse
FA,Russia 2006 Female 45-54 Middle Working Divorced or separated,0.1504329004329004,0.2337662337662337,Russia 2006,0.08333333333333331,fresh_worse
FA,Russia 2006 Female 45-54 Middle Working Married,0.1736938860226531,0.1563482179920535,Russia 2006,-0.017345668030599587,fresh_better
FA,Russia 2006 Female 45-54 Middle Working Widowed,0.1197337377822716,0.1796427367711492,Russia 2006,0.059908998988877596,fresh_worse
FA,Russia 2006 Female 55-64 High Retired Married,0.2395238095238095,0.2128571428571428,Russia 2006,-0.0266666666666667,fresh_better
FA,Russia 2006 Female 55-64 Middle Retired Married,0.1715686274509803,0.0980392156862745,Russia 2006,-0.07352941176470582,fresh_better
FA,Russia 2006 Female 55-64 Middle Retired Widowed,0.2678571428571428,0.3095238095238095,Russia 2006,0.041666666666666685,fresh_worse
FA,Russia 2006 Female 65-74 High Retired Widowed,0.1803118908382066,0.2426900584795321,Russia 2006,0.062378167641325505,fresh_worse
FA,Russia 2006 Female 65-74 Middle Retired Married,0.1786786786786786,0.2997997997997998,Russia 2006,0.12112112112112122,fresh_worse
FA,Russia 2006 Female 65-74 Middle Retired Widowed,0.1823361823361823,0.3157644824311491,Russia 2006,0.13342830009496678,fresh_worse
FA,Russia 2006 Female <25 High Student Single,0.1109000584453536,0.2391876095850379,Russia 2006,0.12828755113968432,fresh_worse
FA,Russia 2006 Female <25 Middle Student Single,0.1540236249538575,0.2276670358065706,Russia 2006,0.07364341085271311,fresh_worse
FA,Russia 2006 Male 25-34 High Working Cohabiting,0.1363636363636363,0.1742424242424242,Russia 2006,0.0378787878787879,fresh_worse
FA,Russia 2006 Male 25-34 High Working Married,0.0899425287356321,0.1309386973180077,Russia 2006,0.04099616858237559,fresh_worse
FA,Russia 2006 Male 25-34 Middle Working Cohabiting,0.1061007957559681,0.0658709106984969,Russia 2006,-0.0402298850574712,fresh_better
FA,Russia 2006 Male 25-34 Middle Working Married,0.1615726590719644,0.0844215985922015,Russia 2006,-0.07715106047976289,fresh_better
FA,Russia 2006 Male 25-34 Middle Working Single,0.1916666666666666,0.2166666666666666,Russia 2006,0.024999999999999994,fresh_worse
FA,Russia 2006 Male 35-44 High Unemployed Married,0.1064814814814815,0.0985449735449735,Russia 2006,-0.007936507936507992,fresh_better
FA,Russia 2006 Male 35-44 High Working Married,0.1121739130434782,0.0817391304347826,Russia 2006,-0.030434782608695587,fresh_better
FA,Russia 2006 Male 35-44 Middle Unemployed Married,0.1538194444444444,0.0704861111111111,Russia 2006,-0.0833333333333333,fresh_better
FA,Russia 2006 Male 35-44 Middle Working Divorced or separated,0.0878831417624521,0.1463122605363984,Russia 2006,0.0584291187739463,fresh_worse
FA,Russia 2006 Male 35-44 Middle Working Married,0.1052749719416386,0.0815937149270482,Russia 2006,-0.023681257014590396,fresh_better
FA,Russia 2006 Male 45-54 High Working Divorced or separated,0.0868606701940035,0.0749559082892416,Russia 2006,-0.01190476190476189,fresh_better
FA,Russia 2006 Male 45-54 High Working Married,0.0599942104501375,0.0471848313793602,Russia 2006,-0.012809379070777303,fresh_better
FA,Russia 2006 Male 45-54 Middle Working Married,0.1255067865326987,0.1323814560197426,Russia 2006,0.006874669487043905,fresh_worse
FA,Russia 2006 Male 55-64 High Retired Married,0.3954874414644529,0.0793954874414644,Russia 2006,-0.3160919540229885,fresh_better
FA,Russia 2006 Male 55-64 High Working Married,0.1149999999999999,0.075,Russia 2006,-0.0399999999999999,fresh_better
FA,Russia 2006 Male 55-64 Middle Retired Married,0.2393899204244031,0.1492042440318302,Russia 2006,-0.09018567639257291,fresh_better
FA,Russia 2006 Male 55-64 Middle Working Married,0.0892857142857142,0.1071428571428571,Russia 2006,0.01785714285714289,fresh_worse
FA,Russia 2006 Male 65-74 Middle Retired Married,0.0966880341880341,0.1233974358974359,Russia 2006,0.02670940170940181,fresh_worse
FA,Russia 2006 Male 65-74 Middle Retired Widowed,0.0666666666666666,0.0805555555555555,Russia 2006,0.013888888888888909,fresh_worse
FA,Russia 2006 Male <25 High Student Single,0.087719298245614,0.1215916296766011,Russia 2006,0.0338723314309871,fresh_worse
FA,Russia 2006 Male <25 High Working Single,0.1057692307692307,0.0651709401709402,Russia 2006,-0.040598290598290496,fresh_better
FA,Russia 2006 Male <25 Middle Student Single,0.1124729437229437,0.1287608225108225,Russia 2006,0.016287878787878796,fresh_worse
FA,Russia 2006 Male <25 Middle Working Single,0.2573823823823824,0.172047047047047,Russia 2006,-0.08533533533533541,fresh_better
FA,Russia 2017 Female 25-34 High Homemaker Divorced or separated,0.2045454545454545,0.220959595959596,Russia 2017,0.016414141414141492,fresh_worse
FA,Russia 2017 Female 25-34 High Homemaker Married,0.1711259754738015,0.1697324414715718,Russia 2017,-0.0013935340022297182,fresh_better
FA,Russia 2017 Female 25-34 High Working Divorced or separated,0.2033730158730159,0.2515589569160998,Russia 2017,0.04818594104308391,fresh_worse
FA,Russia 2017 Female 25-34 High Working Married,0.2001179642736771,0.1638860802157061,Russia 2017,-0.03623188405797098,fresh_better
FA,Russia 2017 Female 25-34 High Working Single,0.1779279279279279,0.2271396396396396,Russia 2017,0.04921171171171171,fresh_worse
FA,Russia 2017 Female 35-44 High Working Divorced or separated,0.1522482348569305,0.2152359717577109,Russia 2017,0.06298773690078038,fresh_worse
FA,Russia 2017 Female 35-44 High Working Married,0.2287735849056603,0.1941823899371069,Russia 2017,-0.034591194968553396,fresh_better
FA,Russia 2017 Female 35-44 High Working Single,0.158068783068783,0.2076719576719576,Russia 2017,0.049603174603174593,fresh_worse
FA,Russia 2017 Female 35-44 Low Homemaker Married,0.256359649122807,0.3410087719298245,Russia 2017,0.08464912280701747,fresh_worse
FA,Russia 2017 Female 35-44 Middle Homemaker Married,0.1503968253968254,0.2424603174603175,Russia 2017,0.0920634920634921,fresh_worse
FA,Russia 2017 Female 35-44 Middle Working Divorced or separated,0.1589281589281589,0.2386232386232386,Russia 2017,0.07969507969507969,fresh_worse
FA,Russia 2017 Female 45-54 High Working Divorced or separated,0.1754901960784314,0.2618954248366014,Russia 2017,0.08640522875817,fresh_worse
FA,Russia 2017 Female 45-54 High Working Married,0.2118925100057175,0.2179531160663236,Russia 2017,0.0060606060606061,fresh_worse
FA,Russia 2017 Female 45-54 High Working Widowed,0.1595441595441595,0.1799620132953466,Russia 2017,0.020417853751187126,fresh_worse
FA,Russia 2017 Female 45-54 Middle Working Divorced or separated,0.1547619047619047,0.1982758620689655,Russia 2017,0.043513957307060785,fresh_worse
FA,Russia 2017 Female 45-54 Middle Working Married,0.1877394636015325,0.182183908045977,Russia 2017,-0.005555555555555508,fresh_better
FA,Russia 2017 Female 55-64 High Retired Divorced or separated,0.1649859943977591,0.1663865546218487,Russia 2017,0.0014005602240896031,fresh_worse
FA,Russia 2017 Female 55-64 High Retired Married,0.2261243386243386,0.1959656084656084,Russia 2017,-0.03015873015873019,fresh_better
FA,Russia 2017 Female 55-64 High Retired Widowed,0.2239583333333333,0.4010416666666667,Russia 2017,0.1770833333333334,fresh_worse
FA,Russia 2017 Female 55-64 Middle Retired Married,0.1738461538461538,0.2266666666666666,Russia 2017,0.05282051282051281,fresh_worse
FA,Russia 2017 Female 65-74 High Retired Widowed,0.2162162162162162,0.3468468468468469,Russia 2017,0.1306306306306307,fresh_worse
FA,Russia 2017 Female 65-74 Low Retired Widowed,0.1366527529318227,0.2454780361757106,Russia 2017,0.1088252832438879,fresh_worse
FA,Russia 2017 Female 65-74 Middle Retired Widowed,0.2490682506405777,0.2996156533892383,Russia 2017,0.0505474027486606,fresh_worse
FA,Russia 2017 Female 75+ Low Retired Widowed,0.1262626262626262,0.1767676767676767,Russia 2017,0.050505050505050525,fresh_worse
FA,Russia 2017 Female <25 High Student Single,0.1106060606060606,0.2242424242424242,Russia 2017,0.11363636363636359,fresh_worse
FA,Russia 2017 Female <25 High Working Single,0.1074712643678161,0.2601532567049808,Russia 2017,0.1526819923371647,fresh_worse
FA,Russia 2017 Female <25 Middle Student Single,0.158008658008658,0.209054834054834,Russia 2017,0.051046176046176006,fresh_worse
FA,Russia 2017 Male 25-34 High Working Married,0.1449009440234011,0.1217125382262997,Russia 2017,-0.023188405797101394,fresh_better
FA,Russia 2017 Male 25-34 High Working Single,0.0685111989459815,0.1465744400527009,Russia 2017,0.0780632411067194,fresh_worse
FA,Russia 2017 Male 25-34 Middle Working Married,0.0936507936507936,0.0931216931216931,Russia 2017,-0.0005291005291004902,fresh_better
FA,Russia 2017 Male 25-34 Middle Working Single,0.1818181818181818,0.1111111111111111,Russia 2017,-0.07070707070707069,fresh_better
FA,Russia 2017 Male 35-44 High Working Married,0.1645606390704429,0.1586782861292665,Russia 2017,-0.005882352941176422,fresh_better
FA,Russia 2017 Male 35-44 Middle Working Married,0.1320289855072464,0.0846376811594202,Russia 2017,-0.047391304347826194,fresh_better
FA,Russia 2017 Male 45-54 High Working Divorced or separated,0.0984848484848484,0.1136363636363636,Russia 2017,0.015151515151515207,fresh_worse
FA,Russia 2017 Male 45-54 High Working Married,0.1439393939393939,0.1366930171277997,Russia 2017,-0.007246376811594207,fresh_better
FA,Russia 2017 Male 45-54 Middle Unemployed Married,0.0939180107526881,0.112399193548387,Russia 2017,0.018481182795698894,fresh_worse
FA,Russia 2017 Male 45-54 Middle Working Divorced or separated,0.0872222222222222,0.0677777777777777,Russia 2017,-0.0194444444444445,fresh_better
FA,Russia 2017 Male 55-64 High Retired Married,0.1216787439613526,0.169987922705314,Russia 2017,0.04830917874396139,fresh_worse
FA,Russia 2017 Male 55-64 High Working Divorced or separated,0.0987654320987654,0.1154320987654321,Russia 2017,0.016666666666666705,fresh_worse
FA,Russia 2017 Male 55-64 High Working Married,0.1927248677248677,0.2158730158730158,Russia 2017,0.023148148148148112,fresh_worse
FA,Russia 2017 Male 55-64 Low Retired Married,0.18,0.1095652173913043,Russia 2017,-0.07043478260869569,fresh_better
FA,Russia 2017 Male 65-74 High Retired Widowed,0.1301054018445322,0.047760210803689,Russia 2017,-0.0823451910408432,fresh_better
FA,Russia 2017 Male 65-74 Low Retired Widowed,0.1503968253968254,0.1305555555555555,Russia 2017,-0.019841269841269882,fresh_better
FA,Russia 2017 Male <25 High Working Single,0.0833333333333333,0.15,Russia 2017,0.0666666666666667,fresh_worse
FA,Russia 2017 Male <25 Middle Student Single,0.1071066724562165,0.1071790418294977,Russia 2017,7.23693732812003e-05,fresh_worse
FA,United States 1995 Female 25-34 High Unemployed Single,0.3763440860215053,0.4193548387096773,United States 1995,0.043010752688172005,fresh_worse
FA,United States 1995 Female 25-34 High Working Married,0.3725490196078432,0.5196078431372549,United States 1995,0.14705882352941174,fresh_worse
FA,United States 1995 Female 25-34 Middle Homemaker Married,0.3394179894179894,0.483994708994709,United States 1995,0.14457671957671958,fresh_worse
FA,United States 1995 Female 25-34 Middle Working Married,0.1503267973856209,0.3431372549019608,United States 1995,0.19281045751633988,fresh_worse
FA,United States 1995 Female 25-34 Middle Working Single,0.2777777777777778,0.4305555555555556,United States 1995,0.1527777777777778,fresh_worse
FA,United States 1995 Female 35-44 High Homemaker Married,0.4462740384615384,0.4590945512820513,United States 1995,0.012820512820512886,fresh_worse
FA,United States 1995 Female 35-44 High Working Divorced or separated,0.3550724637681159,0.5652173913043478,United States 1995,0.21014492753623187,fresh_worse
FA,United States 1995 Female 35-44 High Working Married,0.3586956521739131,0.4963768115942028,United States 1995,0.13768115942028974,fresh_worse
FA,United States 1995 Female 35-44 Middle Unemployed Married,0.3282828282828283,0.3232323232323232,United States 1995,-0.005050505050505083,fresh_better
FA,United States 1995 Female 35-44 Middle Working Married,0.3229166666666667,0.328125,United States 1995,0.005208333333333315,fresh_worse
FA,United States 1995 Female 45-54 High Working Married,0.2499999999999999,0.3695652173913042,United States 1995,0.11956521739130432,fresh_worse
FA,United States 1995 Female 45-54 Middle Working Married,0.4416666666666667,0.475,United States 1995,0.03333333333333327,fresh_worse
FA,United States 1995 Female 55-64 Middle Homemaker Married,0.1047619047619047,0.2904761904761905,United States 1995,0.1857142857142858,fresh_worse
FA,United States 1995 Female 65-74 High Retired Married,0.378314393939394,0.4237689393939394,United States 1995,0.045454545454545414,fresh_worse
FA,United States 1995 Female 65-74 High Retired Widowed,0.3652482269503547,0.5070921985815603,United States 1995,0.1418439716312056,fresh_worse
FA,United States 1995 Female 65-74 Middle Retired Married,0.3974358974358975,0.5811965811965812,United States 1995,0.18376068376068372,fresh_worse
FA,United States 1995 Female 65-74 Middle Retired Widowed,0.3080808080808081,0.4621212121212121,United States 1995,0.15404040404040398,fresh_worse
FA,United States 1995 Female 75+ Middle Retired Widowed,0.3796296296296296,0.5,United States 1995,0.1203703703703704,fresh_worse
FA,United States 1995 Female <25 High Working Single,0.3015873015873015,0.4722222222222221,United States 1995,0.17063492063492058,fresh_worse
FA,United States 1995 Male 25-34 High Working Married,0.2937158469945355,0.2856513308655033,United States 1995,-0.008064516129032195,fresh_better
FA,United States 1995 Male 25-34 High Working Single,0.2820112179487179,0.4384214743589743,United States 1995,0.15641025641025635,fresh_worse
FA,United States 1995 Male 25-34 Middle Working Married,0.2222222222222222,0.169753086419753,United States 1995,-0.0524691358024692,fresh_better
FA,United States 1995 Male 25-34 Middle Working Single,0.238095238095238,0.2698412698412698,United States 1995,0.03174603174603183,fresh_worse
FA,United States 1995 Male 35-44 High Working Married,0.3444444444444444,0.3939869281045752,United States 1995,0.04954248366013081,fresh_worse
FA,United States 1995 Male 35-44 Middle Working Married,0.1851851851851851,0.2592592592592592,United States 1995,0.0740740740740741,fresh_worse
FA,United States 1995 Male 45-54 High Working Divorced or separated,0.3,0.3666666666666667,United States 1995,0.06666666666666671,fresh_worse
FA,United States 1995 Male 45-54 High Working Married,0.2878787878787879,0.3909090909090909,United States 1995,0.10303030303030297,fresh_worse
FA,United States 1995 Male 45-54 Middle Working Divorced or separated,0.0967741935483871,0.3440860215053763,United States 1995,0.24731182795698922,fresh_worse
FA,United States 1995 Male 45-54 Middle Working Married,0.1956521739130435,0.2608695652173913,United States 1995,0.06521739130434781,fresh_worse
FA,United States 1995 Male 55-64 High Retired Married,0.2641025641025641,0.3682051282051282,United States 1995,0.10410256410256408,fresh_worse
FA,United States 1995 Male 55-64 High Working Married,0.2750700280112045,0.4179271708683473,United States 1995,0.1428571428571428,fresh_worse
FA,United States 1995 Male 55-64 Middle Retired Married,0.1018518518518518,0.2175925925925926,United States 1995,0.11574074074074078,fresh_worse
FA,United States 1995 Male 55-64 Middle Unemployed Married,0.0666666666666667,0.3666666666666667,United States 1995,0.3,fresh_worse
FA,United States 1995 Male 55-64 Middle Working Married,0.2692307692307692,0.4871794871794871,United States 1995,0.2179487179487179,fresh_worse
FA,United States 1995 Male 65-74 High Retired Married,0.2528735632183909,0.3620689655172414,United States 1995,0.1091954022988505,fresh_worse
FA,United States 1995 Male 65-74 Middle Retired Married,0.2751821493624772,0.3188979963570127,United States 1995,0.04371584699453551,fresh_worse
FA,United States 1995 Male 75+ Middle Retired Widowed,0.2552083333333333,0.4114583333333333,United States 1995,0.15625,fresh_worse
FA,United States 1995 Male <25 Middle Student Single,0.2347763347763347,0.3258297258297258,United States 1995,0.09105339105339111,fresh_worse
FA,United States 1995 Male <25 Middle Working Single,0.1666666666666666,0.26,United States 1995,0.09333333333333341,fresh_worse
FA,United States 2006 Female 25-34 High Working Married,0.3302631578947368,0.3552631578947368,United States 2006,0.024999999999999967,fresh_worse
FA,United States 2006 Female 25-34 High Working Single,0.3212345679012345,0.382962962962963,United States 2006,0.0617283950617285,fresh_worse
FA,United States 2006 Female 25-34 Middle Homemaker Married,0.2507215007215007,0.3044733044733044,United States 2006,0.05375180375180372,fresh_worse
FA,United States 2006 Female 25-34 Middle Working Single,0.2920138888888888,0.4482638888888888,United States 2006,0.15625,fresh_worse
FA,United States 2006 Female 35-44 High Homemaker Married,0.34,0.4333333333333333,United States 2006,0.09333333333333327,fresh_worse
FA,United States 2006 Female 35-44 High Working Married,0.2844060701203558,0.3593014128728414,United States 2006,0.0748953427524856,fresh_worse
FA,United States 2006 Female 35-44 High Working Single,0.0877525252525252,0.3377525252525253,United States 2006,0.2500000000000001,fresh_worse
FA,United States 2006 Female 35-44 Middle Homemaker Married,0.040650406504065,0.2235772357723577,United States 2006,0.18292682926829268,fresh_worse
FA,United States 2006 Female 35-44 Middle Working Married,0.1588016967126193,0.1686991869918699,United States 2006,0.009897490279250604,fresh_worse
FA,United States 2006 Female 45-54 High Working Divorced or separated,0.1290322580645161,0.3709677419354838,United States 2006,0.24193548387096772,fresh_worse
FA,United States 2006 Female 45-54 Middle Working Married,0.1424731182795698,0.1478494623655914,United States 2006,0.005376344086021612,fresh_worse
FA,United States 2006 Female 55-64 Middle Homemaker Married,0.3609385783298826,0.440648723257419,United States 2006,0.07971014492753642,fresh_worse
FA,United States 2006 Female 55-64 Middle Retired Married,0.2175438596491228,0.3842105263157894,United States 2006,0.1666666666666666,fresh_worse
FA,United States 2006 Female 55-64 Middle Working Divorced or separated,0.2882882882882883,0.3333333333333333,United States 2006,0.04504504504504503,fresh_worse
FA,United States 2006 Female 55-64 Middle Working Married,0.15,0.3166666666666666,United States 2006,0.1666666666666666,fresh_worse
FA,United States 2006 Female 65-74 Middle Retired Divorced or separated,0.2386973180076628,0.3831417624521073,United States 2006,0.1444444444444445,fresh_worse
FA,United States 2006 Female 65-74 Middle Retired Married,0.3311827956989248,0.4655913978494623,United States 2006,0.13440860215053752,fresh_worse
FA,United States 2006 Female 65-74 Middle Retired Widowed,0.3896341463414634,0.4709349593495935,United States 2006,0.08130081300813008,fresh_worse
FA,United States 2006 Female <25 Middle NA Single,0.206335282651072,0.4211500974658869,United States 2006,0.21481481481481488,fresh_worse
FA,United States 2006 Female <25 Middle Working Single,0.2843589743589743,0.5151282051282052,United States 2006,0.23076923076923095,fresh_worse
FA,United States 2006 Male 25-34 High Working Married,0.2973544973544973,0.3441798941798941,United States 2006,0.04682539682539677,fresh_worse
FA,United States 2006 Male 25-34 Middle Working Married,0.0793807641633728,0.3244400527009223,United States 2006,0.2450592885375495,fresh_worse
FA,United States 2006 Male 35-44 High Working Married,0.3333333333333333,0.3088235294117647,United States 2006,-0.024509803921568596,fresh_better
FA,United States 2006 Male 35-44 High Working Single,0.1868686868686868,0.2996137849079025,United States 2006,0.11274509803921573,fresh_worse
FA,United States 2006 Male 35-44 Middle Working Married,0.1117647058823529,0.1974789915966387,United States 2006,0.0857142857142858,fresh_worse
FA,United States 2006 Male 35-44 Middle Working Single,0.1375040729879439,0.153307266210492,United States 2006,0.015803193222548112,fresh_worse
FA,United States 2006 Male 45-54 High Working Divorced or separated,0.1666666666666666,0.2797619047619047,United States 2006,0.11309523809523811,fresh_worse
FA,United States 2006 Male 45-54 High Working Married,0.204059829059829,0.3707264957264957,United States 2006,0.16666666666666669,fresh_worse
FA,United States 2006 Male 45-54 Middle NA Married,0.2384559884559884,0.2384559884559884,United States 2006,0.0,unchanged
FA,United States 2006 Male 45-54 Middle Working Divorced or separated,0.1203703703703703,0.1625661375661375,United States 2006,0.0421957671957672,fresh_worse
FA,United States 2006 Male 45-54 Middle Working Married,0.0773809523809523,0.1130952380952381,United States 2006,0.035714285714285796,fresh_worse
FA,United States 2006 Male 55-64 Middle Retired Divorced or separated,0.0983193277310924,0.2820728291316526,United States 2006,0.18375350140056018,fresh_worse
FA,United States 2006 Male 55-64 Middle Retired Married,0.0245098039215686,0.1862745098039215,United States 2006,0.1617647058823529,fresh_worse
FA,United States 2006 Male 65-74 High Retired Married,0.3541666666666667,0.5069444444444443,United States 2006,0.15277777777777762,fresh_worse
FA,United States 2006 Male 65-74 Middle Retired Married,0.2666666666666666,0.42,United States 2006,0.15333333333333338,fresh_worse
FA,United States 2006 Male 75+ Middle Retired Married,0.362716049382716,0.4861728395061728,United States 2006,0.12345679012345678,fresh_worse
FA,United States 2006 Male <25 Middle Working Single,0.2326544129822818,0.3589170392449081,United States 2006,0.1262626262626263,fresh_worse
FA,United States 2017 Female 25-34 High Homemaker Married,0.2202380952380952,0.3988095238095238,United States 2017,0.17857142857142858,fresh_worse
FA,United States 2017 Female 25-34 High Working Cohabiting,0.1123188405797101,0.2644927536231884,United States 2017,0.15217391304347833,fresh_worse
FA,United States 2017 Female 25-34 High Working Married,0.180722891566265,0.3052208835341365,United States 2017,0.12449799196787151,fresh_worse
FA,United States 2017 Female 25-34 High Working Single,0.1684782608695652,0.3152173913043478,United States 2017,0.1467391304347826,fresh_worse
FA,United States 2017 Female 25-34 Middle Homemaker Cohabiting,0.0791666666666666,0.1458333333333333,United States 2017,0.0666666666666667,fresh_worse
FA,United States 2017 Female 25-34 Middle Homemaker Married,0.0479797979797979,0.2014029180695847,United States 2017,0.1534231200897868,fresh_worse
FA,United States 2017 Female 25-34 Middle Working Cohabiting,0.1441441441441441,0.2297297297297297,United States 2017,0.0855855855855856,fresh_worse
FA,United States 2017 Female 25-34 Middle Working Married,0.1027777777777777,0.1166666666666666,United States 2017,0.013888888888888895,fresh_worse
FA,United States 2017 Female 25-34 Middle Working Single,0.1775362318840579,0.3405797101449275,United States 2017,0.1630434782608696,fresh_worse
FA,United States 2017 Female 35-44 High Homemaker Married,0.22,0.3,United States 2017,0.07999999999999999,fresh_worse
FA,United States 2017 Female 35-44 High Working Divorced or separated,0.1091954022988505,0.189655172413793,United States 2017,0.08045977011494251,fresh_worse
FA,United States 2017 Female 35-44 High Working Married,0.1666666666666666,0.3074074074074074,United States 2017,0.1407407407407408,fresh_worse
FA,United States 2017 Female 35-44 Middle Homemaker Married,0.3440860215053763,0.2150537634408601,United States 2017,-0.1290322580645162,fresh_better
FA,United States 2017 Female 35-44 Middle Working Married,0.072463768115942,0.2355072463768116,United States 2017,0.16304347826086962,fresh_worse
FA,United States 2017 Female 45-54 High Homemaker Married,0.3012820512820513,0.3076923076923076,United States 2017,0.0064102564102562765,fresh_worse
FA,United States 2017 Female 45-54 High Working Married,0.1965811965811965,0.2649572649572649,United States 2017,0.06837606837606841,fresh_worse
FA,United States 2017 Female 45-54 Middle Unemployed Divorced or separated,0.1120689655172413,0.1588122605363984,United States 2017,0.04674329501915711,fresh_worse
FA,United States 2017 Female 45-54 Middle Working Divorced or separated,0.0625,0.2638888888888889,United States 2017,0.2013888888888889,fresh_worse
FA,United States 2017 Female 45-54 Middle Working Married,0.1515151515151515,0.231060606060606,United States 2017,0.0795454545454545,fresh_worse
FA,United States 2017 Female 45-54 Middle Working Single,0.0347222222222222,0.3819444444444443,United States 2017,0.3472222222222221,fresh_worse
FA,United States 2017 Female 55-64 High Working Divorced or separated,0.2011494252873563,0.2873563218390804,United States 2017,0.08620689655172409,fresh_worse
FA,United States 2017 Female 55-64 Middle Retired Married,0.1228070175438596,0.2894736842105263,United States 2017,0.16666666666666674,fresh_worse
FA,United States 2017 Female 55-64 Middle Working Married,0.1439393939393939,0.1742424242424241,United States 2017,0.030303030303030193,fresh_worse
FA,United States 2017 Female 65-74 Middle Retired Divorced or separated,0.1212121212121212,0.3257575757575757,United States 2017,0.20454545454545447,fresh_worse
FA,United States 2017 Female 65-74 Middle Retired Married,0.1287878787878787,0.3409090909090908,United States 2017,0.21212121212121207,fresh_worse
FA,United States 2017 Female 65-74 Middle Retired Widowed,0.1447368421052632,0.4166666666666667,United States 2017,0.27192982456140347,fresh_worse
FA,United States 2017 Female <25 High Unemployed Single,0.1051587301587301,0.2019841269841269,United States 2017,0.0968253968253968,fresh_worse
FA,United States 2017 Female <25 High Working Single,0.2,0.362962962962963,United States 2017,0.16296296296296298,fresh_worse
FA,United States 2017 Female <25 Middle Unemployed Single,0.1875,0.3333333333333333,United States 2017,0.14583333333333331,fresh_worse
FA,United States 2017 Female <25 Middle Working Single,0.212214342001576,0.3688731284475965,United States 2017,0.15665878644602052,fresh_worse
FA,United States 2017 Male 25-34 High Unemployed Single,0.0833333333333333,0.3263888888888889,United States 2017,0.24305555555555558,fresh_worse
FA,United States 2017 Male 25-34 High Working Cohabiting,0.0888888888888888,0.1444444444444444,United States 2017,0.05555555555555561,fresh_worse
FA,United States 2017 Male 25-34 High Working Married,0.1649305555555555,0.2569444444444445,United States 2017,0.09201388888888898,fresh_worse
FA,United States 2017 Male 25-34 High Working Single,0.1277777777777778,0.2972222222222223,United States 2017,0.16944444444444448,fresh_worse
FA,United States 2017 Male 25-34 Middle Working Married,0.1186440677966101,0.1666666666666666,United States 2017,0.0480225988700565,fresh_worse
FA,United States 2017 Male 25-34 Middle Working Single,0.0284552845528455,0.1382113821138211,United States 2017,0.10975609756097561,fresh_worse
FA,United States 2017 Male 35-44 High Working Divorced or separated,0.1666666666666666,0.0476190476190476,United States 2017,-0.119047619047619,fresh_better
FA,United States 2017 Male 35-44 High Working Married,0.1888888888888888,0.2301587301587301,United States 2017,0.04126984126984129,fresh_worse
FA,United States 2017 Male 35-44 High Working Single,0.0495495495495495,0.2567567567567568,United States 2017,0.2072072072072073,fresh_worse
FA,United States 2017 Male 35-44 Middle Working Married,0.0444444444444444,0.1703703703703703,United States 2017,0.1259259259259259,fresh_worse
FA,United States 2017 Male 45-54 High Unemployed Divorced or separated,0.0833333333333333,0.0606060606060606,United States 2017,-0.0227272727272727,fresh_better
FA,United States 2017 Male 45-54 High Working Divorced or separated,0.0822510822510822,0.0613275613275613,United States 2017,-0.0209235209235209,fresh_better
FA,United States 2017 Male 45-54 High Working Married,0.2837837837837837,0.268018018018018,United States 2017,-0.015765765765765716,fresh_better
FA,United States 2017 Male 45-54 Middle NA Married,0.068859649122807,0.0464912280701754,United States 2017,-0.022368421052631593,fresh_better
FA,United States 2017 Male 45-54 Middle Unemployed Married,0.1416666666666667,0.0333333333333333,United States 2017,-0.10833333333333339,fresh_better
FA,United States 2017 Male 45-54 Middle Working Divorced or separated,0.0709876543209876,0.1820987654320987,United States 2017,0.11111111111111112,fresh_worse
FA,United States 2017 Male 45-54 Middle Working Married,0.2682926829268293,0.3008130081300813,United States 2017,0.03252032520325204,fresh_worse
FA,United States 2017 Male 45-54 Middle Working Single,0.0765765765765765,0.3558558558558558,United States 2017,0.27927927927927926,fresh_worse
FA,United States 2017 Male 55-64 High Retired Married,0.1707317073170731,0.2804878048780488,United States 2017,0.10975609756097571,fresh_worse
FA,United States 2017 Male 55-64 High Working Divorced or separated,0.0476190476190476,0.2976190476190475,United States 2017,0.2499999999999999,fresh_worse
FA,United States 2017 Male 55-64 High Working Married,0.1851851851851852,0.3597883597883598,United States 2017,0.17460317460317462,fresh_worse
FA,United States 2017 Male 55-64 High Working Single,0.0925925925925926,0.2037037037037037,United States 2017,0.11111111111111109,fresh_worse
FA,United States 2017 Male 55-64 Middle Retired Divorced or separated,0.0208333333333333,0.125,United States 2017,0.1041666666666667,fresh_worse
FA,United States 2017 Male 55-64 Middle Retired Married,0.0944444444444444,0.3,United States 2017,0.2055555555555556,fresh_worse
FA,United States 2017 Male 55-64 Middle Working Married,0.189922480620155,0.3372093023255814,United States 2017,0.1472868217054264,fresh_worse
FA,United States 2017 Male 65-74 High Retired Married,0.1843434343434343,0.2929292929292929,United States 2017,0.10858585858585856,fresh_worse
FA,United States 2017 Male 65-74 High Retired Widowed,0.09375,0.3020833333333333,United States 2017,0.20833333333333331,fresh_worse
FA,United States 2017 Male 65-74 High Working Married,0.3733333333333333,0.3333333333333334,United States 2017,-0.03999999999999987,fresh_better
FA,United States 2017 Male 65-74 Middle Retired Married,0.2160493827160493,0.3024691358024691,United States 2017,0.0864197530864198,fresh_worse
FA,United States 2017 Male 65-74 Middle Retired Widowed,0.0802469135802469,0.0432098765432098,United States 2017,-0.0370370370370371,fresh_better
FA,United States 2017 Male 75+ Middle Retired Married,0.2833333333333332,0.3,United States 2017,0.016666666666666774,fresh_worse
FA,United States 2017 Male <25 High Working Single,0.2575757575757575,0.4242424242424241,United States 2017,0.16666666666666657,fresh_worse
FA,United States 2017 Male <25 Middle Unemployed Single,0.1554814233385661,0.3169152276295133,United States 2017,0.1614338042909472,fresh_worse
FA,United States 2017 Male <25 Middle Working Single,0.1136363636363636,0.2575757575757575,United States 2017,0.14393939393939392,fresh_worse
NTP,Australia 1995 Female 25-34 High Homemaker Married,0.245561432857544,0.2397551805671619,Australia 1995,-0.005806252290382091,fresh_better
NTP,Australia 1995 Female 25-34 High Working Cohabiting,0.0382553782652724,0.0366130293988529,Australia 1995,-0.0016423488664195005,fresh_better
NTP,Australia 1995 Female 25-34 High Working Divorced or separated,0.1231899746170822,0.1209221322386515,Australia 1995,-0.0022678423784306956,fresh_better
NTP,Australia 1995 Female 25-34 High Working Married,0.1982802659095752,0.1913613793081989,Australia 1995,-0.006918886601376295,fresh_better
NTP,Australia 1995 Female 25-34 High Working Single,0.2217186536688945,0.2161748549280064,Australia 1995,-0.005543798740888117,fresh_better
NTP,Australia 1995 Female 25-34 Middle Homemaker Divorced or separated,0.0306978432905106,0.0304527926641146,Australia 1995,-0.00024505062639600117,fresh_better
NTP,Australia 1995 Female 25-34 Middle Homemaker Married,0.0841140101835045,0.0785322103941247,Australia 1995,-0.00558179978937981,fresh_better
NTP,Australia 1995 Female 25-34 Middle Working Divorced or separated,0.0495937753853106,0.0470489802268851,Australia 1995,-0.0025447951584255044,fresh_better
NTP,Australia 1995 Female 25-34 Middle Working Married,0.0610862786109134,0.0593252654731353,Australia 1995,-0.0017610131377781002,fresh_better
NTP,Australia 1995 Female 35-44 High Working Married,0.1907027725502849,0.1902519594611547,Australia 1995,-0.0004508130891301976,fresh_better
NTP,Australia 1995 Female 35-44 Middle Homemaker Married,0.1817131580577955,0.1787054827944495,Australia 1995,-0.003007675263345999,fresh_better
NTP,Australia 1995 Female 35-44 Middle Working Married,0.0490835120156407,0.0455796915068167,Australia 1995,-0.0035038205088240015,fresh_better
NTP,Australia 1995 Female 45-54 High Homemaker Married,0.1393182662343887,0.1355653704879824,Australia 1995,-0.003752895746406304,fresh_better
NTP,Australia 1995 Female 45-54 High Retired Divorced or separated,0.2570559179373816,0.2535182283509786,Australia 1995,-0.0035376895864029922,fresh_better
NTP,Australia 1995 Female 45-54 High Working Married,0.1480018808097954,0.1510917850826117,Australia 1995,0.0030899042728163018,fresh_worse
NTP,Australia 1995 Female 45-54 Middle Homemaker Married,0.2185771304300462,0.2149842622938407,Australia 1995,-0.0035928681362054904,fresh_better
NTP,Australia 1995 Female 45-54 Middle Working Divorced or separated,0.1082869218144979,0.1066427266181297,Australia 1995,-0.0016441951963682006,fresh_better
NTP,Australia 1995 Female 45-54 Middle Working Married,0.0613845902452476,0.058867403575243,Australia 1995,-0.002517186670004605,fresh_better
NTP,Australia 1995 Female 55-64 Middle Retired Married,0.1150560329785977,0.1110253704021641,Australia 1995,-0.0040306625764336,fresh_better
NTP,Australia 1995 Female 65-74 Middle Retired Married,0.1052087122951847,0.1017592962139946,Australia 1995,-0.003449416081190107,fresh_better
NTP,Australia 1995 Female 65-74 Middle Retired Widowed,0.1913123187930349,0.1895874468906191,Australia 1995,-0.0017248719024157977,fresh_better
NTP,Australia 1995 Female 75+ Middle Retired Widowed,0.2905741756406139,0.2868185037731339,Australia 1995,-0.0037556718674799927,fresh_better
NTP,Australia 1995 Female <25 High Student Single,0.2930946023171317,0.2909006773070184,Australia 1995,-0.0021939250101132846,fresh_better
NTP,Australia 1995 Female <25 High Working Single,0.2066345238799436,0.2045825303850344,Australia 1995,-0.002051993494909199,fresh_better
NTP,Australia 1995 Female <25 Middle Student Single,0.2344079545605205,0.2314323833450139,Australia 1995,-0.002975571215506595,fresh_better
NTP,Australia 1995 Female <25 Middle Working Single,0.1654607580310245,0.1639358470293223,Australia 1995,-0.0015249110017022116,fresh_better
NTP,Australia 1995 Male 25-34 High Working Cohabiting,0.0548472206926707,0.0555124311729595,Australia 1995,0.0006652104802888012,fresh_worse
NTP,Australia 1995 Male 25-34 High Working Married,0.1113334256116041,0.1120867691776689,Australia 1995,0.0007533435660647958,fresh_worse
NTP,Australia 1995 Male 25-34 High Working Single,0.1135914935610997,0.1110348532618128,Australia 1995,-0.0025566402992868997,fresh_better
NTP,Australia 1995 Male 25-34 Middle Working Cohabiting,0.0336627659279907,0.033585336978044,Australia 1995,-7.742894994670207e-05,fresh_better
NTP,Australia 1995 Male 25-34 Middle Working Married,0.1008985590680625,0.1035847036995574,Australia 1995,0.0026861446314948995,fresh_worse
NTP,Australia 1995 Male 25-34 Middle Working Single,0.0927565998740886,0.0910986747925773,Australia 1995,-0.0016579250815113022,fresh_better
NTP,Australia 1995 Male 35-44 High Working Married,0.1013863100005047,0.0978510885146392,Australia 1995,-0.0035352214858655057,fresh_better
NTP,Australia 1995 Male 35-44 Middle NA Married,0.0417140308944951,0.0401558707116992,Australia 1995,-0.0015581601827958994,fresh_better
NTP,Australia 1995 Male 35-44 Middle Working Married,0.0427827352163313,0.0447588273226427,Australia 1995,0.001976092106311396,fresh_worse
NTP,Australia 1995 Male 45-54 High Working Cohabiting,0.0682791607454419,0.0670149772461097,Australia 1995,-0.0012641834993321888,fresh_better
NTP,Australia 1995 Male 45-54 High Working Married,0.1570127649011753,0.1580571461592191,Australia 1995,0.0010443812580437917,fresh_worse
NTP,Australia 1995 Male 45-54 Middle Retired Married,0.0666524244359496,0.066743669475068,Australia 1995,9.124503911840665e-05,fresh_worse
NTP,Australia 1995 Male 45-54 Middle Working Married,0.0371479040459376,0.0375169849543662,Australia 1995,0.00036908090842859703,fresh_worse
NTP,Australia 1995 Male 55-64 Middle Retired Divorced or separated,0.0688001800360333,0.068757727755437,Australia 1995,-4.2452280596308456e-05,fresh_better
NTP,Australia 1995 Male 55-64 Middle Retired Married,0.0529364074048187,0.0543567732138558,Australia 1995,0.001420365809037101,fresh_worse
NTP,Australia 1995 Male 55-64 Middle Working Married,0.0247264254306043,0.0246126261946767,Australia 1995,-0.00011379923592759814,fresh_better
NTP,Australia 1995 Male 65-74 High Retired Married,0.0431759548455215,0.0370168533319823,Australia 1995,-0.006159101513539204,fresh_better
NTP,Australia 1995 Male 65-74 Middle Retired Married,0.0847577728508483,0.0798409853890028,Australia 1995,-0.004916787461845498,fresh_better
NTP,Australia 1995 Male 65-74 Middle Retired Widowed,0.0636374588434895,0.0587869877647919,Australia 1995,-0.004850471078697592,fresh_better
NTP,Australia 1995 Male 75+ Middle Retired Married,0.0970874648292859,0.0938066645513671,Australia 1995,-0.0032808002779187995,fresh_better
NTP,Australia 1995 Male <25 High Student Single,0.1389756987407577,0.136236105210564,Australia 1995,-0.002739593530193707,fresh_better
NTP,Australia 1995 Male <25 High Working Single,0.1045608419314985,0.1024516196453324,Australia 1995,-0.0021092222861660986,fresh_better
NTP,Australia 1995 Male <25 Middle Student Single,0.1970351718019885,0.1953774793281424,Australia 1995,-0.0016576924738461174,fresh_better
NTP,Australia 1995 Male <25 Middle Working Single,0.1453891842146262,0.1436214659779247,Australia 1995,-0.001767718236701521,fresh_better
NTP,Australia 2005 Female 25-34 High Homemaker Married,0.0977492926952739,0.0973651915490128,Australia 2005,-0.00038410114626109826,fresh_better
NTP,Australia 2005 Female 25-34 High Working Cohabiting,0.0636476865810272,0.0627914161765145,Australia 2005,-0.0008562704045126934,fresh_better
NTP,Australia 2005 Female 25-34 High Working Married,0.1163437536804738,0.1149319418137882,Australia 2005,-0.0014118118666855972,fresh_better
NTP,Australia 2005 Female 25-34 High Working Single,0.1379679735336038,0.1364750867647264,Australia 2005,-0.001492886768877405,fresh_better
NTP,Australia 2005 Female 35-44 High Working Divorced or separated,0.0590675939909286,0.0569429472477867,Australia 2005,-0.002124646743141896,fresh_better
NTP,Australia 2005 Female 35-44 High Working Married,0.0754929412062625,0.0760091334508664,Australia 2005,0.0005161922446039052,fresh_worse
NTP,Australia 2005 Female 35-44 Middle Working Married,0.0860982106129328,0.0854717727472973,Australia 2005,-0.0006264378656355013,fresh_better
NTP,Australia 2005 Female 45-54 High Working Married,0.0602993404540495,0.0614340606947939,Australia 2005,0.0011347202407444024,fresh_worse
NTP,Australia 2005 Female 45-54 Middle Retired Single,0.034858632646501,0.0360670446125372,Australia 2005,0.001208411966036202,fresh_worse
NTP,Australia 2005 Female 45-54 Middle Working Married,0.0610959224010768,0.0616159912233926,Australia 2005,0.0005200688223157973,fresh_worse
NTP,Australia 2005 Female 55-64 High Working Married,0.0999586751441592,0.0993833803652226,Australia 2005,-0.0005752947789365997,fresh_better
NTP,Australia 2005 Female 55-64 Middle Homemaker Married,0.1069869334751274,0.1084064677658725,Australia 2005,0.0014195342907450947,fresh_worse
NTP,Australia 2005 Female 55-64 Middle Retired Divorced or separated,0.0411227698331925,0.0394676056992329,Australia 2005,-0.001655164133959601,fresh_better
NTP,Australia 2005 Female 55-64 Middle Retired Married,0.1782712942354326,0.1758053675902794,Australia 2005,-0.002465926645153188,fresh_better
NTP,Australia 2005 Female 55-64 Middle Working Married,0.2758880491921868,0.2761408309984662,Australia 2005,0.0002527818062794118,fresh_worse
NTP,Australia 2005 Female 65-74 High Retired Married,0.0598954764869192,0.0599840952550748,Australia 2005,8.861876815560027e-05,fresh_worse
NTP,Australia 2005 Female 65-74 High Retired Widowed,0.2686763704428828,0.2692765797585844,Australia 2005,0.0006002093157015942,fresh_worse
NTP,Australia 2005 Female 65-74 Middle Retired Married,0.134358443495714,0.1371164858854115,Australia 2005,0.0027580423896975126,fresh_worse
NTP,Australia 2005 Female 65-74 Middle Retired Widowed,0.1954638941967416,0.191625483206957,Australia 2005,-0.003838410989784602,fresh_better
NTP,Australia 2005 Female 75+ Middle Retired Widowed,0.2221943246003127,0.2171875078943317,Australia 2005,-0.005006816705980993,fresh_better
NTP,Australia 2005 Female <25 High Working Single,0.1358325714208086,0.1335119781004984,Australia 2005,-0.0023205933203102047,fresh_better
NTP,Australia 2005 Male 25-34 High Working Married,0.0574957244703925,0.0558911999803402,Australia 2005,-0.0016045244900523004,fresh_better
NTP,Australia 2005 Male 25-34 High Working Single,0.0790202367696024,0.0787851270968068,Australia 2005,-0.00023510967279560813,fresh_better
NTP,Australia 2005 Male 35-44 High Working Married,0.0617829075850108,0.0567739953722148,Australia 2005,-0.005008912212796,fresh_better
NTP,Australia 2005 Male 35-44 Middle Working Married,0.0463260380920391,0.0470137404163132,Australia 2005,0.000687702324274099,fresh_worse
NTP,Australia 2005 Male 35-44 Middle Working Single,0.060222414937166,0.0594018656053107,Australia 2005,-0.000820549331855297,fresh_better
NTP,Australia 2005 Male 45-54 High Working Divorced or separated,0.0732973086941406,0.0737055194640435,Australia 2005,0.0004082107699028975,fresh_worse
NTP,Australia 2005 Male 45-54 High Working Married,0.0357454671978186,0.034457945234263,Australia 2005,-0.0012875219635555962,fresh_better
NTP,Australia 2005 Male 45-54 Middle Working Married,0.0887729849002157,0.0908987633897702,Australia 2005,0.002125778489554489,fresh_worse
NTP,Australia 2005 Male 55-64 High Retired Married,0.0996116621463278,0.0969821096879204,Australia 2005,-0.0026295524584074026,fresh_better
NTP,Australia 2005 Male 55-64 High Working Married,0.0725463087557732,0.0710176211461371,Australia 2005,-0.0015286876096360924,fresh_better
NTP,Australia 2005 Male 55-64 Middle Working Married,0.0409921387993339,0.0396572299821461,Australia 2005,-0.0013349088171877993,fresh_better
NTP,Australia 2005 Male 65-74 High Retired Married,0.2219218193465827,0.2209939409166423,Australia 2005,-0.0009278784299404097,fresh_better
NTP,Australia 2005 Male 65-74 Middle Retired Married,0.0487254228114894,0.0501185665820486,Australia 2005,0.0013931437705591992,fresh_worse
NTP,Australia 2005 Male 75+ Middle Retired Married,0.1110585335890452,0.1091044110549897,Australia 2005,-0.001954122534055497,fresh_better
NTP,Australia 2005 Male <25 High Working Single,0.0957914309663955,0.092955224465983,Australia 2005,-0.002836206500412497,fresh_better
NTP,Australia 2018 Female 25-34 High Working Cohabiting,0.0354758740413463,0.0347707730361246,Australia 2018,-0.0007051010052216977,fresh_better
NTP,Australia 2018 Female 25-34 High Working Married,0.0460757732572448,0.0455995509081512,Australia 2018,-0.0004762223490935996,fresh_better
NTP,Australia 2018 Female 25-34 High Working Single,0.1611747918650508,0.1624799212285103,Australia 2018,0.0013051293634595007,fresh_worse
NTP,Australia 2018 Female 25-34 Middle Working Married,0.0768209386288242,0.07090568437311,Australia 2018,-0.0059152542557142085,fresh_better
NTP,Australia 2018 Female 35-44 High Homemaker Married,0.1130667710412584,0.1160601133067638,Australia 2018,0.0029933422655054054,fresh_worse
NTP,Australia 2018 Female 35-44 High Working Cohabiting,0.0436669342000929,0.0426773445789799,Australia 2018,-0.0009895896211130004,fresh_better
NTP,Australia 2018 Female 35-44 High Working Married,0.1010264018088155,0.0969601979096533,Australia 2018,-0.004066203899162207,fresh_better
NTP,Australia 2018 Female 35-44 High Working Single,0.0530136145168432,0.0553258433889818,Australia 2018,0.002312228872138597,fresh_worse
NTP,Australia 2018 Female 35-44 Middle Homemaker Married,0.0430346318349546,0.0424265236467697,Australia 2018,-0.0006081081881849013,fresh_better
NTP,Australia 2018 Female 35-44 Middle Working Married,0.0512806375393237,0.0529467152164347,Australia 2018,0.0016660776771110011,fresh_worse
NTP,Australia 2018 Female 45-54 High Working Married,0.1277224593541839,0.1309367320186308,Australia 2018,0.0032142726644469044,fresh_worse
NTP,Australia 2018 Female 45-54 Middle Working Cohabiting,0.0596691324290904,0.058227187361727,Australia 2018,-0.0014419450673633996,fresh_better
NTP,Australia 2018 Female 45-54 Middle Working Married,0.0630381766170488,0.0625290981277988,Australia 2018,-0.0005090784892499978,fresh_better
NTP,Australia 2018 Female 55-64 High Working Divorced or separated,0.1305896932812962,0.131582215868043,Australia 2018,0.0009925225867468135,fresh_worse
NTP,Australia 2018 Female 55-64 High Working Married,0.0462208112003732,0.0467344150819372,Australia 2018,0.0005136038815640037,fresh_worse
NTP,Australia 2018 Female 55-64 Middle Retired Married,0.0339530325533511,0.0347403955385584,Australia 2018,0.0007873629852072975,fresh_worse
NTP,Australia 2018 Female 55-64 Middle Working Divorced or separated,0.0653189239868273,0.0652485676221221,Australia 2018,-7.035636470520412e-05,fresh_better
NTP,Australia 2018 Female 55-64 Middle Working Married,0.0456636048408236,0.0441889819721283,Australia 2018,-0.001474622868695305,fresh_better
NTP,Australia 2018 Female 55-64 Middle Working Widowed,0.0887320967361567,0.0819518503359412,Australia 2018,-0.006780246400215503,fresh_better
NTP,Australia 2018 Female 65-74 High Retired Married,0.1105586004753907,0.1094138067004342,Australia 2018,-0.0011447937749565068,fresh_better
NTP,Australia 2018 Female 65-74 High Retired Widowed,0.1126050036109518,0.1123654415592079,Australia 2018,-0.00023956205174389955,fresh_better
NTP,Australia 2018 Female 65-74 Low Retired Married,0.0702104994102197,0.0704846542534369,Australia 2018,0.00027415484321720307,fresh_worse
NTP,Australia 2018 Female 65-74 Middle Retired Divorced or separated,0.1078300086687959,0.1076855052331186,Australia 2018,-0.00014450343567730395,fresh_better
NTP,Australia 2018 Female 65-74 Middle Retired Married,0.0506347601461892,0.0535453484019563,Australia 2018,0.0029105882557671006,fresh_worse
NTP,Australia 2018 Female 65-74 Middle Retired Widowed,0.0787584364754699,0.0776683277510932,Australia 2018,-0.0010901087243767038,fresh_better
NTP,Australia 2018 Female 75+ Low Retired Widowed,0.2127756614211028,0.2156483903830097,Australia 2018,0.0028727289619069063,fresh_worse
NTP,Australia 2018 Female 75+ Middle Retired Married,0.127080138920555,0.1300267215281813,Australia 2018,0.0029465826076262858,fresh_worse
NTP,Australia 2018 Female 75+ Middle Retired Widowed,0.1985843183224399,0.2036203681902509,Australia 2018,0.005036049867811004,fresh_worse
NTP,Australia 2018 Female <25 Middle Student Single,0.1630100895910783,0.167043651252683,Australia 2018,0.0040335616616047065,fresh_worse
NTP,Australia 2018 Female <25 Middle Working Single,0.0339832016397067,0.0340268600812436,Australia 2018,4.3658441536899295e-05,fresh_worse
NTP,Australia 2018 Male 25-34 High Working Married,0.0397123586031652,0.0404195065604037,Australia 2018,0.000707147957238495,fresh_worse
NTP,Australia 2018 Male 25-34 High Working Single,0.1400124153856682,0.1413679860864888,Australia 2018,0.0013555707008205964,fresh_worse
NTP,Australia 2018 Male 35-44 High Working Married,0.088373250036966,0.085520185923901,Australia 2018,-0.002853064113065004,fresh_better
NTP,Australia 2018 Male 35-44 Middle Working Married,0.0431629591895376,0.0428513165178994,Australia 2018,-0.00031164267163820425,fresh_better
NTP,Australia 2018 Male 45-54 High Working Married,0.1847615725727695,0.1908922558268147,Australia 2018,0.006130683254045199,fresh_worse
NTP,Australia 2018 Male 45-54 Middle Working Married,0.0467891140530506,0.0461629156250959,Australia 2018,-0.0006261984279547009,fresh_better
NTP,Australia 2018 Male 45-54 Middle Working Single,0.0212106425315141,0.0210440766998709,Australia 2018,-0.00016656583164319921,fresh_better
NTP,Australia 2018 Male 55-64 High Unemployed Married,0.0900811489139284,0.0915318593063063,Australia 2018,0.001450710392377902,fresh_worse
NTP,Australia 2018 Male 55-64 High Working Married,0.1462175221379959,0.1492790348101213,Australia 2018,0.0030615126721253993,fresh_worse
NTP,Australia 2018 Male 55-64 Middle Working Divorced or separated,0.0933926300145685,0.0948223512054219,Australia 2018,0.0014297211908533974,fresh_worse
NTP,Australia 2018 Male 55-64 Middle Working Married,0.0275325975654756,0.0292710620022382,Australia 2018,0.0017384644367626004,fresh_worse
NTP,Australia 2018 Male 65-74 High Retired Divorced or separated,0.1374470898223043,0.1405750450497772,Australia 2018,0.0031279552274728895,fresh_worse
NTP,Australia 2018 Male 65-74 High Retired Married,0.1576219956013595,0.1558844752525936,Australia 2018,-0.0017375203487658974,fresh_better
NTP,Australia 2018 Male 65-74 Low Retired Married,0.0570269743279542,0.0551562108601813,Australia 2018,-0.0018707634677729013,fresh_better
NTP,Australia 2018 Male 65-74 Middle Retired Divorced or separated,0.0469417154877668,0.0497569982094068,Australia 2018,0.00281528272164,fresh_worse
NTP,Australia 2018 Male 65-74 Middle Retired Married,0.0554604243580677,0.0557264072529422,Australia 2018,0.00026598289487449883,fresh_worse
NTP,Australia 2018 Male 75+ High Retired Married,0.1425859467758808,0.1499632401547455,Australia 2018,0.007377293378864697,fresh_worse
NTP,Australia 2018 Male 75+ Low Retired Widowed,0.0331364407109609,0.033330306297245,Australia 2018,0.000193865586284106,fresh_worse
NTP,Australia 2018 Male 75+ Middle Retired Married,0.1209824372460876,0.1232627559847105,Australia 2018,0.0022803187386228885,fresh_worse
NTP,Australia 2018 Male <25 Middle Student Single,0.0621404391572331,0.0638278857068797,Australia 2018,0.0016874465496465943,fresh_worse
NTP,Germany 1997 Female 25-34 High Student Cohabiting,0.0549768077209592,0.055905937588392,Germany 1997,0.0009291298674328,fresh_worse
NTP,Germany 1997 Female 25-34 High Working Cohabiting,0.0484697456717833,0.0480089413015479,Germany 1997,-0.00046080437023540005,fresh_better
NTP,Germany 1997 Female 25-34 High Working Married,0.109578091000261,0.1089005020668938,Germany 1997,-0.0006775889333671958,fresh_better
NTP,Germany 1997 Female 25-34 High Working Single,0.149120554681723,0.1468290224717526,Germany 1997,-0.002291532209970387,fresh_better
NTP,Germany 1997 Female 25-34 Middle Homemaker Married,0.2119545299684008,0.2154940113212732,Germany 1997,0.003539481352872381,fresh_worse
NTP,Germany 1997 Female 25-34 Middle NA Married,0.0370231466289655,0.0364148015957959,Germany 1997,-0.0006083450331695953,fresh_better
NTP,Germany 1997 Female 25-34 Middle Working Married,0.0664186096073397,0.0662597055567465,Germany 1997,-0.00015890405059319768,fresh_better
NTP,Germany 1997 Female 25-34 Middle Working Single,0.0893258395572674,0.0922214196407612,Germany 1997,0.002895580083493804,fresh_worse
NTP,Germany 1997 Female 35-44 High Working Divorced or separated,0.0755762531525558,0.0750060475424226,Germany 1997,-0.0005702056101331981,fresh_better
NTP,Germany 1997 Female 35-44 High Working Married,0.0594102024688577,0.0602466396034969,Germany 1997,0.0008364371346392049,fresh_worse
NTP,Germany 1997 Female 35-44 Middle Unemployed Divorced or separated,0.0267529684887636,0.0261243302394118,Germany 1997,-0.0006286382493518004,fresh_better
NTP,Germany 1997 Female 35-44 Middle Working Divorced or separated,0.0325685855973858,0.0313947756777583,Germany 1997,-0.001173809919627497,fresh_better
NTP,Germany 1997 Female 35-44 Middle Working Married,0.0698774897825572,0.0678999075066187,Germany 1997,-0.0019775822759384998,fresh_better
NTP,Germany 1997 Female 45-54 Middle Homemaker Married,0.2561955866625621,0.2556899586470381,Germany 1997,-0.0005056280155240067,fresh_better
NTP,Germany 1997 Female 45-54 Middle Unemployed Married,0.1048410067020864,0.1025939270318729,Germany 1997,-0.0022470796702135087,fresh_better
NTP,Germany 1997 Female 45-54 Middle Working Married,0.0480396745308321,0.0500134231161429,Germany 1997,0.001973748585310804,fresh_worse
NTP,Germany 1997 Female 55-64 High Retired Married,0.1226988218381607,0.1255943264693992,Germany 1997,0.002895504631238499,fresh_worse
NTP,Germany 1997 Female 55-64 Middle Retired Married,0.0800220229714172,0.0799798364124715,Germany 1997,-4.2186558945694896e-05,fresh_better
NTP,Germany 1997 Female 55-64 Middle Retired Widowed,0.1921905376995453,0.1930515977209463,Germany 1997,0.0008610600214009889,fresh_worse
NTP,Germany 1997 Female 65-74 High Retired Widowed,0.2484368788669743,0.2482100934433773,Germany 1997,-0.00022678542359699794,fresh_better
NTP,Germany 1997 Female 65-74 Low Retired Widowed,0.1508135991207813,0.1526822278471029,Germany 1997,0.0018686287263215973,fresh_worse
NTP,Germany 1997 Female 65-74 Middle Retired Divorced or separated,0.0251232811974154,0.0256508560901506,Germany 1997,0.0005275748927351977,fresh_worse
NTP,Germany 1997 Female 65-74 Middle Retired Married,0.0615778420984313,0.067901201635737,Germany 1997,0.0063233595373057006,fresh_worse
NTP,Germany 1997 Female 65-74 Middle Retired Widowed,0.1182287800367231,0.117851496428202,Germany 1997,-0.00037728360852110066,fresh_better
NTP,Germany 1997 Female 75+ Middle Retired Widowed,0.2266780575471264,0.2282348093335269,Germany 1997,0.0015567517864005231,fresh_worse
NTP,Germany 1997 Female <25 High Student Single,0.1119510252135752,0.1145366191814854,Germany 1997,0.0025855939679102075,fresh_worse
NTP,Germany 1997 Female <25 High Working Single,0.0457752246957009,0.0461681077135169,Germany 1997,0.00039288301781599533,fresh_worse
NTP,Germany 1997 Female <25 Middle Working Single,0.1180739357535328,0.1192237780140714,Germany 1997,0.0011498422605386027,fresh_worse
NTP,Germany 1997 Male 25-34 High Student Single,0.1359693227365375,0.1311822956339809,Germany 1997,-0.004787027102556601,fresh_better
NTP,Germany 1997 Male 25-34 High Working Married,0.0660123096960079,0.0652066566474128,Germany 1997,-0.0008056530485950897,fresh_better
NTP,Germany 1997 Male 25-34 High Working Single,0.0917481653325791,0.0918631248181224,Germany 1997,0.00011495948554329782,fresh_worse
NTP,Germany 1997 Male 25-34 Middle Unemployed Single,0.0466242576328416,0.0446439303125369,Germany 1997,-0.0019803273203047034,fresh_better
NTP,Germany 1997 Male 25-34 Middle Working Cohabiting,0.0640643400180598,0.0641558016776368,Germany 1997,9.146165957700514e-05,fresh_worse
NTP,Germany 1997 Male 25-34 Middle Working Married,0.0554026730561222,0.0563660955737182,Germany 1997,0.0009634225175960062,fresh_worse
NTP,Germany 1997 Male 25-34 Middle Working Single,0.0963940982784455,0.0967095959714723,Germany 1997,0.00031549769302680053,fresh_worse
NTP,Germany 1997 Male 35-44 High Working Married,0.0503059402175652,0.0493871181645334,Germany 1997,-0.0009188220530318009,fresh_better
NTP,Germany 1997 Male 35-44 Middle Unemployed Married,0.0597057189572498,0.0579575567789709,Germany 1997,-0.0017481621782788961,fresh_better
NTP,Germany 1997 Male 35-44 Middle Working Divorced or separated,0.0590440980640084,0.0586798291626207,Germany 1997,-0.0003642689013877015,fresh_better
NTP,Germany 1997 Male 35-44 Middle Working Married,0.0579796132018035,0.0566529921556963,Germany 1997,-0.0013266210461071945,fresh_better
NTP,Germany 1997 Male 45-54 High Working Married,0.0765180201467239,0.0769457778397542,Germany 1997,0.00042775769303030065,fresh_worse
NTP,Germany 1997 Male 45-54 Middle Working Married,0.0330385136922362,0.0333481444828194,Germany 1997,0.0003096307905832013,fresh_worse
NTP,Germany 1997 Male 55-64 High Retired Married,0.0115232145310275,0.0117307278724948,Germany 1997,0.00020751334146730006,fresh_worse
NTP,Germany 1997 Male 55-64 Middle Retired Married,0.0390513617908809,0.0376311064595722,Germany 1997,-0.001420255331308705,fresh_better
NTP,Germany 1997 Male 65-74 High Retired Married,0.0727369115398875,0.0734218778831173,Germany 1997,0.0006849663432298009,fresh_worse
NTP,Germany 1997 Male 65-74 Middle Retired Married,0.0555285862646996,0.0547298706410712,Germany 1997,-0.0007987156236283974,fresh_better
NTP,Germany 1997 Male 65-74 Middle Retired Widowed,0.0784116461989262,0.0773301238712533,Germany 1997,-0.0010815223276728902,fresh_better
NTP,Germany 1997 Male <25 High Student Cohabiting,0.0369008066398756,0.037858336303913,Germany 1997,0.0009575296640374001,fresh_worse
NTP,Germany 1997 Male <25 High Student Single,0.1659639527293285,0.1670452894594226,Germany 1997,0.0010813367300940846,fresh_worse
NTP,Germany 1997 Male <25 Middle Working Single,0.0593317220405583,0.058671650700274,Germany 1997,-0.0006600713402843059,fresh_better
NTP,Germany 2006 Female 25-34 High Homemaker Married,0.2942622124993553,0.292501312846885,Germany 2006,-0.0017608996524702825,fresh_better
NTP,Germany 2006 Female 25-34 High Working Single,0.2620311827445795,0.261493547471462,Germany 2006,-0.0005376352731175094,fresh_better
NTP,Germany 2006 Female 25-34 Middle Homemaker Married,0.1029349086179752,0.1014439945588189,Germany 2006,-0.0014909140591563008,fresh_better
NTP,Germany 2006 Female 25-34 Middle Working Married,0.2142643988041109,0.216471641197376,Germany 2006,0.0022072423932650853,fresh_worse
NTP,Germany 2006 Female 25-34 Middle Working Single,0.1691273284135292,0.1698175343312472,Germany 2006,0.0006902059177179842,fresh_worse
NTP,Germany 2006 Female 35-44 High Working Married,0.2528105860977412,0.2538317158088722,Germany 2006,0.001021129711130997,fresh_worse
NTP,Germany 2006 Female 35-44 Middle Unemployed Married,0.3029513435808841,0.304748566720869,Germany 2006,0.0017972231399848715,fresh_worse
NTP,Germany 2006 Female 35-44 Middle Working Cohabiting,0.2196362033244912,0.2188392308189407,Germany 2006,-0.000796972505550525,fresh_better
NTP,Germany 2006 Female 35-44 Middle Working Divorced or separated,0.2504941658343879,0.2514999434505231,Germany 2006,0.0010057776161352394,fresh_worse
NTP,Germany 2006 Female 35-44 Middle Working Married,0.2622188592802048,0.2607535831989447,Germany 2006,-0.0014652760812600696,fresh_better
NTP,Germany 2006 Female 45-54 High Working Married,0.3159731361299936,0.3153417492543987,Germany 2006,-0.0006313868755949414,fresh_better
NTP,Germany 2006 Female 45-54 Middle Homemaker Married,0.2370218154663841,0.239743116633677,Germany 2006,0.002721301167292911,fresh_worse
NTP,Germany 2006 Female 45-54 Middle Unemployed Divorced or separated,0.241181259734933,0.2412650867087098,Germany 2006,8.382697377679049e-05,fresh_worse
NTP,Germany 2006 Female 45-54 Middle Unemployed Married,0.3261653438372456,0.3282727052447868,Germany 2006,0.0021073614075411973,fresh_worse
NTP,Germany 2006 Female 45-54 Middle Working Divorced or separated,0.2499225513381,0.2498293834437968,Germany 2006,-9.316789430321992e-05,fresh_better
NTP,Germany 2006 Female 45-54 Middle Working Married,0.2302144620360341,0.228918132463668,Germany 2006,-0.0012963295723661117,fresh_better
NTP,Germany 2006 Female 55-64 Low Retired Married,0.2378437639908894,0.2338906793007868,Germany 2006,-0.0039530846901026095,fresh_better
NTP,Germany 2006 Female 55-64 Low Retired Widowed,0.2480367996460861,0.2491518927477317,Germany 2006,0.0011150931016455923,fresh_worse
NTP,Germany 2006 Female 55-64 Middle Homemaker Married,0.2786273334821316,0.2786524892132555,Germany 2006,2.5155731123938097e-05,fresh_worse
NTP,Germany 2006 Female 55-64 Middle Retired Married,0.2628349515357096,0.2640572543782618,Germany 2006,0.0012223028425521476,fresh_worse
NTP,Germany 2006 Female 55-64 Middle Retired Widowed,0.2727023721812761,0.2708500920913,Germany 2006,-0.001852280089976066,fresh_better
NTP,Germany 2006 Female 55-64 Middle Working Married,0.3020228588924048,0.303966953119388,Germany 2006,0.0019440942269831618,fresh_worse
NTP,Germany 2006 Female 65-74 High Retired Married,0.3647331490802267,0.3650869861520319,Germany 2006,0.0003538370718051964,fresh_worse
NTP,Germany 2006 Female 65-74 Low Retired Married,0.2698809830444106,0.2710297100666385,Germany 2006,0.0011487270222279022,fresh_worse
NTP,Germany 2006 Female 65-74 Low Retired Widowed,0.3148115986831299,0.3142987272054819,Germany 2006,-0.0005128714776480026,fresh_better
NTP,Germany 2006 Female 65-74 Middle Retired Divorced or separated,0.2074519436495999,0.2136821398212508,Germany 2006,0.006230196171650909,fresh_worse
NTP,Germany 2006 Female 65-74 Middle Retired Married,0.2735631631743727,0.2787706257940419,Germany 2006,0.005207462619669201,fresh_worse
NTP,Germany 2006 Female 65-74 Middle Retired Widowed,0.289241121286079,0.2909586212512156,Germany 2006,0.001717499965136593,fresh_worse
NTP,Germany 2006 Female 75+ Low Retired Widowed,0.2921122998773671,0.2903107661009997,Germany 2006,-0.001801533776367381,fresh_better
NTP,Germany 2006 Female 75+ Middle Retired Widowed,0.3820351645423728,0.3807051548696781,Germany 2006,-0.0013300096726946986,fresh_better
NTP,Germany 2006 Female <25 High Student Single,0.2542628499932521,0.2540844071045945,Germany 2006,-0.00017844288865759284,fresh_better
NTP,Germany 2006 Female <25 Middle Student Single,0.2370863734793506,0.2362426917318746,Germany 2006,-0.0008436817474760105,fresh_better
NTP,Germany 2006 Female <25 Middle Working Single,0.167268913733558,0.1673493229743351,Germany 2006,8.040924077709621e-05,fresh_worse
NTP,Germany 2006 Male 25-34 High Working Single,0.2081327549728846,0.2102029655614569,Germany 2006,0.002070210588572291,fresh_worse
NTP,Germany 2006 Male 25-34 Middle Working Married,0.1685070270876713,0.1688139538834496,Germany 2006,0.0003069267957783173,fresh_worse
NTP,Germany 2006 Male 25-34 Middle Working Single,0.1650823539950781,0.1673775110277769,Germany 2006,0.002295157032698808,fresh_worse
NTP,Germany 2006 Male 35-44 High Working Married,0.1373176618421599,0.1359419701316846,Germany 2006,-0.001375691710475302,fresh_better
NTP,Germany 2006 Male 35-44 Middle Working Married,0.2229426448916396,0.224351745345966,Germany 2006,0.0014091004543264063,fresh_worse
NTP,Germany 2006 Male 45-54 High Working Married,0.2607907369109114,0.2590763139125116,Germany 2006,-0.0017144229983998005,fresh_better
NTP,Germany 2006 Male 45-54 Middle Unemployed Married,0.1444783115547284,0.1436233204257957,Germany 2006,-0.0008549911289326972,fresh_better
NTP,Germany 2006 Male 45-54 Middle Working Divorced or separated,0.1350375855376888,0.1341017867451081,Germany 2006,-0.000935798792580711,fresh_better
NTP,Germany 2006 Male 45-54 Middle Working Married,0.2025641576220663,0.2033619177412821,Germany 2006,0.0007977601192157846,fresh_worse
NTP,Germany 2006 Male 55-64 High Retired Married,0.2736462791864242,0.2772117866408555,Germany 2006,0.0035655074544312937,fresh_worse
NTP,Germany 2006 Male 55-64 High Working Married,0.2372468308922612,0.2331193593579533,Germany 2006,-0.004127471534307897,fresh_better
NTP,Germany 2006 Male 55-64 Middle Retired Married,0.2472205670305629,0.2486683361075533,Germany 2006,0.0014477690769904017,fresh_worse
NTP,Germany 2006 Male 55-64 Middle Working Married,0.2664791502706383,0.2716554301815694,Germany 2006,0.005176279910931114,fresh_worse
NTP,Germany 2006 Male 65-74 High Retired Married,0.2519107586280866,0.2525103891041115,Germany 2006,0.0005996304760249038,fresh_worse
NTP,Germany 2006 Male 65-74 Low Retired Married,0.2311103759826236,0.2297909482788673,Germany 2006,-0.0013194277037562874,fresh_better
NTP,Germany 2006 Male 65-74 Middle Retired Married,0.2663456560335401,0.2731875990171329,Germany 2006,0.006841942983592808,fresh_worse
NTP,Germany 2006 Male 65-74 Middle Retired Single,0.2386008342407563,0.2414437039142586,Germany 2006,0.0028428696735023073,fresh_worse
NTP,Germany 2006 Male 65-74 Middle Retired Widowed,0.275225319024471,0.2763979879825762,Germany 2006,0.0011726689581051941,fresh_worse
NTP,Germany 2006 Male 75+ Middle Retired Married,0.3136863655384098,0.3084274162319267,Germany 2006,-0.005258949306483074,fresh_better
NTP,Germany 2006 Male <25 High Student Single,0.3072147799225954,0.3048863598458748,Germany 2006,-0.002328420076720572,fresh_better
NTP,Germany 2006 Male <25 Middle Student Single,0.1864149346829406,0.1892635121164203,Germany 2006,0.0028485774334797154,fresh_worse
NTP,Germany 2006 Male <25 Middle Working Single,0.2609588005438898,0.2608408655354707,Germany 2006,-0.0001179350084191122,fresh_better
NTP,Germany 2018 Female 25-34 High Working Cohabiting,0.1219989773946711,0.1244517227940547,Germany 2018,0.002452745399383602,fresh_worse
NTP,Germany 2018 Female 25-34 Middle Working Cohabiting,0.0873840000819075,0.0897715909034583,Germany 2018,0.0023875908215508085,fresh_worse
NTP,Germany 2018 Female 25-34 Middle Working Single,0.1016109357523318,0.1007436346660249,Germany 2018,-0.0008673010863068931,fresh_better
NTP,Germany 2018 Female 35-44 High Homemaker Married,0.1522314487568413,0.1527998657486568,Germany 2018,0.0005684169918155069,fresh_worse
NTP,Germany 2018 Female 35-44 High Working Married,0.1281703082609108,0.128001523677723,Germany 2018,-0.00016878458318780876,fresh_better
NTP,Germany 2018 Female 35-44 Middle Working Married,0.1026191774352982,0.0993833040198752,Germany 2018,-0.0032358734154230018,fresh_better
NTP,Germany 2018 Female 45-54 High Working Married,0.1054268080233967,0.1030494859673809,Germany 2018,-0.0023773220560158043,fresh_better
NTP,Germany 2018 Female 45-54 High Working Single,0.1661483442046861,0.1666043302625021,Germany 2018,0.00045598605781599355,fresh_worse
NTP,Germany 2018 Female 45-54 Middle Working Divorced or separated,0.0639004293415281,0.0636546534526306,Germany 2018,-0.0002457758888975009,fresh_better
NTP,Germany 2018 Female 45-54 Middle Working Married,0.0894588603098925,0.0869133482452678,Germany 2018,-0.002545512064624708,fresh_better
NTP,Germany 2018 Female 55-64 Middle Homemaker Married,0.1023031697918971,0.1019859639341984,Germany 2018,-0.0003172058576987047,fresh_better
NTP,Germany 2018 Female 55-64 Middle Working Married,0.1000998622745785,0.0977804869426534,Germany 2018,-0.002319375331925097,fresh_better
NTP,Germany 2018 Female 65-74 High Retired Widowed,0.1777760852402186,0.1750347230757398,Germany 2018,-0.002741362164478789,fresh_better
NTP,Germany 2018 Female 65-74 Low Retired Married,0.1064890538592164,0.1028870875433433,Germany 2018,-0.0036019663158731036,fresh_better
NTP,Germany 2018 Female 65-74 Middle Retired Married,0.1690540640445063,0.1680781748022418,Germany 2018,-0.0009758892422644938,fresh_better
NTP,Germany 2018 Female 65-74 Middle Retired Widowed,0.0693412579033368,0.067576461875341,Germany 2018,-0.0017647960279957992,fresh_better
NTP,Germany 2018 Female 75+ Low Retired Widowed,0.1394453838510417,0.1401918321979852,Germany 2018,0.0007464483469435124,fresh_worse
NTP,Germany 2018 Female 75+ Middle Retired Married,0.1431986888545372,0.13718188123778,Germany 2018,-0.006016807616757214,fresh_better
NTP,Germany 2018 Female 75+ Middle Retired Widowed,0.2604157142019992,0.2595346515061401,Germany 2018,-0.0008810626958591361,fresh_better
NTP,Germany 2018 Female <25 Middle Student Single,0.1826957400119401,0.1836463006804812,Germany 2018,0.0009505606685411006,fresh_worse
NTP,Germany 2018 Male 25-34 High Working Married,0.102832111663052,0.1030001401491886,Germany 2018,0.00016802848613658994,fresh_worse
NTP,Germany 2018 Male 25-34 High Working Single,0.1225127932624985,0.1246428737274937,Germany 2018,0.0021300804649952015,fresh_worse
NTP,Germany 2018 Male 25-34 Middle Student Cohabiting,0.0571178485864421,0.0588187834076218,Germany 2018,0.0017009348211796949,fresh_worse
NTP,Germany 2018 Male 25-34 Middle Student Single,0.0397701559426343,0.0409099294773673,Germany 2018,0.0011397735347330046,fresh_worse
NTP,Germany 2018 Male 25-34 Middle Working Married,0.0273844007363853,0.0279373534022293,Germany 2018,0.0005529526658440004,fresh_worse
NTP,Germany 2018 Male 25-34 Middle Working Single,0.0707064864443654,0.0707758833211046,Germany 2018,6.939687673919448e-05,fresh_worse
NTP,Germany 2018 Male 35-44 High Working Married,0.1957370618788096,0.1941211844727882,Germany 2018,-0.0016158774060213987,fresh_better
NTP,Germany 2018 Male 35-44 Middle Working Married,0.0850895607555092,0.0838323312829057,Germany 2018,-0.0012572294726035105,fresh_better
NTP,Germany 2018 Male 45-54 High Working Married,0.0911349616544221,0.0915473750165717,Germany 2018,0.00041241336214960234,fresh_worse
NTP,Germany 2018 Male 45-54 Middle Working Divorced or separated,0.0958673311914834,0.0934481606243983,Germany 2018,-0.0024191705670850994,fresh_better
NTP,Germany 2018 Male 45-54 Middle Working Married,0.0770940258334844,0.0784355291195586,Germany 2018,0.0013415032860741999,fresh_worse
NTP,Germany 2018 Male 55-64 High Working Married,0.1189356621000028,0.1193835064447551,Germany 2018,0.00044784434475229895,fresh_worse
NTP,Germany 2018 Male 55-64 Middle Working Married,0.0539264087694082,0.0539196987409242,Germany 2018,-6.71002848399993e-06,fresh_better
NTP,Germany 2018 Male 65-74 High Retired Divorced or separated,0.1181175886498143,0.1168378717357259,Germany 2018,-0.0012797169140883885,fresh_better
NTP,Germany 2018 Male 65-74 High Retired Married,0.0832516400971346,0.0791479525160921,Germany 2018,-0.0041036875810425005,fresh_better
NTP,Germany 2018 Male 65-74 Middle Retired Married,0.0876725813910617,0.0859727859666756,Germany 2018,-0.0016997954243860997,fresh_better
NTP,Germany 2018 Male 75+ High Retired Married,0.1110170852806833,0.1142729062290917,Germany 2018,0.0032558209484084,fresh_worse
NTP,Germany 2018 Male 75+ Middle Retired Married,0.1902101721200677,0.1902304436421234,Germany 2018,2.027152205572036e-05,fresh_worse
NTP,Germany 2018 Male 75+ Middle Retired Widowed,0.0918086194743712,0.0872271797602481,Germany 2018,-0.004581439714123101,fresh_better
NTP,Germany 2018 Male <25 Middle Student Single,0.0579043651620547,0.0566894738345291,Germany 2018,-0.0012148913275255996,fresh_better
NTP,Mexico 1996 Female 25-34 High Homemaker Married,0.3699881330842063,0.3707949870665835,Mexico 1996,0.0008068539823771759,fresh_worse
NTP,Mexico 1996 Female 25-34 High Working Cohabiting,0.3042157692928808,0.3076965637105135,Mexico 1996,0.0034807944176327155,fresh_worse
NTP,Mexico 1996 Female 25-34 High Working Married,0.3954713693396612,0.398683712768612,Mexico 1996,0.00321234342895077,fresh_worse
NTP,Mexico 1996 Female 25-34 High Working Single,0.47617828288426,0.4768579292936443,Mexico 1996,0.0006796464093842824,fresh_worse
NTP,Mexico 1996 Female 25-34 Low Homemaker Married,0.4959096867647585,0.4952418579246911,Mexico 1996,-0.000667828840067386,fresh_better
NTP,Mexico 1996 Female 25-34 Middle Homemaker Married,0.4315242969812964,0.4293858119232424,Mexico 1996,-0.0021384850580540293,fresh_better
NTP,Mexico 1996 Female 25-34 Middle Unemployed Married,0.3557249707351813,0.3570121192943539,Mexico 1996,0.0012871485591726128,fresh_worse
NTP,Mexico 1996 Female 25-34 Middle Working Divorced or separated,0.5134392854861086,0.5161985747915551,Mexico 1996,0.002759289305446444,fresh_worse
NTP,Mexico 1996 Female 25-34 Middle Working Married,0.4340821198481121,0.4363711803635247,Mexico 1996,0.0022890605154125554,fresh_worse
NTP,Mexico 1996 Female 25-34 Middle Working Single,0.4653556031795839,0.4664109234603205,Mexico 1996,0.0010553202807365714,fresh_worse
NTP,Mexico 1996 Female 35-44 High Working Married,0.3974506071665221,0.4046458251849067,Mexico 1996,0.00719521801838463,fresh_worse
NTP,Mexico 1996 Female 35-44 Middle Homemaker Married,0.5280205445984999,0.5315822633728643,Mexico 1996,0.0035617187743643974,fresh_worse
NTP,Mexico 1996 Female 45-54 Low Homemaker Married,0.5237012371118811,0.5226683000172492,Mexico 1996,-0.001032937094631925,fresh_better
NTP,Mexico 1996 Female 45-54 Low Homemaker Widowed,0.635267294692592,0.6355053088895191,Mexico 1996,0.00023801419692703885,fresh_worse
NTP,Mexico 1996 Female 45-54 Middle Homemaker Married,0.5619886040924087,0.5604296215477066,Mexico 1996,-0.0015589825447021033,fresh_better
NTP,Mexico 1996 Female 55-64 Middle Working Widowed,0.4522846754725005,0.4538260797908884,Mexico 1996,0.0015414043183878956,fresh_worse
NTP,Mexico 1996 Female <25 High Student Single,0.5043840602350732,0.5074251874121661,Mexico 1996,0.0030411271770929282,fresh_worse
NTP,Mexico 1996 Female <25 High Working Single,0.4762947963576558,0.4801235788722888,Mexico 1996,0.003828782514632978,fresh_worse
NTP,Mexico 1996 Female <25 Middle Homemaker Married,0.3805468271796902,0.3832222671580836,Mexico 1996,0.0026754399783934235,fresh_worse
NTP,Mexico 1996 Female <25 Middle Student Single,0.4356549003133268,0.4370137483709849,Mexico 1996,0.0013588480576580686,fresh_worse
NTP,Mexico 1996 Female <25 Middle Working Single,0.5463455969213762,0.5463026436939072,Mexico 1996,-4.295322746894481e-05,fresh_better
NTP,Mexico 1996 Male 25-34 High Unemployed Married,0.2099846045020967,0.2125738644544989,Mexico 1996,0.002589259952402223,fresh_worse
NTP,Mexico 1996 Male 25-34 High Working Cohabiting,0.3700347508124091,0.3665924410697274,Mexico 1996,-0.003442309742681726,fresh_better
NTP,Mexico 1996 Male 25-34 High Working Married,0.3235621527067304,0.3260402684606887,Mexico 1996,0.0024781157539582876,fresh_worse
NTP,Mexico 1996 Male 25-34 High Working Single,0.3254310349291263,0.3255696154526263,Mexico 1996,0.00013858052350002037,fresh_worse
NTP,Mexico 1996 Male 25-34 Middle Working Cohabiting,0.4541072520290234,0.4546861218881075,Mexico 1996,0.0005788698590840635,fresh_worse
NTP,Mexico 1996 Male 25-34 Middle Working Married,0.405323438707912,0.4049822081524081,Mexico 1996,-0.0003412305555038908,fresh_better
NTP,Mexico 1996 Male 25-34 Middle Working Single,0.3747762180036968,0.3770698430882138,Mexico 1996,0.0022936250845169703,fresh_worse
NTP,Mexico 1996 Male 35-44 High Working Married,0.3652638500207104,0.365527772573774,Mexico 1996,0.00026392255306362244,fresh_worse
NTP,Mexico 1996 Male 35-44 Middle Working Married,0.3808338375890563,0.3857988329621221,Mexico 1996,0.0049649953730657725,fresh_worse
NTP,Mexico 1996 Male 35-44 Middle Working Single,0.3630559583035139,0.3619294459428125,Mexico 1996,-0.0011265123607013816,fresh_better
NTP,Mexico 1996 Male 45-54 High Working Married,0.3759487597371942,0.3775772042032083,Mexico 1996,0.0016284444660140673,fresh_worse
NTP,Mexico 1996 Male 45-54 Low Unemployed Divorced or separated,0.3033131360759338,0.3056430078458036,Mexico 1996,0.002329871769869818,fresh_worse
NTP,Mexico 1996 Male 45-54 Low Working Married,0.3804692775135239,0.3816377333479707,Mexico 1996,0.0011684558344468021,fresh_worse
NTP,Mexico 1996 Male 45-54 Middle Working Married,0.4157859540378401,0.4202705400100148,Mexico 1996,0.004484585972174715,fresh_worse
NTP,Mexico 1996 Male <25 High Student Single,0.3549543740381011,0.3521641256278452,Mexico 1996,-0.00279024841025588,fresh_better
NTP,Mexico 1996 Male <25 High Working Single,0.4073741824831813,0.404204275650279,Mexico 1996,-0.003169906832902303,fresh_better
NTP,Mexico 1996 Male <25 Middle Student Single,0.2945865914773415,0.2972180073085476,Mexico 1996,0.0026314158312060743,fresh_worse
NTP,Mexico 1996 Male <25 Middle Unemployed Single,0.3673217626472498,0.3697969745325284,Mexico 1996,0.0024752118852786054,fresh_worse
NTP,Mexico 1996 Male <25 Middle Working Single,0.4418157798992027,0.4411295637720143,Mexico 1996,-0.0006862161271883882,fresh_better
NTP,Mexico 2005 Female 25-34 High Homemaker Married,0.4226961822248995,0.4228126619411552,Mexico 2005,0.00011647971625566855,fresh_worse
NTP,Mexico 2005 Female 25-34 High Working Married,0.4667532032058723,0.4707546438875285,Mexico 2005,0.004001440681656199,fresh_worse
NTP,Mexico 2005 Female 25-34 High Working Single,0.5242973618498523,0.5247998567340414,Mexico 2005,0.0005024948841890753,fresh_worse
NTP,Mexico 2005 Female 25-34 Low Homemaker Married,0.3461505392536757,0.3481555768431512,Mexico 2005,0.0020050375894754557,fresh_worse
NTP,Mexico 2005 Female 25-34 Middle Homemaker Cohabiting,0.4303463427349924,0.4251245450789269,Mexico 2005,-0.005221797656065508,fresh_better
NTP,Mexico 2005 Female 25-34 Middle Homemaker Married,0.4315157888889098,0.4362553225184575,Mexico 2005,0.00473953362954771,fresh_worse
NTP,Mexico 2005 Female 25-34 Middle Working Married,0.4348171646298284,0.4392297147048479,Mexico 2005,0.004412550075019506,fresh_worse
NTP,Mexico 2005 Female 35-44 High Homemaker Married,0.5425365334154949,0.5436999839719022,Mexico 2005,0.0011634505564073194,fresh_worse
NTP,Mexico 2005 Female 35-44 High Working Married,0.3847198736915986,0.3848695084516698,Mexico 2005,0.00014963476007118226,fresh_worse
NTP,Mexico 2005 Female 35-44 Middle Homemaker Cohabiting,0.3417599809091583,0.3463209449349569,Mexico 2005,0.004560964025798586,fresh_worse
NTP,Mexico 2005 Female 35-44 Middle Homemaker Married,0.4818610666575385,0.4833416672168604,Mexico 2005,0.0014806005593219207,fresh_worse
NTP,Mexico 2005 Female 35-44 Middle Working Divorced or separated,0.3866520888455536,0.3836186386081239,Mexico 2005,-0.00303345023742968,fresh_better
NTP,Mexico 2005 Female 45-54 Low Homemaker Married,0.4746418555281937,0.4737225905725471,Mexico 2005,-0.0009192649556465926,fresh_better
NTP,Mexico 2005 Female 45-54 Middle Homemaker Married,0.5586592514573792,0.5668011229720419,Mexico 2005,0.008141871514662724,fresh_worse
NTP,Mexico 2005 Female 55-64 Low Homemaker Married,0.3345437736019618,0.3394603962600245,Mexico 2005,0.004916622658062697,fresh_worse
NTP,Mexico 2005 Female 55-64 Middle Homemaker Married,0.5140510352949301,0.5126292729161493,Mexico 2005,-0.0014217623787807776,fresh_better
NTP,Mexico 2005 Female 65-74 Low Homemaker Widowed,0.5388049647083571,0.5381103822771462,Mexico 2005,-0.0006945824312108995,fresh_better
NTP,Mexico 2005 Female 65-74 Middle Retired Widowed,0.538943541207118,0.5363476521607893,Mexico 2005,-0.002595889046328681,fresh_better
NTP,Mexico 2005 Female <25 High Student Single,0.4277500384160432,0.427873919546226,Mexico 2005,0.00012388113018280134,fresh_worse
NTP,Mexico 2005 Female <25 High Working Single,0.4657471096059224,0.4686868552348882,Mexico 2005,0.002939745628965762,fresh_worse
NTP,Mexico 2005 Female <25 Middle Homemaker Single,0.4892539676527181,0.4922410254068197,Mexico 2005,0.002987057754101574,fresh_worse
NTP,Mexico 2005 Female NA Low Homemaker Cohabiting,0.4575385618014166,0.4590622693583769,Mexico 2005,0.0015237075569602965,fresh_worse
NTP,Mexico 2005 Female NA Low Homemaker Married,0.4838590178557564,0.4737324280271806,Mexico 2005,-0.010126589828575838,fresh_better
NTP,Mexico 2005 Male 25-34 High Working Married,0.2183094830634658,0.2207054269981258,Mexico 2005,0.0023959439346599998,fresh_worse
NTP,Mexico 2005 Male 25-34 High Working Single,0.3759801719958583,0.3831659203051054,Mexico 2005,0.007185748309247064,fresh_worse
NTP,Mexico 2005 Male 25-34 Middle Working Cohabiting,0.2769298165157023,0.280151933963576,Mexico 2005,0.003222117447873707,fresh_worse
NTP,Mexico 2005 Male 25-34 Middle Working Married,0.3949171970440011,0.3980511601662317,Mexico 2005,0.003133963122230632,fresh_worse
NTP,Mexico 2005 Male 25-34 Middle Working Single,0.313108077717738,0.316037773167113,Mexico 2005,0.0029296954493749916,fresh_worse
NTP,Mexico 2005 Male 35-44 High Working Married,0.2684042414443361,0.270651691123016,Mexico 2005,0.0022474496786799025,fresh_worse
NTP,Mexico 2005 Male 35-44 Middle Working Cohabiting,0.2950925079827335,0.2974464386346368,Mexico 2005,0.002353930651903313,fresh_worse
NTP,Mexico 2005 Male 35-44 Middle Working Married,0.4287589102862326,0.4368168356664776,Mexico 2005,0.008057925380245023,fresh_worse
NTP,Mexico 2005 Male 45-54 High Working Married,0.3133057089694214,0.314424124589764,Mexico 2005,0.0011184156203425943,fresh_worse
NTP,Mexico 2005 Male 45-54 Low Working Cohabiting,0.4477537818846926,0.4479714081376079,Mexico 2005,0.0002176262529152706,fresh_worse
NTP,Mexico 2005 Male 45-54 Low Working Married,0.4716548074340155,0.4685311025441174,Mexico 2005,-0.0031237048898981046,fresh_better
NTP,Mexico 2005 Male 45-54 Middle Unemployed Married,0.4709839669090729,0.4729390637261528,Mexico 2005,0.0019550968170798932,fresh_worse
NTP,Mexico 2005 Male 45-54 Middle Working Married,0.2850017652625129,0.2843153379202383,Mexico 2005,-0.0006864273422746425,fresh_better
NTP,Mexico 2005 Male 55-64 Low Unemployed Married,0.4109756704730292,0.4051923160032613,Mexico 2005,-0.00578335446976791,fresh_better
NTP,Mexico 2005 Male 55-64 Low Working Married,0.415809460988395,0.4146182777923275,Mexico 2005,-0.0011911831960674801,fresh_better
NTP,Mexico 2005 Male 55-64 Middle Working Married,0.3885600280999723,0.3868579114204347,Mexico 2005,-0.0017021166795376241,fresh_better
NTP,Mexico 2005 Male 55-64 Middle Working Single,0.4327971750078187,0.4301671319116495,Mexico 2005,-0.00263004309616921,fresh_better
NTP,Mexico 2005 Male <25 High Student Single,0.3229541282917401,0.3251519808269787,Mexico 2005,0.0021978525352386313,fresh_worse
NTP,Mexico 2005 Male <25 High Working Single,0.2726682134824553,0.2745118313215222,Mexico 2005,0.0018436178390668911,fresh_worse
NTP,Mexico 2005 Male <25 Middle Student Single,0.3721303407413263,0.3714516036168251,Mexico 2005,-0.000678737124501172,fresh_better
NTP,Mexico 2005 Male <25 Middle Working Married,0.3834516348110305,0.3865184949280553,Mexico 2005,0.0030668601170247833,fresh_worse
NTP,Mexico 2005 Male <25 Middle Working Single,0.301005603828364,0.2991982222562843,Mexico 2005,-0.0018073815720797137,fresh_better
NTP,Mexico 2018 Female 25-34 High Homemaker Married,0.4401869281208601,0.4433039843885937,Mexico 2018,0.00311705626773362,fresh_worse
NTP,Mexico 2018 Female 25-34 High Working Married,0.4058133147745614,0.41020234144172,Mexico 2018,0.004389026667158624,fresh_worse
NTP,Mexico 2018 Female 25-34 Low Homemaker Married,0.4278256330078981,0.4314319782966608,Mexico 2018,0.0036063452887626912,fresh_worse
NTP,Mexico 2018 Female 25-34 Low Working Married,0.4694324403276873,0.4721402911398915,Mexico 2018,0.0027078508122042044,fresh_worse
NTP,Mexico 2018 Female 25-34 Middle Homemaker Cohabiting,0.3327773229927213,0.3366316921800594,Mexico 2018,0.0038543691873381136,fresh_worse
NTP,Mexico 2018 Female 25-34 Middle Homemaker Married,0.4163083768252171,0.4175938995807428,Mexico 2018,0.001285522755525681,fresh_worse
NTP,Mexico 2018 Female 25-34 Middle Working Married,0.3848294156603515,0.386508269908014,Mexico 2018,0.001678854247662509,fresh_worse
NTP,Mexico 2018 Female 25-34 Middle Working Single,0.4385962788530481,0.4441910193931637,Mexico 2018,0.005594740540115606,fresh_worse
NTP,Mexico 2018 Female 35-44 Middle Homemaker Cohabiting,0.4157854047995331,0.4154913571603592,Mexico 2018,-0.0002940476391739,fresh_better
NTP,Mexico 2018 Female 35-44 Middle Homemaker Married,0.428764300238268,0.4248977389070691,Mexico 2018,-0.0038665613311988922,fresh_better
NTP,Mexico 2018 Female 35-44 Middle Working Cohabiting,0.3035337210378863,0.3003235585637422,Mexico 2018,-0.0032101624741440737,fresh_better
NTP,Mexico 2018 Female 35-44 Middle Working Divorced or separated,0.4530070128353934,0.4532619436830671,Mexico 2018,0.00025493084767369556,fresh_worse
NTP,Mexico 2018 Female 35-44 Middle Working Married,0.3704561009009679,0.3734682502195741,Mexico 2018,0.003012149318606161,fresh_worse
NTP,Mexico 2018 Female 45-54 Low Homemaker Cohabiting,0.4363238323479891,0.4408301856279202,Mexico 2018,0.004506353279931097,fresh_worse
NTP,Mexico 2018 Female 45-54 Low Homemaker Married,0.437986393088615,0.4391033845626353,Mexico 2018,0.0011169914740203346,fresh_worse
NTP,Mexico 2018 Female 45-54 Middle Homemaker Married,0.4881023728869793,0.4930437844442278,Mexico 2018,0.004941411557248532,fresh_worse
NTP,Mexico 2018 Female 45-54 Middle Working Married,0.4520521103053965,0.4564595875133257,Mexico 2018,0.004407477207929222,fresh_worse
NTP,Mexico 2018 Female 55-64 Low Homemaker Married,0.5067688929183143,0.5103952872045137,Mexico 2018,0.0036263942861993748,fresh_worse
NTP,Mexico 2018 Female 55-64 Low Working Divorced or separated,0.5099473865392307,0.5144665378130401,Mexico 2018,0.004519151273809419,fresh_worse
NTP,Mexico 2018 Female 55-64 Low Working Married,0.330020576548309,0.3335477688593173,Mexico 2018,0.003527192311008287,fresh_worse
NTP,Mexico 2018 Female 65-74 Low Homemaker Married,0.5462860040863355,0.5472384668305518,Mexico 2018,0.0009524627442162314,fresh_worse
NTP,Mexico 2018 Female 65-74 Low Homemaker Widowed,0.5120810380850741,0.5141277060371324,Mexico 2018,0.002046667952058323,fresh_worse
NTP,Mexico 2018 Female 65-74 Low Working Widowed,0.3879277210734371,0.3917321849887756,Mexico 2018,0.0038044639153385074,fresh_worse
NTP,Mexico 2018 Female <25 Middle Student Single,0.4342023609179772,0.4345594737848977,Mexico 2018,0.0003571128669204726,fresh_worse
NTP,Mexico 2018 Female <25 Middle Working Cohabiting,0.3564537010736699,0.3627994110750971,Mexico 2018,0.006345710001427196,fresh_worse
NTP,Mexico 2018 Male 25-34 High Working Married,0.2553177660065037,0.2566006366136753,Mexico 2018,0.0012828706071716378,fresh_worse
NTP,Mexico 2018 Male 25-34 High Working Single,0.3529860160473471,0.3534881758771067,Mexico 2018,0.0005021598297595964,fresh_worse
NTP,Mexico 2018 Male 25-34 Middle Working Cohabiting,0.2693438717243514,0.2733848427783416,Mexico 2018,0.00404097105399015,fresh_worse
NTP,Mexico 2018 Male 25-34 Middle Working Married,0.3509023836011003,0.3533819207763775,Mexico 2018,0.0024795371752771578,fresh_worse
NTP,Mexico 2018 Male 25-34 Middle Working Single,0.39085726918118,0.39259597116624,Mexico 2018,0.0017387019850599872,fresh_worse
NTP,Mexico 2018 Male 35-44 High Working Married,0.3236449193939859,0.3230817375951417,Mexico 2018,-0.0005631817988441812,fresh_better
NTP,Mexico 2018 Male 35-44 Low Working Married,0.3118202069602992,0.3159356039532562,Mexico 2018,0.004115396992956988,fresh_worse
NTP,Mexico 2018 Male 35-44 Middle Working Cohabiting,0.3724497173602381,0.3846186027206273,Mexico 2018,0.012168885360389237,fresh_worse
NTP,Mexico 2018 Male 35-44 Middle Working Married,0.3523052767144912,0.3559824010137207,Mexico 2018,0.003677124299229506,fresh_worse
NTP,Mexico 2018 Male 45-54 Low Unemployed Married,0.3836750488828968,0.3852087921955729,Mexico 2018,0.001533743312676139,fresh_worse
NTP,Mexico 2018 Male 45-54 Low Working Married,0.3829140957490897,0.388888145154292,Mexico 2018,0.0059740494052022974,fresh_worse
NTP,Mexico 2018 Male 45-54 Middle Working Cohabiting,0.3469273161583689,0.3488469855083647,Mexico 2018,0.0019196693499957673,fresh_worse
NTP,Mexico 2018 Male 45-54 Middle Working Married,0.4199903308770353,0.4234901156528945,Mexico 2018,0.003499784775859216,fresh_worse
NTP,Mexico 2018 Male 55-64 Low Working Married,0.412394379879883,0.4166556063730395,Mexico 2018,0.0042612264931565225,fresh_worse
NTP,Mexico 2018 Male 55-64 Middle Retired Married,0.2795054877078104,0.281604807779489,Mexico 2018,0.0020993200716785676,fresh_worse
NTP,Mexico 2018 Male 55-64 Middle Working Married,0.2889098767434655,0.2921516039379723,Mexico 2018,0.0032417271945067716,fresh_worse
NTP,Mexico 2018 Male 65-74 Low Working Married,0.372077531252916,0.3748064482356607,Mexico 2018,0.0027289169827447446,fresh_worse
NTP,Mexico 2018 Male 75+ Low Unemployed Widowed,0.3579088519844743,0.3576399926003772,Mexico 2018,-0.00026885938409709764,fresh_better
NTP,Mexico 2018 Male <25 Middle Student Single,0.4208944725645024,0.4246518498094043,Mexico 2018,0.0037573772449018827,fresh_worse
NTP,Mexico 2018 Male <25 Middle Unemployed Single,0.4922661733037481,0.4964274653853225,Mexico 2018,0.004161292081574397,fresh_worse
NTP,Mexico 2018 Male <25 Middle Working Single,0.2190734977523486,0.2173214908147258,Mexico 2018,-0.0017520069376228131,fresh_better
NTP,Russia 1995 Female 25-34 High Homemaker Married,0.07591630507571,0.0745898689350427,Russia 1995,-0.0013264361406672975,fresh_better
NTP,Russia 1995 Female 25-34 High Working Married,0.0936193894458863,0.0936321152106208,Russia 1995,1.2725764734503042e-05,fresh_worse
NTP,Russia 1995 Female 25-34 High Working Single,0.1594469145090244,0.1600202970469049,Russia 1995,0.0005733825378805013,fresh_worse
NTP,Russia 1995 Female 25-34 Middle Homemaker Married,0.0736454578608959,0.0720698015948604,Russia 1995,-0.001575656266035494,fresh_better
NTP,Russia 1995 Female 25-34 Middle Working Divorced or separated,0.1176638503351972,0.1182610083288061,Russia 1995,0.0005971579936088905,fresh_worse
NTP,Russia 1995 Female 25-34 Middle Working Married,0.0456415295894085,0.045239717530876,Russia 1995,-0.0004018120585324997,fresh_better
NTP,Russia 1995 Female 25-34 Middle Working Single,0.1169052049057719,0.1231603071939894,Russia 1995,0.006255102288217504,fresh_worse
NTP,Russia 1995 Female 35-44 High Working Divorced or separated,0.0947208407462812,0.0963065023550472,Russia 1995,0.001585661608765998,fresh_worse
NTP,Russia 1995 Female 35-44 High Working Married,0.0909684183880116,0.0906902731304587,Russia 1995,-0.0002781452575529031,fresh_better
NTP,Russia 1995 Female 35-44 Middle Working Divorced or separated,0.1113459130312189,0.1121165259764879,Russia 1995,0.0007706129452690058,fresh_worse
NTP,Russia 1995 Female 35-44 Middle Working Married,0.0909145956667458,0.0906351151120079,Russia 1995,-0.00027948055473789313,fresh_better
NTP,Russia 1995 Female 45-54 High Working Married,0.0918638743460178,0.0924643542195869,Russia 1995,0.0006004798735691069,fresh_worse
NTP,Russia 1995 Female 45-54 High Working Widowed,0.1118291426036092,0.1103371735064482,Russia 1995,-0.0014919690971609972,fresh_better
NTP,Russia 1995 Female 45-54 Middle Working Married,0.0853781333413496,0.0857281479925592,Russia 1995,0.00035001465120960973,fresh_worse
NTP,Russia 1995 Female 55-64 High Retired Married,0.0798114207676715,0.0790845770357126,Russia 1995,-0.0007268437319589011,fresh_better
NTP,Russia 1995 Female 55-64 Middle Retired Divorced or separated,0.2090528801172262,0.21125454646101,Russia 1995,0.002201666343783798,fresh_worse
NTP,Russia 1995 Female 55-64 Middle Retired Married,0.074667282278339,0.0747091938338228,Russia 1995,4.191155548378955e-05,fresh_worse
NTP,Russia 1995 Female 55-64 Middle Retired Widowed,0.174809435145959,0.1771500726417389,Russia 1995,0.002340637495779896,fresh_worse
NTP,Russia 1995 Female 65-74 High Retired Widowed,0.096108972077043,0.0992249873081172,Russia 1995,0.003116015231074201,fresh_worse
NTP,Russia 1995 Female 65-74 Low Retired Widowed,0.1109930807442376,0.1103832119850414,Russia 1995,-0.0006098687591961915,fresh_better
NTP,Russia 1995 Female 65-74 Middle Retired Married,0.0987635733058246,0.1000906995564454,Russia 1995,0.0013271262506207998,fresh_worse
NTP,Russia 1995 Female 65-74 Middle Retired Widowed,0.1726724705901969,0.1762023817792708,Russia 1995,0.003529911189073892,fresh_worse
NTP,Russia 1995 Female 75+ Low Retired Widowed,0.0838037483610104,0.0814209114731468,Russia 1995,-0.0023828368878636014,fresh_better
NTP,Russia 1995 Female 75+ Middle Retired Widowed,0.1213219676994614,0.1221868462226005,Russia 1995,0.000864878523139101,fresh_worse
NTP,Russia 1995 Female <25 High Student Married,0.0959176044857156,0.0973362128267252,Russia 1995,0.0014186083410095973,fresh_worse
NTP,Russia 1995 Female <25 High Student Single,0.0765939383723196,0.0784805852055555,Russia 1995,0.0018866468332358888,fresh_worse
NTP,Russia 1995 Male 25-34 High Working Married,0.0870183500594326,0.0816444329327126,Russia 1995,-0.0053739171267200014,fresh_better
NTP,Russia 1995 Male 25-34 Middle Working Married,0.0811992541337624,0.0746286440436368,Russia 1995,-0.006570610090125606,fresh_better
NTP,Russia 1995 Male 35-44 High Unemployed Married,0.0644455339646252,0.0631223742191606,Russia 1995,-0.0013231597454645971,fresh_better
NTP,Russia 1995 Male 35-44 High Working Married,0.1029211714635407,0.098611477308405,Russia 1995,-0.004309694155135699,fresh_better
NTP,Russia 1995 Male 35-44 Middle Unemployed Married,0.0907098498372804,0.0915628747337549,Russia 1995,0.0008530248964744996,fresh_worse
NTP,Russia 1995 Male 35-44 Middle Working Married,0.1161442561867088,0.1129495091080692,Russia 1995,-0.0031947470786396065,fresh_better
NTP,Russia 1995 Male 45-54 High Working Divorced or separated,0.0688504882116792,0.066066334807506,Russia 1995,-0.0027841534041732063,fresh_better
NTP,Russia 1995 Male 45-54 High Working Married,0.0785981671696947,0.0846375892004873,Russia 1995,0.006039422030792607,fresh_worse
NTP,Russia 1995 Male 45-54 Middle Working Married,0.0999306988798909,0.1008867516656448,Russia 1995,0.0009560527857539053,fresh_worse
NTP,Russia 1995 Male 55-64 High Working Married,0.1467106399436791,0.146828108866488,Russia 1995,0.00011746892280889432,fresh_worse
NTP,Russia 1995 Male 55-64 Middle Retired Married,0.1215810411920149,0.1204279769178333,Russia 1995,-0.0011530642741816033,fresh_better
NTP,Russia 1995 Male 55-64 Middle Retired Widowed,0.0844485670237279,0.0846837655219066,Russia 1995,0.00023519849817869865,fresh_worse
NTP,Russia 1995 Male 55-64 Middle Working Married,0.1111564384638399,0.1144625876470224,Russia 1995,0.003306149183182505,fresh_worse
NTP,Russia 1995 Male 65-74 Middle Retired Married,0.1136190065092617,0.1113727824033725,Russia 1995,-0.0022462241058891913,fresh_better
NTP,Russia 1995 Male <25 High Student Single,0.0445344965977995,0.043873076185777,Russia 1995,-0.0006614204120224954,fresh_better
NTP,Russia 1995 Male <25 High Working Single,0.061369247934831,0.0626800680357041,Russia 1995,0.0013108201008730988,fresh_worse
NTP,Russia 1995 Male <25 Middle Working Single,0.0639378654676071,0.0668851896742823,Russia 1995,0.002947324206675192,fresh_worse
NTP,Russia 2006 Female 25-34 High Homemaker Married,0.1208428271730022,0.1228150242130488,Russia 2006,0.0019721970400466,fresh_worse
NTP,Russia 2006 Female 25-34 High Unemployed Divorced or separated,0.0685556893321601,0.0700652159775781,Russia 2006,0.0015095266454180079,fresh_worse
NTP,Russia 2006 Female 25-34 High Working Married,0.1340642849772322,0.1362980978630799,Russia 2006,0.0022338128858477024,fresh_worse
NTP,Russia 2006 Female 25-34 High Working Single,0.1860396207816768,0.1851216171818342,Russia 2006,-0.0009180035998425928,fresh_better
NTP,Russia 2006 Female 25-34 Middle Homemaker Married,0.1119164322765591,0.1115053474710286,Russia 2006,-0.0004110848055305094,fresh_better
NTP,Russia 2006 Female 25-34 Middle Working Married,0.1879367617970352,0.1888909896746249,Russia 2006,0.0009542278775896973,fresh_worse
NTP,Russia 2006 Female 35-44 High Working Divorced or separated,0.188091939311932,0.1901550038908423,Russia 2006,0.002063064578910312,fresh_worse
NTP,Russia 2006 Female 35-44 High Working Married,0.154443804412846,0.157426082002925,Russia 2006,0.002982277590078991,fresh_worse
NTP,Russia 2006 Female 35-44 Middle Homemaker Married,0.1588540881436197,0.1592683968737897,Russia 2006,0.0004143087301700099,fresh_worse
NTP,Russia 2006 Female 35-44 Middle Working Divorced or separated,0.1967526708037232,0.1975154619724806,Russia 2006,0.0007627911687574096,fresh_worse
NTP,Russia 2006 Female 35-44 Middle Working Married,0.1595215965356599,0.1627099084510913,Russia 2006,0.0031883119154313966,fresh_worse
NTP,Russia 2006 Female 45-54 High Working Divorced or separated,0.1812183662182373,0.1822031268781251,Russia 2006,0.0009847606598877845,fresh_worse
NTP,Russia 2006 Female 45-54 High Working Married,0.1968523135488968,0.1984375658092323,Russia 2006,0.0015852522603355124,fresh_worse
NTP,Russia 2006 Female 45-54 High Working Widowed,0.212599183212627,0.2138740647200933,Russia 2006,0.0012748815074662967,fresh_worse
NTP,Russia 2006 Female 45-54 Middle Working Divorced or separated,0.1755117284971279,0.1753261294902415,Russia 2006,-0.00018559900688638886,fresh_better
NTP,Russia 2006 Female 45-54 Middle Working Married,0.1464287734819725,0.1485885931832261,Russia 2006,0.0021598197012535902,fresh_worse
NTP,Russia 2006 Female 45-54 Middle Working Widowed,0.1395815169725304,0.1407295799242659,Russia 2006,0.0011480629517355012,fresh_worse
NTP,Russia 2006 Female 55-64 High Retired Married,0.1980885008314535,0.1998156270168423,Russia 2006,0.001727126185388811,fresh_worse
NTP,Russia 2006 Female 55-64 Middle Retired Married,0.1514484503799501,0.1561117977229183,Russia 2006,0.004663347342968194,fresh_worse
NTP,Russia 2006 Female 55-64 Middle Retired Widowed,0.2895689835062339,0.288652736747982,Russia 2006,-0.0009162467582519151,fresh_better
NTP,Russia 2006 Female 65-74 High Retired Widowed,0.1635896353138207,0.1645741747782526,Russia 2006,0.0009845394644318883,fresh_worse
NTP,Russia 2006 Female 65-74 Middle Retired Married,0.2160856404767797,0.2219080440303281,Russia 2006,0.005822403553548405,fresh_worse
NTP,Russia 2006 Female 65-74 Middle Retired Widowed,0.2752856562567398,0.2759996025565178,Russia 2006,0.0007139462997780011,fresh_worse
NTP,Russia 2006 Female <25 High Student Single,0.1506700480234159,0.1517874637826129,Russia 2006,0.0011174157591969935,fresh_worse
NTP,Russia 2006 Female <25 Middle Student Single,0.1747758614094277,0.173904773131779,Russia 2006,-0.0008710882776487017,fresh_better
NTP,Russia 2006 Male 25-34 High Working Cohabiting,0.1166643754607349,0.1180855816050152,Russia 2006,0.0014212061442803042,fresh_worse
NTP,Russia 2006 Male 25-34 High Working Married,0.1006194704536962,0.1021699491104753,Russia 2006,0.0015504786567791112,fresh_worse
NTP,Russia 2006 Male 25-34 Middle Working Cohabiting,0.0914449608241636,0.0960381354728698,Russia 2006,0.004593174648706191,fresh_worse
NTP,Russia 2006 Male 25-34 Middle Working Married,0.0725266774792858,0.0752847194740952,Russia 2006,0.0027580419948093904,fresh_worse
NTP,Russia 2006 Male 25-34 Middle Working Single,0.1539125710260123,0.1544537084455466,Russia 2006,0.0005411374195342933,fresh_worse
NTP,Russia 2006 Male 35-44 High Unemployed Married,0.0785711774449776,0.0798781977683269,Russia 2006,0.0013070203233492977,fresh_worse
NTP,Russia 2006 Male 35-44 High Working Married,0.0783824162109606,0.0827834904532462,Russia 2006,0.004401074242285599,fresh_worse
NTP,Russia 2006 Male 35-44 Middle Unemployed Married,0.105191865538816,0.1053952965907965,Russia 2006,0.00020343105198049327,fresh_worse
NTP,Russia 2006 Male 35-44 Middle Working Divorced or separated,0.0595488987213636,0.0604337737727157,Russia 2006,0.0008848750513521034,fresh_worse
NTP,Russia 2006 Male 35-44 Middle Working Married,0.0443400011499287,0.0482776893969544,Russia 2006,0.0039376882470257,fresh_worse
NTP,Russia 2006 Male 45-54 High Working Divorced or separated,0.059987832172864,0.0604433424393228,Russia 2006,0.0004555102664587987,fresh_worse
NTP,Russia 2006 Male 45-54 High Working Married,0.0559972735869438,0.0582342907425174,Russia 2006,0.0022370171555736035,fresh_worse
NTP,Russia 2006 Male 45-54 Middle Working Married,0.0947737546746661,0.0975972576100112,Russia 2006,0.0028235029353450986,fresh_worse
NTP,Russia 2006 Male 55-64 High Retired Married,0.1146098889018777,0.1096610716019138,Russia 2006,-0.004948817299963909,fresh_better
NTP,Russia 2006 Male 55-64 High Working Married,0.090596818352739,0.0921247348074977,Russia 2006,0.0015279164547586932,fresh_worse
NTP,Russia 2006 Male 55-64 Middle Retired Married,0.0815072288303566,0.0834965634697377,Russia 2006,0.001989334639381099,fresh_worse
NTP,Russia 2006 Male 55-64 Middle Working Married,0.0867807795219715,0.0880859879507822,Russia 2006,0.0013052084288106974,fresh_worse
NTP,Russia 2006 Male 65-74 Middle Retired Married,0.0764762116596102,0.076024655093307,Russia 2006,-0.0004515565663032045,fresh_better
NTP,Russia 2006 Male 65-74 Middle Retired Widowed,0.0434995290512839,0.0439922898278335,Russia 2006,0.0004927607765495973,fresh_worse
NTP,Russia 2006 Male <25 High Student Single,0.0748670300182574,0.077693464759887,Russia 2006,0.0028264347416296076,fresh_worse
NTP,Russia 2006 Male <25 High Working Single,0.0484684481208565,0.0498542863356874,Russia 2006,0.0013858382148308965,fresh_worse
NTP,Russia 2006 Male <25 Middle Student Single,0.0733913243216063,0.0756536979810586,Russia 2006,0.0022623736594522964,fresh_worse
NTP,Russia 2006 Male <25 Middle Working Single,0.1133517706906562,0.1151071991165438,Russia 2006,0.0017554284258875924,fresh_worse
NTP,Russia 2017 Female 25-34 High Homemaker Divorced or separated,0.2310113494091602,0.2315606023634505,Russia 2017,0.0005492529542902858,fresh_worse
NTP,Russia 2017 Female 25-34 High Homemaker Married,0.1499791538992786,0.1520104077639922,Russia 2017,0.002031253864713589,fresh_worse
NTP,Russia 2017 Female 25-34 High Working Divorced or separated,0.2067441857650099,0.2075841495880338,Russia 2017,0.0008399638230238982,fresh_worse
NTP,Russia 2017 Female 25-34 High Working Married,0.1830657946679114,0.1844852012269975,Russia 2017,0.001419406559086095,fresh_worse
NTP,Russia 2017 Female 25-34 High Working Single,0.1966704293420571,0.1982456615566435,Russia 2017,0.0015752322145863862,fresh_worse
NTP,Russia 2017 Female 35-44 High Working Divorced or separated,0.202048625853584,0.2064635065652431,Russia 2017,0.004414880711659103,fresh_worse
NTP,Russia 2017 Female 35-44 High Working Married,0.1950114749436887,0.1923102306246109,Russia 2017,-0.0027012443190778113,fresh_better
NTP,Russia 2017 Female 35-44 High Working Single,0.1827782770800297,0.18507380061594,Russia 2017,0.00229552353591031,fresh_worse
NTP,Russia 2017 Female 35-44 Low Homemaker Married,0.2848928903997467,0.286873724977788,Russia 2017,0.001980834578041324,fresh_worse
NTP,Russia 2017 Female 35-44 Middle Homemaker Married,0.1863090137167582,0.1840625019024644,Russia 2017,-0.0022465118142938056,fresh_better
NTP,Russia 2017 Female 35-44 Middle Working Divorced or separated,0.1935689552799194,0.1950708226778539,Russia 2017,0.001501867397934481,fresh_worse
NTP,Russia 2017 Female 45-54 High Working Divorced or separated,0.1964647018127873,0.2009597973517144,Russia 2017,0.004495095538927102,fresh_worse
NTP,Russia 2017 Female 45-54 High Working Married,0.2366083274587451,0.2388778955545891,Russia 2017,0.002269568095843999,fresh_worse
NTP,Russia 2017 Female 45-54 High Working Widowed,0.1939486836977409,0.1941508054456427,Russia 2017,0.0002021217479017956,fresh_worse
NTP,Russia 2017 Female 45-54 Middle Working Divorced or separated,0.2416027808051146,0.2463080850552072,Russia 2017,0.004705304250092607,fresh_worse
NTP,Russia 2017 Female 45-54 Middle Working Married,0.192092486921969,0.1901556702851817,Russia 2017,-0.0019368166367872974,fresh_better
NTP,Russia 2017 Female 55-64 High Retired Divorced or separated,0.2185813015352945,0.2211293794302839,Russia 2017,0.002548077894989398,fresh_worse
NTP,Russia 2017 Female 55-64 High Retired Married,0.223354826789231,0.2262435184188402,Russia 2017,0.002888691629609197,fresh_worse
NTP,Russia 2017 Female 55-64 High Retired Widowed,0.3104273183271289,0.3115969985210046,Russia 2017,0.0011696801938756995,fresh_worse
NTP,Russia 2017 Female 55-64 Middle Retired Married,0.1743976256900873,0.1759249856324577,Russia 2017,0.0015273599423704098,fresh_worse
NTP,Russia 2017 Female 65-74 High Retired Widowed,0.2600604203689072,0.2592048151040463,Russia 2017,-0.0008556052648608925,fresh_better
NTP,Russia 2017 Female 65-74 Low Retired Widowed,0.2000861419773917,0.2035309074565247,Russia 2017,0.0034447654791329996,fresh_worse
NTP,Russia 2017 Female 65-74 Middle Retired Widowed,0.3247587619728572,0.3263272228889615,Russia 2017,0.0015684609161042973,fresh_worse
NTP,Russia 2017 Female 75+ Low Retired Widowed,0.1936759058611862,0.190728659165893,Russia 2017,-0.0029472466952931986,fresh_better
NTP,Russia 2017 Female <25 High Student Single,0.1809466029489131,0.182383920669364,Russia 2017,0.0014373177204509147,fresh_worse
NTP,Russia 2017 Female <25 High Working Single,0.1918694092221272,0.1933921586060182,Russia 2017,0.0015227493838909922,fresh_worse
NTP,Russia 2017 Female <25 Middle Student Single,0.1582059469465422,0.1564170379541477,Russia 2017,-0.0017889089923945056,fresh_better
NTP,Russia 2017 Male 25-34 High Working Married,0.1171014921161413,0.1187013918367205,Russia 2017,0.0015998997205791954,fresh_worse
NTP,Russia 2017 Male 25-34 High Working Single,0.0806441888935883,0.0842876669690567,Russia 2017,0.003643478075468387,fresh_worse
NTP,Russia 2017 Male 25-34 Middle Working Married,0.0759278921420296,0.0760767117409383,Russia 2017,0.00014881959890870877,fresh_worse
NTP,Russia 2017 Male 25-34 Middle Working Single,0.0666337518792863,0.0656851263214664,Russia 2017,-0.000948625557819896,fresh_better
NTP,Russia 2017 Male 35-44 High Working Married,0.1413680476896037,0.1439928548956723,Russia 2017,0.0026248072060685856,fresh_worse
NTP,Russia 2017 Male 35-44 Middle Working Married,0.0522846384665024,0.0525451806593656,Russia 2017,0.00026054219286320013,fresh_worse
NTP,Russia 2017 Male 45-54 High Working Divorced or separated,0.1169068766475626,0.1188521802132297,Russia 2017,0.0019453035656671058,fresh_worse
NTP,Russia 2017 Male 45-54 High Working Married,0.1185708452931486,0.1216471927098124,Russia 2017,0.0030763474166638077,fresh_worse
NTP,Russia 2017 Male 45-54 Middle Unemployed Married,0.0957380428453982,0.0942273861159462,Russia 2017,-0.0015106567294520118,fresh_better
NTP,Russia 2017 Male 45-54 Middle Working Divorced or separated,0.0618429716883434,0.0606351913646072,Russia 2017,-0.001207780323736203,fresh_better
NTP,Russia 2017 Male 55-64 High Retired Married,0.0848222362329724,0.0876629312873903,Russia 2017,0.002840695054417905,fresh_worse
NTP,Russia 2017 Male 55-64 High Working Divorced or separated,0.0690514649322003,0.0713433311499468,Russia 2017,0.002291866217746505,fresh_worse
NTP,Russia 2017 Male 55-64 High Working Married,0.1586011693374347,0.1631260324906011,Russia 2017,0.004524863153166386,fresh_worse
NTP,Russia 2017 Male 55-64 Low Retired Married,0.0926910373773695,0.0932993620224488,Russia 2017,0.0006083246450793028,fresh_worse
NTP,Russia 2017 Male 65-74 High Retired Widowed,0.0664451601958007,0.0667637899177762,Russia 2017,0.000318629721975508,fresh_worse
NTP,Russia 2017 Male 65-74 Low Retired Widowed,0.0913309755631619,0.0920193871901298,Russia 2017,0.0006884116269678942,fresh_worse
NTP,Russia 2017 Male <25 High Working Single,0.0827237014244827,0.0847486298528622,Russia 2017,0.0020249284283795077,fresh_worse
NTP,Russia 2017 Male <25 Middle Student Single,0.0800540513906426,0.0785225905778502,Russia 2017,-0.0015314608127924012,fresh_better
NTP,United States 1995 Female 25-34 High Unemployed Single,0.339750982250177,0.3441813637669256,United States 1995,0.004430381516748572,fresh_worse
NTP,United States 1995 Female 25-34 High Working Married,0.4299394411880986,0.4341793144379184,United States 1995,0.004239873249819781,fresh_worse
NTP,United States 1995 Female 25-34 Middle Homemaker Married,0.3806246459964543,0.3834867340352453,United States 1995,0.002862088038791011,fresh_worse
NTP,United States 1995 Female 25-34 Middle Working Married,0.3126877039743989,0.3151795906156507,United States 1995,0.002491886641251828,fresh_worse
NTP,United States 1995 Female 25-34 Middle Working Single,0.3867227104621835,0.3838972914552636,United States 1995,-0.0028254190069199048,fresh_better
NTP,United States 1995 Female 35-44 High Homemaker Married,0.4626467996682876,0.4633488140741539,United States 1995,0.0007020144058663136,fresh_worse
NTP,United States 1995 Female 35-44 High Working Divorced or separated,0.4397373023861343,0.4396408600537485,United States 1995,-9.644233238581545e-05,fresh_better
NTP,United States 1995 Female 35-44 High Working Married,0.4556604779149959,0.4650421134929192,United States 1995,0.009381635577923264,fresh_worse
NTP,United States 1995 Female 35-44 Middle Unemployed Married,0.3935722285091425,0.3945436036119092,United States 1995,0.0009713751027667361,fresh_worse
NTP,United States 1995 Female 35-44 Middle Working Married,0.3382872934647215,0.3449072405266074,United States 1995,0.0066199470618859,fresh_worse
NTP,United States 1995 Female 45-54 High Working Married,0.3809701604768634,0.3848744797993373,United States 1995,0.003904319322473926,fresh_worse
NTP,United States 1995 Female 45-54 Middle Working Married,0.4569875468034297,0.4580737808448092,United States 1995,0.0010862340413795302,fresh_worse
NTP,United States 1995 Female 55-64 Middle Homemaker Married,0.2959039934156907,0.2982089975524036,United States 1995,0.002305004136712918,fresh_worse
NTP,United States 1995 Female 65-74 High Retired Married,0.429213025936424,0.4280026985547773,United States 1995,-0.0012103273816467253,fresh_better
NTP,United States 1995 Female 65-74 High Retired Widowed,0.488514235864083,0.4901186114071735,United States 1995,0.0016043755430905082,fresh_worse
NTP,United States 1995 Female 65-74 Middle Retired Married,0.5062632423817601,0.5088768171674906,United States 1995,0.0026135747857304326,fresh_worse
NTP,United States 1995 Female 65-74 Middle Retired Widowed,0.4142674725982502,0.4163371066303558,United States 1995,0.002069634032105583,fresh_worse
NTP,United States 1995 Female 75+ Middle Retired Widowed,0.4831238115827242,0.4849131930127063,United States 1995,0.0017893814299820843,fresh_worse
NTP,United States 1995 Female <25 High Working Single,0.3613473741145478,0.3643670201302438,United States 1995,0.003019646015695987,fresh_worse
NTP,United States 1995 Male 25-34 High Working Married,0.3393682717809756,0.3432286260147858,United States 1995,0.0038603542338102037,fresh_worse
NTP,United States 1995 Male 25-34 High Working Single,0.3565974459434167,0.359804662256653,United States 1995,0.003207216313236283,fresh_worse
NTP,United States 1995 Male 25-34 Middle Working Married,0.2585732762092425,0.2567122993250443,United States 1995,-0.0018609768841981733,fresh_better
NTP,United States 1995 Male 25-34 Middle Working Single,0.2645140953864607,0.2672124619488977,United States 1995,0.0026983665624369935,fresh_worse
NTP,United States 1995 Male 35-44 High Working Married,0.3914917934169761,0.3894628840127985,United States 1995,-0.0020289094041776035,fresh_better
NTP,United States 1995 Male 35-44 Middle Working Married,0.2638477783098265,0.2673504343135957,United States 1995,0.0035026560037692,fresh_worse
NTP,United States 1995 Male 45-54 High Working Divorced or separated,0.2876340578496456,0.28778126539315,United States 1995,0.0001472075435044462,fresh_worse
NTP,United States 1995 Male 45-54 High Working Married,0.3431766990459327,0.3503537838156962,United States 1995,0.007177084769763531,fresh_worse
NTP,United States 1995 Male 45-54 Middle Working Divorced or separated,0.3378316747144825,0.3391067545492031,United States 1995,0.0012750798347205827,fresh_worse
NTP,United States 1995 Male 45-54 Middle Working Married,0.25412646079085,0.2546405582410832,United States 1995,0.0005140974502332307,fresh_worse
NTP,United States 1995 Male 55-64 High Retired Married,0.3632982588311037,0.367084716093609,United States 1995,0.0037864572625052606,fresh_worse
NTP,United States 1995 Male 55-64 High Working Married,0.3910187590199443,0.3957815454151043,United States 1995,0.004762786395159979,fresh_worse
NTP,United States 1995 Male 55-64 Middle Retired Married,0.2202718188227326,0.2201274888298854,United States 1995,-0.0001443299928472197,fresh_better
NTP,United States 1995 Male 55-64 Middle Unemployed Married,0.2993183557409793,0.3055867850537658,United States 1995,0.006268429312786483,fresh_worse
NTP,United States 1995 Male 55-64 Middle Working Married,0.4444645502580664,0.4519759663895704,United States 1995,0.007511416131503967,fresh_worse
NTP,United States 1995 Male 65-74 High Retired Married,0.3617566955200899,0.3614149943531525,United States 1995,-0.0003417011669373804,fresh_better
NTP,United States 1995 Male 65-74 Middle Retired Married,0.3892046866242948,0.3933801372948113,United States 1995,0.004175450670516501,fresh_worse
NTP,United States 1995 Male 75+ Middle Retired Widowed,0.3373726005471932,0.3402443585154671,United States 1995,0.0028717579682738803,fresh_worse
NTP,United States 1995 Male <25 Middle Student Single,0.2460297667041077,0.2463153398887686,United States 1995,0.00028557318466090886,fresh_worse
NTP,United States 1995 Male <25 Middle Working Single,0.2160492538288236,0.2163527242515218,United States 1995,0.0003034704226982099,fresh_worse
NTP,United States 2006 Female 25-34 High Working Married,0.3940035814027252,0.3920365203714371,United States 2006,-0.0019670610312880754,fresh_better
NTP,United States 2006 Female 25-34 High Working Single,0.3018753989597345,0.3019152551252211,United States 2006,3.985616548662918e-05,fresh_worse
NTP,United States 2006 Female 25-34 Middle Homemaker Married,0.3242024788928647,0.3259374535535811,United States 2006,0.0017349746607164263,fresh_worse
NTP,United States 2006 Female 25-34 Middle Working Single,0.3662580275571801,0.3617075814492603,United States 2006,-0.0045504461079198255,fresh_better
NTP,United States 2006 Female 35-44 High Homemaker Married,0.4974589922527472,0.4975307040848455,United States 2006,7.1711832098309e-05,fresh_worse
NTP,United States 2006 Female 35-44 High Working Married,0.3509129917925035,0.3473515666100246,United States 2006,-0.003561425182478928,fresh_better
NTP,United States 2006 Female 35-44 High Working Single,0.2381581803242854,0.2395267497618793,United States 2006,0.0013685694375938917,fresh_worse
NTP,United States 2006 Female 35-44 Middle Homemaker Married,0.1600821547937103,0.1619757893238008,United States 2006,0.0018936345300905044,fresh_worse
NTP,United States 2006 Female 35-44 Middle Working Married,0.2118246466462615,0.2097769184308089,United States 2006,-0.002047728215452599,fresh_better
NTP,United States 2006 Female 45-54 High Working Divorced or separated,0.3328716891307022,0.3289837021921505,United States 2006,-0.0038879869385516908,fresh_better
NTP,United States 2006 Female 45-54 Middle Working Married,0.2095876244968304,0.2045156320398199,United States 2006,-0.00507199245701051,fresh_better
NTP,United States 2006 Female 55-64 Middle Homemaker Married,0.4377386747050216,0.4360701362755532,United States 2006,-0.0016685384294684025,fresh_better
NTP,United States 2006 Female 55-64 Middle Retired Married,0.3139805408750186,0.3144049717969426,United States 2006,0.00042443092192401277,fresh_worse
NTP,United States 2006 Female 55-64 Middle Working Divorced or separated,0.3301372021638058,0.3277356527328791,United States 2006,-0.0024015494309267416,fresh_better
NTP,United States 2006 Female 55-64 Middle Working Married,0.302447728222857,0.3007201511096424,United States 2006,-0.0017275771132145845,fresh_better
NTP,United States 2006 Female 65-74 Middle Retired Divorced or separated,0.3343408290910537,0.3386413504600362,United States 2006,0.004300521368982457,fresh_worse
NTP,United States 2006 Female 65-74 Middle Retired Married,0.3879678336002173,0.3917434311798874,United States 2006,0.003775597579670109,fresh_worse
NTP,United States 2006 Female 65-74 Middle Retired Widowed,0.4579705779372555,0.4560756853393078,United States 2006,-0.0018948925979476727,fresh_better
NTP,United States 2006 Female <25 Middle NA Single,0.3567255733649066,0.3567902606168123,United States 2006,6.46872519056707e-05,fresh_worse
NTP,United States 2006 Female <25 Middle Working Single,0.434505672759066,0.4329911468030392,United States 2006,-0.001514525956026802,fresh_better
NTP,United States 2006 Male 25-34 High Working Married,0.3619498408276331,0.3605351307119132,United States 2006,-0.0014147101157199193,fresh_better
NTP,United States 2006 Male 25-34 Middle Working Married,0.2575651357657177,0.2505195709680035,United States 2006,-0.007045564797714232,fresh_better
NTP,United States 2006 Male 35-44 High Working Married,0.3669401773927259,0.3654483173517237,United States 2006,-0.0014918600410022131,fresh_better
NTP,United States 2006 Male 35-44 High Working Single,0.2258245270138698,0.2232873833959242,United States 2006,-0.002537143617945603,fresh_better
NTP,United States 2006 Male 35-44 Middle Working Married,0.2120185871480726,0.210247335091752,United States 2006,-0.001771252056320588,fresh_better
NTP,United States 2006 Male 35-44 Middle Working Single,0.1444837603913471,0.140077361267574,United States 2006,-0.004406399123773108,fresh_better
NTP,United States 2006 Male 45-54 High Working Divorced or separated,0.278869185374961,0.2745570441263992,United States 2006,-0.004312141248561829,fresh_better
NTP,United States 2006 Male 45-54 High Working Married,0.3096186170152831,0.3065183887393176,United States 2006,-0.003100228275965511,fresh_better
NTP,United States 2006 Male 45-54 Middle NA Married,0.2047186023871512,0.2078040872768315,United States 2006,0.003085484889680301,fresh_worse
NTP,United States 2006 Male 45-54 Middle Working Divorced or separated,0.1855960434221382,0.1849357180953667,United States 2006,-0.0006603253267714881,fresh_better
NTP,United States 2006 Male 45-54 Middle Working Married,0.1775623496865765,0.1723564169750187,United States 2006,-0.005205932711557809,fresh_better
NTP,United States 2006 Male 55-64 Middle Retired Divorced or separated,0.2071048939470149,0.2043390323267847,United States 2006,-0.002765861620230209,fresh_better
NTP,United States 2006 Male 55-64 Middle Retired Married,0.1644676816193204,0.1631847586829789,United States 2006,-0.0012829229363414962,fresh_better
NTP,United States 2006 Male 65-74 High Retired Married,0.4725536285485658,0.4712256384200641,United States 2006,-0.0013279901285017104,fresh_better
NTP,United States 2006 Male 65-74 Middle Retired Married,0.3691392451524735,0.3665337906398557,United States 2006,-0.0026054545126177886,fresh_better
NTP,United States 2006 Male 75+ Middle Retired Married,0.4241145981351534,0.4306273652172416,United States 2006,0.0065127670820882,fresh_worse
NTP,United States 2006 Male <25 Middle Working Single,0.2935424622267485,0.2932858042558832,United States 2006,-0.00025665797086532605,fresh_better
NTP,United States 2017 Female 25-34 High Homemaker Married,0.3902234765590124,0.3917419794987786,United States 2017,0.0015185029397661864,fresh_worse
NTP,United States 2017 Female 25-34 High Working Cohabiting,0.1623608571733686,0.1662881930671281,United States 2017,0.003927335893759515,fresh_worse
NTP,United States 2017 Female 25-34 High Working Married,0.2606104952339307,0.2618391308156194,United States 2017,0.0012286355816886751,fresh_worse
NTP,United States 2017 Female 25-34 High Working Single,0.2685770817047012,0.2719927671959227,United States 2017,0.0034156854912215096,fresh_worse
NTP,United States 2017 Female 25-34 Middle Homemaker Cohabiting,0.0785866733950873,0.0812374019666992,United States 2017,0.002650728571611888,fresh_worse
NTP,United States 2017 Female 25-34 Middle Homemaker Married,0.2013581527123179,0.2048237323561105,United States 2017,0.003465579643792599,fresh_worse
NTP,United States 2017 Female 25-34 Middle Working Cohabiting,0.1896765471293449,0.193829895310877,United States 2017,0.004153348181532096,fresh_worse
NTP,United States 2017 Female 25-34 Middle Working Married,0.1654574946707321,0.1654884032712503,United States 2017,3.0908600518214646e-05,fresh_worse
NTP,United States 2017 Female 25-34 Middle Working Single,0.2778952706375739,0.2816801169917688,United States 2017,0.003784846354194904,fresh_worse
NTP,United States 2017 Female 35-44 High Homemaker Married,0.3500133428225915,0.3532220217028904,United States 2017,0.0032086788802989097,fresh_worse
NTP,United States 2017 Female 35-44 High Working Divorced or separated,0.1648543478557091,0.1678350526632576,United States 2017,0.002980704807548501,fresh_worse
NTP,United States 2017 Female 35-44 High Working Married,0.2518343559569782,0.2570811456345801,United States 2017,0.0052467896776019485,fresh_worse
NTP,United States 2017 Female 35-44 Middle Homemaker Married,0.3024660602652577,0.3071039442413751,United States 2017,0.004637883976117418,fresh_worse
NTP,United States 2017 Female 35-44 Middle Working Married,0.1901972538427165,0.1956844948098976,United States 2017,0.005487240967181117,fresh_worse
NTP,United States 2017 Female 45-54 High Homemaker Married,0.3843690728864227,0.3877946803568995,United States 2017,0.0034256074704768213,fresh_worse
NTP,United States 2017 Female 45-54 High Working Married,0.299517047790508,0.3031263985544531,United States 2017,0.0036093507639451405,fresh_worse
NTP,United States 2017 Female 45-54 Middle Unemployed Divorced or separated,0.109614705262256,0.1103757110373827,United States 2017,0.0007610057751266941,fresh_worse
NTP,United States 2017 Female 45-54 Middle Working Divorced or separated,0.1923506322523786,0.1950969521875795,United States 2017,0.002746319935200886,fresh_worse
NTP,United States 2017 Female 45-54 Middle Working Married,0.207703412933783,0.2121594800017308,United States 2017,0.004456067067947794,fresh_worse
NTP,United States 2017 Female 45-54 Middle Working Single,0.2687272103762048,0.2731958015262649,United States 2017,0.004468591150060097,fresh_worse
NTP,United States 2017 Female 55-64 High Working Divorced or separated,0.2269984390479566,0.2281394814594029,United States 2017,0.0011410424114463025,fresh_worse
NTP,United States 2017 Female 55-64 Middle Retired Married,0.2214259540237354,0.2258988303038583,United States 2017,0.004472876280122884,fresh_worse
NTP,United States 2017 Female 55-64 Middle Working Married,0.2518475250990101,0.2545660763981595,United States 2017,0.0027185512991493854,fresh_worse
NTP,United States 2017 Female 65-74 Middle Retired Divorced or separated,0.2598004631952127,0.2639089891615975,United States 2017,0.0041085259663847795,fresh_worse
NTP,United States 2017 Female 65-74 Middle Retired Married,0.2946650766852227,0.2998459348946841,United States 2017,0.005180858209461403,fresh_worse
NTP,United States 2017 Female 65-74 Middle Retired Widowed,0.3597113597206771,0.3631685598817664,United States 2017,0.003457200161089302,fresh_worse
NTP,United States 2017 Female <25 High Unemployed Single,0.1347205357404337,0.1346963425161945,United States 2017,-2.419322423918846e-05,fresh_better
NTP,United States 2017 Female <25 High Working Single,0.260036505544903,0.2620992446802154,United States 2017,0.002062739135312408,fresh_worse
NTP,United States 2017 Female <25 Middle Unemployed Single,0.2736877003141368,0.2758524976034212,United States 2017,0.0021647972892843703,fresh_worse
NTP,United States 2017 Female <25 Middle Working Single,0.3055384399297436,0.3048261767945506,United States 2017,-0.0007122631351930142,fresh_better
NTP,United States 2017 Male 25-34 High Unemployed Single,0.2464993226522993,0.2488022808765078,United States 2017,0.0023029582242085067,fresh_worse
NTP,United States 2017 Male 25-34 High Working Cohabiting,0.1104406719096005,0.1145616343214239,United States 2017,0.004120962411823401,fresh_worse
NTP,United States 2017 Male 25-34 High Working Married,0.2854663506473621,0.2906840933994572,United States 2017,0.005217742752095134,fresh_worse
NTP,United States 2017 Male 25-34 High Working Single,0.2151829327611873,0.2193987108395337,United States 2017,0.004215778078346388,fresh_worse
NTP,United States 2017 Male 25-34 Middle Working Married,0.1358502250333122,0.1389245821818273,United States 2017,0.003074357148515089,fresh_worse
NTP,United States 2017 Male 25-34 Middle Working Single,0.0773449870189878,0.0763779720415911,United States 2017,-0.0009670149773967074,fresh_better
NTP,United States 2017 Male 35-44 High Working Divorced or separated,0.0300336126829423,0.0252499784273423,United States 2017,-0.004783634255600001,fresh_better
NTP,United States 2017 Male 35-44 High Working Married,0.2075281419717367,0.2131841468272578,United States 2017,0.005656004855521118,fresh_worse
NTP,United States 2017 Male 35-44 High Working Single,0.1794711008147748,0.1835177704921423,United States 2017,0.004046669677367498,fresh_worse
NTP,United States 2017 Male 35-44 Middle Working Married,0.1241779939306002,0.1268003513028743,United States 2017,0.0026223573722740923,fresh_worse
NTP,United States 2017 Male 45-54 High Unemployed Divorced or separated,0.0477891791132137,0.0490262956405257,United States 2017,0.001237116527311996,fresh_worse
NTP,United States 2017 Male 45-54 High Working Divorced or separated,0.100653801046172,0.1009645344172347,United States 2017,0.00031073337106270194,fresh_worse
NTP,United States 2017 Male 45-54 High Working Married,0.3145876675340774,0.318532762579847,United States 2017,0.003945095045769564,fresh_worse
NTP,United States 2017 Male 45-54 Middle NA Married,0.0468852969491036,0.0472270996314503,United States 2017,0.00034180268234670214,fresh_worse
NTP,United States 2017 Male 45-54 Middle Unemployed Married,0.0474092175563176,0.0520450052085491,United States 2017,0.0046357876522315,fresh_worse
NTP,United States 2017 Male 45-54 Middle Working Divorced or separated,0.147890754641942,0.1479581967370456,United States 2017,6.744209510359256e-05,fresh_worse
NTP,United States 2017 Male 45-54 Middle Working Married,0.2545013058991209,0.2571059115606283,United States 2017,0.0026046056615073865,fresh_worse
NTP,United States 2017 Male 45-54 Middle Working Single,0.2417979367027009,0.2435717825886376,United States 2017,0.001773845885936709,fresh_worse
NTP,United States 2017 Male 55-64 High Retired Married,0.2484802259132267,0.251427596677121,United States 2017,0.0029473707638943136,fresh_worse
NTP,United States 2017 Male 55-64 High Working Divorced or separated,0.2372913895884439,0.2403893047745706,United States 2017,0.003097915186126704,fresh_worse
NTP,United States 2017 Male 55-64 High Working Married,0.3074908337738147,0.309691227887107,United States 2017,0.0022003941132923144,fresh_worse
NTP,United States 2017 Male 55-64 High Working Single,0.1224087180201838,0.1261192191771455,United States 2017,0.0037105011569616986,fresh_worse
NTP,United States 2017 Male 55-64 Middle Retired Divorced or separated,0.0597847580340587,0.0585990474852498,United States 2017,-0.0011857105488089006,fresh_better
NTP,United States 2017 Male 55-64 Middle Retired Married,0.232381179701123,0.2305268255391982,United States 2017,-0.0018543541619247816,fresh_better
NTP,United States 2017 Male 55-64 Middle Working Married,0.293369936605179,0.2968641443793342,United States 2017,0.0034942077741552113,fresh_worse
NTP,United States 2017 Male 65-74 High Retired Married,0.3109496293984579,0.3147447638078779,United States 2017,0.0037951344094200312,fresh_worse
NTP,United States 2017 Male 65-74 High Retired Widowed,0.2487350871476034,0.2546979710925738,United States 2017,0.00596288394497041,fresh_worse
NTP,United States 2017 Male 65-74 High Working Married,0.4181062898784876,0.4215695818403864,United States 2017,0.003463291961898818,fresh_worse
NTP,United States 2017 Male 65-74 Middle Retired Married,0.3017572498661868,0.3007544399287992,United States 2017,-0.0010028099373876054,fresh_better
NTP,United States 2017 Male 65-74 Middle Retired Widowed,0.0279766703484419,0.0287696939835896,United States 2017,0.0007930236351477021,fresh_worse
NTP,United States 2017 Male 75+ Middle Retired Married,0.2859313348618647,0.2864976042349403,United States 2017,0.0005662693730755786,fresh_worse
NTP,United States 2017 Male <25 High Working Single,0.3715457348905579,0.3745184045758915,United States 2017,0.002972669685333551,fresh_worse
NTP,United States 2017 Male <25 Middle Unemployed Single,0.2307913634571047,0.2307974811388833,United States 2017,6.117681778605721e-06,fresh_worse
NTP,United States 2017 Male <25 Middle Working Single,0.1824794293268385,0.1846836519541016,United States 2017,0.0022042226272631082,fresh_worse
