method,subpopulation,nEMD_archived,nEMD_fresh,country_wave,change_fresh_minus_archived,direction
FA,Australia 1995 Female 25-34 High Homemaker Married,0.0576923076923076,0.1153846153846154,Australia 1995,0.05769230769230781,fresh_worse
FA,Australia 1995 Female 25-34 High Working Cohabiting,0.1666666666666666,0.1515151515151515,Australia 1995,-0.01515151515151511,fresh_better
FA,Australia 1995 Female 25-34 High Working Divorced or separated,0.0964912280701754,0.0263157894736841,Australia 1995,-0.07017543859649131,fresh_better
FA,Australia 1995 Female 25-34 High Working Married,0.0476190476190476,0.1269841269841271,Australia 1995,0.07936507936507949,fresh_worse
FA,Australia 1995 Female 25-34 High Working Single,0.0263157894736842,0.087719298245614,Australia 1995,0.06140350877192981,fresh_worse
FA,Australia 1995 Female 25-34 Middle Homemaker Divorced or separated,0.0380952380952381,0.0571428571428571,Australia 1995,0.019047619047619,fresh_worse
FA,Australia 1995 Female 25-34 Middle Homemaker Married,0.1091954022988506,0.2126436781609195,Australia 1995,0.10344827586206891,fresh_worse
FA,Australia 1995 Female 25-34 Middle Working Divorced or separated,0.0793650793650794,0.0793650793650793,Australia 1995,-9.71445146547012e-17,unchanged
FA,Australia 1995 Female 25-34 Middle Working Married,0.1834625322997416,0.1369509043927649,Australia 1995,-0.046511627906976716,fresh_better
FA,Australia 1995 Female 35-44 High Working Married,0.1466666666666667,0.1466666666666667,Australia 1995,0.0,unchanged
FA,Australia 1995 Female 35-44 Middle Homemaker Married,0.0777777777777778,0.2,Australia 1995,0.1222222222222222,fresh_worse
FA,Australia 1995 Female 35-44 Middle Working Married,0.0999999999999999,0.1133333333333333,Australia 1995,0.013333333333333405,fresh_worse
FA,Australia 1995 Female 45-54 High Homemaker Married,0.0757575757575758,0.1666666666666666,Australia 1995,0.0909090909090908,fresh_worse
FA,Australia 1995 Female 45-54 High Retired Divorced or separated,0.0686274509803921,0.0980392156862745,Australia 1995,0.0294117647058824,fresh_worse
FA,Australia 1995 Female 45-54 High Working Married,0.1052631578947368,0.0614035087719298,Australia 1995,-0.043859649122806994,fresh_better
FA,Australia 1995 Female 45-54 Middle Homemaker Married,0.0295566502463054,0.1543513957307061,Australia 1995,0.12479474548440071,fresh_worse
FA,Australia 1995 Female 45-54 Middle Working Divorced or separated,0.0555555555555555,0.0555555555555555,Australia 1995,0.0,unchanged
FA,Australia 1995 Female 45-54 Middle Working Married,0.0718954248366013,0.0915032679738562,Australia 1995,0.0196078431372549,fresh_worse
FA,Australia 1995 Female 55-64 Middle Retired Married,0.0919540229885057,0.0689655172413793,Australia 1995,-0.02298850574712641,fresh_better
FA,Australia 1995 Female 65-74 Middle Retired Married,0.0392156862745098,0.1176470588235294,Australia 1995,0.07843137254901959,fresh_worse
FA,Australia 1995 Female 65-74 Middle Retired Widowed,0.0701754385964912,0.0584795321637427,Australia 1995,-0.011695906432748496,fresh_better
FA,Australia 1995 Female 75+ Middle Retired Widowed,0.087719298245614,0.1140350877192983,Australia 1995,0.026315789473684292,fresh_worse
FA,Australia 1995 Female <25 High Student Single,0.1149425287356322,0.1034482758620689,Australia 1995,-0.011494252873563301,fresh_better
FA,Australia 1995 Female <25 High Working Single,0.0777777777777778,0.0833333333333333,Australia 1995,0.005555555555555494,fresh_worse
FA,Australia 1995 Female <25 Middle Student Single,0.036360280546327,0.0570321151716501,Australia 1995,0.0206718346253231,fresh_worse
FA,Australia 1995 Female <25 Middle Working Single,0.0263157894736842,0.0614035087719298,Australia 1995,0.0350877192982456,fresh_worse
FA,Australia 1995 Male 25-34 High Working Cohabiting,0.0151515151515152,0.0606060606060606,Australia 1995,0.0454545454545454,fresh_worse
FA,Australia 1995 Male 25-34 High Working Married,0.0542635658914728,0.0310077519379845,Australia 1995,-0.0232558139534883,fresh_better
FA,Australia 1995 Male 25-34 High Working Single,0.0769230769230769,0.0705128205128205,Australia 1995,-0.006410256410256401,fresh_better
FA,Australia 1995 Male 25-34 Middle Working Cohabiting,0.0652173913043478,0.036231884057971,Australia 1995,-0.028985507246376795,fresh_better
FA,Australia 1995 Male 25-34 Middle Working Married,0.0465116279069767,0.0697674418604651,Australia 1995,0.0232558139534884,fresh_worse
FA,Australia 1995 Male 25-34 Middle Working Single,0.0350877192982456,0.0614035087719298,Australia 1995,0.026315789473684202,fresh_worse
FA,Australia 1995 Male 35-44 High Working Married,0.055831608005521,0.0252587991718426,Australia 1995,-0.030572808833678397,fresh_better
FA,Australia 1995 Male 35-44 Middle NA Married,0.0095238095238095,0.0285714285714285,Australia 1995,0.019047619047619,fresh_worse
FA,Australia 1995 Male 35-44 Middle Working Married,0.0621468926553672,0.0677966101694915,Australia 1995,0.005649717514124297,fresh_worse
FA,Australia 1995 Male 45-54 High Working Cohabiting,0.0285714285714286,0.019047619047619,Australia 1995,-0.009523809523809598,fresh_better
FA,Australia 1995 Male 45-54 High Working Married,0.0282485875706214,0.0282485875706214,Australia 1995,0.0,unchanged
FA,Australia 1995 Male 45-54 Middle Retired Married,0.0757575757575757,0.0757575757575758,Australia 1995,9.71445146547012e-17,unchanged
FA,Australia 1995 Male 45-54 Middle Working Married,0.0697674418604651,0.0930232558139534,Australia 1995,0.023255813953488302,fresh_worse
FA,Australia 1995 Male 55-64 Middle Retired Divorced or separated,0.0769230769230769,0.0341880341880341,Australia 1995,-0.0427350427350428,fresh_better
FA,Australia 1995 Male 55-64 Middle Retired Married,0.0833333333333333,0.0714285714285714,Australia 1995,-0.011904761904761904,fresh_better
FA,Australia 1995 Male 55-64 Middle Working Married,0.0357142857142857,0.0595238095238095,Australia 1995,0.0238095238095238,fresh_worse
FA,Australia 1995 Male 65-74 High Retired Married,0.0701754385964912,0.0614035087719298,Australia 1995,-0.008771929824561396,fresh_better
FA,Australia 1995 Male 65-74 Middle Retired Married,0.1011904761904762,0.0833333333333333,Australia 1995,-0.017857142857142905,fresh_better
FA,Australia 1995 Male 65-74 Middle Retired Widowed,0.0066666666666666,0.0399999999999999,Australia 1995,0.0333333333333333,fresh_worse
FA,Australia 1995 Male 75+ Middle Retired Married,0.1333333333333333,0.1066666666666666,Australia 1995,-0.0266666666666667,fresh_better
FA,Australia 1995 Male <25 High Student Single,0.106060606060606,0.0606060606060606,Australia 1995,-0.04545454545454539,fresh_better
FA,Australia 1995 Male <25 High Working Single,0.0608813700918964,0.0550334168755221,Australia 1995,-0.0058479532163742964,fresh_better
FA,Australia 1995 Male <25 Middle Student Single,0.0384615384615384,0.141025641025641,Australia 1995,0.10256410256410259,fresh_worse
FA,Australia 1995 Male <25 Middle Working Single,0.0505050505050505,0.0505050505050505,Australia 1995,0.0,unchanged
FA,Australia 2005 Female 25-34 High Homemaker Married,0.0263157894736842,0.087719298245614,Australia 2005,0.06140350877192981,fresh_worse
FA,Australia 2005 Female 25-34 High Working Cohabiting,0.0238095238095238,0.1428571428571428,Australia 2005,0.11904761904761899,fresh_worse
FA,Australia 2005 Female 25-34 High Working Married,0.053030303030303,0.106060606060606,Australia 2005,0.053030303030303,fresh_worse
FA,Australia 2005 Female 25-34 High Working Single,0.0277777777777778,0.0462962962962963,Australia 2005,0.0185185185185185,fresh_worse
FA,Australia 2005 Female 35-44 High Working Divorced or separated,0.1111111111111111,0.0666666666666667,Australia 2005,-0.04444444444444441,fresh_better
FA,Australia 2005 Female 35-44 High Working Married,0.0125786163522012,0.1006289308176101,Australia 2005,0.0880503144654089,fresh_worse
FA,Australia 2005 Female 35-44 Middle Working Married,0.04,0.0533333333333333,Australia 2005,0.013333333333333301,fresh_worse
FA,Australia 2005 Female 45-54 High Working Married,0.0307692307692307,0.1076923076923077,Australia 2005,0.076923076923077,fresh_worse
FA,Australia 2005 Female 45-54 Middle Retired Single,0.0833333333333333,0.15,Australia 2005,0.0666666666666667,fresh_worse
FA,Australia 2005 Female 45-54 Middle Working Married,0.0350877192982456,0.0175438596491228,Australia 2005,-0.0175438596491228,fresh_better
FA,Australia 2005 Female 55-64 High Working Married,0.1014492753623188,0.072463768115942,Australia 2005,-0.0289855072463768,fresh_better
FA,Australia 2005 Female 55-64 Middle Homemaker Married,0.0833333333333333,0.0208333333333333,Australia 2005,-0.0625,fresh_better
FA,Australia 2005 Female 55-64 Middle Retired Divorced or separated,0.0555555555555555,0.0462962962962963,Australia 2005,-0.009259259259259196,fresh_better
FA,Australia 2005 Female 55-64 Middle Retired Married,0.0454144620811288,0.0335097001763668,Australia 2005,-0.011904761904762001,fresh_better
FA,Australia 2005 Female 55-64 Middle Working Married,0.0434782608695653,0.1159420289855073,Australia 2005,0.072463768115942,fresh_worse
FA,Australia 2005 Female 65-74 High Retired Married,0.0229885057471264,0.0862068965517241,Australia 2005,0.06321839080459771,fresh_worse
FA,Australia 2005 Female 65-74 High Retired Widowed,0.055198973042362,0.087719298245614,Australia 2005,0.032520325203252,fresh_worse
FA,Australia 2005 Female 65-74 Middle Retired Married,0.0446217494089834,0.0648640661938535,Australia 2005,0.020242316784870103,fresh_worse
FA,Australia 2005 Female 65-74 Middle Retired Widowed,0.0666666666666667,0.0476190476190476,Australia 2005,-0.01904761904761909,fresh_better
FA,Australia 2005 Female 75+ Middle Retired Widowed,0.0757575757575758,0.0606060606060606,Australia 2005,-0.0151515151515152,fresh_better
FA,Australia 2005 Female <25 High Working Single,0.0245098039215686,0.0245098039215686,Australia 2005,0.0,unchanged
FA,Australia 2005 Male 25-34 High Working Married,0.065040650406504,0.008130081300813,Australia 2005,-0.056910569105691006,fresh_better
FA,Australia 2005 Male 25-34 High Working Single,0.1142857142857142,0.0761904761904761,Australia 2005,-0.0380952380952381,fresh_better
FA,Australia 2005 Male 35-44 High Working Married,0.0196078431372549,0.1241830065359477,Australia 2005,0.1045751633986928,fresh_worse
FA,Australia 2005 Male 35-44 Middle Working Married,0.036036036036036,0.027027027027027,Australia 2005,-0.009009009009009,fresh_better
FA,Australia 2005 Male 35-44 Middle Working Single,0.0793650793650793,0.0476190476190476,Australia 2005,-0.0317460317460317,fresh_better
FA,Australia 2005 Male 45-54 High Working Divorced or separated,0.0727272727272727,0.0363636363636364,Australia 2005,-0.0363636363636363,fresh_better
FA,Australia 2005 Male 45-54 High Working Married,0.0295673076923077,0.0193108974358974,Australia 2005,-0.0102564102564103,fresh_better
FA,Australia 2005 Male 45-54 Middle Working Married,0.0465116279069767,0.0387596899224806,Australia 2005,-0.007751937984496103,fresh_better
FA,Australia 2005 Male 55-64 High Retired Married,0.072463768115942,0.036231884057971,Australia 2005,-0.036231884057971,fresh_better
FA,Australia 2005 Male 55-64 High Working Married,0.0,0.0266666666666666,Australia 2005,0.0266666666666666,fresh_worse
FA,Australia 2005 Male 55-64 Middle Working Married,0.1014492753623188,0.0289855072463768,Australia 2005,-0.072463768115942,fresh_better
FA,Australia 2005 Male 65-74 High Retired Married,0.0959401709401709,0.1042735042735042,Australia 2005,0.00833333333333329,fresh_worse
FA,Australia 2005 Male 65-74 Middle Retired Married,0.0251572327044025,0.0251572327044025,Australia 2005,0.0,unchanged
FA,Australia 2005 Male 75+ Middle Retired Married,0.0994444444444444,0.0994444444444444,Australia 2005,0.0,unchanged
FA,Australia 2005 Male <25 High Working Single,0.0296296296296296,0.0666666666666667,Australia 2005,0.03703703703703709,fresh_worse
FA,Australia 2018 Female 25-34 High Working Cohabiting,0.0,0.0114942528735632,Australia 2018,0.0114942528735632,fresh_worse
FA,Australia 2018 Female 25-34 High Working Married,0.0069444444444445,0.0833333333333333,Australia 2018,0.0763888888888888,fresh_worse
FA,Australia 2018 Female 25-34 High Working Single,0.0183080808080808,0.0334595959595959,Australia 2018,0.015151515151515096,fresh_worse
FA,Australia 2018 Female 25-34 Middle Working Married,0.0294117647058823,0.088235294117647,Australia 2018,0.05882352941176469,fresh_worse
FA,Australia 2018 Female 35-44 High Homemaker Married,0.0425531914893616,0.0638297872340426,Australia 2018,0.021276595744681007,fresh_worse
FA,Australia 2018 Female 35-44 High Working Cohabiting,0.0916666666666666,0.0833333333333333,Australia 2018,-0.008333333333333304,fresh_better
FA,Australia 2018 Female 35-44 High Working Married,0.049645390070922,0.0709219858156028,Australia 2018,0.0212765957446808,fresh_worse
FA,Australia 2018 Female 35-44 High Working Single,0.1234567901234567,0.111111111111111,Australia 2018,-0.012345679012345706,fresh_better
FA,Australia 2018 Female 35-44 Middle Homemaker Married,0.0293367346938775,0.0503117913832199,Australia 2018,0.0209750566893424,fresh_worse
FA,Australia 2018 Female 35-44 Middle Working Married,0.0229885057471264,0.0804597701149425,Australia 2018,0.057471264367816105,fresh_worse
FA,Australia 2018 Female 45-54 High Working Married,0.0277216610549944,0.0571268237934904,Australia 2018,0.029405162738496,fresh_worse
FA,Australia 2018 Female 45-54 Middle Working Cohabiting,0.0303030303030303,0.0707070707070707,Australia 2018,0.0404040404040404,fresh_worse
FA,Australia 2018 Female 45-54 Middle Working Married,0.053030303030303,0.0606060606060606,Australia 2018,0.007575757575757604,fresh_worse
FA,Australia 2018 Female 55-64 High Working Divorced or separated,0.1261261261261261,0.1081081081081081,Australia 2018,-0.018018018018017987,fresh_better
FA,Australia 2018 Female 55-64 High Working Married,0.0555555555555556,0.0555555555555556,Australia 2018,0.0,unchanged
FA,Australia 2018 Female 55-64 Middle Retired Married,0.0104166666666666,0.09375,Australia 2018,0.0833333333333334,fresh_worse
FA,Australia 2018 Female 55-64 Middle Working Divorced or separated,0.0999999999999999,0.0166666666666666,Australia 2018,-0.08333333333333329,fresh_better
FA,Australia 2018 Female 55-64 Middle Working Married,0.0566037735849057,0.0125786163522012,Australia 2018,-0.044025157232704504,fresh_better
FA,Australia 2018 Female 55-64 Middle Working Widowed,0.0952380952380952,0.0158730158730159,Australia 2018,-0.0793650793650793,fresh_better
FA,Australia 2018 Female 65-74 High Retired Married,0.0967741935483871,0.1182795698924732,Australia 2018,0.0215053763440861,fresh_worse
FA,Australia 2018 Female 65-74 High Retired Widowed,0.0833333333333333,0.1041666666666666,Australia 2018,0.0208333333333333,fresh_worse
FA,Australia 2018 Female 65-74 Low Retired Married,0.1047335600907029,0.0576814058956916,Australia 2018,-0.047052154195011305,fresh_better
FA,Australia 2018 Female 65-74 Middle Retired Divorced or separated,0.0731209150326797,0.0208333333333334,Australia 2018,-0.0522875816993463,fresh_better
FA,Australia 2018 Female 65-74 Middle Retired Married,0.0606060606060606,0.0909090909090909,Australia 2018,0.030303030303030297,fresh_worse
FA,Australia 2018 Female 65-74 Middle Retired Widowed,0.064516129032258,0.075268817204301,Australia 2018,0.010752688172043001,fresh_worse
FA,Australia 2018 Female 75+ Low Retired Widowed,0.0289855072463768,0.0507246376811594,Australia 2018,0.0217391304347826,fresh_worse
FA,Australia 2018 Female 75+ Middle Retired Married,0.0634920634920635,0.1904761904761904,Australia 2018,0.12698412698412692,fresh_worse
FA,Australia 2018 Female 75+ Middle Retired Widowed,0.08,0.1466666666666667,Australia 2018,0.0666666666666667,fresh_worse
FA,Australia 2018 Female <25 Middle Student Single,0.0900900900900901,0.054054054054054,Australia 2018,-0.0360360360360361,fresh_better
FA,Australia 2018 Female <25 Middle Working Single,0.064516129032258,0.0752688172043011,Australia 2018,0.010752688172043112,fresh_worse
FA,Australia 2018 Male 25-34 High Working Married,0.0857142857142857,0.0380952380952381,Australia 2018,-0.0476190476190476,fresh_better
FA,Australia 2018 Male 25-34 High Working Single,0.075268817204301,0.0752688172043011,Australia 2018,1.1102230246251565e-16,unchanged
FA,Australia 2018 Male 35-44 High Working Married,0.09375,0.0520833333333333,Australia 2018,-0.0416666666666667,fresh_better
FA,Australia 2018 Male 35-44 Middle Working Married,0.0686274509803921,0.0588235294117647,Australia 2018,-0.009803921568627395,fresh_better
FA,Australia 2018 Male 45-54 High Working Married,0.0757575757575757,0.0454545454545454,Australia 2018,-0.030303030303030304,fresh_better
FA,Australia 2018 Male 45-54 Middle Working Married,0.119047619047619,0.0158730158730159,Australia 2018,-0.1031746031746031,fresh_better
FA,Australia 2018 Male 45-54 Middle Working Single,0.081967213114754,0.0109289617486338,Australia 2018,-0.0710382513661202,fresh_better
FA,Australia 2018 Male 55-64 High Unemployed Married,0.0793650793650794,0.0793650793650793,Australia 2018,-9.71445146547012e-17,unchanged
FA,Australia 2018 Male 55-64 High Working Married,0.0181818181818181,0.0181818181818182,Australia 2018,9.71445146547012e-17,unchanged
FA,Australia 2018 Male 55-64 Middle Working Divorced or separated,0.0333333333333333,0.1,Australia 2018,0.06666666666666671,fresh_worse
FA,Australia 2018 Male 55-64 Middle Working Married,0.0784313725490196,0.0490196078431373,Australia 2018,-0.029411764705882304,fresh_better
FA,Australia 2018 Male 65-74 High Retired Divorced or separated,0.0707070707070707,0.0303030303030303,Australia 2018,-0.0404040404040404,fresh_better
FA,Australia 2018 Male 65-74 High Retired Married,0.0297619047619047,0.0178571428571429,Australia 2018,-0.0119047619047618,fresh_better
FA,Australia 2018 Male 65-74 Low Retired Married,0.0246913580246913,0.0123456790123456,Australia 2018,-0.012345679012345701,fresh_better
FA,Australia 2018 Male 65-74 Middle Retired Divorced or separated,0.0666666666666667,0.0380952380952381,Australia 2018,-0.028571428571428595,fresh_better
FA,Australia 2018 Male 65-74 Middle Retired Married,0.0182648401826484,0.0228310502283105,Australia 2018,0.0045662100456621,fresh_worse
FA,Australia 2018 Male 75+ High Retired Married,0.066951566951567,0.0185185185185185,Australia 2018,-0.04843304843304849,fresh_better
FA,Australia 2018 Male 75+ Low Retired Widowed,0.0144927536231884,0.0579710144927535,Australia 2018,0.0434782608695651,fresh_worse
FA,Australia 2018 Male 75+ Middle Retired Married,0.0289855072463768,0.0144927536231884,Australia 2018,-0.0144927536231884,fresh_better
FA,Australia 2018 Male <25 Middle Student Single,0.1363636363636363,0.0757575757575757,Australia 2018,-0.060606060606060594,fresh_better
FA,Germany 1997 Female 25-34 High Student Cohabiting,0.0944444444444444,0.0333333333333333,Germany 1997,-0.0611111111111111,fresh_better
FA,Germany 1997 Female 25-34 High Working Cohabiting,0.0767651888341543,0.0537766830870279,Germany 1997,-0.022988505747126402,fresh_better
FA,Germany 1997 Female 25-34 High Working Married,0.0555555555555556,0.037037037037037,Germany 1997,-0.0185185185185186,fresh_better
FA,Germany 1997 Female 25-34 High Working Single,0.1418037436188316,0.1030440536963509,Germany 1997,-0.0387596899224807,fresh_better
FA,Germany 1997 Female 25-34 Middle Homemaker Married,0.08,0.0266666666666666,Germany 1997,-0.0533333333333334,fresh_better
FA,Germany 1997 Female 25-34 Middle NA Married,0.0056980056980057,0.0522317188983855,Germany 1997,0.0465337132003798,fresh_worse
FA,Germany 1997 Female 25-34 Middle Working Married,0.0562248995983935,0.0281124497991968,Germany 1997,-0.028112449799196703,fresh_better
FA,Germany 1997 Female 25-34 Middle Working Single,0.0927750410509031,0.0509031198686371,Germany 1997,-0.041871921182266,fresh_better
FA,Germany 1997 Female 35-44 High Working Divorced or separated,0.0896551724137931,0.0754789272030651,Germany 1997,-0.014176245210728008,fresh_better
FA,Germany 1997 Female 35-44 High Working Married,0.1276595744680851,0.0780141843971631,Germany 1997,-0.049645390070922,fresh_better
FA,Germany 1997 Female 35-44 Middle Unemployed Divorced or separated,0.246031746031746,0.1587301587301587,Germany 1997,-0.0873015873015873,fresh_better
FA,Germany 1997 Female 35-44 Middle Working Divorced or separated,0.0416666666666667,0.0357142857142857,Germany 1997,-0.005952380952381001,fresh_better
FA,Germany 1997 Female 35-44 Middle Working Married,0.0656565656565657,0.0454545454545454,Germany 1997,-0.020202020202020304,fresh_better
FA,Germany 1997 Female 45-54 Middle Homemaker Married,0.0476190476190476,0.0476190476190476,Germany 1997,0.0,unchanged
FA,Germany 1997 Female 45-54 Middle Unemployed Married,0.1901116427432217,0.1023923444976076,Germany 1997,-0.0877192982456141,fresh_better
FA,Germany 1997 Female 45-54 Middle Working Married,0.0408163265306122,0.0272108843537414,Germany 1997,-0.013605442176870802,fresh_better
FA,Germany 1997 Female 55-64 High Retired Married,0.1166666666666667,0.0666666666666667,Germany 1997,-0.05,fresh_better
FA,Germany 1997 Female 55-64 Middle Retired Married,0.0973063973063973,0.0306397306397306,Germany 1997,-0.06666666666666671,fresh_better
FA,Germany 1997 Female 55-64 Middle Retired Widowed,0.1638257575757576,0.0558712121212121,Germany 1997,-0.1079545454545455,fresh_better
FA,Germany 1997 Female 65-74 High Retired Widowed,0.1904761904761905,0.0476190476190476,Germany 1997,-0.1428571428571429,fresh_better
FA,Germany 1997 Female 65-74 Low Retired Widowed,0.1304347826086956,0.0434782608695652,Germany 1997,-0.08695652173913039,fresh_better
FA,Germany 1997 Female 65-74 Middle Retired Divorced or separated,0.1111111111111111,0.1111111111111111,Germany 1997,0.0,unchanged
FA,Germany 1997 Female 65-74 Middle Retired Married,0.1884057971014492,0.0869565217391304,Germany 1997,-0.10144927536231879,fresh_better
FA,Germany 1997 Female 65-74 Middle Retired Widowed,0.1944444444444444,0.1203703703703703,Germany 1997,-0.0740740740740741,fresh_better
FA,Germany 1997 Female 75+ Middle Retired Widowed,0.180952380952381,0.0761904761904762,Germany 1997,-0.1047619047619048,fresh_better
FA,Germany 1997 Female <25 High Student Single,0.1724137931034482,0.0862068965517241,Germany 1997,-0.0862068965517241,fresh_better
FA,Germany 1997 Female <25 High Working Single,0.0464912280701755,0.0736842105263158,Germany 1997,0.027192982456140297,fresh_worse
FA,Germany 1997 Female <25 Middle Working Single,0.0285714285714286,0.0746031746031746,Germany 1997,0.04603174603174601,fresh_worse
FA,Germany 1997 Male 25-34 High Student Single,0.2277777777777777,0.1166666666666667,Germany 1997,-0.111111111111111,fresh_better
FA,Germany 1997 Male 25-34 High Working Married,0.0902777777777777,0.0347222222222222,Germany 1997,-0.055555555555555504,fresh_better
FA,Germany 1997 Male 25-34 High Working Single,0.1139610389610389,0.0603896103896104,Germany 1997,-0.0535714285714285,fresh_better
FA,Germany 1997 Male 25-34 Middle Unemployed Single,0.1333333333333333,0.1333333333333333,Germany 1997,0.0,unchanged
FA,Germany 1997 Male 25-34 Middle Working Cohabiting,0.1304347826086957,0.0579710144927536,Germany 1997,-0.0724637681159421,fresh_better
FA,Germany 1997 Male 25-34 Middle Working Married,0.1049382716049384,0.0740740740740741,Germany 1997,-0.030864197530864307,fresh_better
FA,Germany 1997 Male 25-34 Middle Working Single,0.187280701754386,0.1539473684210526,Germany 1997,-0.03333333333333338,fresh_better
FA,Germany 1997 Male 35-44 High Working Married,0.0798122065727699,0.0469483568075117,Germany 1997,-0.0328638497652582,fresh_better
FA,Germany 1997 Male 35-44 Middle Unemployed Married,0.2083333333333333,0.1458333333333333,Germany 1997,-0.0625,fresh_better
FA,Germany 1997 Male 35-44 Middle Working Divorced or separated,0.1842105263157894,0.1403508771929824,Germany 1997,-0.043859649122807015,fresh_better
FA,Germany 1997 Male 35-44 Middle Working Married,0.0909090909090909,0.0363636363636364,Germany 1997,-0.0545454545454545,fresh_better
FA,Germany 1997 Male 45-54 High Working Married,0.1151515151515151,0.0848484848484848,Germany 1997,-0.030303030303030304,fresh_better
FA,Germany 1997 Male 45-54 Middle Working Married,0.1061050061050062,0.0548229548229548,Germany 1997,-0.0512820512820514,fresh_better
FA,Germany 1997 Male 55-64 High Retired Married,0.0972222222222222,0.0972222222222222,Germany 1997,0.0,unchanged
FA,Germany 1997 Male 55-64 Middle Retired Married,0.105691056910569,0.105691056910569,Germany 1997,0.0,unchanged
FA,Germany 1997 Male 65-74 High Retired Married,0.0258620689655172,0.0283251231527093,Germany 1997,0.0024630541871921013,fresh_worse
FA,Germany 1997 Male 65-74 Middle Retired Married,0.0534420289855072,0.0570652173913043,Germany 1997,0.0036231884057971037,fresh_worse
FA,Germany 1997 Male 65-74 Middle Retired Widowed,0.1396316102198455,0.1004159239453356,Germany 1997,-0.03921568627450989,fresh_better
FA,Germany 1997 Male <25 High Student Cohabiting,0.0952380952380952,0.1190476190476191,Germany 1997,0.02380952380952389,fresh_worse
FA,Germany 1997 Male <25 High Student Single,0.1970443349753694,0.1050903119868637,Germany 1997,-0.09195402298850572,fresh_better
FA,Germany 1997 Male <25 Middle Working Single,0.1375519904931669,0.0689245395127748,Germany 1997,-0.06862745098039211,fresh_better
FA,Germany 2006 Female 25-34 High Homemaker Married,0.0583333333333333,0.0333333333333333,Germany 2006,-0.025,fresh_better
FA,Germany 2006 Female 25-34 High Working Single,0.0374779541446208,0.0374779541446208,Germany 2006,0.0,unchanged
FA,Germany 2006 Female 25-34 Middle Homemaker Married,0.0625,0.0625,Germany 2006,0.0,unchanged
FA,Germany 2006 Female 25-34 Middle Working Married,0.072463768115942,0.1014492753623189,Germany 2006,0.0289855072463769,fresh_worse
FA,Germany 2006 Female 25-34 Middle Working Single,0.0808080808080808,0.0808080808080808,Germany 2006,0.0,unchanged
FA,Germany 2006 Female 35-44 High Working Married,0.0345238095238095,0.0256613756613757,Germany 2006,-0.008862433862433797,fresh_better
FA,Germany 2006 Female 35-44 Middle Unemployed Married,0.144927536231884,0.1884057971014493,Germany 2006,0.0434782608695653,fresh_worse
FA,Germany 2006 Female 35-44 Middle Working Cohabiting,0.1015873015873016,0.0312169312169312,Germany 2006,-0.0703703703703704,fresh_better
FA,Germany 2006 Female 35-44 Middle Working Divorced or separated,0.082815734989648,0.0683229813664596,Germany 2006,-0.0144927536231884,fresh_better
FA,Germany 2006 Female 35-44 Middle Working Married,0.0410958904109588,0.0410958904109588,Germany 2006,0.0,unchanged
FA,Germany 2006 Female 45-54 High Working Married,0.0784313725490196,0.088235294117647,Germany 2006,0.009803921568627388,fresh_worse
FA,Germany 2006 Female 45-54 Middle Homemaker Married,0.0833333333333333,0.025,Germany 2006,-0.0583333333333333,fresh_better
FA,Germany 2006 Female 45-54 Middle Unemployed Divorced or separated,0.2276422764227642,0.0813008130081301,Germany 2006,-0.1463414634146341,fresh_better
FA,Germany 2006 Female 45-54 Middle Unemployed Married,0.2108036890645586,0.2397891963109354,Germany 2006,0.0289855072463768,fresh_worse
FA,Germany 2006 Female 45-54 Middle Working Divorced or separated,0.0757575757575757,0.0757575757575757,Germany 2006,0.0,unchanged
FA,Germany 2006 Female 45-54 Middle Working Married,0.0958904109589041,0.0410958904109589,Germany 2006,-0.0547945205479452,fresh_better
FA,Germany 2006 Female 55-64 Low Retired Married,0.2283950617283951,0.128395061728395,Germany 2006,-0.10000000000000012,fresh_better
FA,Germany 2006 Female 55-64 Low Retired Widowed,0.1361111111111111,0.0616666666666666,Germany 2006,-0.07444444444444451,fresh_better
FA,Germany 2006 Female 55-64 Middle Homemaker Married,0.0318181818181819,0.1045454545454545,Germany 2006,0.0727272727272726,fresh_worse
FA,Germany 2006 Female 55-64 Middle Retired Married,0.0833333333333333,0.0833333333333333,Germany 2006,0.0,unchanged
FA,Germany 2006 Female 55-64 Middle Retired Widowed,0.1173222912353348,0.0855762594893029,Germany 2006,-0.0317460317460319,fresh_better
FA,Germany 2006 Female 55-64 Middle Working Married,0.0476190476190476,0.0317460317460317,Germany 2006,-0.0158730158730159,fresh_better
FA,Germany 2006 Female 65-74 High Retired Married,0.1359649122807018,0.1026315789473684,Germany 2006,-0.033333333333333395,fresh_better
FA,Germany 2006 Female 65-74 Low Retired Married,0.1325212255444814,0.0937615356220007,Germany 2006,-0.0387596899224807,fresh_better
FA,Germany 2006 Female 65-74 Low Retired Widowed,0.0940860215053763,0.0564516129032258,Germany 2006,-0.037634408602150504,fresh_better
FA,Germany 2006 Female 65-74 Middle Retired Divorced or separated,0.2333333333333333,0.1999999999999999,Germany 2006,-0.03333333333333341,fresh_better
FA,Germany 2006 Female 65-74 Middle Retired Married,0.1517438536306461,0.0487135506003431,Germany 2006,-0.103030303030303,fresh_better
FA,Germany 2006 Female 65-74 Middle Retired Widowed,0.1174603174603174,0.0846560846560847,Germany 2006,-0.0328042328042327,fresh_better
FA,Germany 2006 Female 75+ Low Retired Widowed,0.1471972614462987,0.0577663671373556,Germany 2006,-0.08943089430894309,fresh_better
FA,Germany 2006 Female 75+ Middle Retired Widowed,0.1071428571428571,0.1428571428571428,Germany 2006,0.0357142857142857,fresh_worse
FA,Germany 2006 Female <25 High Student Single,0.078710289236605,0.0611664295874822,Germany 2006,-0.0175438596491228,fresh_better
FA,Germany 2006 Female <25 Middle Student Single,0.1228070175438596,0.1140350877192982,Germany 2006,-0.008771929824561403,fresh_better
FA,Germany 2006 Female <25 Middle Working Single,0.0166666666666667,0.05,Germany 2006,0.0333333333333333,fresh_worse
FA,Germany 2006 Male 25-34 High Working Single,0.0904761904761904,0.1380952380952381,Germany 2006,0.0476190476190477,fresh_worse
FA,Germany 2006 Male 25-34 Middle Working Married,0.0476190476190476,0.0555555555555555,Germany 2006,0.007936507936507894,fresh_worse
FA,Germany 2006 Male 25-34 Middle Working Single,0.0,0.0396825396825397,Germany 2006,0.0396825396825397,fresh_worse
FA,Germany 2006 Male 35-44 High Working Married,0.0421245421245421,0.0293040293040293,Germany 2006,-0.0128205128205128,fresh_better
FA,Germany 2006 Male 35-44 Middle Working Married,0.0666666666666667,0.0533333333333333,Germany 2006,-0.013333333333333391,fresh_better
FA,Germany 2006 Male 45-54 High Working Married,0.0842293906810035,0.0139784946236559,Germany 2006,-0.0702508960573476,fresh_better
FA,Germany 2006 Male 45-54 Middle Unemployed Married,0.098340874811463,0.1424585218702865,Germany 2006,0.044117647058823484,fresh_worse
FA,Germany 2006 Male 45-54 Middle Working Divorced or separated,0.1355013550135501,0.1517615176151761,Germany 2006,0.016260162601625994,fresh_worse
FA,Germany 2006 Male 45-54 Middle Working Married,0.0880889669300555,0.0145595551653497,Germany 2006,-0.0735294117647058,fresh_better
FA,Germany 2006 Male 55-64 High Retired Married,0.107487922705314,0.0857487922705314,Germany 2006,-0.021739130434782608,fresh_better
FA,Germany 2006 Male 55-64 High Working Married,0.0286596119929453,0.1194885361552028,Germany 2006,0.0908289241622575,fresh_worse
FA,Germany 2006 Male 55-64 Middle Retired Married,0.0675381263616557,0.0798838053740014,Germany 2006,0.012345679012345706,fresh_worse
FA,Germany 2006 Male 55-64 Middle Working Married,0.0924775707384403,0.0379572118702553,Germany 2006,-0.054520358868185,fresh_better
FA,Germany 2006 Male 65-74 High Retired Married,0.126797385620915,0.0904337492572786,Germany 2006,-0.036363636363636404,fresh_better
FA,Germany 2006 Male 65-74 Low Retired Married,0.0648373983739837,0.0729674796747967,Germany 2006,0.00813008130081301,fresh_worse
FA,Germany 2006 Male 65-74 Middle Retired Married,0.0683654156857314,0.0448691316992107,Germany 2006,-0.023496283986520698,fresh_better
FA,Germany 2006 Male 65-74 Middle Retired Single,0.1440092165898617,0.1870199692780338,Germany 2006,0.04301075268817209,fresh_worse
FA,Germany 2006 Male 65-74 Middle Retired Widowed,0.0513708513708513,0.1266955266955267,Germany 2006,0.07532467532467539,fresh_worse
FA,Germany 2006 Male 75+ Middle Retired Married,0.1333333333333334,0.1466666666666667,Germany 2006,0.013333333333333308,fresh_worse
FA,Germany 2006 Male <25 High Student Single,0.0769230769230769,0.0256410256410257,Germany 2006,-0.0512820512820512,fresh_better
FA,Germany 2006 Male <25 Middle Student Single,0.0962962962962963,0.0888888888888889,Germany 2006,-0.00740740740740739,fresh_better
FA,Germany 2006 Male <25 Middle Working Single,0.0151515151515151,0.0757575757575757,Germany 2006,0.06060606060606061,fresh_worse
FA,Germany 2018 Female 25-34 High Working Cohabiting,0.0555555555555555,0.0694444444444444,Germany 2018,0.013888888888888909,fresh_worse
FA,Germany 2018 Female 25-34 Middle Working Cohabiting,0.0606060606060606,0.0757575757575757,Germany 2018,0.015151515151515103,fresh_worse
FA,Germany 2018 Female 25-34 Middle Working Single,0.0416666666666666,0.0486111111111111,Germany 2018,0.006944444444444496,fresh_worse
FA,Germany 2018 Female 35-44 High Homemaker Married,0.0729166666666666,0.09375,Germany 2018,0.020833333333333398,fresh_worse
FA,Germany 2018 Female 35-44 High Working Married,0.0344827586206896,0.0344827586206896,Germany 2018,0.0,unchanged
FA,Germany 2018 Female 35-44 Middle Working Married,0.027027027027027,0.072072072072072,Germany 2018,0.045045045045045,fresh_worse
FA,Germany 2018 Female 45-54 High Working Married,0.0422535211267606,0.0140845070422535,Germany 2018,-0.028169014084507095,fresh_better
FA,Germany 2018 Female 45-54 High Working Single,0.0574712643678161,0.0229885057471264,Germany 2018,-0.034482758620689696,fresh_better
FA,Germany 2018 Female 45-54 Middle Working Divorced or separated,0.0378787878787878,0.0462962962962963,Germany 2018,0.008417508417508504,fresh_worse
FA,Germany 2018 Female 45-54 Middle Working Married,0.0745614035087719,0.0570175438596491,Germany 2018,-0.0175438596491228,fresh_better
FA,Germany 2018 Female 55-64 Middle Homemaker Married,0.0444444444444444,0.0962962962962962,Germany 2018,0.0518518518518518,fresh_worse
FA,Germany 2018 Female 55-64 Middle Working Married,0.0427350427350427,0.0085470085470085,Germany 2018,-0.034188034188034205,fresh_better
FA,Germany 2018 Female 65-74 High Retired Widowed,0.1470588235294118,0.0490196078431372,Germany 2018,-0.0980392156862746,fresh_better
FA,Germany 2018 Female 65-74 Low Retired Married,0.0,0.0894308943089431,Germany 2018,0.0894308943089431,fresh_worse
FA,Germany 2018 Female 65-74 Middle Retired Married,0.10062893081761,0.0314465408805032,Germany 2018,-0.06918238993710679,fresh_better
FA,Germany 2018 Female 65-74 Middle Retired Widowed,0.0416666666666666,0.0833333333333333,Germany 2018,0.0416666666666667,fresh_worse
FA,Germany 2018 Female 75+ Low Retired Widowed,0.0919540229885057,0.0919540229885057,Germany 2018,0.0,unchanged
FA,Germany 2018 Female 75+ Middle Retired Married,0.0634920634920635,0.0476190476190476,Germany 2018,-0.0158730158730159,fresh_better
FA,Germany 2018 Female 75+ Middle Retired Widowed,0.0689655172413793,0.0229885057471264,Germany 2018,-0.0459770114942529,fresh_better
FA,Germany 2018 Female <25 Middle Student Single,0.069991789819376,0.069991789819376,Germany 2018,0.0,unchanged
FA,Germany 2018 Male 25-34 High Working Married,0.0714285714285714,0.119047619047619,Germany 2018,0.0476190476190476,fresh_worse
FA,Germany 2018 Male 25-34 High Working Single,0.0707070707070707,0.0606060606060606,Germany 2018,-0.010101010101010104,fresh_better
FA,Germany 2018 Male 25-34 Middle Student Cohabiting,0.0,0.0357142857142857,Germany 2018,0.0357142857142857,fresh_worse
FA,Germany 2018 Male 25-34 Middle Student Single,0.22266139657444,0.150197628458498,Germany 2018,-0.07246376811594202,fresh_better
FA,Germany 2018 Male 25-34 Middle Working Married,0.0520833333333333,0.0416666666666666,Germany 2018,-0.010416666666666699,fresh_better
FA,Germany 2018 Male 25-34 Middle Working Single,0.0851063829787233,0.0638297872340426,Germany 2018,-0.0212765957446807,fresh_better
FA,Germany 2018 Male 35-44 High Working Married,0.0641025641025641,0.0,Germany 2018,-0.0641025641025641,fresh_better
FA,Germany 2018 Male 35-44 Middle Working Married,0.0354609929078014,0.0425531914893617,Germany 2018,0.007092198581560301,fresh_worse
FA,Germany 2018 Male 45-54 High Working Married,0.0161290322580645,0.043010752688172,Germany 2018,0.0268817204301075,fresh_worse
FA,Germany 2018 Male 45-54 Middle Working Divorced or separated,0.0416666666666666,0.1388888888888888,Germany 2018,0.09722222222222221,fresh_worse
FA,Germany 2018 Male 45-54 Middle Working Married,0.0256410256410256,0.0717948717948718,Germany 2018,0.046153846153846205,fresh_worse
FA,Germany 2018 Male 55-64 High Working Married,0.0952380952380952,0.038095238095238,Germany 2018,-0.057142857142857204,fresh_better
FA,Germany 2018 Male 55-64 Middle Working Married,0.0579710144927536,0.0579710144927536,Germany 2018,0.0,unchanged
FA,Germany 2018 Male 65-74 High Retired Divorced or separated,0.0416666666666666,0.0520833333333333,Germany 2018,0.010416666666666699,fresh_worse
FA,Germany 2018 Male 65-74 High Retired Married,0.0476190476190476,0.0555555555555555,Germany 2018,0.007936507936507894,fresh_worse
FA,Germany 2018 Male 65-74 Middle Retired Married,0.0338983050847457,0.0564971751412429,Germany 2018,0.022598870056497203,fresh_worse
FA,Germany 2018 Male 75+ High Retired Married,0.0999999999999999,0.0333333333333333,Germany 2018,-0.0666666666666666,fresh_better
FA,Germany 2018 Male 75+ Middle Retired Married,0.0666666666666667,0.0666666666666666,Germany 2018,-9.71445146547012e-17,unchanged
FA,Germany 2018 Male 75+ Middle Retired Widowed,0.0646464646464646,0.0969696969696969,Germany 2018,0.032323232323232295,fresh_worse
FA,Germany 2018 Male <25 Middle Student Single,0.0520833333333333,0.0520833333333333,Germany 2018,0.0,unchanged
FA,Mexico 1996 Female 25-34 High Homemaker Married,0.0952380952380952,0.0857142857142857,Mexico 1996,-0.009523809523809504,fresh_better
FA,Mexico 1996 Female 25-34 High Working Cohabiting,0.1372549019607843,0.1372549019607843,Mexico 1996,0.0,unchanged
FA,Mexico 1996 Female 25-34 High Working Married,0.0776515151515151,0.1079545454545454,Mexico 1996,0.030303030303030304,fresh_worse
FA,Mexico 1996 Female 25-34 High Working Single,0.1733333333333333,0.12,Mexico 1996,-0.053333333333333316,fresh_better
FA,Mexico 1996 Female 25-34 Low Homemaker Married,0.2481962481962482,0.1421356421356421,Mexico 1996,-0.1060606060606061,fresh_better
FA,Mexico 1996 Female 25-34 Middle Homemaker Married,0.1363636363636363,0.0757575757575757,Mexico 1996,-0.060606060606060594,fresh_better
FA,Mexico 1996 Female 25-34 Middle Unemployed Married,0.0944170771756979,0.1403940886699507,Mexico 1996,0.045977011494252804,fresh_worse
FA,Mexico 1996 Female 25-34 Middle Working Divorced or separated,0.1356321839080459,0.1980842911877395,Mexico 1996,0.06245210727969358,fresh_worse
FA,Mexico 1996 Female 25-34 Middle Working Married,0.1102616377845736,0.0980292218824329,Mexico 1996,-0.012232415902140692,fresh_better
FA,Mexico 1996 Female 25-34 Middle Working Single,0.1143162393162394,0.0117521367521367,Mexico 1996,-0.1025641025641027,fresh_better
FA,Mexico 1996 Female 35-44 High Working Married,0.140096618357488,0.0984299516908212,Mexico 1996,-0.041666666666666796,fresh_better
FA,Mexico 1996 Female 35-44 Middle Homemaker Married,0.09375,0.1041666666666666,Mexico 1996,0.010416666666666602,fresh_worse
FA,Mexico 1996 Female 45-54 Low Homemaker Married,0.0434552199258082,0.0625331213566508,Mexico 1996,0.019077901430842606,fresh_worse
FA,Mexico 1996 Female 45-54 Low Homemaker Widowed,0.1153846153846154,0.141025641025641,Mexico 1996,0.02564102564102559,fresh_worse
FA,Mexico 1996 Female 45-54 Middle Homemaker Married,0.119047619047619,0.1428571428571428,Mexico 1996,0.023809523809523794,fresh_worse
FA,Mexico 1996 Female 55-64 Middle Working Widowed,0.0757575757575757,0.2121212121212121,Mexico 1996,0.1363636363636364,fresh_worse
FA,Mexico 1996 Female <25 High Student Single,0.043010752688172,0.053763440860215,Mexico 1996,0.010752688172043001,fresh_worse
FA,Mexico 1996 Female <25 High Working Single,0.1388888888888888,0.125,Mexico 1996,-0.013888888888888812,fresh_better
FA,Mexico 1996 Female <25 Middle Homemaker Married,0.1111111111111111,0.1636473429951691,Mexico 1996,0.05253623188405798,fresh_worse
FA,Mexico 1996 Female <25 Middle Student Single,0.0909090909090909,0.1454545454545454,Mexico 1996,0.054545454545454494,fresh_worse
FA,Mexico 1996 Female <25 Middle Working Single,0.0505050505050505,0.0685425685425685,Mexico 1996,0.018037518037518005,fresh_worse
FA,Mexico 1996 Male 25-34 High Unemployed Married,0.0416666666666667,0.1111111111111111,Mexico 1996,0.0694444444444444,fresh_worse
FA,Mexico 1996 Male 25-34 High Working Cohabiting,0.2071150097465887,0.1632553606237817,Mexico 1996,-0.04385964912280699,fresh_better
FA,Mexico 1996 Male 25-34 High Working Married,0.0531097134870719,0.0716282320055905,Mexico 1996,0.0185185185185186,fresh_worse
FA,Mexico 1996 Male 25-34 High Working Single,0.0671204386462469,0.1109850633390054,Mexico 1996,0.04386462469275851,fresh_worse
FA,Mexico 1996 Male 25-34 Middle Working Cohabiting,0.1627906976744186,0.1162790697674418,Mexico 1996,-0.046511627906976785,fresh_better
FA,Mexico 1996 Male 25-34 Middle Working Married,0.1434599156118143,0.0632911392405063,Mexico 1996,-0.08016877637130798,fresh_better
FA,Mexico 1996 Male 25-34 Middle Working Single,0.1463601532567049,0.1532567049808429,Mexico 1996,0.006896551724138,fresh_worse
FA,Mexico 1996 Male 35-44 High Working Married,0.125,0.1145833333333333,Mexico 1996,-0.010416666666666699,fresh_better
FA,Mexico 1996 Male 35-44 Middle Working Married,0.0459770114942528,0.0574712643678161,Mexico 1996,0.011494252873563301,fresh_worse
FA,Mexico 1996 Male 35-44 Middle Working Single,0.1473973973973974,0.1243743743743743,Mexico 1996,-0.0230230230230231,fresh_better
FA,Mexico 1996 Male 45-54 High Working Married,0.0397849462365591,0.1150537634408602,Mexico 1996,0.07526881720430109,fresh_worse
FA,Mexico 1996 Male 45-54 Low Unemployed Divorced or separated,0.1733333333333333,0.1599999999999999,Mexico 1996,-0.01333333333333342,fresh_better
FA,Mexico 1996 Male 45-54 Low Working Married,0.0883333333333333,0.1683333333333333,Mexico 1996,0.08,fresh_worse
FA,Mexico 1996 Male 45-54 Middle Working Married,0.1317829457364341,0.124031007751938,Mexico 1996,-0.007751937984496096,fresh_better
FA,Mexico 1996 Male <25 High Student Single,0.0880503144654088,0.0880503144654087,Mexico 1996,-9.71445146547012e-17,unchanged
FA,Mexico 1996 Male <25 High Working Single,0.0833333333333333,0.1666666666666666,Mexico 1996,0.0833333333333333,fresh_worse
FA,Mexico 1996 Male <25 Middle Student Single,0.0686274509803921,0.1372549019607843,Mexico 1996,0.0686274509803922,fresh_worse
FA,Mexico 1996 Male <25 Middle Unemployed Single,0.1111111111111111,0.1851851851851852,Mexico 1996,0.0740740740740741,fresh_worse
FA,Mexico 1996 Male <25 Middle Working Single,0.0833333333333333,0.1071428571428571,Mexico 1996,0.023809523809523794,fresh_worse
FA,Mexico 2005 Female 25-34 High Homemaker Married,0.1166666666666667,0.1833333333333333,Mexico 2005,0.0666666666666666,fresh_worse
FA,Mexico 2005 Female 25-34 High Working Married,0.0434782608695652,0.072463768115942,Mexico 2005,0.0289855072463768,fresh_worse
FA,Mexico 2005 Female 25-34 High Working Single,0.1770833333333333,0.1875,Mexico 2005,0.010416666666666713,fresh_worse
FA,Mexico 2005 Female 25-34 Low Homemaker Married,0.1428571428571429,0.1428571428571429,Mexico 2005,0.0,unchanged
FA,Mexico 2005 Female 25-34 Middle Homemaker Cohabiting,0.1111111111111111,0.1388888888888889,Mexico 2005,0.02777777777777779,fresh_worse
FA,Mexico 2005 Female 25-34 Middle Homemaker Married,0.1195652173913044,0.1449275362318841,Mexico 2005,0.025362318840579698,fresh_worse
FA,Mexico 2005 Female 25-34 Middle Working Married,0.131578947368421,0.1491228070175438,Mexico 2005,0.017543859649122806,fresh_worse
FA,Mexico 2005 Female 35-44 High Homemaker Married,0.142857142857143,0.119047619047619,Mexico 2005,-0.02380952380952399,fresh_better
FA,Mexico 2005 Female 35-44 High Working Married,0.1666666666666666,0.1933333333333333,Mexico 2005,0.0266666666666667,fresh_worse
FA,Mexico 2005 Female 35-44 Middle Homemaker Cohabiting,0.1481481481481481,0.1728395061728395,Mexico 2005,0.024691358024691384,fresh_worse
FA,Mexico 2005 Female 35-44 Middle Homemaker Married,0.0849673202614379,0.1437908496732026,Mexico 2005,0.058823529411764705,fresh_worse
FA,Mexico 2005 Female 35-44 Middle Working Divorced or separated,0.0579710144927536,0.0869565217391304,Mexico 2005,0.0289855072463768,fresh_worse
FA,Mexico 2005 Female 45-54 Low Homemaker Married,0.0793650793650793,0.1587301587301587,Mexico 2005,0.07936507936507939,fresh_worse
FA,Mexico 2005 Female 45-54 Middle Homemaker Married,0.074074074074074,0.1234567901234568,Mexico 2005,0.0493827160493828,fresh_worse
FA,Mexico 2005 Female 55-64 Low Homemaker Married,0.074074074074074,0.1358024691358025,Mexico 2005,0.06172839506172849,fresh_worse
FA,Mexico 2005 Female 55-64 Middle Homemaker Married,0.0833333333333333,0.1166666666666666,Mexico 2005,0.0333333333333333,fresh_worse
FA,Mexico 2005 Female 65-74 Low Homemaker Widowed,0.1264367816091954,0.1034482758620689,Mexico 2005,-0.022988505747126492,fresh_better
FA,Mexico 2005 Female 65-74 Middle Retired Widowed,0.0520833333333333,0.1145833333333333,Mexico 2005,0.0625,fresh_worse
FA,Mexico 2005 Female <25 High Student Single,0.0526315789473684,0.0964912280701754,Mexico 2005,0.04385964912280701,fresh_worse
FA,Mexico 2005 Female <25 High Working Single,0.036036036036036,0.1081081081081081,Mexico 2005,0.0720720720720721,fresh_worse
FA,Mexico 2005 Female <25 Middle Homemaker Single,0.1866666666666666,0.1866666666666666,Mexico 2005,0.0,unchanged
FA,Mexico 2005 Female NA Low Homemaker Cohabiting,0.0404040404040404,0.0909090909090909,Mexico 2005,0.0505050505050505,fresh_worse
FA,Mexico 2005 Female NA Low Homemaker Married,0.0359911406423034,0.0747508305647841,Mexico 2005,0.038759689922480696,fresh_worse
FA,Mexico 2005 Male 25-34 High Working Married,0.1014492753623189,0.1690821256038647,Mexico 2005,0.0676328502415458,fresh_worse
FA,Mexico 2005 Male 25-34 High Working Single,0.1261261261261262,0.1531531531531531,Mexico 2005,0.02702702702702689,fresh_worse
FA,Mexico 2005 Male 25-34 Middle Working Cohabiting,0.0972222222222222,0.1527777777777778,Mexico 2005,0.055555555555555594,fresh_worse
FA,Mexico 2005 Male 25-34 Middle Working Married,0.1042118975249674,0.1246200607902735,Mexico 2005,0.020408163265306103,fresh_worse
FA,Mexico 2005 Male 25-34 Middle Working Single,0.1666666666666666,0.1444444444444444,Mexico 2005,-0.0222222222222222,fresh_better
FA,Mexico 2005 Male 35-44 High Working Married,0.1633986928104575,0.0980392156862745,Mexico 2005,-0.065359477124183,fresh_better
FA,Mexico 2005 Male 35-44 Middle Working Cohabiting,0.0804597701149425,0.0574712643678161,Mexico 2005,-0.022988505747126402,fresh_better
FA,Mexico 2005 Male 35-44 Middle Working Married,0.0650406504065041,0.089430894308943,Mexico 2005,0.024390243902438893,fresh_worse
FA,Mexico 2005 Male 45-54 High Working Married,0.1418439716312056,0.1276595744680851,Mexico 2005,-0.014184397163120505,fresh_better
FA,Mexico 2005 Male 45-54 Low Working Cohabiting,0.1014492753623189,0.1014492753623189,Mexico 2005,0.0,unchanged
FA,Mexico 2005 Male 45-54 Low Working Married,0.0598290598290598,0.094017094017094,Mexico 2005,0.034188034188034205,fresh_worse
FA,Mexico 2005 Male 45-54 Middle Unemployed Married,0.074074074074074,0.074074074074074,Mexico 2005,0.0,unchanged
FA,Mexico 2005 Male 45-54 Middle Working Married,0.1523809523809523,0.1523809523809524,Mexico 2005,8.326672684688674e-17,unchanged
FA,Mexico 2005 Male 55-64 Low Unemployed Married,0.05,0.1333333333333334,Mexico 2005,0.08333333333333338,fresh_worse
FA,Mexico 2005 Male 55-64 Low Working Married,0.274910394265233,0.0813620071684588,Mexico 2005,-0.1935483870967742,fresh_better
FA,Mexico 2005 Male 55-64 Middle Working Married,0.0833333333333333,0.1527777777777778,Mexico 2005,0.06944444444444449,fresh_worse
FA,Mexico 2005 Male 55-64 Middle Working Single,0.0874384236453202,0.0759441707717569,Mexico 2005,-0.011494252873563301,fresh_better
FA,Mexico 2005 Male <25 High Student Single,0.0757575757575757,0.0681818181818182,Mexico 2005,-0.0075757575757575,fresh_better
FA,Mexico 2005 Male <25 High Working Single,0.198781838316722,0.1600221483942415,Mexico 2005,-0.038759689922480495,fresh_better
FA,Mexico 2005 Male <25 Middle Student Single,0.0317460317460318,0.1111111111111111,Mexico 2005,0.0793650793650793,fresh_worse
FA,Mexico 2005 Male <25 Middle Working Married,0.1527777777777778,0.0833333333333333,Mexico 2005,-0.06944444444444449,fresh_better
FA,Mexico 2005 Male <25 Middle Working Single,0.0666666666666666,0.1666666666666666,Mexico 2005,0.1,fresh_worse
FA,Mexico 2018 Female 25-34 High Homemaker Married,0.072463768115942,0.1884057971014493,Mexico 2018,0.1159420289855073,fresh_worse
FA,Mexico 2018 Female 25-34 High Working Married,0.1428571428571428,0.119047619047619,Mexico 2018,-0.023809523809523794,fresh_better
FA,Mexico 2018 Female 25-34 Low Homemaker Married,0.0833333333333333,0.125,Mexico 2018,0.0416666666666667,fresh_worse
FA,Mexico 2018 Female 25-34 Low Working Married,0.125,0.2222222222222222,Mexico 2018,0.09722222222222221,fresh_worse
FA,Mexico 2018 Female 25-34 Middle Homemaker Cohabiting,0.0989583333333333,0.140625,Mexico 2018,0.0416666666666667,fresh_worse
FA,Mexico 2018 Female 25-34 Middle Homemaker Married,0.109090909090909,0.1515151515151515,Mexico 2018,0.04242424242424249,fresh_worse
FA,Mexico 2018 Female 25-34 Middle Working Married,0.0666666666666667,0.0833333333333333,Mexico 2018,0.016666666666666607,fresh_worse
FA,Mexico 2018 Female 25-34 Middle Working Single,0.1463414634146341,0.1463414634146342,Mexico 2018,8.326672684688674e-17,unchanged
FA,Mexico 2018 Female 35-44 Middle Homemaker Cohabiting,0.1014492753623188,0.1304347826086956,Mexico 2018,0.028985507246376788,fresh_worse
FA,Mexico 2018 Female 35-44 Middle Homemaker Married,0.1274509803921568,0.1176470588235294,Mexico 2018,-0.009803921568627402,fresh_better
FA,Mexico 2018 Female 35-44 Middle Working Cohabiting,0.1060606060606061,0.196969696969697,Mexico 2018,0.09090909090909088,fresh_worse
FA,Mexico 2018 Female 35-44 Middle Working Divorced or separated,0.1466666666666666,0.12,Mexico 2018,-0.026666666666666616,fresh_better
FA,Mexico 2018 Female 35-44 Middle Working Married,0.08,0.1733333333333333,Mexico 2018,0.09333333333333331,fresh_worse
FA,Mexico 2018 Female 45-54 Low Homemaker Cohabiting,0.15,0.15,Mexico 2018,0.0,unchanged
FA,Mexico 2018 Female 45-54 Low Homemaker Married,0.1290322580645161,0.1075268817204301,Mexico 2018,-0.021505376344086002,fresh_better
FA,Mexico 2018 Female 45-54 Middle Homemaker Married,0.1538461538461538,0.1709401709401709,Mexico 2018,0.01709401709401709,fresh_worse
FA,Mexico 2018 Female 45-54 Middle Working Married,0.096774193548387,0.1612903225806451,Mexico 2018,0.0645161290322581,fresh_worse
FA,Mexico 2018 Female 55-64 Low Homemaker Married,0.1047619047619047,0.0476190476190476,Mexico 2018,-0.05714285714285709,fresh_better
FA,Mexico 2018 Female 55-64 Low Working Divorced or separated,0.0666666666666667,0.0833333333333333,Mexico 2018,0.016666666666666607,fresh_worse
FA,Mexico 2018 Female 55-64 Low Working Married,0.0769230769230769,0.1025641025641026,Mexico 2018,0.025641025641025703,fresh_worse
FA,Mexico 2018 Female 65-74 Low Homemaker Married,0.12,0.16,Mexico 2018,0.04000000000000001,fresh_worse
FA,Mexico 2018 Female 65-74 Low Homemaker Widowed,0.1372549019607843,0.0718954248366013,Mexico 2018,-0.065359477124183,fresh_better
FA,Mexico 2018 Female 65-74 Low Working Widowed,0.0,0.1527777777777777,Mexico 2018,0.1527777777777777,fresh_worse
FA,Mexico 2018 Female <25 Middle Student Single,0.2090395480225988,0.2485875706214689,Mexico 2018,0.03954802259887011,fresh_worse
FA,Mexico 2018 Female <25 Middle Working Cohabiting,0.1282051282051282,0.1111111111111112,Mexico 2018,-0.01709401709401699,fresh_better
FA,Mexico 2018 Male 25-34 High Working Married,0.0476190476190476,0.1238095238095238,Mexico 2018,0.0761904761904762,fresh_worse
FA,Mexico 2018 Male 25-34 High Working Single,0.1717171717171717,0.2222222222222222,Mexico 2018,0.0505050505050505,fresh_worse
FA,Mexico 2018 Male 25-34 Middle Working Cohabiting,0.0852713178294574,0.1085271317829457,Mexico 2018,0.02325581395348829,fresh_worse
FA,Mexico 2018 Male 25-34 Middle Working Married,0.0632183908045977,0.1149425287356322,Mexico 2018,0.0517241379310345,fresh_worse
FA,Mexico 2018 Male 25-34 Middle Working Single,0.1481481481481481,0.0787037037037037,Mexico 2018,-0.0694444444444444,fresh_better
FA,Mexico 2018 Male 35-44 High Working Married,0.1568627450980392,0.1225490196078432,Mexico 2018,-0.03431372549019601,fresh_better
FA,Mexico 2018 Male 35-44 Low Working Married,0.1034482758620689,0.1206896551724138,Mexico 2018,0.017241379310344904,fresh_worse
FA,Mexico 2018 Male 35-44 Middle Working Cohabiting,0.0999999999999999,0.05,Mexico 2018,-0.04999999999999989,fresh_better
FA,Mexico 2018 Male 35-44 Middle Working Married,0.0757575757575757,0.0454545454545454,Mexico 2018,-0.030303030303030304,fresh_better
FA,Mexico 2018 Male 45-54 Low Unemployed Married,0.0900900900900901,0.1351351351351351,Mexico 2018,0.04504504504504499,fresh_worse
FA,Mexico 2018 Male 45-54 Low Working Married,0.1111111111111111,0.0493827160493827,Mexico 2018,-0.061728395061728406,fresh_better
FA,Mexico 2018 Male 45-54 Middle Working Cohabiting,0.1290322580645161,0.1397849462365592,Mexico 2018,0.010752688172043112,fresh_worse
FA,Mexico 2018 Male 45-54 Middle Working Married,0.0802469135802469,0.0864197530864197,Mexico 2018,0.006172839506172811,fresh_worse
FA,Mexico 2018 Male 55-64 Low Working Married,0.0921985815602836,0.0638297872340426,Mexico 2018,-0.028368794326240995,fresh_better
FA,Mexico 2018 Male 55-64 Middle Retired Married,0.1287878787878788,0.1136363636363636,Mexico 2018,-0.015151515151515207,fresh_better
FA,Mexico 2018 Male 55-64 Middle Working Married,0.0915032679738562,0.1111111111111111,Mexico 2018,0.0196078431372549,fresh_worse
FA,Mexico 2018 Male 65-74 Low Working Married,0.0512820512820512,0.0256410256410256,Mexico 2018,-0.0256410256410256,fresh_better
FA,Mexico 2018 Male 75+ Low Unemployed Widowed,0.1746031746031746,0.2857142857142857,Mexico 2018,0.1111111111111111,fresh_worse
FA,Mexico 2018 Male <25 Middle Student Single,0.1300813008130081,0.1869918699186993,Mexico 2018,0.0569105691056912,fresh_worse
FA,Mexico 2018 Male <25 Middle Unemployed Single,0.2833333333333335,0.2833333333333334,Mexico 2018,-1.1102230246251565e-16,unchanged
FA,Mexico 2018 Male <25 Middle Working Single,0.1505376344086021,0.0967741935483871,Mexico 2018,-0.053763440860215006,fresh_better
FA,Russia 1995 Female 25-34 High Homemaker Married,0.1589743589743589,0.0339743589743589,Russia 1995,-0.125,fresh_better
FA,Russia 1995 Female 25-34 High Working Married,0.2236208236208236,0.1377622377622377,Russia 1995,-0.08585858585858591,fresh_better
FA,Russia 1995 Female 25-34 High Working Single,0.2413793103448276,0.1839080459770115,Russia 1995,-0.057471264367816105,fresh_better
FA,Russia 1995 Female 25-34 Middle Homemaker Married,0.1738253680177456,0.1163541036499294,Russia 1995,-0.05747126436781619,fresh_better
FA,Russia 1995 Female 25-34 Middle Working Divorced or separated,0.3037439613526571,0.3731884057971014,Russia 1995,0.06944444444444431,fresh_worse
FA,Russia 1995 Female 25-34 Middle Working Married,0.1631455399061033,0.1724047991653625,Russia 1995,0.00925925925925919,fresh_worse
FA,Russia 1995 Female 25-34 Middle Working Single,0.2469135802469135,0.2962962962962963,Russia 1995,0.04938271604938277,fresh_worse
FA,Russia 1995 Female 35-44 High Working Divorced or separated,0.2618835412953059,0.261883541295306,Russia 1995,1.1102230246251565e-16,unchanged
FA,Russia 1995 Female 35-44 High Working Married,0.2422586520947176,0.1657559198542804,Russia 1995,-0.07650273224043722,fresh_better
FA,Russia 1995 Female 35-44 Middle Working Divorced or separated,0.2962962962962963,0.2962962962962963,Russia 1995,0.0,unchanged
FA,Russia 1995 Female 35-44 Middle Working Married,0.2544513457556936,0.1925465838509316,Russia 1995,-0.06190476190476202,fresh_better
FA,Russia 1995 Female 45-54 High Working Married,0.2056910569105691,0.165040650406504,Russia 1995,-0.040650406504065095,fresh_better
FA,Russia 1995 Female 45-54 High Working Widowed,0.2341269841269841,0.1706349206349206,Russia 1995,-0.06349206349206349,fresh_better
FA,Russia 1995 Female 45-54 Middle Working Married,0.1554019457245264,0.1342379245605052,Russia 1995,-0.02116402116402119,fresh_better
FA,Russia 1995 Female 55-64 High Retired Married,0.2540598290598291,0.2123931623931624,Russia 1995,-0.04166666666666671,fresh_better
FA,Russia 1995 Female 55-64 Middle Retired Divorced or separated,0.4285714285714286,0.3015873015873015,Russia 1995,-0.1269841269841271,fresh_better
FA,Russia 1995 Female 55-64 Middle Retired Married,0.3,0.24,Russia 1995,-0.06,fresh_better
FA,Russia 1995 Female 55-64 Middle Retired Widowed,0.3015873015873016,0.3015873015873015,Russia 1995,-1.1102230246251565e-16,unchanged
FA,Russia 1995 Female 65-74 High Retired Widowed,0.2948717948717949,0.2564102564102564,Russia 1995,-0.03846153846153849,fresh_better
FA,Russia 1995 Female 65-74 Low Retired Widowed,0.3535353535353536,0.3535353535353535,Russia 1995,-1.1102230246251565e-16,unchanged
FA,Russia 1995 Female 65-74 Middle Retired Married,0.2371794871794872,0.185897435897436,Russia 1995,-0.05128205128205121,fresh_better
FA,Russia 1995 Female 65-74 Middle Retired Widowed,0.3523228717338489,0.2599533938222024,Russia 1995,-0.09236947791164651,fresh_better
FA,Russia 1995 Female 75+ Low Retired Widowed,0.178743961352657,0.1352657004830918,Russia 1995,-0.04347826086956519,fresh_better
FA,Russia 1995 Female 75+ Middle Retired Widowed,0.144927536231884,0.1171497584541062,Russia 1995,-0.027777777777777804,fresh_better
FA,Russia 1995 Female <25 High Student Married,0.1350461133069828,0.1350461133069829,Russia 1995,1.1102230246251565e-16,unchanged
FA,Russia 1995 Female <25 High Student Single,0.1463414634146342,0.1618273325590399,Russia 1995,0.015485869144405695,fresh_worse
FA,Russia 1995 Male 25-34 High Working Married,0.1476190476190476,0.1238095238095238,Russia 1995,-0.023809523809523794,fresh_better
FA,Russia 1995 Male 25-34 Middle Working Married,0.1692307692307692,0.1538461538461538,Russia 1995,-0.015384615384615413,fresh_better
FA,Russia 1995 Male 35-44 High Unemployed Married,0.2314814814814814,0.1851851851851852,Russia 1995,-0.0462962962962962,fresh_better
FA,Russia 1995 Male 35-44 High Working Married,0.2493158182813355,0.1688560481663931,Russia 1995,-0.0804597701149424,fresh_better
FA,Russia 1995 Male 35-44 Middle Unemployed Married,0.3333333333333333,0.2976190476190476,Russia 1995,-0.0357142857142857,fresh_better
FA,Russia 1995 Male 35-44 Middle Working Married,0.2083643481377333,0.2172139056598572,Russia 1995,0.008849557522123908,fresh_worse
FA,Russia 1995 Male 45-54 High Working Divorced or separated,0.3200716845878136,0.2878136200716846,Russia 1995,-0.032258064516129004,fresh_better
FA,Russia 1995 Male 45-54 High Working Married,0.1489479512735327,0.2032115171650055,Russia 1995,0.0542635658914728,fresh_worse
FA,Russia 1995 Male 45-54 Middle Working Married,0.1965811965811966,0.2136752136752136,Russia 1995,0.017094017094017006,fresh_worse
FA,Russia 1995 Male 55-64 High Working Married,0.1574074074074074,0.1425925925925926,Russia 1995,-0.014814814814814808,fresh_better
FA,Russia 1995 Male 55-64 Middle Retired Married,0.313006029285099,0.275968992248062,Russia 1995,-0.037037037037037035,fresh_better
FA,Russia 1995 Male 55-64 Middle Retired Widowed,0.2591463414634147,0.2997967479674797,Russia 1995,0.040650406504064984,fresh_worse
FA,Russia 1995 Male 55-64 Middle Working Married,0.2861513687600643,0.2064412238325282,Russia 1995,-0.07971014492753611,fresh_better
FA,Russia 1995 Male 65-74 Middle Retired Married,0.2645502645502645,0.2222222222222221,Russia 1995,-0.04232804232804238,fresh_better
FA,Russia 1995 Male <25 High Student Single,0.159536541889483,0.0909090909090909,Russia 1995,-0.0686274509803921,fresh_better
FA,Russia 1995 Male <25 High Working Single,0.2150537634408602,0.1935483870967742,Russia 1995,-0.021505376344086002,fresh_better
FA,Russia 1995 Male <25 Middle Working Single,0.1640316205533597,0.1930171277997364,Russia 1995,0.02898550724637669,fresh_worse
FA,Russia 2006 Female 25-34 High Homemaker Married,0.0871080139372822,0.0394889663182346,Russia 2006,-0.047619047619047596,fresh_better
FA,Russia 2006 Female 25-34 High Unemployed Divorced or separated,0.1818181818181818,0.1212121212121211,Russia 2006,-0.06060606060606069,fresh_better
FA,Russia 2006 Female 25-34 High Working Married,0.1221896383186705,0.0817855979146302,Russia 2006,-0.04040404040404029,fresh_better
FA,Russia 2006 Female 25-34 High Working Single,0.0584795321637426,0.0321637426900585,Russia 2006,-0.026315789473684098,fresh_better
FA,Russia 2006 Female 25-34 Middle Homemaker Married,0.0128205128205128,0.0769230769230769,Russia 2006,0.0641025641025641,fresh_worse
FA,Russia 2006 Female 25-34 Middle Working Married,0.1494057724957556,0.0741369552914544,Russia 2006,-0.07526881720430119,fresh_better
FA,Russia 2006 Female 35-44 High Working Divorced or separated,0.2087719298245614,0.225438596491228,Russia 2006,0.016666666666666607,fresh_worse
FA,Russia 2006 Female 35-44 High Working Married,0.0769230769230769,0.0564102564102564,Russia 2006,-0.020512820512820502,fresh_better
FA,Russia 2006 Female 35-44 Middle Homemaker Married,0.1032196969696969,0.1436237373737373,Russia 2006,0.04040404040404039,fresh_worse
FA,Russia 2006 Female 35-44 Middle Working Divorced or separated,0.1547619047619047,0.1666666666666667,Russia 2006,0.011904761904762001,fresh_worse
FA,Russia 2006 Female 35-44 Middle Working Married,0.1277777777777778,0.1277777777777778,Russia 2006,0.0,unchanged
FA,Russia 2006 Female 45-54 High Working Divorced or separated,0.1666666666666666,0.2160493827160493,Russia 2006,0.049382716049382686,fresh_worse
FA,Russia 2006 Female 45-54 High Working Married,0.2002923976608187,0.1008771929824561,Russia 2006,-0.0994152046783626,fresh_better
FA,Russia 2006 Female 45-54 High Working Widowed,0.2393939393939394,0.103030303030303,Russia 2006,-0.1363636363636364,fresh_better
FA,Russia 2006 Female 45-54 Middle Working Divorced or separated,0.2828282828282828,0.2222222222222223,Russia 2006,-0.060606060606060524,fresh_better
FA,Russia 2006 Female 45-54 Middle Working Married,0.1967562953478446,0.201085299676849,Russia 2006,0.004329004329004377,fresh_worse
FA,Russia 2006 Female 45-54 Middle Working Widowed,0.1594202898550725,0.1666666666666667,Russia 2006,0.007246376811594207,fresh_worse
FA,Russia 2006 Female 55-64 High Retired Married,0.1361111111111111,0.1161111111111111,Russia 2006,-0.020000000000000004,fresh_better
FA,Russia 2006 Female 55-64 Middle Retired Married,0.1904337492572786,0.2296494355317884,Russia 2006,0.0392156862745098,fresh_worse
FA,Russia 2006 Female 55-64 Middle Retired Widowed,0.2213403880070546,0.1975308641975309,Russia 2006,-0.023809523809523697,fresh_better
FA,Russia 2006 Female 65-74 High Retired Widowed,0.1185395922238027,0.1536273115220483,Russia 2006,0.03508771929824561,fresh_worse
FA,Russia 2006 Female 65-74 Middle Retired Married,0.152895752895753,0.1979407979407979,Russia 2006,0.04504504504504492,fresh_worse
FA,Russia 2006 Female 65-74 Middle Retired Widowed,0.2215891104779993,0.233934789490345,Russia 2006,0.012345679012345678,fresh_worse
FA,Russia 2006 Female <25 High Student Single,0.0839528199028645,0.031816830211121,Russia 2006,-0.0521359896917435,fresh_better
FA,Russia 2006 Female <25 Middle Student Single,0.1209302325581396,0.0899224806201551,Russia 2006,-0.031007751937984496,fresh_better
FA,Russia 2006 Male 25-34 High Working Cohabiting,0.1028708133971291,0.1180223285486443,Russia 2006,0.015151515151515207,fresh_worse
FA,Russia 2006 Male 25-34 High Working Married,0.1165725047080979,0.0832391713747645,Russia 2006,-0.033333333333333395,fresh_better
FA,Russia 2006 Male 25-34 Middle Working Cohabiting,0.2450738916256159,0.1416256157635468,Russia 2006,-0.10344827586206912,fresh_better
FA,Russia 2006 Male 25-34 Middle Working Married,0.1002780174479915,0.1002780174479915,Russia 2006,0.0,unchanged
FA,Russia 2006 Male 25-34 Middle Working Single,0.1912280701754385,0.1412280701754386,Russia 2006,-0.049999999999999906,fresh_better
FA,Russia 2006 Male 35-44 High Unemployed Married,0.3214285714285714,0.2857142857142856,Russia 2006,-0.03571428571428581,fresh_better
FA,Russia 2006 Male 35-44 High Working Married,0.0989371980676329,0.0856038647342996,Russia 2006,-0.013333333333333308,fresh_better
FA,Russia 2006 Male 35-44 Middle Unemployed Married,0.1451149425287356,0.2180316091954023,Russia 2006,0.07291666666666669,fresh_worse
FA,Russia 2006 Male 35-44 Middle Working Divorced or separated,0.2064708386547468,0.2409535972754364,Russia 2006,0.034482758620689585,fresh_worse
FA,Russia 2006 Male 35-44 Middle Working Married,0.1277216610549943,0.1095398428731761,Russia 2006,-0.018181818181818202,fresh_better
FA,Russia 2006 Male 45-54 High Working Divorced or separated,0.304029304029304,0.2921245421245421,Russia 2006,-0.011904761904761918,fresh_better
FA,Russia 2006 Male 45-54 High Working Married,0.1719104308390022,0.0970804988662131,Russia 2006,-0.0748299319727891,fresh_better
FA,Russia 2006 Male 45-54 Middle Working Married,0.1633296255098257,0.1848350018539117,Russia 2006,0.021505376344086002,fresh_worse
FA,Russia 2006 Male 55-64 High Retired Married,0.1971706454465075,0.1282051282051282,Russia 2006,-0.06896551724137931,fresh_better
FA,Russia 2006 Male 55-64 High Working Married,0.1466666666666666,0.1599999999999999,Russia 2006,0.01333333333333328,fresh_worse
FA,Russia 2006 Male 55-64 Middle Retired Married,0.0962111536824181,0.0847169008088548,Russia 2006,-0.011494252873563301,fresh_better
FA,Russia 2006 Male 55-64 Middle Working Married,0.1335978835978836,0.1693121693121693,Russia 2006,0.0357142857142857,fresh_worse
FA,Russia 2006 Male 65-74 Middle Retired Married,0.1733333333333333,0.1733333333333333,Russia 2006,0.0,unchanged
FA,Russia 2006 Male 65-74 Middle Retired Widowed,0.3574074074074073,0.3074074074074074,Russia 2006,-0.04999999999999988,fresh_better
FA,Russia 2006 Male <25 High Student Single,0.0726858049481878,0.0365412266349348,Russia 2006,-0.036144578313253,fresh_better
FA,Russia 2006 Male <25 High Working Single,0.0854700854700855,0.0854700854700855,Russia 2006,0.0,unchanged
FA,Russia 2006 Male <25 Middle Student Single,0.0510822510822511,0.0159090909090909,Russia 2006,-0.035173160173160196,fresh_better
FA,Russia 2006 Male <25 Middle Working Single,0.145895895895896,0.1188688688688689,Russia 2006,-0.027027027027027098,fresh_better
FA,Russia 2017 Female 25-34 High Homemaker Divorced or separated,0.1666666666666666,0.0555555555555556,Russia 2017,-0.111111111111111,fresh_better
FA,Russia 2017 Female 25-34 High Homemaker Married,0.0512820512820513,0.0769230769230769,Russia 2017,0.0256410256410256,fresh_worse
FA,Russia 2017 Female 25-34 High Working Divorced or separated,0.0751133786848072,0.0206916099773242,Russia 2017,-0.054421768707483005,fresh_better
FA,Russia 2017 Female 25-34 High Working Married,0.0579710144927536,0.0434782608695652,Russia 2017,-0.0144927536231884,fresh_better
FA,Russia 2017 Female 25-34 High Working Single,0.1029279279279279,0.0279279279279279,Russia 2017,-0.07500000000000001,fresh_better
FA,Russia 2017 Female 35-44 High Working Divorced or separated,0.0662830349531116,0.0777919863597613,Russia 2017,0.011508951406649703,fresh_worse
FA,Russia 2017 Female 35-44 High Working Married,0.1440493468795355,0.0937348814707305,Russia 2017,-0.05031446540880499,fresh_better
FA,Russia 2017 Female 35-44 High Working Single,0.0677655677655677,0.0796703296703297,Russia 2017,0.011904761904762001,fresh_worse
FA,Russia 2017 Female 35-44 Low Homemaker Married,0.1289473684210526,0.0289473684210526,Russia 2017,-0.09999999999999999,fresh_better
FA,Russia 2017 Female 35-44 Middle Homemaker Married,0.0444444444444444,0.0777777777777777,Russia 2017,0.0333333333333333,fresh_worse
FA,Russia 2017 Female 35-44 Middle Working Divorced or separated,0.094017094017094,0.0341880341880342,Russia 2017,-0.059829059829059804,fresh_better
FA,Russia 2017 Female 45-54 High Working Divorced or separated,0.0324129651860744,0.0661597972522342,Russia 2017,0.0337468320661598,fresh_worse
FA,Russia 2017 Female 45-54 High Working Married,0.1280583613916947,0.1401795735129068,Russia 2017,0.012121212121212116,fresh_worse
FA,Russia 2017 Female 45-54 High Working Widowed,0.1111111111111111,0.1358024691358024,Russia 2017,0.0246913580246913,fresh_worse
FA,Russia 2017 Female 45-54 Middle Working Divorced or separated,0.0919540229885057,0.1264367816091954,Russia 2017,0.03448275862068968,fresh_worse
FA,Russia 2017 Female 45-54 Middle Working Married,0.0888888888888889,0.0777777777777777,Russia 2017,-0.01111111111111121,fresh_better
FA,Russia 2017 Female 55-64 High Retired Divorced or separated,0.1333333333333333,0.0666666666666667,Russia 2017,-0.06666666666666661,fresh_better
FA,Russia 2017 Female 55-64 High Retired Married,0.1101330203442879,0.0695096504955661,Russia 2017,-0.04062336984872181,fresh_better
FA,Russia 2017 Female 55-64 High Retired Widowed,0.1004704301075268,0.0198252688172043,Russia 2017,-0.08064516129032251,fresh_better
FA,Russia 2017 Female 55-64 Middle Retired Married,0.1153846153846154,0.0256410256410256,Russia 2017,-0.08974358974358981,fresh_better
FA,Russia 2017 Female 65-74 High Retired Widowed,0.0553053053053053,0.0668168168168168,Russia 2017,0.011511511511511495,fresh_worse
FA,Russia 2017 Female 65-74 Low Retired Widowed,0.0739270183399508,0.0809226696918132,Russia 2017,0.006995651351862406,fresh_worse
FA,Russia 2017 Female 65-74 Middle Retired Widowed,0.0567426400759734,0.0567426400759734,Russia 2017,0.0,unchanged
FA,Russia 2017 Female 75+ Low Retired Widowed,0.0505050505050505,0.0909090909090909,Russia 2017,0.0404040404040404,fresh_worse
FA,Russia 2017 Female <25 High Student Single,0.0909090909090909,0.0909090909090909,Russia 2017,0.0,unchanged
FA,Russia 2017 Female <25 High Working Single,0.096551724137931,0.0256704980842911,Russia 2017,-0.0708812260536399,fresh_better
FA,Russia 2017 Female <25 Middle Student Single,0.1212121212121212,0.0454545454545454,Russia 2017,-0.0757575757575758,fresh_better
FA,Russia 2017 Male 25-34 High Working Married,0.0343503686753115,0.0309433002796847,Russia 2017,-0.0034070683956268014,fresh_better
FA,Russia 2017 Male 25-34 High Working Single,0.1090250329380764,0.0583003952569169,Russia 2017,-0.0507246376811595,fresh_better
FA,Russia 2017 Male 25-34 Middle Working Married,0.0544358311800172,0.0248062015503876,Russia 2017,-0.0296296296296296,fresh_better
FA,Russia 2017 Male 25-34 Middle Working Single,0.0609217171717171,0.0609217171717171,Russia 2017,0.0,unchanged
FA,Russia 2017 Male 35-44 High Working Married,0.0972922502334267,0.0626517273576097,Russia 2017,-0.03464052287581701,fresh_better
FA,Russia 2017 Male 35-44 Middle Working Married,0.1352777777777778,0.0886111111111111,Russia 2017,-0.046666666666666703,fresh_better
FA,Russia 2017 Male 45-54 High Working Divorced or separated,0.101010101010101,0.1464646464646464,Russia 2017,0.045454545454545414,fresh_worse
FA,Russia 2017 Male 45-54 High Working Married,0.0289855072463768,0.0942028985507246,Russia 2017,0.0652173913043478,fresh_worse
FA,Russia 2017 Male 45-54 Middle Unemployed Married,0.0588037634408602,0.095766129032258,Russia 2017,0.036962365591397796,fresh_worse
FA,Russia 2017 Male 45-54 Middle Working Divorced or separated,0.08,0.08,Russia 2017,0.0,unchanged
FA,Russia 2017 Male 55-64 High Retired Married,0.1660628019323672,0.0422705314009661,Russia 2017,-0.1237922705314011,fresh_better
FA,Russia 2017 Male 55-64 High Working Divorced or separated,0.0800766283524904,0.0800766283524904,Russia 2017,0.0,unchanged
FA,Russia 2017 Male 55-64 High Working Married,0.1018518518518518,0.0462962962962963,Russia 2017,-0.055555555555555504,fresh_better
FA,Russia 2017 Male 55-64 Low Retired Married,0.0557575757575757,0.063030303030303,Russia 2017,0.007272727272727306,fresh_worse
FA,Russia 2017 Male 65-74 High Retired Widowed,0.0688405797101449,0.0253623188405797,Russia 2017,-0.0434782608695652,fresh_better
FA,Russia 2017 Male 65-74 Low Retired Widowed,0.1135802469135802,0.1,Russia 2017,-0.013580246913580188,fresh_better
FA,Russia 2017 Male <25 High Working Single,0.1448275862068965,0.1647509578544061,Russia 2017,0.019923371647509597,fresh_worse
FA,Russia 2017 Male <25 Middle Student Single,0.0887248516427848,0.0411058040237371,Russia 2017,-0.04761904761904771,fresh_better
FA,United States 1995 Female 25-34 High Unemployed Single,0.021505376344086,0.0752688172043011,United States 1995,0.0537634408602151,fresh_worse
FA,United States 1995 Female 25-34 High Working Married,0.0718954248366013,0.1111111111111111,United States 1995,0.0392156862745098,fresh_worse
FA,United States 1995 Female 25-34 Middle Homemaker Married,0.074074074074074,0.1574074074074074,United States 1995,0.08333333333333341,fresh_worse
FA,United States 1995 Female 25-34 Middle Working Married,0.0326797385620915,0.065359477124183,United States 1995,0.0326797385620915,fresh_worse
FA,United States 1995 Female 25-34 Middle Working Single,0.0416666666666666,0.0972222222222222,United States 1995,0.055555555555555594,fresh_worse
FA,United States 1995 Female 35-44 High Homemaker Married,0.1384615384615384,0.1435897435897436,United States 1995,0.005128205128205193,fresh_worse
FA,United States 1995 Female 35-44 High Working Divorced or separated,0.0434782608695652,0.1159420289855072,United States 1995,0.072463768115942,fresh_worse
FA,United States 1995 Female 35-44 High Working Married,0.0402576489533011,0.0753623188405798,United States 1995,0.0351046698872787,fresh_worse
FA,United States 1995 Female 35-44 Middle Unemployed Married,0.1717171717171717,0.1717171717171717,United States 1995,0.0,unchanged
FA,United States 1995 Female 35-44 Middle Working Married,0.0833333333333333,0.0625,United States 1995,-0.0208333333333333,fresh_better
FA,United States 1995 Female 45-54 High Working Married,0.0507246376811594,0.036231884057971,United States 1995,-0.0144927536231884,fresh_better
FA,United States 1995 Female 45-54 Middle Working Married,0.1333333333333333,0.0916666666666666,United States 1995,-0.0416666666666667,fresh_better
FA,United States 1995 Female 55-64 Middle Homemaker Married,0.0952380952380952,0.1238095238095238,United States 1995,0.028571428571428595,fresh_worse
FA,United States 1995 Female 65-74 High Retired Married,0.0707070707070707,0.1616161616161616,United States 1995,0.0909090909090909,fresh_worse
FA,United States 1995 Female 65-74 High Retired Widowed,0.0659882824545174,0.0943570767807586,United States 1995,0.02836879432624119,fresh_worse
FA,United States 1995 Female 65-74 Middle Retired Married,0.1794871794871795,0.1965811965811965,United States 1995,0.017094017094017006,fresh_worse
FA,United States 1995 Female 65-74 Middle Retired Widowed,0.0353535353535353,0.0858585858585858,United States 1995,0.050505050505050504,fresh_worse
FA,United States 1995 Female 75+ Middle Retired Widowed,0.1111111111111111,0.1666666666666666,United States 1995,0.0555555555555555,fresh_worse
FA,United States 1995 Female <25 High Working Single,0.0971738288811459,0.0745257452574526,United States 1995,-0.02264808362369329,fresh_better
FA,United States 1995 Male 25-34 High Working Married,0.0591397849462365,0.0806451612903225,United States 1995,0.021505376344085995,fresh_worse
FA,United States 1995 Male 25-34 High Working Single,0.0649038461538461,0.0527243589743589,United States 1995,-0.012179487179487206,fresh_better
FA,United States 1995 Male 25-34 Middle Working Married,0.0555555555555556,0.0432098765432098,United States 1995,-0.012345679012345803,fresh_better
FA,United States 1995 Male 25-34 Middle Working Single,0.0317460317460317,0.0317460317460317,United States 1995,0.0,unchanged
FA,United States 1995 Male 35-44 High Working Married,0.0488888888888889,0.0881045751633987,United States 1995,0.0392156862745098,fresh_worse
FA,United States 1995 Male 35-44 Middle Working Married,0.0864197530864197,0.0802469135802469,United States 1995,-0.006172839506172811,fresh_better
FA,United States 1995 Male 45-54 High Working Divorced or separated,0.08,0.0266666666666666,United States 1995,-0.0533333333333334,fresh_better
FA,United States 1995 Male 45-54 High Working Married,0.0727272727272727,0.0969696969696969,United States 1995,0.024242424242424204,fresh_worse
FA,United States 1995 Male 45-54 Middle Working Divorced or separated,0.021505376344086,0.0645161290322581,United States 1995,0.0430107526881721,fresh_worse
FA,United States 1995 Male 45-54 Middle Working Married,0.1238471673254282,0.1673254281949935,United States 1995,0.043478260869565286,fresh_worse
FA,United States 1995 Male 55-64 High Retired Married,0.1025641025641025,0.141025641025641,United States 1995,0.03846153846153849,fresh_worse
FA,United States 1995 Male 55-64 High Working Married,0.019047619047619,0.0857142857142857,United States 1995,0.06666666666666671,fresh_worse
FA,United States 1995 Male 55-64 Middle Retired Married,0.0833333333333333,0.1203703703703704,United States 1995,0.037037037037037104,fresh_worse
FA,United States 1995 Male 55-64 Middle Unemployed Married,0.05,0.1,United States 1995,0.05,fresh_worse
FA,United States 1995 Male 55-64 Middle Working Married,0.1282051282051282,0.141025641025641,United States 1995,0.012820512820512803,fresh_worse
FA,United States 1995 Male 65-74 High Retired Married,0.160919540229885,0.0804597701149425,United States 1995,-0.0804597701149425,fresh_better
FA,United States 1995 Male 65-74 Middle Retired Married,0.1147540983606557,0.0327868852459016,United States 1995,-0.0819672131147541,fresh_better
FA,United States 1995 Male 75+ Middle Retired Widowed,0.03125,0.0729166666666666,United States 1995,0.0416666666666666,fresh_worse
FA,United States 1995 Male <25 Middle Student Single,0.0571428571428571,0.019047619047619,United States 1995,-0.0380952380952381,fresh_better
FA,United States 1995 Male <25 Middle Working Single,0.0133333333333333,0.0666666666666667,United States 1995,0.05333333333333339,fresh_worse
FA,United States 2006 Female 25-34 High Working Married,0.1500000000000001,0.05,United States 2006,-0.1000000000000001,fresh_better
FA,United States 2006 Female 25-34 High Working Single,0.0864197530864197,0.0246913580246913,United States 2006,-0.061728395061728406,fresh_better
FA,United States 2006 Female 25-34 Middle Homemaker Married,0.0,0.0303030303030303,United States 2006,0.0303030303030303,fresh_worse
FA,United States 2006 Female 25-34 Middle Working Single,0.09375,0.03125,United States 2006,-0.0625,fresh_better
FA,United States 2006 Female 35-44 High Homemaker Married,0.0666666666666667,0.12,United States 2006,0.0533333333333333,fresh_worse
FA,United States 2006 Female 35-44 High Working Married,0.0512820512820512,0.0705128205128205,United States 2006,0.0192307692307693,fresh_worse
FA,United States 2006 Female 35-44 High Working Single,0.0416666666666667,0.0833333333333333,United States 2006,0.0416666666666666,fresh_worse
FA,United States 2006 Female 35-44 Middle Homemaker Married,0.00630081300813,0.0445121951219512,United States 2006,0.0382113821138212,fresh_worse
FA,United States 2006 Female 35-44 Middle Working Married,0.0579710144927536,0.0289855072463768,United States 2006,-0.0289855072463768,fresh_better
FA,United States 2006 Female 45-54 High Working Divorced or separated,0.1290322580645161,0.1612903225806451,United States 2006,0.032258064516129004,fresh_worse
FA,United States 2006 Female 45-54 Middle Working Married,0.043010752688172,0.021505376344086,United States 2006,-0.021505376344086,fresh_better
FA,United States 2006 Female 55-64 Middle Homemaker Married,0.0289855072463768,0.072463768115942,United States 2006,0.0434782608695652,fresh_worse
FA,United States 2006 Female 55-64 Middle Retired Married,0.1,0.1,United States 2006,0.0,unchanged
FA,United States 2006 Female 55-64 Middle Working Divorced or separated,0.0720720720720721,0.045045045045045,United States 2006,-0.027027027027027098,fresh_better
FA,United States 2006 Female 55-64 Middle Working Married,0.05,0.0666666666666666,United States 2006,0.016666666666666594,fresh_worse
FA,United States 2006 Female 65-74 Middle Retired Divorced or separated,0.1222222222222222,0.0555555555555555,United States 2006,-0.06666666666666671,fresh_better
FA,United States 2006 Female 65-74 Middle Retired Married,0.043010752688172,0.1290322580645161,United States 2006,0.08602150537634409,fresh_worse
FA,United States 2006 Female 65-74 Middle Retired Widowed,0.056910569105691,0.08130081300813,United States 2006,0.024390243902438997,fresh_worse
FA,United States 2006 Female <25 Middle NA Single,0.0222222222222222,0.0296296296296296,United States 2006,0.007407407407407401,fresh_worse
FA,United States 2006 Female <25 Middle Working Single,0.1025641025641025,0.0769230769230769,United States 2006,-0.025641025641025605,fresh_better
FA,United States 2006 Male 25-34 High Working Married,0.0,0.0462962962962963,United States 2006,0.0462962962962963,fresh_worse
FA,United States 2006 Male 25-34 Middle Working Married,0.0217391304347827,0.0434782608695653,United States 2006,0.0217391304347826,fresh_worse
FA,United States 2006 Male 35-44 High Working Married,0.0196078431372549,0.0196078431372549,United States 2006,0.0,unchanged
FA,United States 2006 Male 35-44 High Working Single,0.0784313725490196,0.0392156862745098,United States 2006,-0.0392156862745098,fresh_better
FA,United States 2006 Male 35-44 Middle Working Married,0.0761904761904761,0.0380952380952381,United States 2006,-0.038095238095238,fresh_better
FA,United States 2006 Male 35-44 Middle Working Single,0.0808080808080808,0.0505050505050505,United States 2006,-0.030303030303030304,fresh_better
FA,United States 2006 Male 45-54 High Working Divorced or separated,0.0714285714285714,0.0238095238095238,United States 2006,-0.047619047619047596,fresh_better
FA,United States 2006 Male 45-54 High Working Married,0.037037037037037,0.037037037037037,United States 2006,0.0,unchanged
FA,United States 2006 Male 45-54 Middle NA Married,0.0454545454545454,0.1212121212121212,United States 2006,0.0757575757575758,fresh_worse
FA,United States 2006 Male 45-54 Middle Working Divorced or separated,0.0925925925925926,0.0462962962962963,United States 2006,-0.0462962962962963,fresh_better
FA,United States 2006 Male 45-54 Middle Working Married,0.0595238095238095,0.0357142857142857,United States 2006,-0.0238095238095238,fresh_better
FA,United States 2006 Male 55-64 Middle Retired Divorced or separated,0.1047619047619047,0.038095238095238,United States 2006,-0.0666666666666667,fresh_better
FA,United States 2006 Male 55-64 Middle Retired Married,0.0392156862745098,0.0490196078431372,United States 2006,0.009803921568627395,fresh_worse
FA,United States 2006 Male 65-74 High Retired Married,0.1388888888888889,0.125,United States 2006,-0.013888888888888895,fresh_better
FA,United States 2006 Male 65-74 Middle Retired Married,0.0133333333333333,0.0933333333333333,United States 2006,0.08,fresh_worse
FA,United States 2006 Male 75+ Middle Retired Married,0.1604938271604938,0.1234567901234568,United States 2006,-0.03703703703703699,fresh_better
FA,United States 2006 Male <25 Middle Working Single,0.0909090909090909,0.0,United States 2006,-0.0909090909090909,fresh_better
FA,United States 2017 Female 25-34 High Homemaker Married,0.1071428571428571,0.0952380952380952,United States 2017,-0.01190476190476189,fresh_better
FA,United States 2017 Female 25-34 High Working Cohabiting,0.0144927536231884,0.0507246376811594,United States 2017,0.036231884057971,fresh_worse
FA,United States 2017 Female 25-34 High Working Married,0.0441767068273092,0.036144578313253,United States 2017,-0.008032128514056207,fresh_better
FA,United States 2017 Female 25-34 High Working Single,0.0470218187609492,0.0216594999203695,United States 2017,-0.025362318840579698,fresh_better
FA,United States 2017 Female 25-34 Middle Homemaker Cohabiting,0.0666666666666667,0.05,United States 2017,-0.01666666666666669,fresh_better
FA,United States 2017 Female 25-34 Middle Homemaker Married,0.0363636363636363,0.0727272727272727,United States 2017,0.0363636363636364,fresh_worse
FA,United States 2017 Female 25-34 Middle Working Cohabiting,0.1531531531531531,0.036036036036036,United States 2017,-0.11711711711711709,fresh_better
FA,United States 2017 Female 25-34 Middle Working Married,0.0388888888888889,0.0111111111111111,United States 2017,-0.027777777777777804,fresh_better
FA,United States 2017 Female 25-34 Middle Working Single,0.1521739130434782,0.0869565217391304,United States 2017,-0.06521739130434778,fresh_better
FA,United States 2017 Female 35-44 High Homemaker Married,0.0266666666666666,0.0266666666666667,United States 2017,1.0061396160665481e-16,unchanged
FA,United States 2017 Female 35-44 High Working Divorced or separated,0.1379310344827586,0.0229885057471264,United States 2017,-0.1149425287356322,fresh_better
FA,United States 2017 Female 35-44 High Working Married,0.0444444444444444,0.074074074074074,United States 2017,0.029629629629629603,fresh_worse
FA,United States 2017 Female 35-44 Middle Homemaker Married,0.064516129032258,0.021505376344086,United States 2017,-0.04301075268817199,fresh_better
FA,United States 2017 Female 35-44 Middle Working Married,0.0507246376811594,0.0144927536231884,United States 2017,-0.036231884057971,fresh_better
FA,United States 2017 Female 45-54 High Homemaker Married,0.1538461538461538,0.0384615384615384,United States 2017,-0.11538461538461539,fresh_better
FA,United States 2017 Female 45-54 High Working Married,0.0170940170940171,0.0341880341880342,United States 2017,0.0170940170940171,fresh_worse
FA,United States 2017 Female 45-54 Middle Unemployed Divorced or separated,0.0555555555555555,0.0777777777777777,United States 2017,0.0222222222222222,fresh_worse
FA,United States 2017 Female 45-54 Middle Working Divorced or separated,0.0833333333333333,0.0416666666666666,United States 2017,-0.0416666666666667,fresh_better
FA,United States 2017 Female 45-54 Middle Working Married,0.0909090909090909,0.0,United States 2017,-0.0909090909090909,fresh_better
FA,United States 2017 Female 45-54 Middle Working Single,0.0138888888888888,0.0694444444444444,United States 2017,0.05555555555555561,fresh_worse
FA,United States 2017 Female 55-64 High Working Divorced or separated,0.057471264367816,0.0574712643678161,United States 2017,9.71445146547012e-17,unchanged
FA,United States 2017 Female 55-64 Middle Retired Married,0.0701754385964912,0.0789473684210526,United States 2017,0.008771929824561403,fresh_worse
FA,United States 2017 Female 55-64 Middle Working Married,0.0606060606060606,0.0757575757575757,United States 2017,0.015151515151515103,fresh_worse
FA,United States 2017 Female 65-74 Middle Retired Divorced or separated,0.0303030303030303,0.0303030303030303,United States 2017,0.0,unchanged
FA,United States 2017 Female 65-74 Middle Retired Married,0.119047619047619,0.0584415584415584,United States 2017,-0.0606060606060606,fresh_better
FA,United States 2017 Female 65-74 Middle Retired Widowed,0.1052631578947368,0.1052631578947368,United States 2017,0.0,unchanged
FA,United States 2017 Female <25 High Unemployed Single,0.0317460317460317,0.0634920634920634,United States 2017,0.0317460317460317,fresh_worse
FA,United States 2017 Female <25 High Working Single,0.0814814814814814,0.0296296296296297,United States 2017,-0.051851851851851705,fresh_better
FA,United States 2017 Female <25 Middle Unemployed Single,0.0486111111111111,0.0555555555555555,United States 2017,0.006944444444444399,fresh_worse
FA,United States 2017 Female <25 Middle Working Single,0.1366019118100524,0.1436941103916126,United States 2017,0.007092198581560183,fresh_worse
FA,United States 2017 Male 25-34 High Unemployed Single,0.0277777777777777,0.0694444444444444,United States 2017,0.041666666666666706,fresh_worse
FA,United States 2017 Male 25-34 High Working Cohabiting,0.1,0.1,United States 2017,0.0,unchanged
FA,United States 2017 Male 25-34 High Working Married,0.0833333333333333,0.0277777777777778,United States 2017,-0.0555555555555555,fresh_better
FA,United States 2017 Male 25-34 High Working Single,0.0888888888888889,0.1111111111111111,United States 2017,0.0222222222222222,fresh_worse
FA,United States 2017 Male 25-34 Middle Working Married,0.0677966101694915,0.0282485875706214,United States 2017,-0.039548022598870095,fresh_better
FA,United States 2017 Male 25-34 Middle Working Single,0.0650406504065041,0.065040650406504,United States 2017,-9.71445146547012e-17,unchanged
FA,United States 2017 Male 35-44 High Working Divorced or separated,0.0634920634920634,0.0158730158730159,United States 2017,-0.047619047619047505,fresh_better
FA,United States 2017 Male 35-44 High Working Married,0.1047619047619047,0.0095238095238095,United States 2017,-0.09523809523809519,fresh_better
FA,United States 2017 Male 35-44 High Working Single,0.0720720720720721,0.1081081081081081,United States 2017,0.036036036036036,fresh_worse
FA,United States 2017 Male 35-44 Middle Working Married,0.037037037037037,0.037037037037037,United States 2017,0.0,unchanged
FA,United States 2017 Male 45-54 High Unemployed Divorced or separated,0.106060606060606,0.1363636363636363,United States 2017,0.030303030303030304,fresh_worse
FA,United States 2017 Male 45-54 High Working Divorced or separated,0.0151515151515151,0.0151515151515152,United States 2017,1.0061396160665481e-16,unchanged
FA,United States 2017 Male 45-54 High Working Married,0.045045045045045,0.0315315315315315,United States 2017,-0.0135135135135135,fresh_better
FA,United States 2017 Male 45-54 Middle NA Married,0.256140350877193,0.156140350877193,United States 2017,-0.1,fresh_better
FA,United States 2017 Male 45-54 Middle Unemployed Married,0.1333333333333333,0.05,United States 2017,-0.0833333333333333,fresh_better
FA,United States 2017 Male 45-54 Middle Working Divorced or separated,0.0493827160493827,0.0555555555555555,United States 2017,0.0061728395061727975,fresh_worse
FA,United States 2017 Male 45-54 Middle Working Married,0.0894308943089431,0.056910569105691,United States 2017,-0.032520325203252105,fresh_better
FA,United States 2017 Male 45-54 Middle Working Single,0.1261261261261261,0.1171171171171171,United States 2017,-0.009009009009008986,fresh_better
FA,United States 2017 Male 55-64 High Retired Married,0.0727642276422764,0.0890243902439024,United States 2017,0.016260162601625994,fresh_worse
FA,United States 2017 Male 55-64 High Working Divorced or separated,0.0952380952380952,0.0238095238095238,United States 2017,-0.0714285714285714,fresh_better
FA,United States 2017 Male 55-64 High Working Married,0.0529100529100529,0.037037037037037,United States 2017,-0.0158730158730159,fresh_better
FA,United States 2017 Male 55-64 High Working Single,0.1975308641975308,0.1728395061728395,United States 2017,-0.0246913580246913,fresh_better
FA,United States 2017 Male 55-64 Middle Retired Divorced or separated,0.1111111111111111,0.0416666666666666,United States 2017,-0.0694444444444445,fresh_better
FA,United States 2017 Male 55-64 Middle Retired Married,0.0555555555555556,0.0555555555555555,United States 2017,-1.0408340855860843e-16,unchanged
FA,United States 2017 Male 55-64 Middle Working Married,0.1085271317829457,0.0310077519379844,United States 2017,-0.0775193798449613,fresh_better
FA,United States 2017 Male 65-74 High Retired Married,0.0353535353535353,0.0656565656565656,United States 2017,0.030303030303030297,fresh_worse
FA,United States 2017 Male 65-74 High Retired Widowed,0.0729166666666666,0.0416666666666666,United States 2017,-0.03125,fresh_better
FA,United States 2017 Male 65-74 High Working Married,0.0266666666666667,0.0,United States 2017,-0.0266666666666667,fresh_better
FA,United States 2017 Male 65-74 Middle Retired Married,0.0617283950617284,0.0246913580246913,United States 2017,-0.0370370370370371,fresh_better
FA,United States 2017 Male 65-74 Middle Retired Widowed,0.0493827160493827,0.037037037037037,United States 2017,-0.0123456790123457,fresh_better
FA,United States 2017 Male 75+ Middle Retired Married,0.1,0.1,United States 2017,0.0,unchanged
FA,United States 2017 Male <25 High Working Single,0.1010101010101011,0.0202020202020202,United States 2017,-0.08080808080808091,fresh_better
FA,United States 2017 Male <25 Middle Unemployed Single,0.1105128205128205,0.0976923076923077,United States 2017,-0.012820512820512803,fresh_better
FA,United States 2017 Male <25 Middle Working Single,0.0754052149400986,0.0644820295983086,United States 2017,-0.010923185341790001,fresh_better
NTP,Australia 1995 Female 25-34 High Homemaker Married,0.0961960124162337,0.0940608824067381,Australia 1995,-0.0021351300094955977,fresh_better
NTP,Australia 1995 Female 25-34 High Working Cohabiting,0.1538315029306843,0.1521620284751619,Australia 1995,-0.0016694744555224017,fresh_better
NTP,Australia 1995 Female 25-34 High Working Divorced or separated,0.0610824292689038,0.0629641185641246,Australia 1995,0.0018816892952207911,fresh_worse
NTP,Australia 1995 Female 25-34 High Working Married,0.1134993018848556,0.1146343049370062,Australia 1995,0.0011350030521505988,fresh_worse
NTP,Australia 1995 Female 25-34 High Working Single,0.0925079348758516,0.0911175721952631,Australia 1995,-0.0013903626805884944,fresh_better
NTP,Australia 1995 Female 25-34 Middle Homemaker Divorced or separated,0.0525836082796255,0.0511570408972723,Australia 1995,-0.0014265673823532013,fresh_better
NTP,Australia 1995 Female 25-34 Middle Homemaker Married,0.1683847693747831,0.169066591557315,Australia 1995,0.0006818221825318771,fresh_worse
NTP,Australia 1995 Female 25-34 Middle Working Divorced or separated,0.0976798052027348,0.0959714018395608,Australia 1995,-0.001708403363174002,fresh_better
NTP,Australia 1995 Female 25-34 Middle Working Married,0.1611318313167732,0.1616514302313948,Australia 1995,0.0005195989146216107,fresh_worse
NTP,Australia 1995 Female 35-44 High Working Married,0.138813617049406,0.1359494858770383,Australia 1995,-0.0028641311723676954,fresh_better
NTP,Australia 1995 Female 35-44 Middle Homemaker Married,0.1670704120149214,0.1661749988937567,Australia 1995,-0.000895413121164701,fresh_better
NTP,Australia 1995 Female 35-44 Middle Working Married,0.1296755557631452,0.128788268864213,Australia 1995,-0.0008872868989322213,fresh_better
NTP,Australia 1995 Female 45-54 High Homemaker Married,0.1482366267450606,0.1494031930069141,Australia 1995,0.001166566261853491,fresh_worse
NTP,Australia 1995 Female 45-54 High Retired Divorced or separated,0.0514433293183352,0.0505816347698245,Australia 1995,-0.0008616945485106983,fresh_better
NTP,Australia 1995 Female 45-54 High Working Married,0.1085770446153587,0.1094865222668704,Australia 1995,0.0009094776515116976,fresh_worse
NTP,Australia 1995 Female 45-54 Middle Homemaker Married,0.1042009140036034,0.1043485690045231,Australia 1995,0.0001476550009197053,fresh_worse
NTP,Australia 1995 Female 45-54 Middle Working Divorced or separated,0.040195115721198,0.0410814006180699,Australia 1995,0.0008862848968718973,fresh_worse
NTP,Australia 1995 Female 45-54 Middle Working Married,0.1128688915419617,0.1128828499012977,Australia 1995,1.395835933599987e-05,fresh_worse
NTP,Australia 1995 Female 55-64 Middle Retired Married,0.0991315328055757,0.1004326243786095,Australia 1995,0.0013010915730338052,fresh_worse
NTP,Australia 1995 Female 65-74 Middle Retired Married,0.0867192831523472,0.0878239550236251,Australia 1995,0.0011046718712778986,fresh_worse
NTP,Australia 1995 Female 65-74 Middle Retired Widowed,0.0807097057392548,0.0797321093252553,Australia 1995,-0.0009775964139994986,fresh_better
NTP,Australia 1995 Female 75+ Middle Retired Widowed,0.0637768964168794,0.0648756810528316,Australia 1995,0.001098784635952199,fresh_worse
NTP,Australia 1995 Female <25 High Student Single,0.1585047396927556,0.1564039604896123,Australia 1995,-0.002100779203143305,fresh_better
NTP,Australia 1995 Female <25 High Working Single,0.074346040861888,0.0751492618860118,Australia 1995,0.0008032210241238069,fresh_worse
NTP,Australia 1995 Female <25 Middle Student Single,0.0547532666341878,0.0550887893262267,Australia 1995,0.00033552269203889623,fresh_worse
NTP,Australia 1995 Female <25 Middle Working Single,0.065589962086003,0.0672972823545868,Australia 1995,0.0017073202685838063,fresh_worse
NTP,Australia 1995 Male 25-34 High Working Cohabiting,0.0051683642139488,0.0060587793053288,Australia 1995,0.0008904150913800002,fresh_worse
NTP,Australia 1995 Male 25-34 High Working Married,0.057351630394051,0.0502093118227727,Australia 1995,-0.007142318571278304,fresh_better
NTP,Australia 1995 Male 25-34 High Working Single,0.0318839985829515,0.0346297289453055,Australia 1995,0.002745730362353996,fresh_worse
NTP,Australia 1995 Male 25-34 Middle Working Cohabiting,0.0522989519750294,0.0495181900981154,Australia 1995,-0.0027807618769139994,fresh_better
NTP,Australia 1995 Male 25-34 Middle Working Married,0.08657867768996,0.0838925995231749,Australia 1995,-0.002686078166785094,fresh_better
NTP,Australia 1995 Male 25-34 Middle Working Single,0.0169730919429606,0.0140677182419233,Australia 1995,-0.0029053737010373004,fresh_better
NTP,Australia 1995 Male 35-44 High Working Married,0.0122123403396917,0.0085836335935089,Australia 1995,-0.0036287067461828,fresh_better
NTP,Australia 1995 Male 35-44 Middle NA Married,0.0786120955610558,0.0761516979839096,Australia 1995,-0.002460397577146209,fresh_better
NTP,Australia 1995 Male 35-44 Middle Working Married,0.0639662040387001,0.0569110141530508,Australia 1995,-0.0070551898856493,fresh_better
NTP,Australia 1995 Male 45-54 High Working Cohabiting,0.0353047582010428,0.0367974121660442,Australia 1995,0.0014926539650014017,fresh_worse
NTP,Australia 1995 Male 45-54 High Working Married,0.0290977652000505,0.0281678946897718,Australia 1995,-0.0009298705102787005,fresh_better
NTP,Australia 1995 Male 45-54 Middle Retired Married,0.0395221507430754,0.0385392590419708,Australia 1995,-0.0009828917011045976,fresh_better
NTP,Australia 1995 Male 45-54 Middle Working Married,0.0724532877116701,0.0728627298563726,Australia 1995,0.00040944214470249596,fresh_worse
NTP,Australia 1995 Male 55-64 Middle Retired Divorced or separated,0.0259227788426045,0.0246007437604512,Australia 1995,-0.0013220350821533007,fresh_better
NTP,Australia 1995 Male 55-64 Middle Retired Married,0.0938490183380918,0.0889638445619358,Australia 1995,-0.004885173776155993,fresh_better
NTP,Australia 1995 Male 55-64 Middle Working Married,0.0482281421067282,0.0526364058210828,Australia 1995,0.004408263714354606,fresh_worse
NTP,Australia 1995 Male 65-74 High Retired Married,0.1071960925892518,0.1067442085317347,Australia 1995,-0.0004518840575171018,fresh_better
NTP,Australia 1995 Male 65-74 Middle Retired Married,0.1341918040443921,0.1332330746285712,Australia 1995,-0.000958729415820897,fresh_better
NTP,Australia 1995 Male 65-74 Middle Retired Widowed,0.0325339594235022,0.0305631977595771,Australia 1995,-0.0019707616639251004,fresh_better
NTP,Australia 1995 Male 75+ Middle Retired Married,0.1200733110308647,0.1210813470174965,Australia 1995,0.0010080359866317945,fresh_worse
NTP,Australia 1995 Male <25 High Student Single,0.0465094051464941,0.0449062202111723,Australia 1995,-0.0016031849353217997,fresh_better
NTP,Australia 1995 Male <25 High Working Single,0.0838866615302256,0.0821716159535768,Australia 1995,-0.0017150455766487965,fresh_better
NTP,Australia 1995 Male <25 Middle Student Single,0.0685314907429692,0.06636408185769,Australia 1995,-0.0021674088852792067,fresh_better
NTP,Australia 1995 Male <25 Middle Working Single,0.0535118605452355,0.0483878932798292,Australia 1995,-0.005123967265406294,fresh_better
NTP,Australia 2005 Female 25-34 High Homemaker Married,0.0428457159728727,0.0443144874730551,Australia 2005,0.001468771500182403,fresh_worse
NTP,Australia 2005 Female 25-34 High Working Cohabiting,0.0922246609393153,0.0941471348841478,Australia 2005,0.001922473944832498,fresh_worse
NTP,Australia 2005 Female 25-34 High Working Married,0.1377107324643114,0.1377414810498789,Australia 2005,3.074858556750826e-05,fresh_worse
NTP,Australia 2005 Female 25-34 High Working Single,0.0469592718442005,0.0503159028652037,Australia 2005,0.003356631021003205,fresh_worse
NTP,Australia 2005 Female 35-44 High Working Divorced or separated,0.0388616419707735,0.0393776775673231,Australia 2005,0.0005160355965495994,fresh_worse
NTP,Australia 2005 Female 35-44 High Working Married,0.0751200436948325,0.0760559919649053,Australia 2005,0.0009359482700728033,fresh_worse
NTP,Australia 2005 Female 35-44 Middle Working Married,0.0331484501560528,0.0340400894435334,Australia 2005,0.0008916392874806015,fresh_worse
NTP,Australia 2005 Female 45-54 High Working Married,0.0699919442144722,0.0743344374240117,Australia 2005,0.0043424932095395,fresh_worse
NTP,Australia 2005 Female 45-54 Middle Retired Single,0.0625993414471546,0.0628424959684383,Australia 2005,0.00024315452128370607,fresh_worse
NTP,Australia 2005 Female 45-54 Middle Working Married,0.0176813795656095,0.0232961203860745,Australia 2005,0.005614740820464998,fresh_worse
NTP,Australia 2005 Female 55-64 High Working Married,0.0910406037760172,0.0925119092067797,Australia 2005,0.0014713054307624873,fresh_worse
NTP,Australia 2005 Female 55-64 Middle Homemaker Married,0.0361469317576849,0.0355331429446506,Australia 2005,-0.0006137888130343036,fresh_better
NTP,Australia 2005 Female 55-64 Middle Retired Divorced or separated,0.0512983640828342,0.0519327117421007,Australia 2005,0.0006343476592665029,fresh_worse
NTP,Australia 2005 Female 55-64 Middle Retired Married,0.04215725349604,0.0462462710389109,Australia 2005,0.004089017542870901,fresh_worse
NTP,Australia 2005 Female 55-64 Middle Working Married,0.1370770020302438,0.1391089299542496,Australia 2005,0.0020319279240057775,fresh_worse
NTP,Australia 2005 Female 65-74 High Retired Married,0.0858341762796045,0.0873469889097935,Australia 2005,0.0015128126301890005,fresh_worse
NTP,Australia 2005 Female 65-74 High Retired Widowed,0.0821140406069065,0.0846377732948877,Australia 2005,0.0025237326879812005,fresh_worse
NTP,Australia 2005 Female 65-74 Middle Retired Married,0.063564474633471,0.0670325916999687,Australia 2005,0.003468117066497703,fresh_worse
NTP,Australia 2005 Female 65-74 Middle Retired Widowed,0.0530791504752068,0.0527595888235088,Australia 2005,-0.00031956165169800405,fresh_better
NTP,Australia 2005 Female 75+ Middle Retired Widowed,0.0876741624634828,0.0902352710253004,Australia 2005,0.0025611085618176127,fresh_worse
NTP,Australia 2005 Female <25 High Working Single,0.0431710173120247,0.0409137218409584,Australia 2005,-0.0022572954710662965,fresh_better
NTP,Australia 2005 Male 25-34 High Working Married,0.0096262018082708,0.0097836697403066,Australia 2005,0.00015746793203580065,fresh_worse
NTP,Australia 2005 Male 25-34 High Working Single,0.0592925353685305,0.0552474342710637,Australia 2005,-0.004045101097466801,fresh_better
NTP,Australia 2005 Male 35-44 High Working Married,0.0563336617459414,0.0526949260036493,Australia 2005,-0.0036387357422921,fresh_better
NTP,Australia 2005 Male 35-44 Middle Working Married,0.0270262672775634,0.0287561341305133,Australia 2005,0.0017298668529499017,fresh_worse
NTP,Australia 2005 Male 35-44 Middle Working Single,0.0806027702721101,0.0780456425455907,Australia 2005,-0.0025571277265194065,fresh_better
NTP,Australia 2005 Male 45-54 High Working Divorced or separated,0.0323370149189775,0.0332669246116245,Australia 2005,0.0009299096926469949,fresh_worse
NTP,Australia 2005 Male 45-54 High Working Married,0.0232617733140404,0.0205384296637662,Australia 2005,-0.002723343650274202,fresh_better
NTP,Australia 2005 Male 45-54 Middle Working Married,0.03740108241291,0.0337317135135514,Australia 2005,-0.0036693688993586007,fresh_better
NTP,Australia 2005 Male 55-64 High Retired Married,0.0289556378215227,0.0302527078110325,Australia 2005,0.0012970699895097984,fresh_worse
NTP,Australia 2005 Male 55-64 High Working Married,0.0253381534914175,0.0270829076878359,Australia 2005,0.0017447541964184,fresh_worse
NTP,Australia 2005 Male 55-64 Middle Working Married,0.0457389833189654,0.0460489828525782,Australia 2005,0.0003099995336127981,fresh_worse
NTP,Australia 2005 Male 65-74 High Retired Married,0.098665548619042,0.1032970449894035,Australia 2005,0.00463149637036149,fresh_worse
NTP,Australia 2005 Male 65-74 Middle Retired Married,0.0435415270017847,0.0471214597847978,Australia 2005,0.0035799327830130998,fresh_worse
NTP,Australia 2005 Male 75+ Middle Retired Married,0.08093781090445,0.0840384790738736,Australia 2005,0.003100668169423601,fresh_worse
NTP,Australia 2005 Male <25 High Working Single,0.0531829213516579,0.054751712806224,Australia 2005,0.0015687914545661,fresh_worse
NTP,Australia 2018 Female 25-34 High Working Cohabiting,0.0227374780666211,0.0228518252097742,Australia 2018,0.00011434714315310124,fresh_worse
NTP,Australia 2018 Female 25-34 High Working Married,0.0868938183994032,0.085531154844439,Australia 2018,-0.0013626635549641997,fresh_better
NTP,Australia 2018 Female 25-34 High Working Single,0.0233292347760966,0.0257797832945833,Australia 2018,0.0024505485184866983,fresh_worse
NTP,Australia 2018 Female 25-34 Middle Working Married,0.0466619004294567,0.0467436317666138,Australia 2018,8.17313371571024e-05,fresh_worse
NTP,Australia 2018 Female 35-44 High Homemaker Married,0.0622637654317819,0.0626937514084592,Australia 2018,0.0004299859766773023,fresh_worse
NTP,Australia 2018 Female 35-44 High Working Cohabiting,0.0757527131276825,0.078566747014414,Australia 2018,0.0028140338867315012,fresh_worse
NTP,Australia 2018 Female 35-44 High Working Married,0.0465694593054286,0.0467057811415785,Australia 2018,0.00013632183614990107,fresh_worse
NTP,Australia 2018 Female 35-44 High Working Single,0.0597502237162837,0.0578048247266732,Australia 2018,-0.0019453989896104987,fresh_better
NTP,Australia 2018 Female 35-44 Middle Homemaker Married,0.0738263025525071,0.0734322667923998,Australia 2018,-0.00039403576010731134,fresh_better
NTP,Australia 2018 Female 35-44 Middle Working Married,0.0197657513507137,0.0205474786586743,Australia 2018,0.0007817273079606009,fresh_worse
NTP,Australia 2018 Female 45-54 High Working Married,0.049987390491689,0.0500265637742971,Australia 2018,3.91732826081001e-05,fresh_worse
NTP,Australia 2018 Female 45-54 Middle Working Cohabiting,0.0409816589695636,0.0423710566360219,Australia 2018,0.0013893976664582988,fresh_worse
NTP,Australia 2018 Female 45-54 Middle Working Married,0.0749167331818942,0.0764374328604914,Australia 2018,0.0015206996785972066,fresh_worse
NTP,Australia 2018 Female 55-64 High Working Divorced or separated,0.0677933233983076,0.0671766589953079,Australia 2018,-0.000616664402999692,fresh_better
NTP,Australia 2018 Female 55-64 High Working Married,0.0188560607355265,0.0177902260494601,Australia 2018,-0.0010658346860664032,fresh_better
NTP,Australia 2018 Female 55-64 Middle Retired Married,0.1078291374142282,0.1066697375488157,Australia 2018,-0.001159399865412497,fresh_better
NTP,Australia 2018 Female 55-64 Middle Working Divorced or separated,0.0359313778579235,0.038688503477734,Australia 2018,0.0027571256198105007,fresh_worse
NTP,Australia 2018 Female 55-64 Middle Working Married,0.0171429329381889,0.01438536781374,Australia 2018,-0.002757565124448901,fresh_better
NTP,Australia 2018 Female 55-64 Middle Working Widowed,0.062603656882568,0.0650036557563735,Australia 2018,0.0023999988738055006,fresh_worse
NTP,Australia 2018 Female 65-74 High Retired Married,0.1285907405338462,0.125520591009894,Australia 2018,-0.003070149523952209,fresh_better
NTP,Australia 2018 Female 65-74 High Retired Widowed,0.081299100924904,0.0776359803984759,Australia 2018,-0.0036631205264281014,fresh_better
NTP,Australia 2018 Female 65-74 Low Retired Married,0.0723587183024134,0.0718349476798955,Australia 2018,-0.0005237706225179051,fresh_better
NTP,Australia 2018 Female 65-74 Middle Retired Divorced or separated,0.0291718170229418,0.0288559653791005,Australia 2018,-0.0003158516438413021,fresh_better
NTP,Australia 2018 Female 65-74 Middle Retired Married,0.1047471015986921,0.1032734545236054,Australia 2018,-0.0014736470750867092,fresh_better
NTP,Australia 2018 Female 65-74 Middle Retired Widowed,0.0553674286892336,0.0522795723419142,Australia 2018,-0.0030878563473193954,fresh_better
NTP,Australia 2018 Female 75+ Low Retired Widowed,0.0463006836024747,0.0434554288283582,Australia 2018,-0.0028452547741164985,fresh_better
NTP,Australia 2018 Female 75+ Middle Retired Married,0.1470067752081723,0.1437106623124507,Australia 2018,-0.003296112895721598,fresh_better
NTP,Australia 2018 Female 75+ Middle Retired Widowed,0.0779380026956399,0.0787010251206721,Australia 2018,0.000763022425032206,fresh_worse
NTP,Australia 2018 Female <25 Middle Student Single,0.0357097797766999,0.0357855728034441,Australia 2018,7.579302674419475e-05,fresh_worse
NTP,Australia 2018 Female <25 Middle Working Single,0.0432886612471392,0.0439256428463461,Australia 2018,0.0006369815992069011,fresh_worse
NTP,Australia 2018 Male 25-34 High Working Married,0.0691227963061204,0.0695917950401932,Australia 2018,0.0004689987340728008,fresh_worse
NTP,Australia 2018 Male 25-34 High Working Single,0.0556234695738361,0.0601997236952799,Australia 2018,0.004576254121443801,fresh_worse
NTP,Australia 2018 Male 35-44 High Working Married,0.0315041559515521,0.0371180615699368,Australia 2018,0.0056139056183847,fresh_worse
NTP,Australia 2018 Male 35-44 Middle Working Married,0.0504915130087265,0.0480619005898305,Australia 2018,-0.002429612418895999,fresh_better
NTP,Australia 2018 Male 45-54 High Working Married,0.0134513709609479,0.01024973503769,Australia 2018,-0.0032016359232579002,fresh_better
NTP,Australia 2018 Male 45-54 Middle Working Married,0.0394440308316713,0.0381349868566638,Australia 2018,-0.0013090439750075011,fresh_better
NTP,Australia 2018 Male 45-54 Middle Working Single,0.0409543917112337,0.0421803449438501,Australia 2018,0.0012259532326164002,fresh_worse
NTP,Australia 2018 Male 55-64 High Unemployed Married,0.0836550772544883,0.0844665530003284,Australia 2018,0.000811475745840104,fresh_worse
NTP,Australia 2018 Male 55-64 High Working Married,0.0241711892385148,0.0272953227966625,Australia 2018,0.0031241335581476994,fresh_worse
NTP,Australia 2018 Male 55-64 Middle Working Divorced or separated,0.0276725014982124,0.0306973628166342,Australia 2018,0.0030248613184217996,fresh_worse
NTP,Australia 2018 Male 55-64 Middle Working Married,0.0265696792972876,0.027263791699155,Australia 2018,0.0006941124018674007,fresh_worse
NTP,Australia 2018 Male 65-74 High Retired Divorced or separated,0.0457263034062855,0.0444028623107897,Australia 2018,-0.0013234410954958004,fresh_better
NTP,Australia 2018 Male 65-74 High Retired Married,0.0347988244057412,0.0363235452534934,Australia 2018,0.001524720847752202,fresh_worse
NTP,Australia 2018 Male 65-74 Low Retired Married,0.0138325194862706,0.0109414015427189,Australia 2018,-0.0028911179435517007,fresh_better
NTP,Australia 2018 Male 65-74 Middle Retired Divorced or separated,0.0259303376256,0.023998239071447,Australia 2018,-0.0019320985541530014,fresh_better
NTP,Australia 2018 Male 65-74 Middle Retired Married,0.0225414543127698,0.019796061794302,Australia 2018,-0.0027453925184677992,fresh_better
NTP,Australia 2018 Male 75+ High Retired Married,0.0689472385725504,0.0718819620248262,Australia 2018,0.0029347234522758003,fresh_worse
NTP,Australia 2018 Male 75+ Low Retired Widowed,0.0135122621296972,0.0126819149536194,Australia 2018,-0.0008303471760778003,fresh_better
NTP,Australia 2018 Male 75+ Middle Retired Married,0.0809199561810366,0.0821337523615546,Australia 2018,0.0012137961805179925,fresh_worse
NTP,Australia 2018 Male <25 Middle Student Single,0.1117750532276026,0.1125334800997547,Australia 2018,0.0007584268721520931,fresh_worse
NTP,Germany 1997 Female 25-34 High Student Cohabiting,0.0173798841217325,0.0159628724762491,Germany 1997,-0.0014170116454834021,fresh_better
NTP,Germany 1997 Female 25-34 High Working Cohabiting,0.038488173204335,0.0408180826899313,Germany 1997,0.0023299094855962973,fresh_worse
NTP,Germany 1997 Female 25-34 High Working Married,0.0472206976006014,0.0508207368319836,Germany 1997,0.0036000392313821974,fresh_worse
NTP,Germany 1997 Female 25-34 High Working Single,0.0848280823039231,0.0887671209288786,Germany 1997,0.00393903862495551,fresh_worse
NTP,Germany 1997 Female 25-34 Middle Homemaker Married,0.0452280728146433,0.0432540849016872,Germany 1997,-0.001973987912956096,fresh_better
NTP,Germany 1997 Female 25-34 Middle NA Married,0.0497936898080057,0.0506554355677091,Germany 1997,0.0008617457597034014,fresh_worse
NTP,Germany 1997 Female 25-34 Middle Working Married,0.0172129013167927,0.0152004964512924,Germany 1997,-0.002012404865500299,fresh_better
NTP,Germany 1997 Female 25-34 Middle Working Single,0.0494376732012003,0.0523114864392728,Germany 1997,0.002873813238072502,fresh_worse
NTP,Germany 1997 Female 35-44 High Working Divorced or separated,0.0372220856776296,0.0396113864601786,Germany 1997,0.0023893007825490017,fresh_worse
NTP,Germany 1997 Female 35-44 High Working Married,0.0933092057387879,0.092663974007941,Germany 1997,-0.000645231730846893,fresh_better
NTP,Germany 1997 Female 35-44 Middle Unemployed Divorced or separated,0.1352803515979931,0.1339025355307672,Germany 1997,-0.0013778160672258954,fresh_better
NTP,Germany 1997 Female 35-44 Middle Working Divorced or separated,0.0144482591255967,0.0148477102520655,Germany 1997,0.00039945112646880103,fresh_worse
NTP,Germany 1997 Female 35-44 Middle Working Married,0.0401764650678619,0.0373393335658741,Germany 1997,-0.0028371315019877982,fresh_better
NTP,Germany 1997 Female 45-54 Middle Homemaker Married,0.0239523047182177,0.0230264244530364,Germany 1997,-0.000925880265181301,fresh_better
NTP,Germany 1997 Female 45-54 Middle Unemployed Married,0.0958701311872558,0.0952163227459763,Germany 1997,-0.0006538084412795048,fresh_better
NTP,Germany 1997 Female 45-54 Middle Working Married,0.0292385513038963,0.0273226858790973,Germany 1997,-0.0019158654247989973,fresh_better
NTP,Germany 1997 Female 55-64 High Retired Married,0.0358111963296929,0.0317701802704055,Germany 1997,-0.004041016059287403,fresh_better
NTP,Germany 1997 Female 55-64 Middle Retired Married,0.0552456454563087,0.0562433008331104,Germany 1997,0.000997655376801701,fresh_worse
NTP,Germany 1997 Female 55-64 Middle Retired Widowed,0.0496706386482475,0.0509773299317789,Germany 1997,0.0013066912835313985,fresh_worse
NTP,Germany 1997 Female 65-74 High Retired Widowed,0.0194332361043918,0.0210891258010851,Germany 1997,0.001655889696693301,fresh_worse
NTP,Germany 1997 Female 65-74 Low Retired Widowed,0.0635663830823655,0.0644077297499552,Germany 1997,0.0008413466675897124,fresh_worse
NTP,Germany 1997 Female 65-74 Middle Retired Divorced or separated,0.0418269208795022,0.0410630082172018,Germany 1997,-0.0007639126623003936,fresh_better
NTP,Germany 1997 Female 65-74 Middle Retired Married,0.0922384057193995,0.0913205631452031,Germany 1997,-0.0009178425741963869,fresh_better
NTP,Germany 1997 Female 65-74 Middle Retired Widowed,0.1110616899612875,0.1149761855054597,Germany 1997,0.003914495544172197,fresh_worse
NTP,Germany 1997 Female 75+ Middle Retired Widowed,0.0798394102071014,0.0828291098967212,Germany 1997,0.0029896996896197903,fresh_worse
NTP,Germany 1997 Female <25 High Student Single,0.0798803064276347,0.0815608175397522,Germany 1997,0.0016805111121174915,fresh_worse
NTP,Germany 1997 Female <25 High Working Single,0.0486679239141379,0.0436836337951591,Germany 1997,-0.004984290118978801,fresh_better
NTP,Germany 1997 Female <25 Middle Working Single,0.0397563763968052,0.0376877001186496,Germany 1997,-0.002068676278155601,fresh_better
NTP,Germany 1997 Male 25-34 High Student Single,0.1335485412517474,0.1349184285507722,Germany 1997,0.001369887299024819,fresh_worse
NTP,Germany 1997 Male 25-34 High Working Married,0.0487179907310443,0.054678732300767,Germany 1997,0.005960741569722705,fresh_worse
NTP,Germany 1997 Male 25-34 High Working Single,0.089483887777317,0.0854098755115349,Germany 1997,-0.0040740122657821065,fresh_better
NTP,Germany 1997 Male 25-34 Middle Unemployed Single,0.1376595954721169,0.1371399212062261,Germany 1997,-0.0005196742658908071,fresh_better
NTP,Germany 1997 Male 25-34 Middle Working Cohabiting,0.0254271693689666,0.0273286141608703,Germany 1997,0.001901444791903701,fresh_worse
NTP,Germany 1997 Male 25-34 Middle Working Married,0.0521226183534312,0.0477345104716563,Germany 1997,-0.004388107881774898,fresh_better
NTP,Germany 1997 Male 25-34 Middle Working Single,0.1052770410370277,0.1067296438263554,Germany 1997,0.0014526027893276977,fresh_worse
NTP,Germany 1997 Male 35-44 High Working Married,0.0380822834580645,0.0386683513319545,Germany 1997,0.0005860678738900046,fresh_worse
NTP,Germany 1997 Male 35-44 Middle Unemployed Married,0.1483133610389712,0.1481665510792006,Germany 1997,-0.00014680995977059408,fresh_better
NTP,Germany 1997 Male 35-44 Middle Working Divorced or separated,0.1354562236698705,0.1356655775810515,Germany 1997,0.00020935391118098723,fresh_worse
NTP,Germany 1997 Male 35-44 Middle Working Married,0.0630015167379469,0.0686966779423524,Germany 1997,0.005695161204405497,fresh_worse
NTP,Germany 1997 Male 45-54 High Working Married,0.0652157243115431,0.0706428026487374,Germany 1997,0.005427078337194302,fresh_worse
NTP,Germany 1997 Male 45-54 Middle Working Married,0.0518535424544678,0.0545540965669225,Germany 1997,0.002700554112454699,fresh_worse
NTP,Germany 1997 Male 55-64 High Retired Married,0.0515872801317731,0.0516687658728638,Germany 1997,8.148574109070189e-05,fresh_worse
NTP,Germany 1997 Male 55-64 Middle Retired Married,0.0414826151521164,0.045201105493918,Germany 1997,0.003718490341801599,fresh_worse
NTP,Germany 1997 Male 65-74 High Retired Married,0.0318125092006963,0.0307382029384604,Germany 1997,-0.0010743062622359037,fresh_better
NTP,Germany 1997 Male 65-74 Middle Retired Married,0.0813906349788379,0.0802244573649145,Germany 1997,-0.0011661776139234026,fresh_better
NTP,Germany 1997 Male 65-74 Middle Retired Widowed,0.0747134592406235,0.0772222293834026,Germany 1997,0.0025087701427791015,fresh_worse
NTP,Germany 1997 Male <25 High Student Cohabiting,0.0784640738607517,0.0787677043592072,Germany 1997,0.0003036304984554983,fresh_worse
NTP,Germany 1997 Male <25 High Student Single,0.0798170504057765,0.0770003709873516,Germany 1997,-0.0028166794184248944,fresh_better
NTP,Germany 1997 Male <25 Middle Working Single,0.0706328727734904,0.0700245365314706,Germany 1997,-0.0006083362420197941,fresh_better
NTP,Germany 2006 Female 25-34 High Homemaker Married,0.0634911386296152,0.0634444829260866,Germany 2006,-4.6655703528589165e-05,fresh_better
NTP,Germany 2006 Female 25-34 High Working Single,0.0250262026654513,0.0260266213079394,Germany 2006,0.0010004186424881004,fresh_worse
NTP,Germany 2006 Female 25-34 Middle Homemaker Married,0.0579523674484032,0.0558765562525234,Germany 2006,-0.0020758111958798023,fresh_better
NTP,Germany 2006 Female 25-34 Middle Working Married,0.0257455836576611,0.0298924277416192,Germany 2006,0.004146844083958098,fresh_worse
NTP,Germany 2006 Female 25-34 Middle Working Single,0.0537980992459889,0.0522971772347882,Germany 2006,-0.001500922011200695,fresh_better
NTP,Germany 2006 Female 35-44 High Working Married,0.0495901264765216,0.0477814638373699,Germany 2006,-0.0018086626391516994,fresh_better
NTP,Germany 2006 Female 35-44 Middle Unemployed Married,0.1384487460920775,0.1412675320599039,Germany 2006,0.0028187859678263927,fresh_worse
NTP,Germany 2006 Female 35-44 Middle Working Cohabiting,0.0436909117543745,0.042788096361246,Germany 2006,-0.0009028153931284963,fresh_better
NTP,Germany 2006 Female 35-44 Middle Working Divorced or separated,0.0561586178368724,0.0542314614873232,Germany 2006,-0.0019271563495492014,fresh_better
NTP,Germany 2006 Female 35-44 Middle Working Married,0.0178636243252177,0.0146669311175696,Germany 2006,-0.0031966932076481023,fresh_better
NTP,Germany 2006 Female 45-54 High Working Married,0.0510024393214752,0.0509363091776706,Germany 2006,-6.613014380459775e-05,fresh_better
NTP,Germany 2006 Female 45-54 Middle Homemaker Married,0.0688362050103024,0.0690888898592979,Germany 2006,0.0002526848489955019,fresh_worse
NTP,Germany 2006 Female 45-54 Middle Unemployed Divorced or separated,0.1316885182679426,0.1341603638524611,Germany 2006,0.002471845584518517,fresh_worse
NTP,Germany 2006 Female 45-54 Middle Unemployed Married,0.1920358929316827,0.1926405045656686,Germany 2006,0.0006046116339859242,fresh_worse
NTP,Germany 2006 Female 45-54 Middle Working Divorced or separated,0.0929259174750021,0.0924912582020919,Germany 2006,-0.00043465927291019835,fresh_better
NTP,Germany 2006 Female 45-54 Middle Working Married,0.0604494732238997,0.0611346059028642,Germany 2006,0.0006851326789645007,fresh_worse
NTP,Germany 2006 Female 55-64 Low Retired Married,0.1146312346635961,0.1174540037607445,Germany 2006,0.002822769097148403,fresh_worse
NTP,Germany 2006 Female 55-64 Low Retired Widowed,0.0608165345258182,0.0612548077399508,Germany 2006,0.00043827321413260345,fresh_worse
NTP,Germany 2006 Female 55-64 Middle Homemaker Married,0.0852514116037072,0.0863968436951651,Germany 2006,0.0011454320914578986,fresh_worse
NTP,Germany 2006 Female 55-64 Middle Retired Married,0.0434205836067605,0.0427394651864333,Germany 2006,-0.000681118420327205,fresh_better
NTP,Germany 2006 Female 55-64 Middle Retired Widowed,0.0640957610472122,0.0653934873589377,Germany 2006,0.0012977263117255056,fresh_worse
NTP,Germany 2006 Female 55-64 Middle Working Married,0.0467577342032677,0.0523870230872288,Germany 2006,0.005629288883961095,fresh_worse
NTP,Germany 2006 Female 65-74 High Retired Married,0.1013860812990746,0.1048666801122273,Germany 2006,0.0034805988131526994,fresh_worse
NTP,Germany 2006 Female 65-74 Low Retired Married,0.0808660684579047,0.0846932725562161,Germany 2006,0.0038272040983114014,fresh_worse
NTP,Germany 2006 Female 65-74 Low Retired Widowed,0.0651699209645867,0.0624546537250504,Germany 2006,-0.002715267239536294,fresh_better
NTP,Germany 2006 Female 65-74 Middle Retired Divorced or separated,0.148027876919756,0.1452285421116169,Germany 2006,-0.002799334808139098,fresh_better
NTP,Germany 2006 Female 65-74 Middle Retired Married,0.05300487467509,0.0564302292238053,Germany 2006,0.003425354548715301,fresh_worse
NTP,Germany 2006 Female 65-74 Middle Retired Widowed,0.0791586530626451,0.0783827916702115,Germany 2006,-0.0007758613924336022,fresh_better
NTP,Germany 2006 Female 75+ Low Retired Widowed,0.0966601454384647,0.0979032992120761,Germany 2006,0.0012431537736114079,fresh_worse
NTP,Germany 2006 Female 75+ Middle Retired Widowed,0.0908131009588637,0.0925193329234429,Germany 2006,0.0017062319645791968,fresh_worse
NTP,Germany 2006 Female <25 High Student Single,0.0479138157155582,0.0470744384162843,Germany 2006,-0.0008393772992738996,fresh_better
NTP,Germany 2006 Female <25 Middle Student Single,0.0972528079884094,0.0982164540777569,Germany 2006,0.0009636460893475002,fresh_worse
NTP,Germany 2006 Female <25 Middle Working Single,0.0398796100169418,0.0422096310014908,Germany 2006,0.002330020984549,fresh_worse
NTP,Germany 2006 Male 25-34 High Working Single,0.1181929049215146,0.1170498933416698,Germany 2006,-0.0011430115798447965,fresh_better
NTP,Germany 2006 Male 25-34 Middle Working Married,0.011502626071137,0.0141220525249616,Germany 2006,0.0026194264538246005,fresh_worse
NTP,Germany 2006 Male 25-34 Middle Working Single,0.0296855152229822,0.0290304627445023,Germany 2006,-0.0006550524784799013,fresh_better
NTP,Germany 2006 Male 35-44 High Working Married,0.0340319051233537,0.0372799837387548,Germany 2006,0.0032480786154010996,fresh_worse
NTP,Germany 2006 Male 35-44 Middle Working Married,0.0368015487367908,0.039024795096184,Germany 2006,0.002223246359393201,fresh_worse
NTP,Germany 2006 Male 45-54 High Working Married,0.0247753923037839,0.0300443345693417,Germany 2006,0.0052689422655578,fresh_worse
NTP,Germany 2006 Male 45-54 Middle Unemployed Married,0.1448835777485431,0.1467805239255835,Germany 2006,0.0018969461770403928,fresh_worse
NTP,Germany 2006 Male 45-54 Middle Working Divorced or separated,0.1195557526310243,0.1192107850282242,Germany 2006,-0.0003449676028001031,fresh_better
NTP,Germany 2006 Male 45-54 Middle Working Married,0.0573895486749824,0.0609642975907566,Germany 2006,0.003574748915774195,fresh_worse
NTP,Germany 2006 Male 55-64 High Retired Married,0.0452958825589855,0.0455393175177815,Germany 2006,0.00024343495879600163,fresh_worse
NTP,Germany 2006 Male 55-64 High Working Married,0.0619433230598913,0.0642435522194844,Germany 2006,0.0023002291595930965,fresh_worse
NTP,Germany 2006 Male 55-64 Middle Retired Married,0.0465697697032386,0.0444863897896951,Germany 2006,-0.002083379913543501,fresh_better
NTP,Germany 2006 Male 55-64 Middle Working Married,0.0301543687109683,0.0259640398541497,Germany 2006,-0.004190328856818599,fresh_better
NTP,Germany 2006 Male 65-74 High Retired Married,0.0601248576163591,0.0632613449374666,Germany 2006,0.003136487321107502,fresh_worse
NTP,Germany 2006 Male 65-74 Low Retired Married,0.0662832365106276,0.0670182559456371,Germany 2006,0.0007350194350094902,fresh_worse
NTP,Germany 2006 Male 65-74 Middle Retired Married,0.0391509421649112,0.0386182244163156,Germany 2006,-0.0005327177485955972,fresh_better
NTP,Germany 2006 Male 65-74 Middle Retired Single,0.1627052452890187,0.1626534656366842,Germany 2006,-5.1779652334493775e-05,fresh_better
NTP,Germany 2006 Male 65-74 Middle Retired Widowed,0.0879340032671953,0.0882326146489878,Germany 2006,0.0002986113817924907,fresh_worse
NTP,Germany 2006 Male 75+ Middle Retired Married,0.0609571534891923,0.0657086938691127,Germany 2006,0.004751540379920399,fresh_worse
NTP,Germany 2006 Male <25 High Student Single,0.017831700722663,0.0193715527061855,Germany 2006,0.0015398519835224979,fresh_worse
NTP,Germany 2006 Male <25 Middle Student Single,0.0681512616781724,0.0717749467635705,Germany 2006,0.0036236850853981067,fresh_worse
NTP,Germany 2006 Male <25 Middle Working Single,0.0435534482962931,0.0450691744163681,Germany 2006,0.0015157261200750005,fresh_worse
NTP,Germany 2018 Female 25-34 High Working Cohabiting,0.0524577465580983,0.0538340174912438,Germany 2018,0.0013762709331454973,fresh_worse
NTP,Germany 2018 Female 25-34 Middle Working Cohabiting,0.1098205648419076,0.1093724619665927,Germany 2018,-0.0004481028753148958,fresh_better
NTP,Germany 2018 Female 25-34 Middle Working Single,0.0249554558217317,0.0248872492125234,Germany 2018,-6.820660920830307e-05,fresh_better
NTP,Germany 2018 Female 35-44 High Homemaker Married,0.070550332777202,0.0688336199459099,Germany 2018,-0.0017167128312920998,fresh_better
NTP,Germany 2018 Female 35-44 High Working Married,0.026602964334447,0.0289467230119911,Germany 2018,0.0023437586775440986,fresh_worse
NTP,Germany 2018 Female 35-44 Middle Working Married,0.0523692735445661,0.0523911187767498,Germany 2018,2.1845232183695384e-05,fresh_worse
NTP,Germany 2018 Female 45-54 High Working Married,0.0344188942884404,0.0355545238623269,Germany 2018,0.0011356295738865,fresh_worse
NTP,Germany 2018 Female 45-54 High Working Single,0.0128839314412114,0.0115261507735436,Germany 2018,-0.0013577806676678007,fresh_better
NTP,Germany 2018 Female 45-54 Middle Working Divorced or separated,0.0044009046870525,0.0050912428022709,Germany 2018,0.0006903381152184003,fresh_worse
NTP,Germany 2018 Female 45-54 Middle Working Married,0.0220787302272296,0.0225453660065437,Germany 2018,0.00046663577931409933,fresh_worse
NTP,Germany 2018 Female 55-64 Middle Homemaker Married,0.0761908590379688,0.0782716278303184,Germany 2018,0.0020807687923495993,fresh_worse
NTP,Germany 2018 Female 55-64 Middle Working Married,0.0305725814870152,0.0258320577021566,Germany 2018,-0.004740523784858602,fresh_better
NTP,Germany 2018 Female 65-74 High Retired Widowed,0.0305402943060971,0.0319598635923914,Germany 2018,0.0014195692862942963,fresh_worse
NTP,Germany 2018 Female 65-74 Low Retired Married,0.0607164327994108,0.0591924849143455,Germany 2018,-0.0015239478850653035,fresh_better
NTP,Germany 2018 Female 65-74 Middle Retired Married,0.0541225972017214,0.060495223750568,Germany 2018,0.006372626548846599,fresh_worse
NTP,Germany 2018 Female 65-74 Middle Retired Widowed,0.0276420409597146,0.0283260933541863,Germany 2018,0.0006840523944716993,fresh_worse
NTP,Germany 2018 Female 75+ Low Retired Widowed,0.039672771425939,0.0406855337533277,Germany 2018,0.0010127623273886999,fresh_worse
NTP,Germany 2018 Female 75+ Middle Retired Married,0.0341379894682812,0.0378534444329874,Germany 2018,0.003715454964706204,fresh_worse
NTP,Germany 2018 Female 75+ Middle Retired Widowed,0.05776031516578,0.0558982916188119,Germany 2018,-0.0018620235469681001,fresh_better
NTP,Germany 2018 Female <25 Middle Student Single,0.0437740251798128,0.0457265238862556,Germany 2018,0.001952498706442804,fresh_worse
NTP,Germany 2018 Male 25-34 High Working Married,0.126343701389574,0.1233218992428918,Germany 2018,-0.0030218021466821843,fresh_better
NTP,Germany 2018 Male 25-34 High Working Single,0.0395091672362101,0.0427279210596599,Germany 2018,0.003218753823449799,fresh_worse
NTP,Germany 2018 Male 25-34 Middle Student Cohabiting,0.0400645205351923,0.0402012198845104,Germany 2018,0.0001366993493180993,fresh_worse
NTP,Germany 2018 Male 25-34 Middle Student Single,0.1351792231197217,0.1362808226547957,Germany 2018,0.0011015995350740215,fresh_worse
NTP,Germany 2018 Male 25-34 Middle Working Married,0.071040969196474,0.0686588749847513,Germany 2018,-0.002382094211722696,fresh_better
NTP,Germany 2018 Male 25-34 Middle Working Single,0.0589467201196978,0.0559142710214192,Germany 2018,-0.0030324490982786,fresh_better
NTP,Germany 2018 Male 35-44 High Working Married,0.0154142077080905,0.0113942311696404,Germany 2018,-0.0040199765384501,fresh_better
NTP,Germany 2018 Male 35-44 Middle Working Married,0.0285373989902172,0.0249951779860813,Germany 2018,-0.003542221004135898,fresh_better
NTP,Germany 2018 Male 45-54 High Working Married,0.0296106239159902,0.0280668271291214,Germany 2018,-0.0015437967868687993,fresh_better
NTP,Germany 2018 Male 45-54 Middle Working Divorced or separated,0.0849930778818412,0.0871997494644779,Germany 2018,0.002206671582636696,fresh_worse
NTP,Germany 2018 Male 45-54 Middle Working Married,0.0417972483934881,0.0418166682900658,Germany 2018,1.9419896577700657e-05,fresh_worse
NTP,Germany 2018 Male 55-64 High Working Married,0.0733811885561971,0.0755408530383004,Germany 2018,0.0021596644821032934,fresh_worse
NTP,Germany 2018 Male 55-64 Middle Working Married,0.0519483163008007,0.0537216205333004,Germany 2018,0.0017733042324997034,fresh_worse
NTP,Germany 2018 Male 65-74 High Retired Divorced or separated,0.0267453807755373,0.0283830885072342,Germany 2018,0.0016377077316968996,fresh_worse
NTP,Germany 2018 Male 65-74 High Retired Married,0.0331808796063773,0.035158988413419,Germany 2018,0.0019781088070417036,fresh_worse
NTP,Germany 2018 Male 65-74 Middle Retired Married,0.041175729047907,0.0391148520296113,Germany 2018,-0.002060877018295701,fresh_better
NTP,Germany 2018 Male 75+ High Retired Married,0.0546870223143032,0.0577815405069505,Germany 2018,0.0030945181926472984,fresh_worse
NTP,Germany 2018 Male 75+ Middle Retired Married,0.0539768800967269,0.0527671828288369,Germany 2018,-0.0012096972678900045,fresh_better
NTP,Germany 2018 Male 75+ Middle Retired Widowed,0.0544034606679922,0.0544535649845541,Germany 2018,5.0104316561903894e-05,fresh_worse
NTP,Germany 2018 Male <25 Middle Student Single,0.0472380687909511,0.0487985400603573,Germany 2018,0.0015604712694061995,fresh_worse
NTP,Mexico 1996 Female 25-34 High Homemaker Married,0.0865399458135168,0.0862691782290542,Mexico 1996,-0.0002707675844626084,fresh_better
NTP,Mexico 1996 Female 25-34 High Working Cohabiting,0.1255254290231011,0.1275383740785191,Mexico 1996,0.0020129450554179917,fresh_worse
NTP,Mexico 1996 Female 25-34 High Working Married,0.1148657644299245,0.1157413175128632,Mexico 1996,0.0008755530829387126,fresh_worse
NTP,Mexico 1996 Female 25-34 High Working Single,0.1461204286043841,0.1400535771134334,Mexico 1996,-0.006066851490950709,fresh_better
NTP,Mexico 1996 Female 25-34 Low Homemaker Married,0.1641552105430422,0.1630044228655852,Mexico 1996,-0.0011507876774569936,fresh_better
NTP,Mexico 1996 Female 25-34 Middle Homemaker Married,0.0642639136111194,0.0603151659004127,Mexico 1996,-0.003948747710706697,fresh_better
NTP,Mexico 1996 Female 25-34 Middle Unemployed Married,0.1040212723513688,0.1033206761410435,Mexico 1996,-0.0007005962103252966,fresh_better
NTP,Mexico 1996 Female 25-34 Middle Working Divorced or separated,0.1428898691231834,0.1422750312165418,Mexico 1996,-0.0006148379066416021,fresh_better
NTP,Mexico 1996 Female 25-34 Middle Working Married,0.0664045645213282,0.0684092441428834,Mexico 1996,0.0020046796215551915,fresh_worse
NTP,Mexico 1996 Female 25-34 Middle Working Single,0.059389186434002,0.053530722568361,Mexico 1996,-0.005858463865640998,fresh_better
NTP,Mexico 1996 Female 35-44 High Working Married,0.087647594398468,0.0913356089948118,Mexico 1996,0.003688014596343797,fresh_worse
NTP,Mexico 1996 Female 35-44 Middle Homemaker Married,0.0817427547881379,0.0811352377184158,Mexico 1996,-0.000607517069722105,fresh_better
NTP,Mexico 1996 Female 45-54 Low Homemaker Married,0.0698333894325569,0.0666624474923784,Mexico 1996,-0.003170941940178501,fresh_better
NTP,Mexico 1996 Female 45-54 Low Homemaker Widowed,0.1425056736916303,0.1413938905210756,Mexico 1996,-0.0011117831705547143,fresh_better
NTP,Mexico 1996 Female 45-54 Middle Homemaker Married,0.0760057768710548,0.0782090928117637,Mexico 1996,0.002203315940708911,fresh_worse
NTP,Mexico 1996 Female 55-64 Middle Working Widowed,0.1270619844453353,0.1289498232770124,Mexico 1996,0.001887838831677091,fresh_worse
NTP,Mexico 1996 Female <25 High Student Single,0.0740818402339374,0.0725679320563281,Mexico 1996,-0.0015139081776092966,fresh_better
NTP,Mexico 1996 Female <25 High Working Single,0.1410191027551059,0.1367812848813036,Mexico 1996,-0.004237817873802313,fresh_better
NTP,Mexico 1996 Female <25 Middle Homemaker Married,0.1359768884508433,0.1362319836044389,Mexico 1996,0.00025509515359559143,fresh_worse
NTP,Mexico 1996 Female <25 Middle Student Single,0.126443014248754,0.1251871771311048,Mexico 1996,-0.0012558371176492056,fresh_better
NTP,Mexico 1996 Female <25 Middle Working Single,0.0824052390520168,0.0767650225812712,Mexico 1996,-0.005640216470745599,fresh_better
NTP,Mexico 1996 Male 25-34 High Unemployed Married,0.0643890948397003,0.0644749028255924,Mexico 1996,8.580798589209737e-05,fresh_worse
NTP,Mexico 1996 Male 25-34 High Working Cohabiting,0.1451406748402597,0.1447263059876889,Mexico 1996,-0.00041436885257079004,fresh_better
NTP,Mexico 1996 Male 25-34 High Working Married,0.0715724428801741,0.0712895036813361,Mexico 1996,-0.00028293919883799756,fresh_better
NTP,Mexico 1996 Male 25-34 High Working Single,0.1038561060987336,0.1014564000990284,Mexico 1996,-0.0023997059997051956,fresh_better
NTP,Mexico 1996 Male 25-34 Middle Working Cohabiting,0.0916509260964948,0.0925967942046536,Mexico 1996,0.00094586810815879,fresh_worse
NTP,Mexico 1996 Male 25-34 Middle Working Married,0.0694612834311801,0.0703759493229013,Mexico 1996,0.000914665891721192,fresh_worse
NTP,Mexico 1996 Male 25-34 Middle Working Single,0.1595143646123138,0.1614490849361109,Mexico 1996,0.0019347203237971011,fresh_worse
NTP,Mexico 1996 Male 35-44 High Working Married,0.0902128380645687,0.0928963052691325,Mexico 1996,0.0026834672045638053,fresh_worse
NTP,Mexico 1996 Male 35-44 Middle Working Married,0.0804852762248838,0.0775637566056192,Mexico 1996,-0.0029215196192645954,fresh_better
NTP,Mexico 1996 Male 35-44 Middle Working Single,0.1230766299768939,0.1228695125643874,Mexico 1996,-0.00020711741250650784,fresh_better
NTP,Mexico 1996 Male 45-54 High Working Married,0.089898646446646,0.0886791661434761,Mexico 1996,-0.0012194803031699009,fresh_better
NTP,Mexico 1996 Male 45-54 Low Unemployed Divorced or separated,0.0744510571161905,0.0729845341115655,Mexico 1996,-0.001466523004625006,fresh_better
NTP,Mexico 1996 Male 45-54 Low Working Married,0.109014197755605,0.1094880079499493,Mexico 1996,0.0004738101943442957,fresh_worse
NTP,Mexico 1996 Male 45-54 Middle Working Married,0.10318365325617,0.1058893046005771,Mexico 1996,0.0027056513444071034,fresh_worse
NTP,Mexico 1996 Male <25 High Student Single,0.0571445680264407,0.0549577108873201,Mexico 1996,-0.0021868571391205974,fresh_better
NTP,Mexico 1996 Male <25 High Working Single,0.1028784633122591,0.0988788161582786,Mexico 1996,-0.00399964715398049,fresh_better
NTP,Mexico 1996 Male <25 Middle Student Single,0.1267827431324358,0.12644249978649,Mexico 1996,-0.00034024334594578987,fresh_better
NTP,Mexico 1996 Male <25 Middle Unemployed Single,0.1187956963930233,0.1184401717265554,Mexico 1996,-0.0003555246664679046,fresh_better
NTP,Mexico 1996 Male <25 Middle Working Single,0.0879521630815274,0.084651682922247,Mexico 1996,-0.003300480159280389,fresh_better
NTP,Mexico 2005 Female 25-34 High Homemaker Married,0.157642283445845,0.1546401350280682,Mexico 2005,-0.0030021484177767954,fresh_better
NTP,Mexico 2005 Female 25-34 High Working Married,0.0985024224804798,0.1007653975238205,Mexico 2005,0.0022629750433406925,fresh_worse
NTP,Mexico 2005 Female 25-34 High Working Single,0.1963261579124569,0.1951179208801736,Mexico 2005,-0.001208237032283288,fresh_better
NTP,Mexico 2005 Female 25-34 Low Homemaker Married,0.1758169872715833,0.1735134201083843,Mexico 2005,-0.0023035671631989885,fresh_better
NTP,Mexico 2005 Female 25-34 Middle Homemaker Cohabiting,0.1436259253812885,0.1441499575890556,Mexico 2005,0.0005240322077671167,fresh_worse
NTP,Mexico 2005 Female 25-34 Middle Homemaker Married,0.1763758243034607,0.1741165081116895,Mexico 2005,-0.0022593161917711935,fresh_better
NTP,Mexico 2005 Female 25-34 Middle Working Married,0.1411966485249107,0.1403754398765898,Mexico 2005,-0.0008212086483209147,fresh_better
NTP,Mexico 2005 Female 35-44 High Homemaker Married,0.1597385005138459,0.1596163641568968,Mexico 2005,-0.00012213635694907632,fresh_better
NTP,Mexico 2005 Female 35-44 High Working Married,0.1894800753581027,0.1922408151029316,Mexico 2005,0.0027607397448288773,fresh_worse
NTP,Mexico 2005 Female 35-44 Middle Homemaker Cohabiting,0.1909490821906078,0.1935699373190345,Mexico 2005,0.002620855128426691,fresh_worse
NTP,Mexico 2005 Female 35-44 Middle Homemaker Married,0.1705320452711259,0.1761933898861711,Mexico 2005,0.005661344615045194,fresh_worse
NTP,Mexico 2005 Female 35-44 Middle Working Divorced or separated,0.1081126401659802,0.108720064086753,Mexico 2005,0.000607423920772801,fresh_worse
NTP,Mexico 2005 Female 45-54 Low Homemaker Married,0.1557664043964849,0.1566902808097474,Mexico 2005,0.0009238764132624977,fresh_worse
NTP,Mexico 2005 Female 45-54 Middle Homemaker Married,0.1162006818217996,0.115725138715664,Mexico 2005,-0.00047554310613559525,fresh_better
NTP,Mexico 2005 Female 55-64 Low Homemaker Married,0.0862315581352623,0.0861363567518536,Mexico 2005,-9.520138340869677e-05,fresh_better
NTP,Mexico 2005 Female 55-64 Middle Homemaker Married,0.0986675146656732,0.1017540109640734,Mexico 2005,0.0030864962984002015,fresh_worse
NTP,Mexico 2005 Female 65-74 Low Homemaker Widowed,0.1284453632074529,0.1326889349261409,Mexico 2005,0.0042435717186879995,fresh_worse
NTP,Mexico 2005 Female 65-74 Middle Retired Widowed,0.0706471478721746,0.0700134357295415,Mexico 2005,-0.0006337121426331083,fresh_better
NTP,Mexico 2005 Female <25 High Student Single,0.1256111766816231,0.1278214364352235,Mexico 2005,0.0022102597536003965,fresh_worse
NTP,Mexico 2005 Female <25 High Working Single,0.0988113821341515,0.1013965359988391,Mexico 2005,0.002585153864687606,fresh_worse
NTP,Mexico 2005 Female <25 Middle Homemaker Single,0.2304732768610119,0.2317263604920344,Mexico 2005,0.0012530836310225002,fresh_worse
NTP,Mexico 2005 Female NA Low Homemaker Cohabiting,0.0569448478030736,0.0571580136010702,Mexico 2005,0.00021316579799660063,fresh_worse
NTP,Mexico 2005 Female NA Low Homemaker Married,0.0651173307314574,0.0666092727708167,Mexico 2005,0.0014919420393593036,fresh_worse
NTP,Mexico 2005 Male 25-34 High Working Married,0.1391836879437492,0.1380421329942401,Mexico 2005,-0.0011415549495090993,fresh_better
NTP,Mexico 2005 Male 25-34 High Working Single,0.153588497457472,0.158192555767708,Mexico 2005,0.004604058310235998,fresh_worse
NTP,Mexico 2005 Male 25-34 Middle Working Cohabiting,0.1375754729120268,0.135981035241883,Mexico 2005,-0.001594437670143778,fresh_better
NTP,Mexico 2005 Male 25-34 Middle Working Married,0.1511791016276183,0.1502035482507107,Mexico 2005,-0.0009755533769076064,fresh_better
NTP,Mexico 2005 Male 25-34 Middle Working Single,0.1430056426053246,0.1419001734686155,Mexico 2005,-0.001105469136709114,fresh_better
NTP,Mexico 2005 Male 35-44 High Working Married,0.12989841257922,0.129183740258778,Mexico 2005,-0.0007146723204420058,fresh_better
NTP,Mexico 2005 Male 35-44 Middle Working Cohabiting,0.0663279702287468,0.0662274807318408,Mexico 2005,-0.00010048949690599773,fresh_better
NTP,Mexico 2005 Male 35-44 Middle Working Married,0.1253298645066778,0.122866416695149,Mexico 2005,-0.002463447811528796,fresh_better
NTP,Mexico 2005 Male 45-54 High Working Married,0.146165013881334,0.1484199419960295,Mexico 2005,0.0022549281146955202,fresh_worse
NTP,Mexico 2005 Male 45-54 Low Working Cohabiting,0.0766159702308368,0.0765321998734216,Mexico 2005,-8.377035741520544e-05,fresh_better
NTP,Mexico 2005 Male 45-54 Low Working Married,0.0703750175750281,0.0685909698570368,Mexico 2005,-0.0017840477179913022,fresh_better
NTP,Mexico 2005 Male 45-54 Middle Unemployed Married,0.0850423315057046,0.0843846745904428,Mexico 2005,-0.0006576569152618034,fresh_better
NTP,Mexico 2005 Male 45-54 Middle Working Married,0.1337128979819163,0.1350374435060474,Mexico 2005,0.00132454552413111,fresh_worse
NTP,Mexico 2005 Male 55-64 Low Unemployed Married,0.1300114998593927,0.126307832024874,Mexico 2005,-0.003703667834518698,fresh_better
NTP,Mexico 2005 Male 55-64 Low Working Married,0.0989703171943249,0.0975172632585025,Mexico 2005,-0.0014530539358224015,fresh_better
NTP,Mexico 2005 Male 55-64 Middle Working Married,0.1281613411459451,0.1301384866297845,Mexico 2005,0.0019771454838393987,fresh_worse
NTP,Mexico 2005 Male 55-64 Middle Working Single,0.0718593631331214,0.0720967243553798,Mexico 2005,0.00023736122225839762,fresh_worse
NTP,Mexico 2005 Male <25 High Student Single,0.1195872586121726,0.1162096126364485,Mexico 2005,-0.003377645975724111,fresh_better
NTP,Mexico 2005 Male <25 High Working Single,0.159970269192955,0.1664092387609214,Mexico 2005,0.006438969567966385,fresh_worse
NTP,Mexico 2005 Male <25 Middle Student Single,0.1079090150102736,0.1075196977091131,Mexico 2005,-0.00038931730116049945,fresh_better
NTP,Mexico 2005 Male <25 Middle Working Married,0.1507515475257402,0.1483974223789665,Mexico 2005,-0.002354125146773689,fresh_better
NTP,Mexico 2005 Male <25 Middle Working Single,0.1320047328145139,0.1338346600510924,Mexico 2005,0.0018299272365785157,fresh_worse
NTP,Mexico 2018 Female 25-34 High Homemaker Married,0.1841007086677828,0.1802492823159319,Mexico 2018,-0.0038514263518509007,fresh_better
NTP,Mexico 2018 Female 25-34 High Working Married,0.1414167820475995,0.1388389858474611,Mexico 2018,-0.002577796200138399,fresh_better
NTP,Mexico 2018 Female 25-34 Low Homemaker Married,0.1111451036607224,0.1075455534052814,Mexico 2018,-0.0035995502554410086,fresh_better
NTP,Mexico 2018 Female 25-34 Low Working Married,0.1180251206840491,0.1174636170063493,Mexico 2018,-0.0005615036776998039,fresh_better
NTP,Mexico 2018 Female 25-34 Middle Homemaker Cohabiting,0.1475447386037558,0.146071771600631,Mexico 2018,-0.0014729670031247977,fresh_better
NTP,Mexico 2018 Female 25-34 Middle Homemaker Married,0.1643988404310111,0.1623673224208184,Mexico 2018,-0.0020315180101927177,fresh_better
NTP,Mexico 2018 Female 25-34 Middle Working Married,0.0928053872970243,0.0877071451679558,Mexico 2018,-0.005098242129068495,fresh_better
NTP,Mexico 2018 Female 25-34 Middle Working Single,0.185828331259753,0.1832399790449677,Mexico 2018,-0.0025883522147853166,fresh_better
NTP,Mexico 2018 Female 35-44 Middle Homemaker Cohabiting,0.1371341291275148,0.1366274443512212,Mexico 2018,-0.0005066847762935922,fresh_better
NTP,Mexico 2018 Female 35-44 Middle Homemaker Married,0.1442230910008007,0.1413386789330223,Mexico 2018,-0.002884412067778397,fresh_better
NTP,Mexico 2018 Female 35-44 Middle Working Cohabiting,0.1714964624155651,0.169197408416326,Mexico 2018,-0.0022990539992391035,fresh_better
NTP,Mexico 2018 Female 35-44 Middle Working Divorced or separated,0.1195794618378083,0.1156589917525042,Mexico 2018,-0.003920470085304106,fresh_better
NTP,Mexico 2018 Female 35-44 Middle Working Married,0.1451466193174321,0.142770114989144,Mexico 2018,-0.0023765043282881204,fresh_better
NTP,Mexico 2018 Female 45-54 Low Homemaker Cohabiting,0.1674941239878535,0.1656042287119199,Mexico 2018,-0.001889895275933584,fresh_better
NTP,Mexico 2018 Female 45-54 Low Homemaker Married,0.1501142394238263,0.1495042209886087,Mexico 2018,-0.0006100184352176019,fresh_better
NTP,Mexico 2018 Female 45-54 Middle Homemaker Married,0.1879156769340871,0.1873512133262558,Mexico 2018,-0.0005644636078313003,fresh_better
NTP,Mexico 2018 Female 45-54 Middle Working Married,0.1602466328730506,0.1575292234986124,Mexico 2018,-0.0027174093744382066,fresh_better
NTP,Mexico 2018 Female 55-64 Low Homemaker Married,0.1053638890385624,0.107972801540046,Mexico 2018,0.0026089125014835957,fresh_worse
NTP,Mexico 2018 Female 55-64 Low Working Divorced or separated,0.1011655626508096,0.0977970608367079,Mexico 2018,-0.0033685018141016987,fresh_better
NTP,Mexico 2018 Female 55-64 Low Working Married,0.0594728590490726,0.0586615591505251,Mexico 2018,-0.0008112998985475017,fresh_better
NTP,Mexico 2018 Female 65-74 Low Homemaker Married,0.1255140146861474,0.1268888951410054,Mexico 2018,0.0013748804548580074,fresh_worse
NTP,Mexico 2018 Female 65-74 Low Homemaker Widowed,0.1249997898498002,0.1233940802673355,Mexico 2018,-0.0016057095824646983,fresh_better
NTP,Mexico 2018 Female 65-74 Low Working Widowed,0.1193766890662825,0.1165389501915253,Mexico 2018,-0.0028377388747572035,fresh_better
NTP,Mexico 2018 Female <25 Middle Student Single,0.2412249086435227,0.2388088740550579,Mexico 2018,-0.0024160345884647882,fresh_better
NTP,Mexico 2018 Female <25 Middle Working Cohabiting,0.1030468033451555,0.1026890707035884,Mexico 2018,-0.0003577326415670906,fresh_better
NTP,Mexico 2018 Male 25-34 High Working Married,0.1132983921273123,0.1110185038804397,Mexico 2018,-0.0022798882468725995,fresh_better
NTP,Mexico 2018 Male 25-34 High Working Single,0.2008677690920204,0.1971414922938514,Mexico 2018,-0.0037262767981690037,fresh_better
NTP,Mexico 2018 Male 25-34 Middle Working Cohabiting,0.1119985599359569,0.1129476351728511,Mexico 2018,0.0009490752368941924,fresh_worse
NTP,Mexico 2018 Male 25-34 Middle Working Married,0.0885190354371122,0.0859413481414399,Mexico 2018,-0.0025776872956723013,fresh_better
NTP,Mexico 2018 Male 25-34 Middle Working Single,0.128892458225083,0.1287898219037762,Mexico 2018,-0.00010263632130680378,fresh_better
NTP,Mexico 2018 Male 35-44 High Working Married,0.1600378615297742,0.1565767148673513,Mexico 2018,-0.0034611466624228926,fresh_better
NTP,Mexico 2018 Male 35-44 Low Working Married,0.0970705619199608,0.092436339475625,Mexico 2018,-0.004634222444335798,fresh_better
NTP,Mexico 2018 Male 35-44 Middle Working Cohabiting,0.066590034139032,0.0610736246027389,Mexico 2018,-0.0055164095362931,fresh_better
NTP,Mexico 2018 Male 35-44 Middle Working Married,0.096873722166162,0.0954521493880859,Mexico 2018,-0.0014215727780760995,fresh_better
NTP,Mexico 2018 Male 45-54 Low Unemployed Married,0.0921594503226581,0.0916983906850351,Mexico 2018,-0.00046105963762299584,fresh_better
NTP,Mexico 2018 Male 45-54 Low Working Married,0.0614589268778576,0.0579182134405167,Mexico 2018,-0.0035407134373409005,fresh_better
NTP,Mexico 2018 Male 45-54 Middle Working Cohabiting,0.1405182234362088,0.1384922852835948,Mexico 2018,-0.002025938152613982,fresh_better
NTP,Mexico 2018 Male 45-54 Middle Working Married,0.1114094474318403,0.106202622737893,Mexico 2018,-0.005206824693947301,fresh_better
NTP,Mexico 2018 Male 55-64 Low Working Married,0.0849046426171317,0.0816798099458633,Mexico 2018,-0.003224832671268399,fresh_better
NTP,Mexico 2018 Male 55-64 Middle Retired Married,0.1254459630951964,0.1239450726250308,Mexico 2018,-0.0015008904701656056,fresh_better
NTP,Mexico 2018 Male 55-64 Middle Working Married,0.092196235214086,0.0947555549975518,Mexico 2018,0.0025593197834657966,fresh_worse
NTP,Mexico 2018 Male 65-74 Low Working Married,0.0518720123566623,0.0494256437406144,Mexico 2018,-0.0024463686160478976,fresh_better
NTP,Mexico 2018 Male 75+ Low Unemployed Widowed,0.2468093310793241,0.2451789206515956,Mexico 2018,-0.0016304104277284903,fresh_better
NTP,Mexico 2018 Male <25 Middle Student Single,0.1803870259413148,0.1747904869017821,Mexico 2018,-0.005596539039532722,fresh_better
NTP,Mexico 2018 Male <25 Middle Unemployed Single,0.2641687221825122,0.2622116571919315,Mexico 2018,-0.0019570649905806814,fresh_better
NTP,Mexico 2018 Male <25 Middle Working Single,0.1070139046498044,0.1077096676195708,Mexico 2018,0.0006957629697664086,fresh_worse
NTP,Russia 1995 Female 25-34 High Homemaker Married,0.0623776231498385,0.0609301908330307,Russia 1995,-0.0014474323168078007,fresh_better
NTP,Russia 1995 Female 25-34 High Working Married,0.1388788929647636,0.1433789475227729,Russia 1995,0.004500054558009281,fresh_worse
NTP,Russia 1995 Female 25-34 High Working Single,0.187255055729257,0.1931818267078331,Russia 1995,0.005926770978576107,fresh_worse
NTP,Russia 1995 Female 25-34 Middle Homemaker Married,0.1065157666568777,0.1068592986457699,Russia 1995,0.0003435319888921984,fresh_worse
NTP,Russia 1995 Female 25-34 Middle Working Divorced or separated,0.2830950777487298,0.2822810227659399,Russia 1995,-0.000814054982789858,fresh_better
NTP,Russia 1995 Female 25-34 Middle Working Married,0.1279315474642568,0.1261479079724697,Russia 1995,-0.0017836394917871146,fresh_better
NTP,Russia 1995 Female 25-34 Middle Working Single,0.2142190098026654,0.2162481240914625,Russia 1995,0.002029114288797096,fresh_worse
NTP,Russia 1995 Female 35-44 High Working Divorced or separated,0.2340534404715644,0.2342570162082419,Russia 1995,0.00020357573667750817,fresh_worse
NTP,Russia 1995 Female 35-44 High Working Married,0.1611801167213797,0.1596806283162065,Russia 1995,-0.0014994884051731938,fresh_better
NTP,Russia 1995 Female 35-44 Middle Working Divorced or separated,0.2498620879364972,0.2497814459593515,Russia 1995,-8.06419771456901e-05,fresh_better
NTP,Russia 1995 Female 35-44 Middle Working Married,0.1863970086125052,0.1837537937969851,Russia 1995,-0.0026432148155201007,fresh_better
NTP,Russia 1995 Female 45-54 High Working Married,0.1453343847085062,0.1477985825306576,Russia 1995,0.002464197822151404,fresh_worse
NTP,Russia 1995 Female 45-54 High Working Widowed,0.2305883633652849,0.2339486573247483,Russia 1995,0.003360293959463384,fresh_worse
NTP,Russia 1995 Female 45-54 Middle Working Married,0.1661797833607812,0.1643058664532294,Russia 1995,-0.0018739169075518147,fresh_better
NTP,Russia 1995 Female 55-64 High Retired Married,0.1968839735039469,0.1957434311193181,Russia 1995,-0.0011405423846287954,fresh_better
NTP,Russia 1995 Female 55-64 Middle Retired Divorced or separated,0.27785053429386,0.2790837012895495,Russia 1995,0.0012331669956895386,fresh_worse
NTP,Russia 1995 Female 55-64 Middle Retired Married,0.2369402023156483,0.2367397325569507,Russia 1995,-0.0002004697586976134,fresh_better
NTP,Russia 1995 Female 55-64 Middle Retired Widowed,0.275095221699861,0.2788250913008804,Russia 1995,0.0037298696010193977,fresh_worse
NTP,Russia 1995 Female 65-74 High Retired Widowed,0.2973096745017056,0.2993940114224561,Russia 1995,0.002084336920750496,fresh_worse
NTP,Russia 1995 Female 65-74 Low Retired Widowed,0.3628126032311809,0.3668494764286044,Russia 1995,0.004036873197423463,fresh_worse
NTP,Russia 1995 Female 65-74 Middle Retired Married,0.1963981960135965,0.1951733195440465,Russia 1995,-0.0012248764695500236,fresh_better
NTP,Russia 1995 Female 65-74 Middle Retired Widowed,0.2474343407546541,0.2487167180909416,Russia 1995,0.001282377336287499,fresh_worse
NTP,Russia 1995 Female 75+ Low Retired Widowed,0.1687942214382155,0.1693563616858742,Russia 1995,0.0005621402476586879,fresh_worse
NTP,Russia 1995 Female 75+ Middle Retired Widowed,0.0945660655503722,0.0936065269810757,Russia 1995,-0.0009595385692964947,fresh_better
NTP,Russia 1995 Female <25 High Student Married,0.1460485324185042,0.1464869510105892,Russia 1995,0.0004384185920849881,fresh_worse
NTP,Russia 1995 Female <25 High Student Single,0.1307768212336407,0.1333352937738187,Russia 1995,0.0025584725401779917,fresh_worse
NTP,Russia 1995 Male 25-34 High Working Married,0.1069323756377257,0.1034517392936924,Russia 1995,-0.003480636344033297,fresh_better
NTP,Russia 1995 Male 25-34 Middle Working Married,0.1484142219026883,0.1458221056927481,Russia 1995,-0.0025921162099402095,fresh_better
NTP,Russia 1995 Male 35-44 High Unemployed Married,0.2074575129103052,0.2114016822516722,Russia 1995,0.003944169341366988,fresh_worse
NTP,Russia 1995 Male 35-44 High Working Married,0.1881174698770738,0.1890594855285083,Russia 1995,0.0009420156514344802,fresh_worse
NTP,Russia 1995 Male 35-44 Middle Unemployed Married,0.2906924251555686,0.292847696044805,Russia 1995,0.0021552708892363936,fresh_worse
NTP,Russia 1995 Male 35-44 Middle Working Married,0.1988228049590993,0.1974373992503512,Russia 1995,-0.0013854057087480942,fresh_better
NTP,Russia 1995 Male 45-54 High Working Divorced or separated,0.2554878251713876,0.25482443646099,Russia 1995,-0.0006633887103975611,fresh_better
NTP,Russia 1995 Male 45-54 High Working Married,0.1541443683706215,0.1525192820838086,Russia 1995,-0.0016250862868129046,fresh_better
NTP,Russia 1995 Male 45-54 Middle Working Married,0.2178114161977908,0.2199343401811561,Russia 1995,0.0021229239833653046,fresh_worse
NTP,Russia 1995 Male 55-64 High Working Married,0.1441140311666661,0.1456093813062526,Russia 1995,0.0014953501395864877,fresh_worse
NTP,Russia 1995 Male 55-64 Middle Retired Married,0.2561059388092219,0.2581222140649661,Russia 1995,0.0020162752557442154,fresh_worse
NTP,Russia 1995 Male 55-64 Middle Retired Widowed,0.2711710025654817,0.2723771641775696,Russia 1995,0.0012061616120878638,fresh_worse
NTP,Russia 1995 Male 55-64 Middle Working Married,0.226435236931717,0.2186271090513976,Russia 1995,-0.007808127880319399,fresh_better
NTP,Russia 1995 Male 65-74 Middle Retired Married,0.222275024723439,0.2174781869918314,Russia 1995,-0.004796837731607578,fresh_better
NTP,Russia 1995 Male <25 High Student Single,0.1030893459411438,0.105723490853607,Russia 1995,0.0026341449124631933,fresh_worse
NTP,Russia 1995 Male <25 High Working Single,0.1917425497705417,0.1901096267086128,Russia 1995,-0.001632923061928887,fresh_better
NTP,Russia 1995 Male <25 Middle Working Single,0.150246456249498,0.1486953660362271,Russia 1995,-0.001551090213270906,fresh_better
NTP,Russia 2006 Female 25-34 High Homemaker Married,0.041790777921029,0.0412698445666581,Russia 2006,-0.0005209333543708949,fresh_better
NTP,Russia 2006 Female 25-34 High Unemployed Divorced or separated,0.1058826832326523,0.1025303460189383,Russia 2006,-0.0033523372137140017,fresh_better
NTP,Russia 2006 Female 25-34 High Working Married,0.066378789376249,0.0674165355000747,Russia 2006,0.0010377461238257057,fresh_worse
NTP,Russia 2006 Female 25-34 High Working Single,0.0401447403233781,0.0451678538811419,Russia 2006,0.005023113557763803,fresh_worse
NTP,Russia 2006 Female 25-34 Middle Homemaker Married,0.0821169372409199,0.0850384190339952,Russia 2006,0.0029214817930753034,fresh_worse
NTP,Russia 2006 Female 25-34 Middle Working Married,0.1071917956919489,0.1113438438848725,Russia 2006,0.004152048192923613,fresh_worse
NTP,Russia 2006 Female 35-44 High Working Divorced or separated,0.1932004067858909,0.1924568846465284,Russia 2006,-0.0007435221393624902,fresh_better
NTP,Russia 2006 Female 35-44 High Working Married,0.0633991925045848,0.062489393310561,Russia 2006,-0.0009097991940237998,fresh_better
NTP,Russia 2006 Female 35-44 Middle Homemaker Married,0.096954396841201,0.0922895935392604,Russia 2006,-0.004664803301940593,fresh_better
NTP,Russia 2006 Female 35-44 Middle Working Divorced or separated,0.13487909177673,0.1348350234024687,Russia 2006,-4.406837426129684e-05,fresh_better
NTP,Russia 2006 Female 35-44 Middle Working Married,0.0900122122700043,0.0891364896386125,Russia 2006,-0.0008757226313918093,fresh_better
NTP,Russia 2006 Female 45-54 High Working Divorced or separated,0.1616062435930893,0.1602753153503323,Russia 2006,-0.001330928242757018,fresh_better
NTP,Russia 2006 Female 45-54 High Working Married,0.1325204631651355,0.1314624202759858,Russia 2006,-0.0010580428891497073,fresh_better
NTP,Russia 2006 Female 45-54 High Working Widowed,0.1079184492429096,0.1066693944737014,Russia 2006,-0.0012490547692081966,fresh_better
NTP,Russia 2006 Female 45-54 Middle Working Divorced or separated,0.2411664726984018,0.2384206722919415,Russia 2006,-0.0027458004064603025,fresh_better
NTP,Russia 2006 Female 45-54 Middle Working Married,0.180154596386913,0.1781459700730551,Russia 2006,-0.0020086263138578975,fresh_better
NTP,Russia 2006 Female 45-54 Middle Working Widowed,0.1156696236044492,0.1160221325033218,Russia 2006,0.00035250889887260273,fresh_worse
NTP,Russia 2006 Female 55-64 High Retired Married,0.1075613287194736,0.1061636400100701,Russia 2006,-0.0013976887094035023,fresh_better
NTP,Russia 2006 Female 55-64 Middle Retired Married,0.1750764000250012,0.1753643247282262,Russia 2006,0.00028792470322500097,fresh_worse
NTP,Russia 2006 Female 55-64 Middle Retired Widowed,0.1699904148562153,0.1687568750875255,Russia 2006,-0.001233539768689812,fresh_better
NTP,Russia 2006 Female 65-74 High Retired Widowed,0.1519815404380546,0.1507514532550719,Russia 2006,-0.0012300871829827031,fresh_better
NTP,Russia 2006 Female 65-74 Middle Retired Married,0.1932872364832093,0.1955246457411957,Russia 2006,0.0022374092579864058,fresh_worse
NTP,Russia 2006 Female 65-74 Middle Retired Widowed,0.1781403650784699,0.1764258316942,Russia 2006,-0.001714533384269884,fresh_better
NTP,Russia 2006 Female <25 High Student Single,0.012750776931577,0.0111109712186191,Russia 2006,-0.0016398057129579004,fresh_better
NTP,Russia 2006 Female <25 Middle Student Single,0.0667522859131527,0.0635988422184441,Russia 2006,-0.003153443694708602,fresh_better
NTP,Russia 2006 Male 25-34 High Working Cohabiting,0.1335171948735151,0.1333899764748203,Russia 2006,-0.00012721839869481166,fresh_better
NTP,Russia 2006 Male 25-34 High Working Married,0.0678447219855351,0.0690013730554101,Russia 2006,0.0011566510698750032,fresh_worse
NTP,Russia 2006 Male 25-34 Middle Working Cohabiting,0.1618028703346017,0.1582163550854853,Russia 2006,-0.0035865152491164065,fresh_better
NTP,Russia 2006 Male 25-34 Middle Working Married,0.1021576440327855,0.1015962679228413,Russia 2006,-0.0005613761099442088,fresh_better
NTP,Russia 2006 Male 25-34 Middle Working Single,0.1787135061374944,0.1791939940455765,Russia 2006,0.00048048790808211117,fresh_worse
NTP,Russia 2006 Male 35-44 High Unemployed Married,0.2169590514774123,0.2164718475569583,Russia 2006,-0.0004872039204539824,fresh_better
NTP,Russia 2006 Male 35-44 High Working Married,0.0835615921177079,0.0882577764061709,Russia 2006,0.004696184288462996,fresh_worse
NTP,Russia 2006 Male 35-44 Middle Unemployed Married,0.1341656526756719,0.1340694510997773,Russia 2006,-9.620157589459999e-05,fresh_better
NTP,Russia 2006 Male 35-44 Middle Working Divorced or separated,0.1680095291182257,0.1669198627754581,Russia 2006,-0.001089666342767609,fresh_better
NTP,Russia 2006 Male 35-44 Middle Working Married,0.0865736635142621,0.0854255879548342,Russia 2006,-0.0011480755594279052,fresh_better
NTP,Russia 2006 Male 45-54 High Working Divorced or separated,0.262690830648273,0.2634975487584792,Russia 2006,0.0008067181102062171,fresh_worse
NTP,Russia 2006 Male 45-54 High Working Married,0.1613908841099397,0.1589019390205477,Russia 2006,-0.002488945089392014,fresh_better
NTP,Russia 2006 Male 45-54 Middle Working Married,0.1772708213583538,0.1753265750871337,Russia 2006,-0.0019442462712200848,fresh_better
NTP,Russia 2006 Male 55-64 High Retired Married,0.1821312120103603,0.1819341762248086,Russia 2006,-0.00019703578555171908,fresh_better
NTP,Russia 2006 Male 55-64 High Working Married,0.1522099035109079,0.1527153436589655,Russia 2006,0.0005054401480575899,fresh_worse
NTP,Russia 2006 Male 55-64 Middle Retired Married,0.1238019728137869,0.1232994224146457,Russia 2006,-0.0005025503991411967,fresh_better
NTP,Russia 2006 Male 55-64 Middle Working Married,0.1439226114526194,0.1429748978952752,Russia 2006,-0.0009477135573441875,fresh_better
NTP,Russia 2006 Male 65-74 Middle Retired Married,0.2190663387148807,0.2192071417019759,Russia 2006,0.0001408029870951788,fresh_worse
NTP,Russia 2006 Male 65-74 Middle Retired Widowed,0.2296689568777327,0.2270859977145944,Russia 2006,-0.002582959163138304,fresh_better
NTP,Russia 2006 Male <25 High Student Single,0.0575375669348202,0.0568721180783371,Russia 2006,-0.0006654488564830988,fresh_better
NTP,Russia 2006 Male <25 High Working Single,0.0576630712717642,0.0570522618330043,Russia 2006,-0.0006108094387599003,fresh_better
NTP,Russia 2006 Male <25 Middle Student Single,0.0228381619291296,0.0316533210335932,Russia 2006,0.008815159104463604,fresh_worse
NTP,Russia 2006 Male <25 Middle Working Single,0.1105332132214465,0.1088965596678515,Russia 2006,-0.001636653553595005,fresh_better
NTP,Russia 2017 Female 25-34 High Homemaker Divorced or separated,0.046957698288477,0.0462481396497337,Russia 2017,-0.0007095586387433003,fresh_better
NTP,Russia 2017 Female 25-34 High Homemaker Married,0.0964998732535886,0.0938380057356661,Russia 2017,-0.002661867517922495,fresh_better
NTP,Russia 2017 Female 25-34 High Working Divorced or separated,0.0482604956178336,0.0487167052240232,Russia 2017,0.00045620960618960454,fresh_worse
NTP,Russia 2017 Female 25-34 High Working Married,0.0100848374186432,0.0113623546770921,Russia 2017,0.0012775172584489,fresh_worse
NTP,Russia 2017 Female 25-34 High Working Single,0.0453409178870486,0.0478539414435571,Russia 2017,0.002513023556508495,fresh_worse
NTP,Russia 2017 Female 35-44 High Working Divorced or separated,0.0253641751705203,0.0246645792351367,Russia 2017,-0.0006995959353835977,fresh_better
NTP,Russia 2017 Female 35-44 High Working Married,0.0799335000336343,0.0832238577525989,Russia 2017,0.003290357718964604,fresh_worse
NTP,Russia 2017 Female 35-44 High Working Single,0.0751419323308892,0.0764714230407386,Russia 2017,0.001329490709849404,fresh_worse
NTP,Russia 2017 Female 35-44 Low Homemaker Married,0.0649935382124232,0.067677218700888,Russia 2017,0.002683680488464804,fresh_worse
NTP,Russia 2017 Female 35-44 Middle Homemaker Married,0.0594444423500034,0.0594868761420715,Russia 2017,4.243379206810005e-05,fresh_worse
NTP,Russia 2017 Female 35-44 Middle Working Divorced or separated,0.0389185393722648,0.0384218172427527,Russia 2017,-0.0004967221295121005,fresh_better
NTP,Russia 2017 Female 45-54 High Working Divorced or separated,0.0227143620165074,0.0263377428548671,Russia 2017,0.0036233808383597,fresh_worse
NTP,Russia 2017 Female 45-54 High Working Married,0.1062931877417713,0.1079510121670954,Russia 2017,0.0016578244253241115,fresh_worse
NTP,Russia 2017 Female 45-54 High Working Widowed,0.0960853568933628,0.0988412429472196,Russia 2017,0.002755886053856807,fresh_worse
NTP,Russia 2017 Female 45-54 Middle Working Divorced or separated,0.1202620070684572,0.1208554617098758,Russia 2017,0.0005934546414185921,fresh_worse
NTP,Russia 2017 Female 45-54 Middle Working Married,0.0421109716407954,0.0443668978575561,Russia 2017,0.002255926216760698,fresh_worse
NTP,Russia 2017 Female 55-64 High Retired Divorced or separated,0.0433741323827277,0.0472798831192705,Russia 2017,0.0039057507365427985,fresh_worse
NTP,Russia 2017 Female 55-64 High Retired Married,0.0556553690080919,0.0597137942774929,Russia 2017,0.004058425269400999,fresh_worse
NTP,Russia 2017 Female 55-64 High Retired Widowed,0.0347547812527545,0.0359154013781612,Russia 2017,0.0011606201254067,fresh_worse
NTP,Russia 2017 Female 55-64 Middle Retired Married,0.0340932365984488,0.0377541813631916,Russia 2017,0.003660944764742796,fresh_worse
NTP,Russia 2017 Female 65-74 High Retired Widowed,0.0395998929341036,0.0431971840153059,Russia 2017,0.0035972910812023043,fresh_worse
NTP,Russia 2017 Female 65-74 Low Retired Widowed,0.0708266343716458,0.0733004201766437,Russia 2017,0.002473785804997908,fresh_worse
NTP,Russia 2017 Female 65-74 Middle Retired Widowed,0.0182189596719608,0.0212931014674068,Russia 2017,0.0030741417954459997,fresh_worse
NTP,Russia 2017 Female 75+ Low Retired Widowed,0.0838875470287871,0.0805939807751201,Russia 2017,-0.003293566253667002,fresh_better
NTP,Russia 2017 Female <25 High Student Single,0.1243944108260401,0.1212224959255384,Russia 2017,-0.003171914900501699,fresh_better
NTP,Russia 2017 Female <25 High Working Single,0.0286250490352682,0.0253756616961837,Russia 2017,-0.0032493873390844995,fresh_better
NTP,Russia 2017 Female <25 Middle Student Single,0.0982251313486785,0.0965520737181264,Russia 2017,-0.0016730576305521022,fresh_better
NTP,Russia 2017 Male 25-34 High Working Married,0.0303719356067396,0.0353640269473444,Russia 2017,0.004992091340604798,fresh_worse
NTP,Russia 2017 Male 25-34 High Working Single,0.0560760256749661,0.0582633724750494,Russia 2017,0.002187346800083305,fresh_worse
NTP,Russia 2017 Male 25-34 Middle Working Married,0.0417356092234131,0.0441560495971326,Russia 2017,0.0024204403737195027,fresh_worse
NTP,Russia 2017 Male 25-34 Middle Working Single,0.0383708533652202,0.0424133903457742,Russia 2017,0.004042536980554005,fresh_worse
NTP,Russia 2017 Male 35-44 High Working Married,0.0708281962254911,0.0769031486531984,Russia 2017,0.006074952427707309,fresh_worse
NTP,Russia 2017 Male 35-44 Middle Working Married,0.10742327467021,0.1077880308073345,Russia 2017,0.00036475613712450006,fresh_worse
NTP,Russia 2017 Male 45-54 High Working Divorced or separated,0.0861396922005546,0.0891169260610996,Russia 2017,0.002977233860544992,fresh_worse
NTP,Russia 2017 Male 45-54 High Working Married,0.0846157598417198,0.0912705312660974,Russia 2017,0.006654771424377592,fresh_worse
NTP,Russia 2017 Male 45-54 Middle Unemployed Married,0.0729166843830757,0.0749694187751869,Russia 2017,0.0020527343921111912,fresh_worse
NTP,Russia 2017 Male 45-54 Middle Working Divorced or separated,0.0678386709342401,0.0690824600331302,Russia 2017,0.0012437890988900996,fresh_worse
NTP,Russia 2017 Male 55-64 High Retired Married,0.1228098900738995,0.1268934446980623,Russia 2017,0.004083554624162794,fresh_worse
NTP,Russia 2017 Male 55-64 High Working Divorced or separated,0.0646467011272051,0.068007389957935,Russia 2017,0.003360688830729902,fresh_worse
NTP,Russia 2017 Male 55-64 High Working Married,0.0398639405266968,0.0450001414887138,Russia 2017,0.005136200962017001,fresh_worse
NTP,Russia 2017 Male 55-64 Low Retired Married,0.0768338045500444,0.0803346723772806,Russia 2017,0.003500867827236201,fresh_worse
NTP,Russia 2017 Male 65-74 High Retired Widowed,0.0663738978783724,0.0649774397098726,Russia 2017,-0.0013964581684998006,fresh_better
NTP,Russia 2017 Male 65-74 Low Retired Widowed,0.0684508194112115,0.0687488479506593,Russia 2017,0.0002980285394477977,fresh_worse
NTP,Russia 2017 Male <25 High Working Single,0.0597639464908831,0.0611716141360333,Russia 2017,0.0014076676451501985,fresh_worse
NTP,Russia 2017 Male <25 Middle Student Single,0.0241361189291758,0.0296769708740075,Russia 2017,0.005540851944831698,fresh_worse
NTP,United States 1995 Female 25-34 High Unemployed Single,0.0675738913417663,0.0665985989937467,United States 1995,-0.0009752923480196019,fresh_better
NTP,United States 1995 Female 25-34 High Working Married,0.1281468990788448,0.1265804523230015,United States 1995,-0.0015664467558433037,fresh_better
NTP,United States 1995 Female 25-34 Middle Homemaker Married,0.1301334033271781,0.131966961626352,United States 1995,0.001833558299173893,fresh_worse
NTP,United States 1995 Female 25-34 Middle Working Married,0.06548787541444,0.0673098834949649,United States 1995,0.0018220080805249061,fresh_worse
NTP,United States 1995 Female 25-34 Middle Working Single,0.043411163173409,0.0421882383674007,United States 1995,-0.001222924806008295,fresh_better
NTP,United States 1995 Female 35-44 High Homemaker Married,0.1784159292395298,0.1772580332522157,United States 1995,-0.0011578959873141115,fresh_better
NTP,United States 1995 Female 35-44 High Working Divorced or separated,0.0895111221496178,0.0875757567838217,United States 1995,-0.0019353653657960962,fresh_better
NTP,United States 1995 Female 35-44 High Working Married,0.0756475148911491,0.0731095895751684,United States 1995,-0.0025379253159806964,fresh_better
NTP,United States 1995 Female 35-44 Middle Unemployed Married,0.1197587309235875,0.1184562012524853,United States 1995,-0.0013025296711022122,fresh_better
NTP,United States 1995 Female 35-44 Middle Working Married,0.0870118828024717,0.0885168990781643,United States 1995,0.0015050162756926055,fresh_worse
NTP,United States 1995 Female 45-54 High Working Married,0.0729196713225025,0.0723265935764321,United States 1995,-0.0005930777460703973,fresh_better
NTP,United States 1995 Female 45-54 Middle Working Married,0.0878603867953642,0.0868292885381857,United States 1995,-0.0010310982571785088,fresh_better
NTP,United States 1995 Female 55-64 Middle Homemaker Married,0.1351707826767649,0.1361866314122813,United States 1995,0.0010158487355163837,fresh_worse
NTP,United States 1995 Female 65-74 High Retired Married,0.1220163396474988,0.1205289067139589,United States 1995,-0.001487432933539909,fresh_better
NTP,United States 1995 Female 65-74 High Retired Widowed,0.1160242587375053,0.1129258975531521,United States 1995,-0.0030983611843531933,fresh_better
NTP,United States 1995 Female 65-74 Middle Retired Married,0.1872312079350919,0.1904061746663313,United States 1995,0.0031749667312394037,fresh_worse
NTP,United States 1995 Female 65-74 Middle Retired Widowed,0.0847078616627389,0.081779406646261,United States 1995,-0.002928455016477899,fresh_better
NTP,United States 1995 Female 75+ Middle Retired Widowed,0.1252998263851083,0.1242996547339495,United States 1995,-0.0010001716511588155,fresh_better
NTP,United States 1995 Female <25 High Working Single,0.0510156253142555,0.0505557487315462,United States 1995,-0.00045987658270929543,fresh_better
NTP,United States 1995 Male 25-34 High Working Married,0.0980233439464642,0.0956424313851972,United States 1995,-0.002380912561267004,fresh_better
NTP,United States 1995 Male 25-34 High Working Single,0.05739703411714,0.0526398567765381,United States 1995,-0.004757177340601895,fresh_better
NTP,United States 1995 Male 25-34 Middle Working Married,0.0858857178784631,0.083383894987545,United States 1995,-0.00250182289091809,fresh_better
NTP,United States 1995 Male 25-34 Middle Working Single,0.0589382679659931,0.0584342583488327,United States 1995,-0.0005040096171603989,fresh_better
NTP,United States 1995 Male 35-44 High Working Married,0.0817210614329407,0.0796038874992278,United States 1995,-0.0021171739337128986,fresh_better
NTP,United States 1995 Male 35-44 Middle Working Married,0.0911692372511755,0.0905811653494404,United States 1995,-0.0005880719017350988,fresh_better
NTP,United States 1995 Male 45-54 High Working Divorced or separated,0.0797559600447614,0.0748603383983946,United States 1995,-0.00489562164636681,fresh_better
NTP,United States 1995 Male 45-54 High Working Married,0.1057166849714562,0.1105408257200306,United States 1995,0.0048241407485744014,fresh_worse
NTP,United States 1995 Male 45-54 Middle Working Divorced or separated,0.0693699236138051,0.0686075540252438,United States 1995,-0.0007623695885613097,fresh_better
NTP,United States 1995 Male 45-54 Middle Working Married,0.1202260701977238,0.117135271665234,United States 1995,-0.003090798532489794,fresh_better
NTP,United States 1995 Male 55-64 High Retired Married,0.1183361015163168,0.1151033700991762,United States 1995,-0.0032327314171405885,fresh_better
NTP,United States 1995 Male 55-64 High Working Married,0.0911424296508942,0.0869149245658063,United States 1995,-0.0042275050850879015,fresh_better
NTP,United States 1995 Male 55-64 Middle Retired Married,0.0855649751697287,0.0857555012491178,United States 1995,0.00019052607938908894,fresh_worse
NTP,United States 1995 Male 55-64 Middle Unemployed Married,0.1127547495377562,0.1136190013611222,United States 1995,0.0008642518233659968,fresh_worse
NTP,United States 1995 Male 55-64 Middle Working Married,0.1057799159167094,0.1003797788134171,United States 1995,-0.0054001371032923046,fresh_better
NTP,United States 1995 Male 65-74 High Retired Married,0.1020046560650412,0.0976549128846948,United States 1995,-0.004349743180346394,fresh_better
NTP,United States 1995 Male 65-74 Middle Retired Married,0.122891551255162,0.1213604755412139,United States 1995,-0.0015310757139481018,fresh_better
NTP,United States 1995 Male 75+ Middle Retired Widowed,0.0705831263136738,0.0685877302653869,United States 1995,-0.0019953960482868988,fresh_better
NTP,United States 1995 Male <25 Middle Student Single,0.0157116250800234,0.0158497492133929,United States 1995,0.00013812413336949936,fresh_worse
NTP,United States 1995 Male <25 Middle Working Single,0.0227698481455447,0.0200619816833501,United States 1995,-0.0027078664621946018,fresh_better
NTP,United States 2006 Female 25-34 High Working Married,0.1269647056392083,0.1186554129310153,United States 2006,-0.008309292708193014,fresh_better
NTP,United States 2006 Female 25-34 High Working Single,0.028378586963187,0.0256166940012356,United States 2006,-0.002761892961951399,fresh_better
NTP,United States 2006 Female 25-34 Middle Homemaker Married,0.0842877256712227,0.0859774071933906,United States 2006,0.0016896815221679046,fresh_worse
NTP,United States 2006 Female 25-34 Middle Working Single,0.0147660431587913,0.0123268633163447,United States 2006,-0.0024391798424466,fresh_better
NTP,United States 2006 Female 35-44 High Homemaker Married,0.1460146060213446,0.1439569462359488,United States 2006,-0.002057659785395821,fresh_better
NTP,United States 2006 Female 35-44 High Working Married,0.0944203266199344,0.091782581100788,United States 2006,-0.0026377455191463894,fresh_better
NTP,United States 2006 Female 35-44 High Working Single,0.0800689272841231,0.0761210101724587,United States 2006,-0.003947917111664395,fresh_better
NTP,United States 2006 Female 35-44 Middle Homemaker Married,0.0652828248308562,0.0625267922775806,United States 2006,-0.0027560325532756114,fresh_better
NTP,United States 2006 Female 35-44 Middle Working Married,0.022955619122671,0.0210816258221991,United States 2006,-0.0018739933004718982,fresh_better
NTP,United States 2006 Female 45-54 High Working Divorced or separated,0.1243508001889592,0.1233812166207126,United States 2006,-0.0009695835682466125,fresh_better
NTP,United States 2006 Female 45-54 Middle Working Married,0.0535056911689298,0.0509661525326866,United States 2006,-0.002539538636243205,fresh_better
NTP,United States 2006 Female 55-64 Middle Homemaker Married,0.0867740722049189,0.0851268418782399,United States 2006,-0.001647230326678989,fresh_better
NTP,United States 2006 Female 55-64 Middle Retired Married,0.125726111093536,0.1272614654035909,United States 2006,0.0015353543100548872,fresh_worse
NTP,United States 2006 Female 55-64 Middle Working Divorced or separated,0.0372808358489393,0.0356595954431281,United States 2006,-0.0016212404058112,fresh_better
NTP,United States 2006 Female 55-64 Middle Working Married,0.0507583643464991,0.044477300895913,United States 2006,-0.0062810634505861,fresh_better
NTP,United States 2006 Female 65-74 Middle Retired Divorced or separated,0.0991358119994402,0.0971604686438507,United States 2006,-0.0019753433555895067,fresh_better
NTP,United States 2006 Female 65-74 Middle Retired Married,0.1110062595877436,0.1088027660214171,United States 2006,-0.0022034935663265004,fresh_better
NTP,United States 2006 Female 65-74 Middle Retired Widowed,0.0927864807559465,0.0927299634461932,United States 2006,-5.6517309753298384e-05,fresh_better
NTP,United States 2006 Female <25 Middle NA Single,0.0500269551795941,0.0481713768768009,United States 2006,-0.0018555783027932038,fresh_better
NTP,United States 2006 Female <25 Middle Working Single,0.0814212983211456,0.0792605620571981,United States 2006,-0.002160736263947499,fresh_better
NTP,United States 2006 Male 25-34 High Working Married,0.0274795267075576,0.0262831852253159,United States 2006,-0.0011963414822417015,fresh_better
NTP,United States 2006 Male 25-34 Middle Working Married,0.0636476056508559,0.0566238750826503,United States 2006,-0.007023730568205606,fresh_better
NTP,United States 2006 Male 35-44 High Working Married,0.0306866605556114,0.0276327427294791,United States 2006,-0.003053917826132301,fresh_better
NTP,United States 2006 Male 35-44 High Working Single,0.0313134605484996,0.0289231074798967,United States 2006,-0.0023903530686029024,fresh_better
NTP,United States 2006 Male 35-44 Middle Working Married,0.0842403278464362,0.0789290336800897,United States 2006,-0.0053112941663465,fresh_better
NTP,United States 2006 Male 35-44 Middle Working Single,0.0616536097074247,0.0573327725964313,United States 2006,-0.004320837110993403,fresh_better
NTP,United States 2006 Male 45-54 High Working Divorced or separated,0.0515693060920704,0.0482835846884516,United States 2006,-0.0032857214036188034,fresh_better
NTP,United States 2006 Male 45-54 High Working Married,0.0307575053259454,0.0295299626125886,United States 2006,-0.0012275427133567988,fresh_better
NTP,United States 2006 Male 45-54 Middle NA Married,0.0562439949364599,0.0536362114199557,United States 2006,-0.002607783516504203,fresh_better
NTP,United States 2006 Male 45-54 Middle Working Divorced or separated,0.0389381307522179,0.0397796868007071,United States 2006,0.000841556048489199,fresh_worse
NTP,United States 2006 Male 45-54 Middle Working Married,0.0753172679355235,0.071334893641423,United States 2006,-0.003982374294100505,fresh_better
NTP,United States 2006 Male 55-64 Middle Retired Divorced or separated,0.0124213763113533,0.0143655511569999,United States 2006,0.0019441748456465995,fresh_worse
NTP,United States 2006 Male 55-64 Middle Retired Married,0.0167748006334637,0.0181742923923855,United States 2006,0.0013994917589217996,fresh_worse
NTP,United States 2006 Male 65-74 High Retired Married,0.1288351399901635,0.1258700681865101,United States 2006,-0.0029650718036534074,fresh_better
NTP,United States 2006 Male 65-74 Middle Retired Married,0.0674662217994529,0.0669419602220293,United States 2006,-0.0005242615774235931,fresh_better
NTP,United States 2006 Male 75+ Middle Retired Married,0.1014041712990509,0.0994915470694773,United States 2006,-0.001912624229573598,fresh_better
NTP,United States 2006 Male <25 Middle Working Single,0.0141826776383125,0.0171534223810823,United States 2006,0.0029707447427697996,fresh_worse
NTP,United States 2017 Female 25-34 High Homemaker Married,0.1042679885202752,0.0949645685399322,United States 2017,-0.009303419980343008,fresh_better
NTP,United States 2017 Female 25-34 High Working Cohabiting,0.0267392145739733,0.0228708998622492,United States 2017,-0.003868314711724101,fresh_better
NTP,United States 2017 Female 25-34 High Working Married,0.0139874067105143,0.0063099567771751,United States 2017,-0.0076774499333392,fresh_better
NTP,United States 2017 Female 25-34 High Working Single,0.0330134363547824,0.0314154771536154,United States 2017,-0.0015979592011669957,fresh_better
NTP,United States 2017 Female 25-34 Middle Homemaker Cohabiting,0.0572691235303257,0.0551415169936824,United States 2017,-0.0021276065366432964,fresh_better
NTP,United States 2017 Female 25-34 Middle Homemaker Married,0.077293798372601,0.0723205023717334,United States 2017,-0.0049732960008676,fresh_better
NTP,United States 2017 Female 25-34 Middle Working Cohabiting,0.0346611846271936,0.0409948685470989,United States 2017,0.0063336839199052974,fresh_worse
NTP,United States 2017 Female 25-34 Middle Working Married,0.0236557951507468,0.0199779889468481,United States 2017,-0.0036778062038987022,fresh_better
NTP,United States 2017 Female 25-34 Middle Working Single,0.0789287377054385,0.0803496619042435,United States 2017,0.0014209241988050042,fresh_worse
NTP,United States 2017 Female 35-44 High Homemaker Married,0.0442519812782605,0.0417056784484327,United States 2017,-0.002546302829827804,fresh_better
NTP,United States 2017 Female 35-44 High Working Divorced or separated,0.0352580407634378,0.0390493250464354,United States 2017,0.0037912842829975965,fresh_worse
NTP,United States 2017 Female 35-44 High Working Married,0.0452270463419456,0.0428825652687588,United States 2017,-0.0023444810731867993,fresh_better
NTP,United States 2017 Female 35-44 Middle Homemaker Married,0.0634389196432405,0.0595490226069544,United States 2017,-0.0038898970362860955,fresh_better
NTP,United States 2017 Female 35-44 Middle Working Married,0.0459619788655444,0.0447191437859429,United States 2017,-0.0012428350796015036,fresh_better
NTP,United States 2017 Female 45-54 High Homemaker Married,0.1134251485913036,0.1049941746069077,United States 2017,-0.008430973984395906,fresh_better
NTP,United States 2017 Female 45-54 High Working Married,0.0112722247130533,0.0117121279364618,United States 2017,0.0004399032234085002,fresh_worse
NTP,United States 2017 Female 45-54 Middle Unemployed Divorced or separated,0.0619966720748278,0.0622863812716682,United States 2017,0.00028970919684039725,fresh_worse
NTP,United States 2017 Female 45-54 Middle Working Divorced or separated,0.0575600168279683,0.0552830916904719,United States 2017,-0.0022769251374963953,fresh_better
NTP,United States 2017 Female 45-54 Middle Working Married,0.0290905809114602,0.0362400453102223,United States 2017,0.0071494643987620975,fresh_worse
NTP,United States 2017 Female 45-54 Middle Working Single,0.0798657899722457,0.0764228700420461,United States 2017,-0.0034429199301995866,fresh_better
NTP,United States 2017 Female 55-64 High Working Divorced or separated,0.1065153196753784,0.1013067712387055,United States 2017,-0.0052085484366729,fresh_better
NTP,United States 2017 Female 55-64 Middle Retired Married,0.0517209410716436,0.0480425336367029,United States 2017,-0.003678407434940703,fresh_better
NTP,United States 2017 Female 55-64 Middle Working Married,0.0917416920490337,0.0932838895029534,United States 2017,0.0015421974539197025,fresh_worse
NTP,United States 2017 Female 65-74 Middle Retired Divorced or separated,0.0280226662642123,0.0286706603209303,United States 2017,0.0006479940567180008,fresh_worse
NTP,United States 2017 Female 65-74 Middle Retired Married,0.0672166955383147,0.0728156407177664,United States 2017,0.0055989451794516976,fresh_worse
NTP,United States 2017 Female 65-74 Middle Retired Widowed,0.0946162991683211,0.0927925121167212,United States 2017,-0.0018237870515998983,fresh_better
NTP,United States 2017 Female <25 High Unemployed Single,0.0715852839547016,0.0692899999811749,United States 2017,-0.002295283973526699,fresh_better
NTP,United States 2017 Female <25 High Working Single,0.0167643621563911,0.0154731137765854,United States 2017,-0.001291248379805699,fresh_better
NTP,United States 2017 Female <25 Middle Unemployed Single,0.061923050289301,0.0581688693459588,United States 2017,-0.003754180943342199,fresh_better
NTP,United States 2017 Female <25 Middle Working Single,0.1164755846313141,0.1168967388702137,United States 2017,0.00042115423889960146,fresh_worse
NTP,United States 2017 Male 25-34 High Unemployed Single,0.0192405892949965,0.0153320732868885,United States 2017,-0.003908516008107998,fresh_better
NTP,United States 2017 Male 25-34 High Working Cohabiting,0.0399170787280629,0.0507326637530718,United States 2017,0.010815585025008893,fresh_worse
NTP,United States 2017 Male 25-34 High Working Married,0.0346446800734459,0.0406100846004848,United States 2017,0.005965404527038899,fresh_worse
NTP,United States 2017 Male 25-34 High Working Single,0.0788326606154442,0.0840665499204837,United States 2017,0.005233889305039499,fresh_worse
NTP,United States 2017 Male 25-34 Middle Working Married,0.0259059468115874,0.032215618919561,United States 2017,0.006309672107973598,fresh_worse
NTP,United States 2017 Male 25-34 Middle Working Single,0.0682049654575625,0.0693028724465537,United States 2017,0.001097906988991204,fresh_worse
NTP,United States 2017 Male 35-44 High Working Divorced or separated,0.0416570265614798,0.0368193089765991,United States 2017,-0.004837717584880698,fresh_better
NTP,United States 2017 Male 35-44 High Working Married,0.0109268403538162,0.0198129095105263,United States 2017,0.008886069156710098,fresh_worse
NTP,United States 2017 Male 35-44 High Working Single,0.0724746142807709,0.0751503946027793,United States 2017,0.0026757803220083948,fresh_worse
NTP,United States 2017 Male 35-44 Middle Working Married,0.0266871887604118,0.028562504494704,United States 2017,0.0018753157342921989,fresh_worse
NTP,United States 2017 Male 45-54 High Unemployed Divorced or separated,0.0707882344440528,0.0709787406371377,United States 2017,0.00019050619308490224,fresh_worse
NTP,United States 2017 Male 45-54 High Working Divorced or separated,0.0445683681208527,0.0479065961442477,United States 2017,0.003338228023395,fresh_worse
NTP,United States 2017 Male 45-54 High Working Married,0.0078832263122774,0.0035142709720798,United States 2017,-0.0043689553401976,fresh_better
NTP,United States 2017 Male 45-54 Middle NA Married,0.1789769902367863,0.1780789821601543,United States 2017,-0.0008980080766319842,fresh_better
NTP,United States 2017 Male 45-54 Middle Unemployed Married,0.0532067055503525,0.0550446421910676,United States 2017,0.0018379366407150974,fresh_worse
NTP,United States 2017 Male 45-54 Middle Working Divorced or separated,0.0175119739968652,0.016670394037462,United States 2017,-0.0008415799594032013,fresh_better
NTP,United States 2017 Male 45-54 Middle Working Married,0.0393019126296588,0.0362046765809249,United States 2017,-0.003097236048733902,fresh_better
NTP,United States 2017 Male 45-54 Middle Working Single,0.086490712480972,0.0894266824288607,United States 2017,0.0029359699478887086,fresh_worse
NTP,United States 2017 Male 55-64 High Retired Married,0.0551736041449191,0.0521931014202108,United States 2017,-0.0029805027247082963,fresh_better
NTP,United States 2017 Male 55-64 High Working Divorced or separated,0.0639760064715075,0.0676432166275318,United States 2017,0.003667210156024295,fresh_worse
NTP,United States 2017 Male 55-64 High Working Married,0.0319270138362688,0.0423825593922712,United States 2017,0.0104555455560024,fresh_worse
NTP,United States 2017 Male 55-64 High Working Single,0.1376692646033601,0.1423920712015276,United States 2017,0.004722806598167512,fresh_worse
NTP,United States 2017 Male 55-64 Middle Retired Divorced or separated,0.023207209758564,0.0230584389466365,United States 2017,-0.00014877081192750038,fresh_better
NTP,United States 2017 Male 55-64 Middle Retired Married,0.028778411892967,0.0249491790445962,United States 2017,-0.003829232848370799,fresh_better
NTP,United States 2017 Male 55-64 Middle Working Married,0.0399377780511629,0.0405497604827928,United States 2017,0.0006119824316299025,fresh_worse
NTP,United States 2017 Male 65-74 High Retired Married,0.0500419734873705,0.0471642315993867,United States 2017,-0.0028777418879838007,fresh_better
NTP,United States 2017 Male 65-74 High Retired Widowed,0.0817414973474417,0.0791093954990547,United States 2017,-0.0026321018483869973,fresh_better
NTP,United States 2017 Male 65-74 High Working Married,0.0711773559264842,0.0601732991743192,United States 2017,-0.011004056752165009,fresh_better
NTP,United States 2017 Male 65-74 Middle Retired Married,0.0525902752408091,0.0536359132481733,United States 2017,0.001045638007364201,fresh_worse
NTP,United States 2017 Male 65-74 Middle Retired Widowed,0.0574216275119488,0.0534790307280444,United States 2017,-0.003942596783904399,fresh_better
NTP,United States 2017 Male 75+ Middle Retired Married,0.0330986689465741,0.0341760457488973,United States 2017,0.0010773768023231989,fresh_worse
NTP,United States 2017 Male <25 High Working Single,0.0402350776330239,0.0401675601967013,United States 2017,-6.751743632259916e-05,fresh_better
NTP,United States 2017 Male <25 Middle Unemployed Single,0.0609865236463836,0.0631888222613553,United States 2017,0.002202298614971704,fresh_worse
NTP,United States 2017 Male <25 Middle Working Single,0.0548899074257669,0.0519677972122228,United States 2017,-0.0029221102135441046,fresh_better
